Copyright 1986-2022 Xilinx, Inc. All Rights Reserved. Copyright 2022-2025 Advanced Micro Devices, Inc. All Rights Reserved.
--------------------------------------------------------------------------------------------------------------------------------------------------
| Tool Version      : Vivado v.2025.2 (lin64) Build 6299465 Fri Nov 14 12:34:56 MST 2025
| Date              : Tue Aug 18 17:34:05 2026
| Host              : amazone.esat.kuleuven.be running 64-bit Rocky Linux 9.8 (Blue Onyx)
| Command           : report_timing_summary -delay_type max -max_paths 20 -file .gen/ooc_bound_cut_200mhz/timing_summary.rpt
| Design            : moe_scheduler_reg_wrapper
| Device            : xcvp1802-lsvc4072
| Speed File        : -2MP  PRODUCTION 2.08 2024-04-16
| Design State      : Synthesized
| Temperature Grade : E
--------------------------------------------------------------------------------------------------------------------------------------------------

Timing Summary Report

------------------------------------------------------------------------------------------------
| Timer Settings
| --------------
------------------------------------------------------------------------------------------------

  Enable Multi Corner Analysis               :  Yes
  Enable Pessimism Removal                   :  Yes
  Pessimism Removal Resolution               :  Nearest Common Node
  Enable Input Delay Default Clock           :  No
  Enable Preset / Clear Arcs                 :  No
  Disable Flight Delays                      :  No
  Ignore I/O Paths                           :  No
  Timing Early Launch at Borrowing Latches   :  No
  Borrow Time for Max Delay Exceptions       :  Yes
  Merge Timing Exceptions                    :  Yes
  Inter-SLR Compensation                     :  Conservative

  Corner  Analyze    Analyze    
  Name    Max Paths  Min Paths  
  ------  ---------  ---------  
  Slow    Yes        Yes        
  Fast    Yes        Yes        


------------------------------------------------------------------------------------------------
| Report Methodology
| ------------------
------------------------------------------------------------------------------------------------

No report available as report_methodology has not been run prior. Run report_methodology on the current design for the summary of methodology violations.



check_timing report

Table of Contents
-----------------
1. checking no_clock (0)
2. checking constant_clock (0)
3. checking pulse_width_clock (0)
4. checking unconstrained_internal_endpoints (0)
5. checking no_input_delay (71)
6. checking no_output_delay (64)
7. checking multiple_clock (0)
8. checking generated_clocks (0)
9. checking loops (0)
10. checking partial_input_delay (0)
11. checking partial_output_delay (0)
12. checking latch_loops (0)

1. checking no_clock (0)
------------------------
 There are 0 register/latch pins with no clock.


2. checking constant_clock (0)
------------------------------
 There are 0 register/latch pins with constant_clock.


3. checking pulse_width_clock (0)
---------------------------------
 There are 0 register/latch pins which need pulse_width check


4. checking unconstrained_internal_endpoints (0)
------------------------------------------------
 There are 0 pins that are not constrained for maximum delay.

 There are 0 pins that are not constrained for maximum delay due to constant clock.


5. checking no_input_delay (71)
-------------------------------
 There are 71 input ports with no input delay specified. (HIGH)

 There are 0 input ports with no input delay but user has a false path constraint.


6. checking no_output_delay (64)
--------------------------------
 There are 64 ports with no output delay specified. (HIGH)

 There are 0 ports with no output delay but user has a false path constraint

 There are 0 ports with no output delay but with a timing clock defined on it or propagating through it


7. checking multiple_clock (0)
------------------------------
 There are 0 register/latch pins with multiple clocks.


8. checking generated_clocks (0)
--------------------------------
 There are 0 generated clocks that are not connected to a clock source.


9. checking loops (0)
---------------------
 There are 0 combinational loops in the design.


10. checking partial_input_delay (0)
------------------------------------
 There are 0 input ports with partial input delay specified.


11. checking partial_output_delay (0)
-------------------------------------
 There are 0 ports with partial output delay specified.


12. checking latch_loops (0)
----------------------------
 There are 0 combinational latch loops in the design through latch input



------------------------------------------------------------------------------------------------
| Design Timing Summary
| ---------------------
------------------------------------------------------------------------------------------------

    WNS(ns)      TNS(ns)  TNS Failing Endpoints  TNS Total Endpoints     WPWS(ns)     TPWS(ns)  TPWS Failing Endpoints  TPWS Total Endpoints  
    -------      -------  ---------------------  -------------------     --------     --------  ----------------------  --------------------  
     -3.585    -1359.372                    765                 3375        2.225        0.000                       0                  1735  


Timing constraints are not met.


------------------------------------------------------------------------------------------------
| Clock Summary
| -------------
------------------------------------------------------------------------------------------------

Clock          Waveform(ns)         Period(ns)      Frequency(MHz)
-----          ------------         ----------      --------------
scheduler_clk  {0.000 2.500}        5.000           200.000         


------------------------------------------------------------------------------------------------
| Intra Clock Table
| -----------------
------------------------------------------------------------------------------------------------

Clock              WNS(ns)      TNS(ns)  TNS Failing Endpoints  TNS Total Endpoints     WPWS(ns)     TPWS(ns)  TPWS Failing Endpoints  TPWS Total Endpoints  
-----              -------      -------  ---------------------  -------------------     --------     --------  ----------------------  --------------------  
scheduler_clk       -3.585    -1359.372                    765                 3375        2.225        0.000                       0                  1735  


------------------------------------------------------------------------------------------------
| Inter Clock Table
| -----------------
------------------------------------------------------------------------------------------------

From Clock    To Clock          WNS(ns)      TNS(ns)  TNS Failing Endpoints  TNS Total Endpoints  
----------    --------          -------      -------  ---------------------  -------------------  


------------------------------------------------------------------------------------------------
| Other Path Groups Table
| -----------------------
------------------------------------------------------------------------------------------------

Path Group    From Clock    To Clock          WNS(ns)      TNS(ns)  TNS Failing Endpoints  TNS Total Endpoints  
----------    ----------    --------          -------      -------  ---------------------  -------------------  


------------------------------------------------------------------------------------------------
| Timing Details
| --------------
------------------------------------------------------------------------------------------------


---------------------------------------------------------------------------------------------------
From Clock:  scheduler_clk
  To Clock:  scheduler_clk

Setup :          765  Failing Endpoints,  Worst Slack       -3.585ns,  Total Violation    -1359.372ns
Hold  :           NA  Failing Endpoints,  Worst Slack           NA  ,  Total Violation           NA
PW    :            0  Failing Endpoints,  Worst Slack        2.225ns,  Total Violation        0.000ns
---------------------------------------------------------------------------------------------------


Max Delay Paths
--------------------------------------------------------------------------------------
Slack (VIOLATED) :        -3.585ns  (required time - arrival time)
  Source:                 i_scheduler_core/i_round_engine/FSM_onehot_st_q_reg[7]/C
                            (rising edge-triggered cell FDCE clocked by scheduler_clk  {rise@0.000ns fall@2.500ns period=5.000ns})
  Destination:            hot_q_reg[7][ntok][7]/D
                            (rising edge-triggered cell FDCE clocked by scheduler_clk  {rise@0.000ns fall@2.500ns period=5.000ns})
  Path Group:             scheduler_clk
  Path Type:              Setup (Max at Slow Process Corner)
  Requirement:            5.000ns  (scheduler_clk rise@5.000ns - scheduler_clk rise@0.000ns)
  Data Path Delay:        8.252ns  (logic 2.280ns (27.630%)  route 5.972ns (72.370%))
  Logic Levels:           27  (LUT3=2 LUT4=2 LUT5=2 LUT6=21)
  Clock Path Skew:        -0.040ns (DCD - SCD + CPR)
    Destination Clock Delay (DCD):    0.080ns = ( 5.080 - 5.000 ) 
    Source Clock Delay      (SCD):    0.120ns
    Clock Pessimism Removal (CPR):    0.000ns
  Clock Uncertainty:      0.300ns  (CJ)/2 + PE + PJ
    Clock Jitter             (CJ):    0.600ns
    Phase Error              (PE):    0.000ns
    Phase Jitter             (PJ):    0.000ns

    Location             Delay type                Incr(ns)  Path(ns)    Netlist Resource(s)
  -------------------------------------------------------------------    -------------------
                         (clock scheduler_clk rise edge)
                                                      0.000     0.000 r  
                                                      0.000     0.000 r  clk_i (IN)
                         net (fo=1734, unset)         0.120     0.120    i_scheduler_core/i_round_engine/clk_i
                         FDCE                                         r  i_scheduler_core/i_round_engine/FSM_onehot_st_q_reg[7]/C
  -------------------------------------------------------------------    -------------------
                         FDCE (Prop_FDCE_C_Q)         0.090     0.210 r  i_scheduler_core/i_round_engine/FSM_onehot_st_q_reg[7]/Q
                         net (fo=171, unplaced)       0.351     0.561    i_scheduler_core/i_round_engine/i_transition_eval/FSM_onehot_st_q[16]_i_3[5]
                         LUT6 (Prop_LUT6_I1_O)        0.088     0.649 f  i_scheduler_core/i_round_engine/i_transition_eval/g0_b0_i_9/O
                         net (fo=3, unplaced)         0.216     0.865    i_scheduler_core/i_round_engine/i_transition_eval/g0_b0_i_9_n_0
                         LUT6 (Prop_LUT6_I1_O)        0.088     0.953 r  i_scheduler_core/i_round_engine/i_transition_eval/g0_b0_i_7/O
                         net (fo=46, unplaced)        0.278     1.231    i_scheduler_core/i_round_engine/i_transition_eval/FSM_onehot_st_q_reg[4]
                         LUT6 (Prop_LUT6_I2_O)        0.088     1.319 r  i_scheduler_core/i_round_engine/i_transition_eval/g0_b0_i_1/O
                         net (fo=74, unplaced)        0.207     1.526    i_scheduler_core/i_round_engine/i_transition_eval/decode_address[0]
                         LUT5 (Prop_LUT5_I2_O)        0.074     1.600 r  i_scheduler_core/i_round_engine/i_transition_eval/commit_task_q[1][tok_start][7]_i_5/O
                         net (fo=55, unplaced)        0.282     1.882    i_scheduler_core/i_round_engine/i_transition_eval/decoded_profile[selector_a][1]
                         LUT6 (Prop_LUT6_I2_O)        0.088     1.970 r  i_scheduler_core/i_round_engine/i_transition_eval/candidate_start_q[12]_i_32/O
                         net (fo=3, unplaced)         0.134     2.104    i_scheduler_core/i_round_engine/i_transition_eval/candidate_start_q[12]_i_32_n_0
                         LUT6 (Prop_LUT6_I0_O)        0.074     2.178 f  i_scheduler_core/i_round_engine/i_transition_eval/commit_task_q[1][eid][1]_i_4/O
                         net (fo=24, unplaced)        0.181     2.359    i_scheduler_core/i_round_engine/i_transition_eval_n_113
                         LUT3 (Prop_LUT3_I0_O)        0.074     2.433 r  i_scheduler_core/i_round_engine/cold_count_q[0]_i_45/O
                         net (fo=14, unplaced)        0.251     2.684    i_scheduler_core/i_round_engine/remove_eid_b[1]
                         LUT6 (Prop_LUT6_I2_O)        0.088     2.772 f  i_scheduler_core/i_round_engine/hot_q[1][eid][5]_i_35/O
                         net (fo=1, unplaced)         0.210     2.982    i_scheduler_core/i_round_engine/hot_q[1][eid][5]_i_35_n_0
                         LUT6 (Prop_LUT6_I2_O)        0.088     3.070 r  i_scheduler_core/i_round_engine/hot_q[1][eid][5]_i_22/O
                         net (fo=32, unplaced)        0.270     3.340    i_scheduler_core/i_round_engine/hot_q[1][eid][5]_i_22_n_0
                         LUT6 (Prop_LUT6_I1_O)        0.088     3.428 r  i_scheduler_core/i_round_engine/hot_count_q[1]_i_17/O
                         net (fo=6, unplaced)         0.232     3.660    i_scheduler_core/i_round_engine/hot_count_q[1]_i_17_n_0
                         LUT6 (Prop_LUT6_I2_O)        0.088     3.748 f  i_scheduler_core/i_round_engine/hot_count_q[1]_i_11/O
                         net (fo=20, unplaced)        0.194     3.942    i_scheduler_core/i_round_engine/hot_count_q[1]_i_11_n_0
                         LUT4 (Prop_LUT4_I2_O)        0.051     3.993 f  i_scheduler_core/i_round_engine/hot_q[8][eid][5]_i_32/O
                         net (fo=2, unplaced)         0.128     4.121    i_scheduler_core/i_round_engine/hot_q[8][eid][5]_i_32_n_0
                         LUT6 (Prop_LUT6_I3_O)        0.074     4.195 r  i_scheduler_core/i_round_engine/hot_q[8][eid][5]_i_14/O
                         net (fo=49, unplaced)        0.279     4.474    i_scheduler_core/i_round_engine/hot_q[8][eid][5]_i_14_n_0
                         LUT6 (Prop_LUT6_I2_O)        0.088     4.562 r  i_scheduler_core/i_round_engine/cold_q[3][eid][5]_i_17/O
                         net (fo=2, unplaced)         0.210     4.772    i_scheduler_core/i_round_engine/cold_q[3][eid][5]_i_17_n_0
                         LUT6 (Prop_LUT6_I2_O)        0.088     4.860 r  i_scheduler_core/i_round_engine/cold_q[3][eid][5]_i_9/O
                         net (fo=101, unplaced)       0.231     5.091    i_scheduler_core/i_round_engine/next_hot_count1134_out
                         LUT3 (Prop_LUT3_I1_O)        0.051     5.142 r  i_scheduler_core/i_round_engine/hot_q[2][eid][5]_i_46/O
                         net (fo=5, unplaced)         0.146     5.288    i_scheduler_core/i_round_engine/hot_q[2][eid][5]_i_46_n_0
                         LUT5 (Prop_LUT5_I2_O)        0.074     5.362 r  i_scheduler_core/i_round_engine/cold_q[2][eid][5]_i_21/O
                         net (fo=1, unplaced)         0.210     5.572    i_scheduler_core/i_round_engine/cold_q[2][eid][5]_i_21_n_0
                         LUT6 (Prop_LUT6_I2_O)        0.088     5.660 r  i_scheduler_core/i_round_engine/cold_q[2][eid][5]_i_14/O
                         net (fo=30, unplaced)        0.186     5.846    i_scheduler_core/i_round_engine/cold_q[2][eid][5]_i_14_n_0
                         LUT6 (Prop_LUT6_I3_O)        0.074     5.920 r  i_scheduler_core/i_round_engine/cold_count_q[0]_i_49/O
                         net (fo=1, unplaced)         0.210     6.130    i_scheduler_core/i_round_engine/cold_count_q[0]_i_49_n_0
                         LUT6 (Prop_LUT6_I1_O)        0.088     6.218 r  i_scheduler_core/i_round_engine/cold_count_q[0]_i_25/O
                         net (fo=5, unplaced)         0.228     6.446    i_scheduler_core/i_round_engine/cold_count_q[0]_i_25_n_0
                         LUT6 (Prop_LUT6_I1_O)        0.088     6.534 r  i_scheduler_core/i_round_engine/cold_q[3][ntok][5]_bret__4_i_7/O
                         net (fo=63, unplaced)        0.285     6.819    i_scheduler_core/i_round_engine/next_hot_count1140_out
                         LUT6 (Prop_LUT6_I1_O)        0.088     6.907 f  i_scheduler_core/i_round_engine/cold_count_q[2]_i_23/O
                         net (fo=6, unplaced)         0.150     7.057    i_scheduler_core/i_round_engine/cold_count_q[2]_i_23_n_0
                         LUT4 (Prop_LUT4_I1_O)        0.074     7.131 r  i_scheduler_core/i_round_engine/cold_count_q[2]_i_7/O
                         net (fo=4, unplaced)         0.222     7.353    i_scheduler_core/i_round_engine/cold_count_q[2]_i_7_n_0
                         LUT6 (Prop_LUT6_I2_O)        0.088     7.441 f  i_scheduler_core/i_round_engine/cold_q[1][ntok][8]_i_6/O
                         net (fo=54, unplaced)        0.281     7.722    i_scheduler_core/i_round_engine/next_hot_count1143_out
                         LUT6 (Prop_LUT6_I2_O)        0.088     7.810 f  i_scheduler_core/i_round_engine/hot_q[7][ntok][7]_i_8/O
                         net (fo=1, unplaced)         0.210     8.020    i_scheduler_core/i_round_engine/hot_q[7][ntok][7]_i_8_n_0
                         LUT6 (Prop_LUT6_I2_O)        0.088     8.108 r  i_scheduler_core/i_round_engine/hot_q[7][ntok][7]_i_2/O
                         net (fo=1, unplaced)         0.128     8.236    i_scheduler_core/i_round_engine/hot_q[7][ntok][7]_i_2_n_0
                         LUT6 (Prop_LUT6_I0_O)        0.074     8.310 r  i_scheduler_core/i_round_engine/hot_q[7][ntok][7]_i_1/O
                         net (fo=1, unplaced)         0.062     8.372    i_scheduler_core_n_265
                         FDCE                                         r  hot_q_reg[7][ntok][7]/D
  -------------------------------------------------------------------    -------------------

                         (clock scheduler_clk rise edge)
                                                      5.000     5.000 r  
                                                      0.000     5.000 r  clk_i (IN)
                         net (fo=1734, unset)         0.080     5.080    clk_i
                         FDCE                                         r  hot_q_reg[7][ntok][7]/C
                         clock pessimism              0.000     5.080    
                         clock uncertainty           -0.300     4.780    
                         FDCE (Setup_FDCE_C_D)        0.007     4.787    hot_q_reg[7][ntok][7]
  -------------------------------------------------------------------
                         required time                          4.787    
                         arrival time                          -8.372    
  -------------------------------------------------------------------
                         slack                                 -3.585    

Slack (VIOLATED) :        -3.536ns  (required time - arrival time)
  Source:                 i_scheduler_core/i_round_engine/FSM_onehot_st_q_reg[7]/C
                            (rising edge-triggered cell FDCE clocked by scheduler_clk  {rise@0.000ns fall@2.500ns period=5.000ns})
  Destination:            hot_q_reg[8][ntok][3]/D
                            (rising edge-triggered cell FDCE clocked by scheduler_clk  {rise@0.000ns fall@2.500ns period=5.000ns})
  Path Group:             scheduler_clk
  Path Type:              Setup (Max at Slow Process Corner)
  Requirement:            5.000ns  (scheduler_clk rise@5.000ns - scheduler_clk rise@0.000ns)
  Data Path Delay:        8.203ns  (logic 2.265ns (27.612%)  route 5.938ns (72.388%))
  Logic Levels:           27  (LUT3=2 LUT4=2 LUT5=3 LUT6=20)
  Clock Path Skew:        -0.040ns (DCD - SCD + CPR)
    Destination Clock Delay (DCD):    0.080ns = ( 5.080 - 5.000 ) 
    Source Clock Delay      (SCD):    0.120ns
    Clock Pessimism Removal (CPR):    0.000ns
  Clock Uncertainty:      0.300ns  (CJ)/2 + PE + PJ
    Clock Jitter             (CJ):    0.600ns
    Phase Error              (PE):    0.000ns
    Phase Jitter             (PJ):    0.000ns

    Location             Delay type                Incr(ns)  Path(ns)    Netlist Resource(s)
  -------------------------------------------------------------------    -------------------
                         (clock scheduler_clk rise edge)
                                                      0.000     0.000 r  
                                                      0.000     0.000 r  clk_i (IN)
                         net (fo=1734, unset)         0.120     0.120    i_scheduler_core/i_round_engine/clk_i
                         FDCE                                         r  i_scheduler_core/i_round_engine/FSM_onehot_st_q_reg[7]/C
  -------------------------------------------------------------------    -------------------
                         FDCE (Prop_FDCE_C_Q)         0.090     0.210 r  i_scheduler_core/i_round_engine/FSM_onehot_st_q_reg[7]/Q
                         net (fo=171, unplaced)       0.351     0.561    i_scheduler_core/i_round_engine/i_transition_eval/FSM_onehot_st_q[16]_i_3[5]
                         LUT6 (Prop_LUT6_I1_O)        0.088     0.649 f  i_scheduler_core/i_round_engine/i_transition_eval/g0_b0_i_9/O
                         net (fo=3, unplaced)         0.216     0.865    i_scheduler_core/i_round_engine/i_transition_eval/g0_b0_i_9_n_0
                         LUT6 (Prop_LUT6_I1_O)        0.088     0.953 r  i_scheduler_core/i_round_engine/i_transition_eval/g0_b0_i_7/O
                         net (fo=46, unplaced)        0.278     1.231    i_scheduler_core/i_round_engine/i_transition_eval/FSM_onehot_st_q_reg[4]
                         LUT6 (Prop_LUT6_I2_O)        0.088     1.319 r  i_scheduler_core/i_round_engine/i_transition_eval/g0_b0_i_1/O
                         net (fo=74, unplaced)        0.207     1.526    i_scheduler_core/i_round_engine/i_transition_eval/decode_address[0]
                         LUT5 (Prop_LUT5_I2_O)        0.074     1.600 r  i_scheduler_core/i_round_engine/i_transition_eval/commit_task_q[1][tok_start][7]_i_5/O
                         net (fo=55, unplaced)        0.282     1.882    i_scheduler_core/i_round_engine/i_transition_eval/decoded_profile[selector_a][1]
                         LUT6 (Prop_LUT6_I2_O)        0.088     1.970 r  i_scheduler_core/i_round_engine/i_transition_eval/candidate_start_q[12]_i_32/O
                         net (fo=3, unplaced)         0.134     2.104    i_scheduler_core/i_round_engine/i_transition_eval/candidate_start_q[12]_i_32_n_0
                         LUT6 (Prop_LUT6_I0_O)        0.074     2.178 f  i_scheduler_core/i_round_engine/i_transition_eval/commit_task_q[1][eid][1]_i_4/O
                         net (fo=24, unplaced)        0.181     2.359    i_scheduler_core/i_round_engine/i_transition_eval_n_113
                         LUT3 (Prop_LUT3_I0_O)        0.074     2.433 r  i_scheduler_core/i_round_engine/cold_count_q[0]_i_45/O
                         net (fo=14, unplaced)        0.251     2.684    i_scheduler_core/i_round_engine/remove_eid_b[1]
                         LUT6 (Prop_LUT6_I2_O)        0.088     2.772 f  i_scheduler_core/i_round_engine/hot_q[1][eid][5]_i_35/O
                         net (fo=1, unplaced)         0.210     2.982    i_scheduler_core/i_round_engine/hot_q[1][eid][5]_i_35_n_0
                         LUT6 (Prop_LUT6_I2_O)        0.088     3.070 r  i_scheduler_core/i_round_engine/hot_q[1][eid][5]_i_22/O
                         net (fo=32, unplaced)        0.270     3.340    i_scheduler_core/i_round_engine/hot_q[1][eid][5]_i_22_n_0
                         LUT6 (Prop_LUT6_I1_O)        0.088     3.428 r  i_scheduler_core/i_round_engine/hot_count_q[1]_i_17/O
                         net (fo=6, unplaced)         0.232     3.660    i_scheduler_core/i_round_engine/hot_count_q[1]_i_17_n_0
                         LUT6 (Prop_LUT6_I2_O)        0.088     3.748 f  i_scheduler_core/i_round_engine/hot_count_q[1]_i_11/O
                         net (fo=20, unplaced)        0.194     3.942    i_scheduler_core/i_round_engine/hot_count_q[1]_i_11_n_0
                         LUT4 (Prop_LUT4_I2_O)        0.051     3.993 f  i_scheduler_core/i_round_engine/hot_q[8][eid][5]_i_32/O
                         net (fo=2, unplaced)         0.128     4.121    i_scheduler_core/i_round_engine/hot_q[8][eid][5]_i_32_n_0
                         LUT6 (Prop_LUT6_I3_O)        0.074     4.195 r  i_scheduler_core/i_round_engine/hot_q[8][eid][5]_i_14/O
                         net (fo=49, unplaced)        0.279     4.474    i_scheduler_core/i_round_engine/hot_q[8][eid][5]_i_14_n_0
                         LUT6 (Prop_LUT6_I2_O)        0.088     4.562 r  i_scheduler_core/i_round_engine/cold_q[3][eid][5]_i_17/O
                         net (fo=2, unplaced)         0.210     4.772    i_scheduler_core/i_round_engine/cold_q[3][eid][5]_i_17_n_0
                         LUT6 (Prop_LUT6_I2_O)        0.088     4.860 r  i_scheduler_core/i_round_engine/cold_q[3][eid][5]_i_9/O
                         net (fo=101, unplaced)       0.231     5.091    i_scheduler_core/i_round_engine/next_hot_count1134_out
                         LUT3 (Prop_LUT3_I1_O)        0.051     5.142 r  i_scheduler_core/i_round_engine/hot_q[2][eid][5]_i_46/O
                         net (fo=5, unplaced)         0.146     5.288    i_scheduler_core/i_round_engine/hot_q[2][eid][5]_i_46_n_0
                         LUT5 (Prop_LUT5_I2_O)        0.074     5.362 r  i_scheduler_core/i_round_engine/cold_q[2][eid][5]_i_21/O
                         net (fo=1, unplaced)         0.210     5.572    i_scheduler_core/i_round_engine/cold_q[2][eid][5]_i_21_n_0
                         LUT6 (Prop_LUT6_I2_O)        0.088     5.660 r  i_scheduler_core/i_round_engine/cold_q[2][eid][5]_i_14/O
                         net (fo=30, unplaced)        0.186     5.846    i_scheduler_core/i_round_engine/cold_q[2][eid][5]_i_14_n_0
                         LUT6 (Prop_LUT6_I3_O)        0.074     5.920 r  i_scheduler_core/i_round_engine/cold_count_q[0]_i_49/O
                         net (fo=1, unplaced)         0.210     6.130    i_scheduler_core/i_round_engine/cold_count_q[0]_i_49_n_0
                         LUT6 (Prop_LUT6_I1_O)        0.088     6.218 r  i_scheduler_core/i_round_engine/cold_count_q[0]_i_25/O
                         net (fo=5, unplaced)         0.228     6.446    i_scheduler_core/i_round_engine/cold_count_q[0]_i_25_n_0
                         LUT6 (Prop_LUT6_I1_O)        0.088     6.534 r  i_scheduler_core/i_round_engine/cold_q[3][ntok][5]_bret__4_i_7/O
                         net (fo=63, unplaced)        0.285     6.819    i_scheduler_core/i_round_engine/next_hot_count1140_out
                         LUT6 (Prop_LUT6_I1_O)        0.088     6.907 r  i_scheduler_core/i_round_engine/cold_count_q[2]_i_23/O
                         net (fo=6, unplaced)         0.150     7.057    i_scheduler_core/i_round_engine/cold_count_q[2]_i_23_n_0
                         LUT4 (Prop_LUT4_I1_O)        0.074     7.131 f  i_scheduler_core/i_round_engine/cold_count_q[2]_i_7/O
                         net (fo=4, unplaced)         0.222     7.353    i_scheduler_core/i_round_engine/cold_count_q[2]_i_7_n_0
                         LUT6 (Prop_LUT6_I2_O)        0.088     7.441 r  i_scheduler_core/i_round_engine/cold_q[1][ntok][8]_i_6/O
                         net (fo=54, unplaced)        0.199     7.640    i_scheduler_core/i_round_engine/next_hot_count1143_out
                         LUT5 (Prop_LUT5_I1_O)        0.096     7.736 r  i_scheduler_core/i_round_engine/hot_q[8][ntok][8]_i_7/O
                         net (fo=9, unplaced)         0.241     7.977    i_scheduler_core/i_round_engine/hot_q[8][ntok][8]_i_7_n_0
                         LUT6 (Prop_LUT6_I1_O)        0.088     8.065 f  i_scheduler_core/i_round_engine/hot_q[8][ntok][3]_i_5/O
                         net (fo=1, unplaced)         0.145     8.210    i_scheduler_core/i_round_engine/hot_q[8][ntok][3]_i_5_n_0
                         LUT6 (Prop_LUT6_I5_O)        0.051     8.261 r  i_scheduler_core/i_round_engine/hot_q[8][ntok][3]_i_1/O
                         net (fo=1, unplaced)         0.062     8.323    i_scheduler_core_n_223
                         FDCE                                         r  hot_q_reg[8][ntok][3]/D
  -------------------------------------------------------------------    -------------------

                         (clock scheduler_clk rise edge)
                                                      5.000     5.000 r  
                                                      0.000     5.000 r  clk_i (IN)
                         net (fo=1734, unset)         0.080     5.080    clk_i
                         FDCE                                         r  hot_q_reg[8][ntok][3]/C
                         clock pessimism              0.000     5.080    
                         clock uncertainty           -0.300     4.780    
                         FDCE (Setup_FDCE_C_D)        0.007     4.787    hot_q_reg[8][ntok][3]
  -------------------------------------------------------------------
                         required time                          4.787    
                         arrival time                          -8.323    
  -------------------------------------------------------------------
                         slack                                 -3.536    

Slack (VIOLATED) :        -3.536ns  (required time - arrival time)
  Source:                 i_scheduler_core/i_round_engine/FSM_onehot_st_q_reg[7]/C
                            (rising edge-triggered cell FDCE clocked by scheduler_clk  {rise@0.000ns fall@2.500ns period=5.000ns})
  Destination:            hot_q_reg[8][ntok][5]/D
                            (rising edge-triggered cell FDCE clocked by scheduler_clk  {rise@0.000ns fall@2.500ns period=5.000ns})
  Path Group:             scheduler_clk
  Path Type:              Setup (Max at Slow Process Corner)
  Requirement:            5.000ns  (scheduler_clk rise@5.000ns - scheduler_clk rise@0.000ns)
  Data Path Delay:        8.203ns  (logic 2.265ns (27.612%)  route 5.938ns (72.388%))
  Logic Levels:           27  (LUT3=2 LUT4=2 LUT5=3 LUT6=20)
  Clock Path Skew:        -0.040ns (DCD - SCD + CPR)
    Destination Clock Delay (DCD):    0.080ns = ( 5.080 - 5.000 ) 
    Source Clock Delay      (SCD):    0.120ns
    Clock Pessimism Removal (CPR):    0.000ns
  Clock Uncertainty:      0.300ns  (CJ)/2 + PE + PJ
    Clock Jitter             (CJ):    0.600ns
    Phase Error              (PE):    0.000ns
    Phase Jitter             (PJ):    0.000ns

    Location             Delay type                Incr(ns)  Path(ns)    Netlist Resource(s)
  -------------------------------------------------------------------    -------------------
                         (clock scheduler_clk rise edge)
                                                      0.000     0.000 r  
                                                      0.000     0.000 r  clk_i (IN)
                         net (fo=1734, unset)         0.120     0.120    i_scheduler_core/i_round_engine/clk_i
                         FDCE                                         r  i_scheduler_core/i_round_engine/FSM_onehot_st_q_reg[7]/C
  -------------------------------------------------------------------    -------------------
                         FDCE (Prop_FDCE_C_Q)         0.090     0.210 r  i_scheduler_core/i_round_engine/FSM_onehot_st_q_reg[7]/Q
                         net (fo=171, unplaced)       0.351     0.561    i_scheduler_core/i_round_engine/i_transition_eval/FSM_onehot_st_q[16]_i_3[5]
                         LUT6 (Prop_LUT6_I1_O)        0.088     0.649 f  i_scheduler_core/i_round_engine/i_transition_eval/g0_b0_i_9/O
                         net (fo=3, unplaced)         0.216     0.865    i_scheduler_core/i_round_engine/i_transition_eval/g0_b0_i_9_n_0
                         LUT6 (Prop_LUT6_I1_O)        0.088     0.953 r  i_scheduler_core/i_round_engine/i_transition_eval/g0_b0_i_7/O
                         net (fo=46, unplaced)        0.278     1.231    i_scheduler_core/i_round_engine/i_transition_eval/FSM_onehot_st_q_reg[4]
                         LUT6 (Prop_LUT6_I2_O)        0.088     1.319 r  i_scheduler_core/i_round_engine/i_transition_eval/g0_b0_i_1/O
                         net (fo=74, unplaced)        0.207     1.526    i_scheduler_core/i_round_engine/i_transition_eval/decode_address[0]
                         LUT5 (Prop_LUT5_I2_O)        0.074     1.600 r  i_scheduler_core/i_round_engine/i_transition_eval/commit_task_q[1][tok_start][7]_i_5/O
                         net (fo=55, unplaced)        0.282     1.882    i_scheduler_core/i_round_engine/i_transition_eval/decoded_profile[selector_a][1]
                         LUT6 (Prop_LUT6_I2_O)        0.088     1.970 r  i_scheduler_core/i_round_engine/i_transition_eval/candidate_start_q[12]_i_32/O
                         net (fo=3, unplaced)         0.134     2.104    i_scheduler_core/i_round_engine/i_transition_eval/candidate_start_q[12]_i_32_n_0
                         LUT6 (Prop_LUT6_I0_O)        0.074     2.178 f  i_scheduler_core/i_round_engine/i_transition_eval/commit_task_q[1][eid][1]_i_4/O
                         net (fo=24, unplaced)        0.181     2.359    i_scheduler_core/i_round_engine/i_transition_eval_n_113
                         LUT3 (Prop_LUT3_I0_O)        0.074     2.433 r  i_scheduler_core/i_round_engine/cold_count_q[0]_i_45/O
                         net (fo=14, unplaced)        0.251     2.684    i_scheduler_core/i_round_engine/remove_eid_b[1]
                         LUT6 (Prop_LUT6_I2_O)        0.088     2.772 f  i_scheduler_core/i_round_engine/hot_q[1][eid][5]_i_35/O
                         net (fo=1, unplaced)         0.210     2.982    i_scheduler_core/i_round_engine/hot_q[1][eid][5]_i_35_n_0
                         LUT6 (Prop_LUT6_I2_O)        0.088     3.070 r  i_scheduler_core/i_round_engine/hot_q[1][eid][5]_i_22/O
                         net (fo=32, unplaced)        0.270     3.340    i_scheduler_core/i_round_engine/hot_q[1][eid][5]_i_22_n_0
                         LUT6 (Prop_LUT6_I1_O)        0.088     3.428 r  i_scheduler_core/i_round_engine/hot_count_q[1]_i_17/O
                         net (fo=6, unplaced)         0.232     3.660    i_scheduler_core/i_round_engine/hot_count_q[1]_i_17_n_0
                         LUT6 (Prop_LUT6_I2_O)        0.088     3.748 f  i_scheduler_core/i_round_engine/hot_count_q[1]_i_11/O
                         net (fo=20, unplaced)        0.194     3.942    i_scheduler_core/i_round_engine/hot_count_q[1]_i_11_n_0
                         LUT4 (Prop_LUT4_I2_O)        0.051     3.993 f  i_scheduler_core/i_round_engine/hot_q[8][eid][5]_i_32/O
                         net (fo=2, unplaced)         0.128     4.121    i_scheduler_core/i_round_engine/hot_q[8][eid][5]_i_32_n_0
                         LUT6 (Prop_LUT6_I3_O)        0.074     4.195 r  i_scheduler_core/i_round_engine/hot_q[8][eid][5]_i_14/O
                         net (fo=49, unplaced)        0.279     4.474    i_scheduler_core/i_round_engine/hot_q[8][eid][5]_i_14_n_0
                         LUT6 (Prop_LUT6_I2_O)        0.088     4.562 r  i_scheduler_core/i_round_engine/cold_q[3][eid][5]_i_17/O
                         net (fo=2, unplaced)         0.210     4.772    i_scheduler_core/i_round_engine/cold_q[3][eid][5]_i_17_n_0
                         LUT6 (Prop_LUT6_I2_O)        0.088     4.860 r  i_scheduler_core/i_round_engine/cold_q[3][eid][5]_i_9/O
                         net (fo=101, unplaced)       0.231     5.091    i_scheduler_core/i_round_engine/next_hot_count1134_out
                         LUT3 (Prop_LUT3_I1_O)        0.051     5.142 r  i_scheduler_core/i_round_engine/hot_q[2][eid][5]_i_46/O
                         net (fo=5, unplaced)         0.146     5.288    i_scheduler_core/i_round_engine/hot_q[2][eid][5]_i_46_n_0
                         LUT5 (Prop_LUT5_I2_O)        0.074     5.362 r  i_scheduler_core/i_round_engine/cold_q[2][eid][5]_i_21/O
                         net (fo=1, unplaced)         0.210     5.572    i_scheduler_core/i_round_engine/cold_q[2][eid][5]_i_21_n_0
                         LUT6 (Prop_LUT6_I2_O)        0.088     5.660 r  i_scheduler_core/i_round_engine/cold_q[2][eid][5]_i_14/O
                         net (fo=30, unplaced)        0.186     5.846    i_scheduler_core/i_round_engine/cold_q[2][eid][5]_i_14_n_0
                         LUT6 (Prop_LUT6_I3_O)        0.074     5.920 r  i_scheduler_core/i_round_engine/cold_count_q[0]_i_49/O
                         net (fo=1, unplaced)         0.210     6.130    i_scheduler_core/i_round_engine/cold_count_q[0]_i_49_n_0
                         LUT6 (Prop_LUT6_I1_O)        0.088     6.218 r  i_scheduler_core/i_round_engine/cold_count_q[0]_i_25/O
                         net (fo=5, unplaced)         0.228     6.446    i_scheduler_core/i_round_engine/cold_count_q[0]_i_25_n_0
                         LUT6 (Prop_LUT6_I1_O)        0.088     6.534 r  i_scheduler_core/i_round_engine/cold_q[3][ntok][5]_bret__4_i_7/O
                         net (fo=63, unplaced)        0.285     6.819    i_scheduler_core/i_round_engine/next_hot_count1140_out
                         LUT6 (Prop_LUT6_I1_O)        0.088     6.907 r  i_scheduler_core/i_round_engine/cold_count_q[2]_i_23/O
                         net (fo=6, unplaced)         0.150     7.057    i_scheduler_core/i_round_engine/cold_count_q[2]_i_23_n_0
                         LUT4 (Prop_LUT4_I1_O)        0.074     7.131 f  i_scheduler_core/i_round_engine/cold_count_q[2]_i_7/O
                         net (fo=4, unplaced)         0.222     7.353    i_scheduler_core/i_round_engine/cold_count_q[2]_i_7_n_0
                         LUT6 (Prop_LUT6_I2_O)        0.088     7.441 r  i_scheduler_core/i_round_engine/cold_q[1][ntok][8]_i_6/O
                         net (fo=54, unplaced)        0.199     7.640    i_scheduler_core/i_round_engine/next_hot_count1143_out
                         LUT5 (Prop_LUT5_I1_O)        0.096     7.736 r  i_scheduler_core/i_round_engine/hot_q[8][ntok][8]_i_7/O
                         net (fo=9, unplaced)         0.176     7.912    i_scheduler_core/i_round_engine/hot_q[8][ntok][8]_i_7_n_0
                         LUT6 (Prop_LUT6_I5_O)        0.051     7.963 r  i_scheduler_core/i_round_engine/hot_q[8][ntok][5]_i_2/O
                         net (fo=1, unplaced)         0.210     8.173    i_scheduler_core/i_round_engine/hot_q[8][ntok][5]_i_2_n_0
                         LUT6 (Prop_LUT6_I1_O)        0.088     8.261 r  i_scheduler_core/i_round_engine/hot_q[8][ntok][5]_i_1/O
                         net (fo=1, unplaced)         0.062     8.323    i_scheduler_core_n_221
                         FDCE                                         r  hot_q_reg[8][ntok][5]/D
  -------------------------------------------------------------------    -------------------

                         (clock scheduler_clk rise edge)
                                                      5.000     5.000 r  
                                                      0.000     5.000 r  clk_i (IN)
                         net (fo=1734, unset)         0.080     5.080    clk_i
                         FDCE                                         r  hot_q_reg[8][ntok][5]/C
                         clock pessimism              0.000     5.080    
                         clock uncertainty           -0.300     4.780    
                         FDCE (Setup_FDCE_C_D)        0.007     4.787    hot_q_reg[8][ntok][5]
  -------------------------------------------------------------------
                         required time                          4.787    
                         arrival time                          -8.323    
  -------------------------------------------------------------------
                         slack                                 -3.536    

Slack (VIOLATED) :        -3.530ns  (required time - arrival time)
  Source:                 i_scheduler_core/i_round_engine/FSM_onehot_st_q_reg[7]/C
                            (rising edge-triggered cell FDCE clocked by scheduler_clk  {rise@0.000ns fall@2.500ns period=5.000ns})
  Destination:            hot_q_reg[6][ntok][8]_bret/D
                            (rising edge-triggered cell FDCE clocked by scheduler_clk  {rise@0.000ns fall@2.500ns period=5.000ns})
  Path Group:             scheduler_clk
  Path Type:              Setup (Max at Slow Process Corner)
  Requirement:            5.000ns  (scheduler_clk rise@5.000ns - scheduler_clk rise@0.000ns)
  Data Path Delay:        8.197ns  (logic 2.266ns (27.644%)  route 5.931ns (72.356%))
  Logic Levels:           27  (LUT3=2 LUT4=2 LUT5=3 LUT6=20)
  Clock Path Skew:        -0.040ns (DCD - SCD + CPR)
    Destination Clock Delay (DCD):    0.080ns = ( 5.080 - 5.000 ) 
    Source Clock Delay      (SCD):    0.120ns
    Clock Pessimism Removal (CPR):    0.000ns
  Clock Uncertainty:      0.300ns  (CJ)/2 + PE + PJ
    Clock Jitter             (CJ):    0.600ns
    Phase Error              (PE):    0.000ns
    Phase Jitter             (PJ):    0.000ns

    Location             Delay type                Incr(ns)  Path(ns)    Netlist Resource(s)
  -------------------------------------------------------------------    -------------------
                         (clock scheduler_clk rise edge)
                                                      0.000     0.000 r  
                                                      0.000     0.000 r  clk_i (IN)
                         net (fo=1734, unset)         0.120     0.120    i_scheduler_core/i_round_engine/clk_i
                         FDCE                                         r  i_scheduler_core/i_round_engine/FSM_onehot_st_q_reg[7]/C
  -------------------------------------------------------------------    -------------------
                         FDCE (Prop_FDCE_C_Q)         0.090     0.210 r  i_scheduler_core/i_round_engine/FSM_onehot_st_q_reg[7]/Q
                         net (fo=171, unplaced)       0.351     0.561    i_scheduler_core/i_round_engine/i_transition_eval/FSM_onehot_st_q[16]_i_3[5]
                         LUT6 (Prop_LUT6_I1_O)        0.088     0.649 f  i_scheduler_core/i_round_engine/i_transition_eval/g0_b0_i_9/O
                         net (fo=3, unplaced)         0.216     0.865    i_scheduler_core/i_round_engine/i_transition_eval/g0_b0_i_9_n_0
                         LUT6 (Prop_LUT6_I1_O)        0.088     0.953 r  i_scheduler_core/i_round_engine/i_transition_eval/g0_b0_i_7/O
                         net (fo=46, unplaced)        0.278     1.231    i_scheduler_core/i_round_engine/i_transition_eval/FSM_onehot_st_q_reg[4]
                         LUT6 (Prop_LUT6_I2_O)        0.088     1.319 r  i_scheduler_core/i_round_engine/i_transition_eval/g0_b0_i_1/O
                         net (fo=74, unplaced)        0.207     1.526    i_scheduler_core/i_round_engine/i_transition_eval/decode_address[0]
                         LUT5 (Prop_LUT5_I2_O)        0.074     1.600 r  i_scheduler_core/i_round_engine/i_transition_eval/commit_task_q[1][tok_start][7]_i_5/O
                         net (fo=55, unplaced)        0.282     1.882    i_scheduler_core/i_round_engine/i_transition_eval/decoded_profile[selector_a][1]
                         LUT6 (Prop_LUT6_I2_O)        0.088     1.970 r  i_scheduler_core/i_round_engine/i_transition_eval/candidate_start_q[12]_i_32/O
                         net (fo=3, unplaced)         0.134     2.104    i_scheduler_core/i_round_engine/i_transition_eval/candidate_start_q[12]_i_32_n_0
                         LUT6 (Prop_LUT6_I0_O)        0.074     2.178 f  i_scheduler_core/i_round_engine/i_transition_eval/commit_task_q[1][eid][1]_i_4/O
                         net (fo=24, unplaced)        0.181     2.359    i_scheduler_core/i_round_engine/i_transition_eval_n_113
                         LUT3 (Prop_LUT3_I0_O)        0.074     2.433 r  i_scheduler_core/i_round_engine/cold_count_q[0]_i_45/O
                         net (fo=14, unplaced)        0.251     2.684    i_scheduler_core/i_round_engine/remove_eid_b[1]
                         LUT6 (Prop_LUT6_I2_O)        0.088     2.772 f  i_scheduler_core/i_round_engine/hot_q[1][eid][5]_i_35/O
                         net (fo=1, unplaced)         0.210     2.982    i_scheduler_core/i_round_engine/hot_q[1][eid][5]_i_35_n_0
                         LUT6 (Prop_LUT6_I2_O)        0.088     3.070 r  i_scheduler_core/i_round_engine/hot_q[1][eid][5]_i_22/O
                         net (fo=32, unplaced)        0.270     3.340    i_scheduler_core/i_round_engine/hot_q[1][eid][5]_i_22_n_0
                         LUT6 (Prop_LUT6_I1_O)        0.088     3.428 r  i_scheduler_core/i_round_engine/hot_count_q[1]_i_17/O
                         net (fo=6, unplaced)         0.232     3.660    i_scheduler_core/i_round_engine/hot_count_q[1]_i_17_n_0
                         LUT6 (Prop_LUT6_I2_O)        0.088     3.748 f  i_scheduler_core/i_round_engine/hot_count_q[1]_i_11/O
                         net (fo=20, unplaced)        0.194     3.942    i_scheduler_core/i_round_engine/hot_count_q[1]_i_11_n_0
                         LUT4 (Prop_LUT4_I2_O)        0.051     3.993 f  i_scheduler_core/i_round_engine/hot_q[8][eid][5]_i_32/O
                         net (fo=2, unplaced)         0.128     4.121    i_scheduler_core/i_round_engine/hot_q[8][eid][5]_i_32_n_0
                         LUT6 (Prop_LUT6_I3_O)        0.074     4.195 r  i_scheduler_core/i_round_engine/hot_q[8][eid][5]_i_14/O
                         net (fo=49, unplaced)        0.279     4.474    i_scheduler_core/i_round_engine/hot_q[8][eid][5]_i_14_n_0
                         LUT6 (Prop_LUT6_I2_O)        0.088     4.562 r  i_scheduler_core/i_round_engine/cold_q[3][eid][5]_i_17/O
                         net (fo=2, unplaced)         0.210     4.772    i_scheduler_core/i_round_engine/cold_q[3][eid][5]_i_17_n_0
                         LUT6 (Prop_LUT6_I2_O)        0.088     4.860 r  i_scheduler_core/i_round_engine/cold_q[3][eid][5]_i_9/O
                         net (fo=101, unplaced)       0.231     5.091    i_scheduler_core/i_round_engine/next_hot_count1134_out
                         LUT3 (Prop_LUT3_I1_O)        0.051     5.142 r  i_scheduler_core/i_round_engine/hot_q[2][eid][5]_i_46/O
                         net (fo=5, unplaced)         0.146     5.288    i_scheduler_core/i_round_engine/hot_q[2][eid][5]_i_46_n_0
                         LUT5 (Prop_LUT5_I2_O)        0.074     5.362 r  i_scheduler_core/i_round_engine/cold_q[2][eid][5]_i_21/O
                         net (fo=1, unplaced)         0.210     5.572    i_scheduler_core/i_round_engine/cold_q[2][eid][5]_i_21_n_0
                         LUT6 (Prop_LUT6_I2_O)        0.088     5.660 r  i_scheduler_core/i_round_engine/cold_q[2][eid][5]_i_14/O
                         net (fo=30, unplaced)        0.186     5.846    i_scheduler_core/i_round_engine/cold_q[2][eid][5]_i_14_n_0
                         LUT6 (Prop_LUT6_I3_O)        0.074     5.920 r  i_scheduler_core/i_round_engine/cold_count_q[0]_i_49/O
                         net (fo=1, unplaced)         0.210     6.130    i_scheduler_core/i_round_engine/cold_count_q[0]_i_49_n_0
                         LUT6 (Prop_LUT6_I1_O)        0.088     6.218 r  i_scheduler_core/i_round_engine/cold_count_q[0]_i_25/O
                         net (fo=5, unplaced)         0.228     6.446    i_scheduler_core/i_round_engine/cold_count_q[0]_i_25_n_0
                         LUT6 (Prop_LUT6_I1_O)        0.088     6.534 r  i_scheduler_core/i_round_engine/cold_q[3][ntok][5]_bret__4_i_7/O
                         net (fo=63, unplaced)        0.285     6.819    i_scheduler_core/i_round_engine/next_hot_count1140_out
                         LUT6 (Prop_LUT6_I1_O)        0.088     6.907 f  i_scheduler_core/i_round_engine/cold_count_q[2]_i_23/O
                         net (fo=6, unplaced)         0.150     7.057    i_scheduler_core/i_round_engine/cold_count_q[2]_i_23_n_0
                         LUT4 (Prop_LUT4_I1_O)        0.074     7.131 r  i_scheduler_core/i_round_engine/cold_count_q[2]_i_7/O
                         net (fo=4, unplaced)         0.222     7.353    i_scheduler_core/i_round_engine/cold_count_q[2]_i_7_n_0
                         LUT6 (Prop_LUT6_I2_O)        0.088     7.441 f  i_scheduler_core/i_round_engine/cold_q[1][ntok][8]_i_6/O
                         net (fo=54, unplaced)        0.199     7.640    i_scheduler_core/i_round_engine/next_hot_count1143_out
                         LUT5 (Prop_LUT5_I2_O)        0.074     7.714 f  i_scheduler_core/i_round_engine/hot_q[6][ntok][7]_bret__4_i_5/O
                         net (fo=14, unplaced)        0.169     7.883    i_scheduler_core/i_round_engine/hot_q[6][ntok][7]_bret__4_i_5_n_0
                         LUT6 (Prop_LUT6_I3_O)        0.074     7.957 r  i_scheduler_core/i_round_engine/hot_q[6][ntok][8]_bret_i_3/O
                         net (fo=1, unplaced)         0.210     8.167    i_scheduler_core/i_round_engine/hot_q[6][ntok][8]_bret_i_3_n_0
                         LUT6 (Prop_LUT6_I2_O)        0.088     8.255 r  i_scheduler_core/i_round_engine/hot_q[6][ntok][8]_bret_i_1/O
                         net (fo=1, unplaced)         0.062     8.317    i_scheduler_core_n_351
                         FDCE                                         r  hot_q_reg[6][ntok][8]_bret/D
  -------------------------------------------------------------------    -------------------

                         (clock scheduler_clk rise edge)
                                                      5.000     5.000 r  
                                                      0.000     5.000 r  clk_i (IN)
                         net (fo=1734, unset)         0.080     5.080    clk_i
                         FDCE                                         r  hot_q_reg[6][ntok][8]_bret/C
                         clock pessimism              0.000     5.080    
                         clock uncertainty           -0.300     4.780    
                         FDCE (Setup_FDCE_C_D)        0.007     4.787    hot_q_reg[6][ntok][8]_bret
  -------------------------------------------------------------------
                         required time                          4.787    
                         arrival time                          -8.317    
  -------------------------------------------------------------------
                         slack                                 -3.530    

Slack (VIOLATED) :        -3.520ns  (required time - arrival time)
  Source:                 i_scheduler_core/i_round_engine/FSM_onehot_st_q_reg[7]/C
                            (rising edge-triggered cell FDCE clocked by scheduler_clk  {rise@0.000ns fall@2.500ns period=5.000ns})
  Destination:            hot_q_reg[3][ntok][5]/D
                            (rising edge-triggered cell FDCE clocked by scheduler_clk  {rise@0.000ns fall@2.500ns period=5.000ns})
  Path Group:             scheduler_clk
  Path Type:              Setup (Max at Slow Process Corner)
  Requirement:            5.000ns  (scheduler_clk rise@5.000ns - scheduler_clk rise@0.000ns)
  Data Path Delay:        8.187ns  (logic 2.266ns (27.678%)  route 5.921ns (72.322%))
  Logic Levels:           27  (LUT3=2 LUT4=2 LUT5=3 LUT6=20)
  Clock Path Skew:        -0.040ns (DCD - SCD + CPR)
    Destination Clock Delay (DCD):    0.080ns = ( 5.080 - 5.000 ) 
    Source Clock Delay      (SCD):    0.120ns
    Clock Pessimism Removal (CPR):    0.000ns
  Clock Uncertainty:      0.300ns  (CJ)/2 + PE + PJ
    Clock Jitter             (CJ):    0.600ns
    Phase Error              (PE):    0.000ns
    Phase Jitter             (PJ):    0.000ns

    Location             Delay type                Incr(ns)  Path(ns)    Netlist Resource(s)
  -------------------------------------------------------------------    -------------------
                         (clock scheduler_clk rise edge)
                                                      0.000     0.000 r  
                                                      0.000     0.000 r  clk_i (IN)
                         net (fo=1734, unset)         0.120     0.120    i_scheduler_core/i_round_engine/clk_i
                         FDCE                                         r  i_scheduler_core/i_round_engine/FSM_onehot_st_q_reg[7]/C
  -------------------------------------------------------------------    -------------------
                         FDCE (Prop_FDCE_C_Q)         0.090     0.210 r  i_scheduler_core/i_round_engine/FSM_onehot_st_q_reg[7]/Q
                         net (fo=171, unplaced)       0.351     0.561    i_scheduler_core/i_round_engine/i_transition_eval/FSM_onehot_st_q[16]_i_3[5]
                         LUT6 (Prop_LUT6_I1_O)        0.088     0.649 f  i_scheduler_core/i_round_engine/i_transition_eval/g0_b0_i_9/O
                         net (fo=3, unplaced)         0.216     0.865    i_scheduler_core/i_round_engine/i_transition_eval/g0_b0_i_9_n_0
                         LUT6 (Prop_LUT6_I1_O)        0.088     0.953 r  i_scheduler_core/i_round_engine/i_transition_eval/g0_b0_i_7/O
                         net (fo=46, unplaced)        0.278     1.231    i_scheduler_core/i_round_engine/i_transition_eval/FSM_onehot_st_q_reg[4]
                         LUT6 (Prop_LUT6_I2_O)        0.088     1.319 r  i_scheduler_core/i_round_engine/i_transition_eval/g0_b0_i_1/O
                         net (fo=74, unplaced)        0.207     1.526    i_scheduler_core/i_round_engine/i_transition_eval/decode_address[0]
                         LUT5 (Prop_LUT5_I2_O)        0.074     1.600 r  i_scheduler_core/i_round_engine/i_transition_eval/commit_task_q[1][tok_start][7]_i_5/O
                         net (fo=55, unplaced)        0.282     1.882    i_scheduler_core/i_round_engine/i_transition_eval/decoded_profile[selector_a][1]
                         LUT6 (Prop_LUT6_I2_O)        0.088     1.970 r  i_scheduler_core/i_round_engine/i_transition_eval/candidate_start_q[12]_i_32/O
                         net (fo=3, unplaced)         0.134     2.104    i_scheduler_core/i_round_engine/i_transition_eval/candidate_start_q[12]_i_32_n_0
                         LUT6 (Prop_LUT6_I0_O)        0.074     2.178 f  i_scheduler_core/i_round_engine/i_transition_eval/commit_task_q[1][eid][1]_i_4/O
                         net (fo=24, unplaced)        0.181     2.359    i_scheduler_core/i_round_engine/i_transition_eval_n_113
                         LUT3 (Prop_LUT3_I0_O)        0.074     2.433 r  i_scheduler_core/i_round_engine/cold_count_q[0]_i_45/O
                         net (fo=14, unplaced)        0.251     2.684    i_scheduler_core/i_round_engine/remove_eid_b[1]
                         LUT6 (Prop_LUT6_I2_O)        0.088     2.772 f  i_scheduler_core/i_round_engine/hot_q[1][eid][5]_i_35/O
                         net (fo=1, unplaced)         0.210     2.982    i_scheduler_core/i_round_engine/hot_q[1][eid][5]_i_35_n_0
                         LUT6 (Prop_LUT6_I2_O)        0.088     3.070 r  i_scheduler_core/i_round_engine/hot_q[1][eid][5]_i_22/O
                         net (fo=32, unplaced)        0.270     3.340    i_scheduler_core/i_round_engine/hot_q[1][eid][5]_i_22_n_0
                         LUT6 (Prop_LUT6_I1_O)        0.088     3.428 r  i_scheduler_core/i_round_engine/hot_count_q[1]_i_17/O
                         net (fo=6, unplaced)         0.232     3.660    i_scheduler_core/i_round_engine/hot_count_q[1]_i_17_n_0
                         LUT6 (Prop_LUT6_I2_O)        0.088     3.748 f  i_scheduler_core/i_round_engine/hot_count_q[1]_i_11/O
                         net (fo=20, unplaced)        0.194     3.942    i_scheduler_core/i_round_engine/hot_count_q[1]_i_11_n_0
                         LUT4 (Prop_LUT4_I2_O)        0.051     3.993 f  i_scheduler_core/i_round_engine/hot_q[8][eid][5]_i_32/O
                         net (fo=2, unplaced)         0.128     4.121    i_scheduler_core/i_round_engine/hot_q[8][eid][5]_i_32_n_0
                         LUT6 (Prop_LUT6_I3_O)        0.074     4.195 r  i_scheduler_core/i_round_engine/hot_q[8][eid][5]_i_14/O
                         net (fo=49, unplaced)        0.279     4.474    i_scheduler_core/i_round_engine/hot_q[8][eid][5]_i_14_n_0
                         LUT6 (Prop_LUT6_I2_O)        0.088     4.562 r  i_scheduler_core/i_round_engine/cold_q[3][eid][5]_i_17/O
                         net (fo=2, unplaced)         0.210     4.772    i_scheduler_core/i_round_engine/cold_q[3][eid][5]_i_17_n_0
                         LUT6 (Prop_LUT6_I2_O)        0.088     4.860 r  i_scheduler_core/i_round_engine/cold_q[3][eid][5]_i_9/O
                         net (fo=101, unplaced)       0.231     5.091    i_scheduler_core/i_round_engine/next_hot_count1134_out
                         LUT3 (Prop_LUT3_I1_O)        0.051     5.142 r  i_scheduler_core/i_round_engine/hot_q[2][eid][5]_i_46/O
                         net (fo=5, unplaced)         0.146     5.288    i_scheduler_core/i_round_engine/hot_q[2][eid][5]_i_46_n_0
                         LUT5 (Prop_LUT5_I2_O)        0.074     5.362 r  i_scheduler_core/i_round_engine/cold_q[2][eid][5]_i_21/O
                         net (fo=1, unplaced)         0.210     5.572    i_scheduler_core/i_round_engine/cold_q[2][eid][5]_i_21_n_0
                         LUT6 (Prop_LUT6_I2_O)        0.088     5.660 r  i_scheduler_core/i_round_engine/cold_q[2][eid][5]_i_14/O
                         net (fo=30, unplaced)        0.186     5.846    i_scheduler_core/i_round_engine/cold_q[2][eid][5]_i_14_n_0
                         LUT6 (Prop_LUT6_I3_O)        0.074     5.920 r  i_scheduler_core/i_round_engine/cold_count_q[0]_i_49/O
                         net (fo=1, unplaced)         0.210     6.130    i_scheduler_core/i_round_engine/cold_count_q[0]_i_49_n_0
                         LUT6 (Prop_LUT6_I1_O)        0.088     6.218 r  i_scheduler_core/i_round_engine/cold_count_q[0]_i_25/O
                         net (fo=5, unplaced)         0.228     6.446    i_scheduler_core/i_round_engine/cold_count_q[0]_i_25_n_0
                         LUT6 (Prop_LUT6_I1_O)        0.088     6.534 r  i_scheduler_core/i_round_engine/cold_q[3][ntok][5]_bret__4_i_7/O
                         net (fo=63, unplaced)        0.285     6.819    i_scheduler_core/i_round_engine/next_hot_count1140_out
                         LUT6 (Prop_LUT6_I1_O)        0.088     6.907 r  i_scheduler_core/i_round_engine/cold_count_q[2]_i_23/O
                         net (fo=6, unplaced)         0.150     7.057    i_scheduler_core/i_round_engine/cold_count_q[2]_i_23_n_0
                         LUT4 (Prop_LUT4_I1_O)        0.074     7.131 f  i_scheduler_core/i_round_engine/cold_count_q[2]_i_7/O
                         net (fo=4, unplaced)         0.222     7.353    i_scheduler_core/i_round_engine/cold_count_q[2]_i_7_n_0
                         LUT6 (Prop_LUT6_I2_O)        0.088     7.441 r  i_scheduler_core/i_round_engine/cold_q[1][ntok][8]_i_6/O
                         net (fo=54, unplaced)        0.199     7.640    i_scheduler_core/i_round_engine/next_hot_count1143_out
                         LUT5 (Prop_LUT5_I2_O)        0.074     7.714 r  i_scheduler_core/i_round_engine/hot_q[3][ntok][8]_i_5/O
                         net (fo=9, unplaced)         0.241     7.955    i_scheduler_core/i_round_engine/hot_q[3][ntok][8]_i_5_n_0
                         LUT6 (Prop_LUT6_I1_O)        0.088     8.043 r  i_scheduler_core/i_round_engine/hot_q[3][ntok][5]_i_2/O
                         net (fo=1, unplaced)         0.128     8.171    i_scheduler_core/i_round_engine/hot_q[3][ntok][5]_i_2_n_0
                         LUT6 (Prop_LUT6_I0_O)        0.074     8.245 r  i_scheduler_core/i_round_engine/hot_q[3][ntok][5]_i_1/O
                         net (fo=1, unplaced)         0.062     8.307    i_scheduler_core_n_279
                         FDCE                                         r  hot_q_reg[3][ntok][5]/D
  -------------------------------------------------------------------    -------------------

                         (clock scheduler_clk rise edge)
                                                      5.000     5.000 r  
                                                      0.000     5.000 r  clk_i (IN)
                         net (fo=1734, unset)         0.080     5.080    clk_i
                         FDCE                                         r  hot_q_reg[3][ntok][5]/C
                         clock pessimism              0.000     5.080    
                         clock uncertainty           -0.300     4.780    
                         FDCE (Setup_FDCE_C_D)        0.007     4.787    hot_q_reg[3][ntok][5]
  -------------------------------------------------------------------
                         required time                          4.787    
                         arrival time                          -8.307    
  -------------------------------------------------------------------
                         slack                                 -3.520    

Slack (VIOLATED) :        -3.520ns  (required time - arrival time)
  Source:                 i_scheduler_core/i_round_engine/FSM_onehot_st_q_reg[7]/C
                            (rising edge-triggered cell FDCE clocked by scheduler_clk  {rise@0.000ns fall@2.500ns period=5.000ns})
  Destination:            hot_q_reg[3][ntok][8]/D
                            (rising edge-triggered cell FDCE clocked by scheduler_clk  {rise@0.000ns fall@2.500ns period=5.000ns})
  Path Group:             scheduler_clk
  Path Type:              Setup (Max at Slow Process Corner)
  Requirement:            5.000ns  (scheduler_clk rise@5.000ns - scheduler_clk rise@0.000ns)
  Data Path Delay:        8.187ns  (logic 2.266ns (27.678%)  route 5.921ns (72.322%))
  Logic Levels:           27  (LUT3=2 LUT4=2 LUT5=3 LUT6=20)
  Clock Path Skew:        -0.040ns (DCD - SCD + CPR)
    Destination Clock Delay (DCD):    0.080ns = ( 5.080 - 5.000 ) 
    Source Clock Delay      (SCD):    0.120ns
    Clock Pessimism Removal (CPR):    0.000ns
  Clock Uncertainty:      0.300ns  (CJ)/2 + PE + PJ
    Clock Jitter             (CJ):    0.600ns
    Phase Error              (PE):    0.000ns
    Phase Jitter             (PJ):    0.000ns

    Location             Delay type                Incr(ns)  Path(ns)    Netlist Resource(s)
  -------------------------------------------------------------------    -------------------
                         (clock scheduler_clk rise edge)
                                                      0.000     0.000 r  
                                                      0.000     0.000 r  clk_i (IN)
                         net (fo=1734, unset)         0.120     0.120    i_scheduler_core/i_round_engine/clk_i
                         FDCE                                         r  i_scheduler_core/i_round_engine/FSM_onehot_st_q_reg[7]/C
  -------------------------------------------------------------------    -------------------
                         FDCE (Prop_FDCE_C_Q)         0.090     0.210 r  i_scheduler_core/i_round_engine/FSM_onehot_st_q_reg[7]/Q
                         net (fo=171, unplaced)       0.351     0.561    i_scheduler_core/i_round_engine/i_transition_eval/FSM_onehot_st_q[16]_i_3[5]
                         LUT6 (Prop_LUT6_I1_O)        0.088     0.649 f  i_scheduler_core/i_round_engine/i_transition_eval/g0_b0_i_9/O
                         net (fo=3, unplaced)         0.216     0.865    i_scheduler_core/i_round_engine/i_transition_eval/g0_b0_i_9_n_0
                         LUT6 (Prop_LUT6_I1_O)        0.088     0.953 r  i_scheduler_core/i_round_engine/i_transition_eval/g0_b0_i_7/O
                         net (fo=46, unplaced)        0.278     1.231    i_scheduler_core/i_round_engine/i_transition_eval/FSM_onehot_st_q_reg[4]
                         LUT6 (Prop_LUT6_I2_O)        0.088     1.319 r  i_scheduler_core/i_round_engine/i_transition_eval/g0_b0_i_1/O
                         net (fo=74, unplaced)        0.207     1.526    i_scheduler_core/i_round_engine/i_transition_eval/decode_address[0]
                         LUT5 (Prop_LUT5_I2_O)        0.074     1.600 r  i_scheduler_core/i_round_engine/i_transition_eval/commit_task_q[1][tok_start][7]_i_5/O
                         net (fo=55, unplaced)        0.282     1.882    i_scheduler_core/i_round_engine/i_transition_eval/decoded_profile[selector_a][1]
                         LUT6 (Prop_LUT6_I2_O)        0.088     1.970 r  i_scheduler_core/i_round_engine/i_transition_eval/candidate_start_q[12]_i_32/O
                         net (fo=3, unplaced)         0.134     2.104    i_scheduler_core/i_round_engine/i_transition_eval/candidate_start_q[12]_i_32_n_0
                         LUT6 (Prop_LUT6_I0_O)        0.074     2.178 f  i_scheduler_core/i_round_engine/i_transition_eval/commit_task_q[1][eid][1]_i_4/O
                         net (fo=24, unplaced)        0.181     2.359    i_scheduler_core/i_round_engine/i_transition_eval_n_113
                         LUT3 (Prop_LUT3_I0_O)        0.074     2.433 r  i_scheduler_core/i_round_engine/cold_count_q[0]_i_45/O
                         net (fo=14, unplaced)        0.251     2.684    i_scheduler_core/i_round_engine/remove_eid_b[1]
                         LUT6 (Prop_LUT6_I2_O)        0.088     2.772 f  i_scheduler_core/i_round_engine/hot_q[1][eid][5]_i_35/O
                         net (fo=1, unplaced)         0.210     2.982    i_scheduler_core/i_round_engine/hot_q[1][eid][5]_i_35_n_0
                         LUT6 (Prop_LUT6_I2_O)        0.088     3.070 r  i_scheduler_core/i_round_engine/hot_q[1][eid][5]_i_22/O
                         net (fo=32, unplaced)        0.270     3.340    i_scheduler_core/i_round_engine/hot_q[1][eid][5]_i_22_n_0
                         LUT6 (Prop_LUT6_I1_O)        0.088     3.428 r  i_scheduler_core/i_round_engine/hot_count_q[1]_i_17/O
                         net (fo=6, unplaced)         0.232     3.660    i_scheduler_core/i_round_engine/hot_count_q[1]_i_17_n_0
                         LUT6 (Prop_LUT6_I2_O)        0.088     3.748 f  i_scheduler_core/i_round_engine/hot_count_q[1]_i_11/O
                         net (fo=20, unplaced)        0.194     3.942    i_scheduler_core/i_round_engine/hot_count_q[1]_i_11_n_0
                         LUT4 (Prop_LUT4_I2_O)        0.051     3.993 f  i_scheduler_core/i_round_engine/hot_q[8][eid][5]_i_32/O
                         net (fo=2, unplaced)         0.128     4.121    i_scheduler_core/i_round_engine/hot_q[8][eid][5]_i_32_n_0
                         LUT6 (Prop_LUT6_I3_O)        0.074     4.195 r  i_scheduler_core/i_round_engine/hot_q[8][eid][5]_i_14/O
                         net (fo=49, unplaced)        0.279     4.474    i_scheduler_core/i_round_engine/hot_q[8][eid][5]_i_14_n_0
                         LUT6 (Prop_LUT6_I2_O)        0.088     4.562 r  i_scheduler_core/i_round_engine/cold_q[3][eid][5]_i_17/O
                         net (fo=2, unplaced)         0.210     4.772    i_scheduler_core/i_round_engine/cold_q[3][eid][5]_i_17_n_0
                         LUT6 (Prop_LUT6_I2_O)        0.088     4.860 r  i_scheduler_core/i_round_engine/cold_q[3][eid][5]_i_9/O
                         net (fo=101, unplaced)       0.231     5.091    i_scheduler_core/i_round_engine/next_hot_count1134_out
                         LUT3 (Prop_LUT3_I1_O)        0.051     5.142 r  i_scheduler_core/i_round_engine/hot_q[2][eid][5]_i_46/O
                         net (fo=5, unplaced)         0.146     5.288    i_scheduler_core/i_round_engine/hot_q[2][eid][5]_i_46_n_0
                         LUT5 (Prop_LUT5_I2_O)        0.074     5.362 r  i_scheduler_core/i_round_engine/cold_q[2][eid][5]_i_21/O
                         net (fo=1, unplaced)         0.210     5.572    i_scheduler_core/i_round_engine/cold_q[2][eid][5]_i_21_n_0
                         LUT6 (Prop_LUT6_I2_O)        0.088     5.660 r  i_scheduler_core/i_round_engine/cold_q[2][eid][5]_i_14/O
                         net (fo=30, unplaced)        0.186     5.846    i_scheduler_core/i_round_engine/cold_q[2][eid][5]_i_14_n_0
                         LUT6 (Prop_LUT6_I3_O)        0.074     5.920 r  i_scheduler_core/i_round_engine/cold_count_q[0]_i_49/O
                         net (fo=1, unplaced)         0.210     6.130    i_scheduler_core/i_round_engine/cold_count_q[0]_i_49_n_0
                         LUT6 (Prop_LUT6_I1_O)        0.088     6.218 r  i_scheduler_core/i_round_engine/cold_count_q[0]_i_25/O
                         net (fo=5, unplaced)         0.228     6.446    i_scheduler_core/i_round_engine/cold_count_q[0]_i_25_n_0
                         LUT6 (Prop_LUT6_I1_O)        0.088     6.534 r  i_scheduler_core/i_round_engine/cold_q[3][ntok][5]_bret__4_i_7/O
                         net (fo=63, unplaced)        0.285     6.819    i_scheduler_core/i_round_engine/next_hot_count1140_out
                         LUT6 (Prop_LUT6_I1_O)        0.088     6.907 r  i_scheduler_core/i_round_engine/cold_count_q[2]_i_23/O
                         net (fo=6, unplaced)         0.150     7.057    i_scheduler_core/i_round_engine/cold_count_q[2]_i_23_n_0
                         LUT4 (Prop_LUT4_I1_O)        0.074     7.131 f  i_scheduler_core/i_round_engine/cold_count_q[2]_i_7/O
                         net (fo=4, unplaced)         0.222     7.353    i_scheduler_core/i_round_engine/cold_count_q[2]_i_7_n_0
                         LUT6 (Prop_LUT6_I2_O)        0.088     7.441 r  i_scheduler_core/i_round_engine/cold_q[1][ntok][8]_i_6/O
                         net (fo=54, unplaced)        0.199     7.640    i_scheduler_core/i_round_engine/next_hot_count1143_out
                         LUT5 (Prop_LUT5_I2_O)        0.074     7.714 r  i_scheduler_core/i_round_engine/hot_q[3][ntok][8]_i_5/O
                         net (fo=9, unplaced)         0.241     7.955    i_scheduler_core/i_round_engine/hot_q[3][ntok][8]_i_5_n_0
                         LUT6 (Prop_LUT6_I1_O)        0.088     8.043 r  i_scheduler_core/i_round_engine/hot_q[3][ntok][8]_i_2/O
                         net (fo=1, unplaced)         0.128     8.171    i_scheduler_core/i_round_engine/hot_q[3][ntok][8]_i_2_n_0
                         LUT6 (Prop_LUT6_I0_O)        0.074     8.245 r  i_scheduler_core/i_round_engine/hot_q[3][ntok][8]_i_1/O
                         net (fo=1, unplaced)         0.062     8.307    i_scheduler_core_n_276
                         FDCE                                         r  hot_q_reg[3][ntok][8]/D
  -------------------------------------------------------------------    -------------------

                         (clock scheduler_clk rise edge)
                                                      5.000     5.000 r  
                                                      0.000     5.000 r  clk_i (IN)
                         net (fo=1734, unset)         0.080     5.080    clk_i
                         FDCE                                         r  hot_q_reg[3][ntok][8]/C
                         clock pessimism              0.000     5.080    
                         clock uncertainty           -0.300     4.780    
                         FDCE (Setup_FDCE_C_D)        0.007     4.787    hot_q_reg[3][ntok][8]
  -------------------------------------------------------------------
                         required time                          4.787    
                         arrival time                          -8.307    
  -------------------------------------------------------------------
                         slack                                 -3.520    

Slack (VIOLATED) :        -3.514ns  (required time - arrival time)
  Source:                 i_scheduler_core/i_round_engine/FSM_onehot_st_q_reg[7]/C
                            (rising edge-triggered cell FDCE clocked by scheduler_clk  {rise@0.000ns fall@2.500ns period=5.000ns})
  Destination:            hot_q_reg[0][ntok][1]/D
                            (rising edge-triggered cell FDCE clocked by scheduler_clk  {rise@0.000ns fall@2.500ns period=5.000ns})
  Path Group:             scheduler_clk
  Path Type:              Setup (Max at Slow Process Corner)
  Requirement:            5.000ns  (scheduler_clk rise@5.000ns - scheduler_clk rise@0.000ns)
  Data Path Delay:        8.181ns  (logic 2.243ns (27.417%)  route 5.938ns (72.583%))
  Logic Levels:           27  (LUT3=2 LUT4=2 LUT5=3 LUT6=20)
  Clock Path Skew:        -0.040ns (DCD - SCD + CPR)
    Destination Clock Delay (DCD):    0.080ns = ( 5.080 - 5.000 ) 
    Source Clock Delay      (SCD):    0.120ns
    Clock Pessimism Removal (CPR):    0.000ns
  Clock Uncertainty:      0.300ns  (CJ)/2 + PE + PJ
    Clock Jitter             (CJ):    0.600ns
    Phase Error              (PE):    0.000ns
    Phase Jitter             (PJ):    0.000ns

    Location             Delay type                Incr(ns)  Path(ns)    Netlist Resource(s)
  -------------------------------------------------------------------    -------------------
                         (clock scheduler_clk rise edge)
                                                      0.000     0.000 r  
                                                      0.000     0.000 r  clk_i (IN)
                         net (fo=1734, unset)         0.120     0.120    i_scheduler_core/i_round_engine/clk_i
                         FDCE                                         r  i_scheduler_core/i_round_engine/FSM_onehot_st_q_reg[7]/C
  -------------------------------------------------------------------    -------------------
                         FDCE (Prop_FDCE_C_Q)         0.090     0.210 r  i_scheduler_core/i_round_engine/FSM_onehot_st_q_reg[7]/Q
                         net (fo=171, unplaced)       0.351     0.561    i_scheduler_core/i_round_engine/i_transition_eval/FSM_onehot_st_q[16]_i_3[5]
                         LUT6 (Prop_LUT6_I1_O)        0.088     0.649 f  i_scheduler_core/i_round_engine/i_transition_eval/g0_b0_i_9/O
                         net (fo=3, unplaced)         0.216     0.865    i_scheduler_core/i_round_engine/i_transition_eval/g0_b0_i_9_n_0
                         LUT6 (Prop_LUT6_I1_O)        0.088     0.953 r  i_scheduler_core/i_round_engine/i_transition_eval/g0_b0_i_7/O
                         net (fo=46, unplaced)        0.278     1.231    i_scheduler_core/i_round_engine/i_transition_eval/FSM_onehot_st_q_reg[4]
                         LUT6 (Prop_LUT6_I2_O)        0.088     1.319 r  i_scheduler_core/i_round_engine/i_transition_eval/g0_b0_i_1/O
                         net (fo=74, unplaced)        0.207     1.526    i_scheduler_core/i_round_engine/i_transition_eval/decode_address[0]
                         LUT5 (Prop_LUT5_I2_O)        0.074     1.600 r  i_scheduler_core/i_round_engine/i_transition_eval/commit_task_q[1][tok_start][7]_i_5/O
                         net (fo=55, unplaced)        0.282     1.882    i_scheduler_core/i_round_engine/i_transition_eval/decoded_profile[selector_a][1]
                         LUT6 (Prop_LUT6_I2_O)        0.088     1.970 r  i_scheduler_core/i_round_engine/i_transition_eval/candidate_start_q[12]_i_32/O
                         net (fo=3, unplaced)         0.134     2.104    i_scheduler_core/i_round_engine/i_transition_eval/candidate_start_q[12]_i_32_n_0
                         LUT6 (Prop_LUT6_I0_O)        0.074     2.178 f  i_scheduler_core/i_round_engine/i_transition_eval/commit_task_q[1][eid][1]_i_4/O
                         net (fo=24, unplaced)        0.181     2.359    i_scheduler_core/i_round_engine/i_transition_eval_n_113
                         LUT3 (Prop_LUT3_I0_O)        0.074     2.433 r  i_scheduler_core/i_round_engine/cold_count_q[0]_i_45/O
                         net (fo=14, unplaced)        0.251     2.684    i_scheduler_core/i_round_engine/remove_eid_b[1]
                         LUT6 (Prop_LUT6_I2_O)        0.088     2.772 f  i_scheduler_core/i_round_engine/hot_q[1][eid][5]_i_35/O
                         net (fo=1, unplaced)         0.210     2.982    i_scheduler_core/i_round_engine/hot_q[1][eid][5]_i_35_n_0
                         LUT6 (Prop_LUT6_I2_O)        0.088     3.070 r  i_scheduler_core/i_round_engine/hot_q[1][eid][5]_i_22/O
                         net (fo=32, unplaced)        0.270     3.340    i_scheduler_core/i_round_engine/hot_q[1][eid][5]_i_22_n_0
                         LUT6 (Prop_LUT6_I1_O)        0.088     3.428 r  i_scheduler_core/i_round_engine/hot_count_q[1]_i_17/O
                         net (fo=6, unplaced)         0.232     3.660    i_scheduler_core/i_round_engine/hot_count_q[1]_i_17_n_0
                         LUT6 (Prop_LUT6_I2_O)        0.088     3.748 f  i_scheduler_core/i_round_engine/hot_count_q[1]_i_11/O
                         net (fo=20, unplaced)        0.194     3.942    i_scheduler_core/i_round_engine/hot_count_q[1]_i_11_n_0
                         LUT4 (Prop_LUT4_I2_O)        0.051     3.993 f  i_scheduler_core/i_round_engine/hot_q[8][eid][5]_i_32/O
                         net (fo=2, unplaced)         0.128     4.121    i_scheduler_core/i_round_engine/hot_q[8][eid][5]_i_32_n_0
                         LUT6 (Prop_LUT6_I3_O)        0.074     4.195 r  i_scheduler_core/i_round_engine/hot_q[8][eid][5]_i_14/O
                         net (fo=49, unplaced)        0.279     4.474    i_scheduler_core/i_round_engine/hot_q[8][eid][5]_i_14_n_0
                         LUT6 (Prop_LUT6_I2_O)        0.088     4.562 r  i_scheduler_core/i_round_engine/cold_q[3][eid][5]_i_17/O
                         net (fo=2, unplaced)         0.210     4.772    i_scheduler_core/i_round_engine/cold_q[3][eid][5]_i_17_n_0
                         LUT6 (Prop_LUT6_I2_O)        0.088     4.860 r  i_scheduler_core/i_round_engine/cold_q[3][eid][5]_i_9/O
                         net (fo=101, unplaced)       0.231     5.091    i_scheduler_core/i_round_engine/next_hot_count1134_out
                         LUT3 (Prop_LUT3_I1_O)        0.051     5.142 r  i_scheduler_core/i_round_engine/hot_q[2][eid][5]_i_46/O
                         net (fo=5, unplaced)         0.146     5.288    i_scheduler_core/i_round_engine/hot_q[2][eid][5]_i_46_n_0
                         LUT5 (Prop_LUT5_I2_O)        0.074     5.362 r  i_scheduler_core/i_round_engine/cold_q[2][eid][5]_i_21/O
                         net (fo=1, unplaced)         0.210     5.572    i_scheduler_core/i_round_engine/cold_q[2][eid][5]_i_21_n_0
                         LUT6 (Prop_LUT6_I2_O)        0.088     5.660 r  i_scheduler_core/i_round_engine/cold_q[2][eid][5]_i_14/O
                         net (fo=30, unplaced)        0.186     5.846    i_scheduler_core/i_round_engine/cold_q[2][eid][5]_i_14_n_0
                         LUT6 (Prop_LUT6_I3_O)        0.074     5.920 r  i_scheduler_core/i_round_engine/cold_count_q[0]_i_49/O
                         net (fo=1, unplaced)         0.210     6.130    i_scheduler_core/i_round_engine/cold_count_q[0]_i_49_n_0
                         LUT6 (Prop_LUT6_I1_O)        0.088     6.218 r  i_scheduler_core/i_round_engine/cold_count_q[0]_i_25/O
                         net (fo=5, unplaced)         0.228     6.446    i_scheduler_core/i_round_engine/cold_count_q[0]_i_25_n_0
                         LUT6 (Prop_LUT6_I1_O)        0.088     6.534 r  i_scheduler_core/i_round_engine/cold_q[3][ntok][5]_bret__4_i_7/O
                         net (fo=63, unplaced)        0.285     6.819    i_scheduler_core/i_round_engine/next_hot_count1140_out
                         LUT6 (Prop_LUT6_I1_O)        0.088     6.907 r  i_scheduler_core/i_round_engine/cold_count_q[2]_i_23/O
                         net (fo=6, unplaced)         0.150     7.057    i_scheduler_core/i_round_engine/cold_count_q[2]_i_23_n_0
                         LUT4 (Prop_LUT4_I1_O)        0.074     7.131 f  i_scheduler_core/i_round_engine/cold_count_q[2]_i_7/O
                         net (fo=4, unplaced)         0.222     7.353    i_scheduler_core/i_round_engine/cold_count_q[2]_i_7_n_0
                         LUT6 (Prop_LUT6_I2_O)        0.088     7.441 r  i_scheduler_core/i_round_engine/cold_q[1][ntok][8]_i_6/O
                         net (fo=54, unplaced)        0.216     7.657    i_scheduler_core/i_round_engine/next_hot_count1143_out
                         LUT5 (Prop_LUT5_I3_O)        0.051     7.708 r  i_scheduler_core/i_round_engine/hot_q[0][ntok][8]_i_13/O
                         net (fo=9, unplaced)         0.241     7.949    i_scheduler_core/i_round_engine/hot_q[0][ntok][8]_i_13_n_0
                         LUT6 (Prop_LUT6_I2_O)        0.088     8.037 r  i_scheduler_core/i_round_engine/hot_q[0][ntok][1]_i_2/O
                         net (fo=1, unplaced)         0.128     8.165    i_scheduler_core/i_round_engine/hot_q[0][ntok][1]_i_2_n_0
                         LUT6 (Prop_LUT6_I0_O)        0.074     8.239 r  i_scheduler_core/i_round_engine/hot_q[0][ntok][1]_i_1/O
                         net (fo=1, unplaced)         0.062     8.301    i_scheduler_core_n_256
                         FDCE                                         r  hot_q_reg[0][ntok][1]/D
  -------------------------------------------------------------------    -------------------

                         (clock scheduler_clk rise edge)
                                                      5.000     5.000 r  
                                                      0.000     5.000 r  clk_i (IN)
                         net (fo=1734, unset)         0.080     5.080    clk_i
                         FDCE                                         r  hot_q_reg[0][ntok][1]/C
                         clock pessimism              0.000     5.080    
                         clock uncertainty           -0.300     4.780    
                         FDCE (Setup_FDCE_C_D)        0.007     4.787    hot_q_reg[0][ntok][1]
  -------------------------------------------------------------------
                         required time                          4.787    
                         arrival time                          -8.301    
  -------------------------------------------------------------------
                         slack                                 -3.514    

Slack (VIOLATED) :        -3.514ns  (required time - arrival time)
  Source:                 i_scheduler_core/i_round_engine/FSM_onehot_st_q_reg[7]/C
                            (rising edge-triggered cell FDCE clocked by scheduler_clk  {rise@0.000ns fall@2.500ns period=5.000ns})
  Destination:            hot_q_reg[0][ntok][5]/D
                            (rising edge-triggered cell FDCE clocked by scheduler_clk  {rise@0.000ns fall@2.500ns period=5.000ns})
  Path Group:             scheduler_clk
  Path Type:              Setup (Max at Slow Process Corner)
  Requirement:            5.000ns  (scheduler_clk rise@5.000ns - scheduler_clk rise@0.000ns)
  Data Path Delay:        8.181ns  (logic 2.243ns (27.417%)  route 5.938ns (72.583%))
  Logic Levels:           27  (LUT3=2 LUT4=2 LUT5=3 LUT6=20)
  Clock Path Skew:        -0.040ns (DCD - SCD + CPR)
    Destination Clock Delay (DCD):    0.080ns = ( 5.080 - 5.000 ) 
    Source Clock Delay      (SCD):    0.120ns
    Clock Pessimism Removal (CPR):    0.000ns
  Clock Uncertainty:      0.300ns  (CJ)/2 + PE + PJ
    Clock Jitter             (CJ):    0.600ns
    Phase Error              (PE):    0.000ns
    Phase Jitter             (PJ):    0.000ns

    Location             Delay type                Incr(ns)  Path(ns)    Netlist Resource(s)
  -------------------------------------------------------------------    -------------------
                         (clock scheduler_clk rise edge)
                                                      0.000     0.000 r  
                                                      0.000     0.000 r  clk_i (IN)
                         net (fo=1734, unset)         0.120     0.120    i_scheduler_core/i_round_engine/clk_i
                         FDCE                                         r  i_scheduler_core/i_round_engine/FSM_onehot_st_q_reg[7]/C
  -------------------------------------------------------------------    -------------------
                         FDCE (Prop_FDCE_C_Q)         0.090     0.210 r  i_scheduler_core/i_round_engine/FSM_onehot_st_q_reg[7]/Q
                         net (fo=171, unplaced)       0.351     0.561    i_scheduler_core/i_round_engine/i_transition_eval/FSM_onehot_st_q[16]_i_3[5]
                         LUT6 (Prop_LUT6_I1_O)        0.088     0.649 f  i_scheduler_core/i_round_engine/i_transition_eval/g0_b0_i_9/O
                         net (fo=3, unplaced)         0.216     0.865    i_scheduler_core/i_round_engine/i_transition_eval/g0_b0_i_9_n_0
                         LUT6 (Prop_LUT6_I1_O)        0.088     0.953 r  i_scheduler_core/i_round_engine/i_transition_eval/g0_b0_i_7/O
                         net (fo=46, unplaced)        0.278     1.231    i_scheduler_core/i_round_engine/i_transition_eval/FSM_onehot_st_q_reg[4]
                         LUT6 (Prop_LUT6_I2_O)        0.088     1.319 r  i_scheduler_core/i_round_engine/i_transition_eval/g0_b0_i_1/O
                         net (fo=74, unplaced)        0.207     1.526    i_scheduler_core/i_round_engine/i_transition_eval/decode_address[0]
                         LUT5 (Prop_LUT5_I2_O)        0.074     1.600 r  i_scheduler_core/i_round_engine/i_transition_eval/commit_task_q[1][tok_start][7]_i_5/O
                         net (fo=55, unplaced)        0.282     1.882    i_scheduler_core/i_round_engine/i_transition_eval/decoded_profile[selector_a][1]
                         LUT6 (Prop_LUT6_I2_O)        0.088     1.970 r  i_scheduler_core/i_round_engine/i_transition_eval/candidate_start_q[12]_i_32/O
                         net (fo=3, unplaced)         0.134     2.104    i_scheduler_core/i_round_engine/i_transition_eval/candidate_start_q[12]_i_32_n_0
                         LUT6 (Prop_LUT6_I0_O)        0.074     2.178 f  i_scheduler_core/i_round_engine/i_transition_eval/commit_task_q[1][eid][1]_i_4/O
                         net (fo=24, unplaced)        0.181     2.359    i_scheduler_core/i_round_engine/i_transition_eval_n_113
                         LUT3 (Prop_LUT3_I0_O)        0.074     2.433 r  i_scheduler_core/i_round_engine/cold_count_q[0]_i_45/O
                         net (fo=14, unplaced)        0.251     2.684    i_scheduler_core/i_round_engine/remove_eid_b[1]
                         LUT6 (Prop_LUT6_I2_O)        0.088     2.772 f  i_scheduler_core/i_round_engine/hot_q[1][eid][5]_i_35/O
                         net (fo=1, unplaced)         0.210     2.982    i_scheduler_core/i_round_engine/hot_q[1][eid][5]_i_35_n_0
                         LUT6 (Prop_LUT6_I2_O)        0.088     3.070 r  i_scheduler_core/i_round_engine/hot_q[1][eid][5]_i_22/O
                         net (fo=32, unplaced)        0.270     3.340    i_scheduler_core/i_round_engine/hot_q[1][eid][5]_i_22_n_0
                         LUT6 (Prop_LUT6_I1_O)        0.088     3.428 r  i_scheduler_core/i_round_engine/hot_count_q[1]_i_17/O
                         net (fo=6, unplaced)         0.232     3.660    i_scheduler_core/i_round_engine/hot_count_q[1]_i_17_n_0
                         LUT6 (Prop_LUT6_I2_O)        0.088     3.748 f  i_scheduler_core/i_round_engine/hot_count_q[1]_i_11/O
                         net (fo=20, unplaced)        0.194     3.942    i_scheduler_core/i_round_engine/hot_count_q[1]_i_11_n_0
                         LUT4 (Prop_LUT4_I2_O)        0.051     3.993 f  i_scheduler_core/i_round_engine/hot_q[8][eid][5]_i_32/O
                         net (fo=2, unplaced)         0.128     4.121    i_scheduler_core/i_round_engine/hot_q[8][eid][5]_i_32_n_0
                         LUT6 (Prop_LUT6_I3_O)        0.074     4.195 r  i_scheduler_core/i_round_engine/hot_q[8][eid][5]_i_14/O
                         net (fo=49, unplaced)        0.279     4.474    i_scheduler_core/i_round_engine/hot_q[8][eid][5]_i_14_n_0
                         LUT6 (Prop_LUT6_I2_O)        0.088     4.562 r  i_scheduler_core/i_round_engine/cold_q[3][eid][5]_i_17/O
                         net (fo=2, unplaced)         0.210     4.772    i_scheduler_core/i_round_engine/cold_q[3][eid][5]_i_17_n_0
                         LUT6 (Prop_LUT6_I2_O)        0.088     4.860 r  i_scheduler_core/i_round_engine/cold_q[3][eid][5]_i_9/O
                         net (fo=101, unplaced)       0.231     5.091    i_scheduler_core/i_round_engine/next_hot_count1134_out
                         LUT3 (Prop_LUT3_I1_O)        0.051     5.142 r  i_scheduler_core/i_round_engine/hot_q[2][eid][5]_i_46/O
                         net (fo=5, unplaced)         0.146     5.288    i_scheduler_core/i_round_engine/hot_q[2][eid][5]_i_46_n_0
                         LUT5 (Prop_LUT5_I2_O)        0.074     5.362 r  i_scheduler_core/i_round_engine/cold_q[2][eid][5]_i_21/O
                         net (fo=1, unplaced)         0.210     5.572    i_scheduler_core/i_round_engine/cold_q[2][eid][5]_i_21_n_0
                         LUT6 (Prop_LUT6_I2_O)        0.088     5.660 r  i_scheduler_core/i_round_engine/cold_q[2][eid][5]_i_14/O
                         net (fo=30, unplaced)        0.186     5.846    i_scheduler_core/i_round_engine/cold_q[2][eid][5]_i_14_n_0
                         LUT6 (Prop_LUT6_I3_O)        0.074     5.920 r  i_scheduler_core/i_round_engine/cold_count_q[0]_i_49/O
                         net (fo=1, unplaced)         0.210     6.130    i_scheduler_core/i_round_engine/cold_count_q[0]_i_49_n_0
                         LUT6 (Prop_LUT6_I1_O)        0.088     6.218 r  i_scheduler_core/i_round_engine/cold_count_q[0]_i_25/O
                         net (fo=5, unplaced)         0.228     6.446    i_scheduler_core/i_round_engine/cold_count_q[0]_i_25_n_0
                         LUT6 (Prop_LUT6_I1_O)        0.088     6.534 r  i_scheduler_core/i_round_engine/cold_q[3][ntok][5]_bret__4_i_7/O
                         net (fo=63, unplaced)        0.285     6.819    i_scheduler_core/i_round_engine/next_hot_count1140_out
                         LUT6 (Prop_LUT6_I1_O)        0.088     6.907 r  i_scheduler_core/i_round_engine/cold_count_q[2]_i_23/O
                         net (fo=6, unplaced)         0.150     7.057    i_scheduler_core/i_round_engine/cold_count_q[2]_i_23_n_0
                         LUT4 (Prop_LUT4_I1_O)        0.074     7.131 f  i_scheduler_core/i_round_engine/cold_count_q[2]_i_7/O
                         net (fo=4, unplaced)         0.222     7.353    i_scheduler_core/i_round_engine/cold_count_q[2]_i_7_n_0
                         LUT6 (Prop_LUT6_I2_O)        0.088     7.441 r  i_scheduler_core/i_round_engine/cold_q[1][ntok][8]_i_6/O
                         net (fo=54, unplaced)        0.216     7.657    i_scheduler_core/i_round_engine/next_hot_count1143_out
                         LUT5 (Prop_LUT5_I3_O)        0.051     7.708 r  i_scheduler_core/i_round_engine/hot_q[0][ntok][8]_i_13/O
                         net (fo=9, unplaced)         0.241     7.949    i_scheduler_core/i_round_engine/hot_q[0][ntok][8]_i_13_n_0
                         LUT6 (Prop_LUT6_I2_O)        0.088     8.037 r  i_scheduler_core/i_round_engine/hot_q[0][ntok][5]_i_2/O
                         net (fo=1, unplaced)         0.128     8.165    i_scheduler_core/i_round_engine/hot_q[0][ntok][5]_i_2_n_0
                         LUT6 (Prop_LUT6_I0_O)        0.074     8.239 r  i_scheduler_core/i_round_engine/hot_q[0][ntok][5]_i_1/O
                         net (fo=1, unplaced)         0.062     8.301    i_scheduler_core_n_252
                         FDCE                                         r  hot_q_reg[0][ntok][5]/D
  -------------------------------------------------------------------    -------------------

                         (clock scheduler_clk rise edge)
                                                      5.000     5.000 r  
                                                      0.000     5.000 r  clk_i (IN)
                         net (fo=1734, unset)         0.080     5.080    clk_i
                         FDCE                                         r  hot_q_reg[0][ntok][5]/C
                         clock pessimism              0.000     5.080    
                         clock uncertainty           -0.300     4.780    
                         FDCE (Setup_FDCE_C_D)        0.007     4.787    hot_q_reg[0][ntok][5]
  -------------------------------------------------------------------
                         required time                          4.787    
                         arrival time                          -8.301    
  -------------------------------------------------------------------
                         slack                                 -3.514    

Slack (VIOLATED) :        -3.514ns  (required time - arrival time)
  Source:                 i_scheduler_core/i_round_engine/FSM_onehot_st_q_reg[7]/C
                            (rising edge-triggered cell FDCE clocked by scheduler_clk  {rise@0.000ns fall@2.500ns period=5.000ns})
  Destination:            hot_q_reg[0][ntok][7]/D
                            (rising edge-triggered cell FDCE clocked by scheduler_clk  {rise@0.000ns fall@2.500ns period=5.000ns})
  Path Group:             scheduler_clk
  Path Type:              Setup (Max at Slow Process Corner)
  Requirement:            5.000ns  (scheduler_clk rise@5.000ns - scheduler_clk rise@0.000ns)
  Data Path Delay:        8.181ns  (logic 2.243ns (27.417%)  route 5.938ns (72.583%))
  Logic Levels:           27  (LUT3=2 LUT4=2 LUT5=3 LUT6=20)
  Clock Path Skew:        -0.040ns (DCD - SCD + CPR)
    Destination Clock Delay (DCD):    0.080ns = ( 5.080 - 5.000 ) 
    Source Clock Delay      (SCD):    0.120ns
    Clock Pessimism Removal (CPR):    0.000ns
  Clock Uncertainty:      0.300ns  (CJ)/2 + PE + PJ
    Clock Jitter             (CJ):    0.600ns
    Phase Error              (PE):    0.000ns
    Phase Jitter             (PJ):    0.000ns

    Location             Delay type                Incr(ns)  Path(ns)    Netlist Resource(s)
  -------------------------------------------------------------------    -------------------
                         (clock scheduler_clk rise edge)
                                                      0.000     0.000 r  
                                                      0.000     0.000 r  clk_i (IN)
                         net (fo=1734, unset)         0.120     0.120    i_scheduler_core/i_round_engine/clk_i
                         FDCE                                         r  i_scheduler_core/i_round_engine/FSM_onehot_st_q_reg[7]/C
  -------------------------------------------------------------------    -------------------
                         FDCE (Prop_FDCE_C_Q)         0.090     0.210 r  i_scheduler_core/i_round_engine/FSM_onehot_st_q_reg[7]/Q
                         net (fo=171, unplaced)       0.351     0.561    i_scheduler_core/i_round_engine/i_transition_eval/FSM_onehot_st_q[16]_i_3[5]
                         LUT6 (Prop_LUT6_I1_O)        0.088     0.649 f  i_scheduler_core/i_round_engine/i_transition_eval/g0_b0_i_9/O
                         net (fo=3, unplaced)         0.216     0.865    i_scheduler_core/i_round_engine/i_transition_eval/g0_b0_i_9_n_0
                         LUT6 (Prop_LUT6_I1_O)        0.088     0.953 r  i_scheduler_core/i_round_engine/i_transition_eval/g0_b0_i_7/O
                         net (fo=46, unplaced)        0.278     1.231    i_scheduler_core/i_round_engine/i_transition_eval/FSM_onehot_st_q_reg[4]
                         LUT6 (Prop_LUT6_I2_O)        0.088     1.319 r  i_scheduler_core/i_round_engine/i_transition_eval/g0_b0_i_1/O
                         net (fo=74, unplaced)        0.207     1.526    i_scheduler_core/i_round_engine/i_transition_eval/decode_address[0]
                         LUT5 (Prop_LUT5_I2_O)        0.074     1.600 r  i_scheduler_core/i_round_engine/i_transition_eval/commit_task_q[1][tok_start][7]_i_5/O
                         net (fo=55, unplaced)        0.282     1.882    i_scheduler_core/i_round_engine/i_transition_eval/decoded_profile[selector_a][1]
                         LUT6 (Prop_LUT6_I2_O)        0.088     1.970 r  i_scheduler_core/i_round_engine/i_transition_eval/candidate_start_q[12]_i_32/O
                         net (fo=3, unplaced)         0.134     2.104    i_scheduler_core/i_round_engine/i_transition_eval/candidate_start_q[12]_i_32_n_0
                         LUT6 (Prop_LUT6_I0_O)        0.074     2.178 f  i_scheduler_core/i_round_engine/i_transition_eval/commit_task_q[1][eid][1]_i_4/O
                         net (fo=24, unplaced)        0.181     2.359    i_scheduler_core/i_round_engine/i_transition_eval_n_113
                         LUT3 (Prop_LUT3_I0_O)        0.074     2.433 r  i_scheduler_core/i_round_engine/cold_count_q[0]_i_45/O
                         net (fo=14, unplaced)        0.251     2.684    i_scheduler_core/i_round_engine/remove_eid_b[1]
                         LUT6 (Prop_LUT6_I2_O)        0.088     2.772 f  i_scheduler_core/i_round_engine/hot_q[1][eid][5]_i_35/O
                         net (fo=1, unplaced)         0.210     2.982    i_scheduler_core/i_round_engine/hot_q[1][eid][5]_i_35_n_0
                         LUT6 (Prop_LUT6_I2_O)        0.088     3.070 r  i_scheduler_core/i_round_engine/hot_q[1][eid][5]_i_22/O
                         net (fo=32, unplaced)        0.270     3.340    i_scheduler_core/i_round_engine/hot_q[1][eid][5]_i_22_n_0
                         LUT6 (Prop_LUT6_I1_O)        0.088     3.428 r  i_scheduler_core/i_round_engine/hot_count_q[1]_i_17/O
                         net (fo=6, unplaced)         0.232     3.660    i_scheduler_core/i_round_engine/hot_count_q[1]_i_17_n_0
                         LUT6 (Prop_LUT6_I2_O)        0.088     3.748 f  i_scheduler_core/i_round_engine/hot_count_q[1]_i_11/O
                         net (fo=20, unplaced)        0.194     3.942    i_scheduler_core/i_round_engine/hot_count_q[1]_i_11_n_0
                         LUT4 (Prop_LUT4_I2_O)        0.051     3.993 f  i_scheduler_core/i_round_engine/hot_q[8][eid][5]_i_32/O
                         net (fo=2, unplaced)         0.128     4.121    i_scheduler_core/i_round_engine/hot_q[8][eid][5]_i_32_n_0
                         LUT6 (Prop_LUT6_I3_O)        0.074     4.195 r  i_scheduler_core/i_round_engine/hot_q[8][eid][5]_i_14/O
                         net (fo=49, unplaced)        0.279     4.474    i_scheduler_core/i_round_engine/hot_q[8][eid][5]_i_14_n_0
                         LUT6 (Prop_LUT6_I2_O)        0.088     4.562 r  i_scheduler_core/i_round_engine/cold_q[3][eid][5]_i_17/O
                         net (fo=2, unplaced)         0.210     4.772    i_scheduler_core/i_round_engine/cold_q[3][eid][5]_i_17_n_0
                         LUT6 (Prop_LUT6_I2_O)        0.088     4.860 r  i_scheduler_core/i_round_engine/cold_q[3][eid][5]_i_9/O
                         net (fo=101, unplaced)       0.231     5.091    i_scheduler_core/i_round_engine/next_hot_count1134_out
                         LUT3 (Prop_LUT3_I1_O)        0.051     5.142 r  i_scheduler_core/i_round_engine/hot_q[2][eid][5]_i_46/O
                         net (fo=5, unplaced)         0.146     5.288    i_scheduler_core/i_round_engine/hot_q[2][eid][5]_i_46_n_0
                         LUT5 (Prop_LUT5_I2_O)        0.074     5.362 r  i_scheduler_core/i_round_engine/cold_q[2][eid][5]_i_21/O
                         net (fo=1, unplaced)         0.210     5.572    i_scheduler_core/i_round_engine/cold_q[2][eid][5]_i_21_n_0
                         LUT6 (Prop_LUT6_I2_O)        0.088     5.660 r  i_scheduler_core/i_round_engine/cold_q[2][eid][5]_i_14/O
                         net (fo=30, unplaced)        0.186     5.846    i_scheduler_core/i_round_engine/cold_q[2][eid][5]_i_14_n_0
                         LUT6 (Prop_LUT6_I3_O)        0.074     5.920 r  i_scheduler_core/i_round_engine/cold_count_q[0]_i_49/O
                         net (fo=1, unplaced)         0.210     6.130    i_scheduler_core/i_round_engine/cold_count_q[0]_i_49_n_0
                         LUT6 (Prop_LUT6_I1_O)        0.088     6.218 r  i_scheduler_core/i_round_engine/cold_count_q[0]_i_25/O
                         net (fo=5, unplaced)         0.228     6.446    i_scheduler_core/i_round_engine/cold_count_q[0]_i_25_n_0
                         LUT6 (Prop_LUT6_I1_O)        0.088     6.534 r  i_scheduler_core/i_round_engine/cold_q[3][ntok][5]_bret__4_i_7/O
                         net (fo=63, unplaced)        0.285     6.819    i_scheduler_core/i_round_engine/next_hot_count1140_out
                         LUT6 (Prop_LUT6_I1_O)        0.088     6.907 r  i_scheduler_core/i_round_engine/cold_count_q[2]_i_23/O
                         net (fo=6, unplaced)         0.150     7.057    i_scheduler_core/i_round_engine/cold_count_q[2]_i_23_n_0
                         LUT4 (Prop_LUT4_I1_O)        0.074     7.131 f  i_scheduler_core/i_round_engine/cold_count_q[2]_i_7/O
                         net (fo=4, unplaced)         0.222     7.353    i_scheduler_core/i_round_engine/cold_count_q[2]_i_7_n_0
                         LUT6 (Prop_LUT6_I2_O)        0.088     7.441 r  i_scheduler_core/i_round_engine/cold_q[1][ntok][8]_i_6/O
                         net (fo=54, unplaced)        0.216     7.657    i_scheduler_core/i_round_engine/next_hot_count1143_out
                         LUT5 (Prop_LUT5_I3_O)        0.051     7.708 r  i_scheduler_core/i_round_engine/hot_q[0][ntok][8]_i_13/O
                         net (fo=9, unplaced)         0.241     7.949    i_scheduler_core/i_round_engine/hot_q[0][ntok][8]_i_13_n_0
                         LUT6 (Prop_LUT6_I1_O)        0.088     8.037 r  i_scheduler_core/i_round_engine/hot_q[0][ntok][7]_i_2/O
                         net (fo=1, unplaced)         0.128     8.165    i_scheduler_core/i_round_engine/hot_q[0][ntok][7]_i_2_n_0
                         LUT6 (Prop_LUT6_I0_O)        0.074     8.239 r  i_scheduler_core/i_round_engine/hot_q[0][ntok][7]_i_1/O
                         net (fo=1, unplaced)         0.062     8.301    i_scheduler_core_n_250
                         FDCE                                         r  hot_q_reg[0][ntok][7]/D
  -------------------------------------------------------------------    -------------------

                         (clock scheduler_clk rise edge)
                                                      5.000     5.000 r  
                                                      0.000     5.000 r  clk_i (IN)
                         net (fo=1734, unset)         0.080     5.080    clk_i
                         FDCE                                         r  hot_q_reg[0][ntok][7]/C
                         clock pessimism              0.000     5.080    
                         clock uncertainty           -0.300     4.780    
                         FDCE (Setup_FDCE_C_D)        0.007     4.787    hot_q_reg[0][ntok][7]
  -------------------------------------------------------------------
                         required time                          4.787    
                         arrival time                          -8.301    
  -------------------------------------------------------------------
                         slack                                 -3.514    

Slack (VIOLATED) :        -3.514ns  (required time - arrival time)
  Source:                 i_scheduler_core/i_round_engine/FSM_onehot_st_q_reg[7]/C
                            (rising edge-triggered cell FDCE clocked by scheduler_clk  {rise@0.000ns fall@2.500ns period=5.000ns})
  Destination:            hot_q_reg[1][ntok][0]/D
                            (rising edge-triggered cell FDCE clocked by scheduler_clk  {rise@0.000ns fall@2.500ns period=5.000ns})
  Path Group:             scheduler_clk
  Path Type:              Setup (Max at Slow Process Corner)
  Requirement:            5.000ns  (scheduler_clk rise@5.000ns - scheduler_clk rise@0.000ns)
  Data Path Delay:        8.181ns  (logic 2.243ns (27.417%)  route 5.938ns (72.583%))
  Logic Levels:           27  (LUT3=2 LUT4=2 LUT5=3 LUT6=20)
  Clock Path Skew:        -0.040ns (DCD - SCD + CPR)
    Destination Clock Delay (DCD):    0.080ns = ( 5.080 - 5.000 ) 
    Source Clock Delay      (SCD):    0.120ns
    Clock Pessimism Removal (CPR):    0.000ns
  Clock Uncertainty:      0.300ns  (CJ)/2 + PE + PJ
    Clock Jitter             (CJ):    0.600ns
    Phase Error              (PE):    0.000ns
    Phase Jitter             (PJ):    0.000ns

    Location             Delay type                Incr(ns)  Path(ns)    Netlist Resource(s)
  -------------------------------------------------------------------    -------------------
                         (clock scheduler_clk rise edge)
                                                      0.000     0.000 r  
                                                      0.000     0.000 r  clk_i (IN)
                         net (fo=1734, unset)         0.120     0.120    i_scheduler_core/i_round_engine/clk_i
                         FDCE                                         r  i_scheduler_core/i_round_engine/FSM_onehot_st_q_reg[7]/C
  -------------------------------------------------------------------    -------------------
                         FDCE (Prop_FDCE_C_Q)         0.090     0.210 r  i_scheduler_core/i_round_engine/FSM_onehot_st_q_reg[7]/Q
                         net (fo=171, unplaced)       0.351     0.561    i_scheduler_core/i_round_engine/i_transition_eval/FSM_onehot_st_q[16]_i_3[5]
                         LUT6 (Prop_LUT6_I1_O)        0.088     0.649 f  i_scheduler_core/i_round_engine/i_transition_eval/g0_b0_i_9/O
                         net (fo=3, unplaced)         0.216     0.865    i_scheduler_core/i_round_engine/i_transition_eval/g0_b0_i_9_n_0
                         LUT6 (Prop_LUT6_I1_O)        0.088     0.953 r  i_scheduler_core/i_round_engine/i_transition_eval/g0_b0_i_7/O
                         net (fo=46, unplaced)        0.278     1.231    i_scheduler_core/i_round_engine/i_transition_eval/FSM_onehot_st_q_reg[4]
                         LUT6 (Prop_LUT6_I2_O)        0.088     1.319 r  i_scheduler_core/i_round_engine/i_transition_eval/g0_b0_i_1/O
                         net (fo=74, unplaced)        0.207     1.526    i_scheduler_core/i_round_engine/i_transition_eval/decode_address[0]
                         LUT5 (Prop_LUT5_I2_O)        0.074     1.600 r  i_scheduler_core/i_round_engine/i_transition_eval/commit_task_q[1][tok_start][7]_i_5/O
                         net (fo=55, unplaced)        0.282     1.882    i_scheduler_core/i_round_engine/i_transition_eval/decoded_profile[selector_a][1]
                         LUT6 (Prop_LUT6_I2_O)        0.088     1.970 r  i_scheduler_core/i_round_engine/i_transition_eval/candidate_start_q[12]_i_32/O
                         net (fo=3, unplaced)         0.134     2.104    i_scheduler_core/i_round_engine/i_transition_eval/candidate_start_q[12]_i_32_n_0
                         LUT6 (Prop_LUT6_I0_O)        0.074     2.178 f  i_scheduler_core/i_round_engine/i_transition_eval/commit_task_q[1][eid][1]_i_4/O
                         net (fo=24, unplaced)        0.181     2.359    i_scheduler_core/i_round_engine/i_transition_eval_n_113
                         LUT3 (Prop_LUT3_I0_O)        0.074     2.433 r  i_scheduler_core/i_round_engine/cold_count_q[0]_i_45/O
                         net (fo=14, unplaced)        0.251     2.684    i_scheduler_core/i_round_engine/remove_eid_b[1]
                         LUT6 (Prop_LUT6_I2_O)        0.088     2.772 f  i_scheduler_core/i_round_engine/hot_q[1][eid][5]_i_35/O
                         net (fo=1, unplaced)         0.210     2.982    i_scheduler_core/i_round_engine/hot_q[1][eid][5]_i_35_n_0
                         LUT6 (Prop_LUT6_I2_O)        0.088     3.070 r  i_scheduler_core/i_round_engine/hot_q[1][eid][5]_i_22/O
                         net (fo=32, unplaced)        0.270     3.340    i_scheduler_core/i_round_engine/hot_q[1][eid][5]_i_22_n_0
                         LUT6 (Prop_LUT6_I1_O)        0.088     3.428 r  i_scheduler_core/i_round_engine/hot_count_q[1]_i_17/O
                         net (fo=6, unplaced)         0.232     3.660    i_scheduler_core/i_round_engine/hot_count_q[1]_i_17_n_0
                         LUT6 (Prop_LUT6_I2_O)        0.088     3.748 f  i_scheduler_core/i_round_engine/hot_count_q[1]_i_11/O
                         net (fo=20, unplaced)        0.194     3.942    i_scheduler_core/i_round_engine/hot_count_q[1]_i_11_n_0
                         LUT4 (Prop_LUT4_I2_O)        0.051     3.993 f  i_scheduler_core/i_round_engine/hot_q[8][eid][5]_i_32/O
                         net (fo=2, unplaced)         0.128     4.121    i_scheduler_core/i_round_engine/hot_q[8][eid][5]_i_32_n_0
                         LUT6 (Prop_LUT6_I3_O)        0.074     4.195 r  i_scheduler_core/i_round_engine/hot_q[8][eid][5]_i_14/O
                         net (fo=49, unplaced)        0.279     4.474    i_scheduler_core/i_round_engine/hot_q[8][eid][5]_i_14_n_0
                         LUT6 (Prop_LUT6_I2_O)        0.088     4.562 r  i_scheduler_core/i_round_engine/cold_q[3][eid][5]_i_17/O
                         net (fo=2, unplaced)         0.210     4.772    i_scheduler_core/i_round_engine/cold_q[3][eid][5]_i_17_n_0
                         LUT6 (Prop_LUT6_I2_O)        0.088     4.860 r  i_scheduler_core/i_round_engine/cold_q[3][eid][5]_i_9/O
                         net (fo=101, unplaced)       0.231     5.091    i_scheduler_core/i_round_engine/next_hot_count1134_out
                         LUT3 (Prop_LUT3_I1_O)        0.051     5.142 r  i_scheduler_core/i_round_engine/hot_q[2][eid][5]_i_46/O
                         net (fo=5, unplaced)         0.146     5.288    i_scheduler_core/i_round_engine/hot_q[2][eid][5]_i_46_n_0
                         LUT5 (Prop_LUT5_I2_O)        0.074     5.362 r  i_scheduler_core/i_round_engine/cold_q[2][eid][5]_i_21/O
                         net (fo=1, unplaced)         0.210     5.572    i_scheduler_core/i_round_engine/cold_q[2][eid][5]_i_21_n_0
                         LUT6 (Prop_LUT6_I2_O)        0.088     5.660 r  i_scheduler_core/i_round_engine/cold_q[2][eid][5]_i_14/O
                         net (fo=30, unplaced)        0.186     5.846    i_scheduler_core/i_round_engine/cold_q[2][eid][5]_i_14_n_0
                         LUT6 (Prop_LUT6_I3_O)        0.074     5.920 r  i_scheduler_core/i_round_engine/cold_count_q[0]_i_49/O
                         net (fo=1, unplaced)         0.210     6.130    i_scheduler_core/i_round_engine/cold_count_q[0]_i_49_n_0
                         LUT6 (Prop_LUT6_I1_O)        0.088     6.218 r  i_scheduler_core/i_round_engine/cold_count_q[0]_i_25/O
                         net (fo=5, unplaced)         0.228     6.446    i_scheduler_core/i_round_engine/cold_count_q[0]_i_25_n_0
                         LUT6 (Prop_LUT6_I1_O)        0.088     6.534 r  i_scheduler_core/i_round_engine/cold_q[3][ntok][5]_bret__4_i_7/O
                         net (fo=63, unplaced)        0.285     6.819    i_scheduler_core/i_round_engine/next_hot_count1140_out
                         LUT6 (Prop_LUT6_I1_O)        0.088     6.907 r  i_scheduler_core/i_round_engine/cold_count_q[2]_i_23/O
                         net (fo=6, unplaced)         0.150     7.057    i_scheduler_core/i_round_engine/cold_count_q[2]_i_23_n_0
                         LUT4 (Prop_LUT4_I1_O)        0.074     7.131 f  i_scheduler_core/i_round_engine/cold_count_q[2]_i_7/O
                         net (fo=4, unplaced)         0.222     7.353    i_scheduler_core/i_round_engine/cold_count_q[2]_i_7_n_0
                         LUT6 (Prop_LUT6_I2_O)        0.088     7.441 r  i_scheduler_core/i_round_engine/cold_q[1][ntok][8]_i_6/O
                         net (fo=54, unplaced)        0.199     7.640    i_scheduler_core/i_round_engine/next_hot_count1143_out
                         LUT5 (Prop_LUT5_I1_O)        0.074     7.714 r  i_scheduler_core/i_round_engine/hot_q[1][ntok][8]_i_5/O
                         net (fo=9, unplaced)         0.241     7.955    i_scheduler_core/i_round_engine/hot_q[1][ntok][8]_i_5_n_0
                         LUT6 (Prop_LUT6_I2_O)        0.088     8.043 r  i_scheduler_core/i_round_engine/hot_q[1][ntok][0]_i_6/O
                         net (fo=1, unplaced)         0.145     8.188    i_scheduler_core/i_round_engine/hot_q[1][ntok][0]_i_6_n_0
                         LUT6 (Prop_LUT6_I5_O)        0.051     8.239 r  i_scheduler_core/i_round_engine/hot_q[1][ntok][0]_i_1/O
                         net (fo=1, unplaced)         0.062     8.301    i_scheduler_core_n_293
                         FDCE                                         r  hot_q_reg[1][ntok][0]/D
  -------------------------------------------------------------------    -------------------

                         (clock scheduler_clk rise edge)
                                                      5.000     5.000 r  
                                                      0.000     5.000 r  clk_i (IN)
                         net (fo=1734, unset)         0.080     5.080    clk_i
                         FDCE                                         r  hot_q_reg[1][ntok][0]/C
                         clock pessimism              0.000     5.080    
                         clock uncertainty           -0.300     4.780    
                         FDCE (Setup_FDCE_C_D)        0.007     4.787    hot_q_reg[1][ntok][0]
  -------------------------------------------------------------------
                         required time                          4.787    
                         arrival time                          -8.301    
  -------------------------------------------------------------------
                         slack                                 -3.514    

Slack (VIOLATED) :        -3.514ns  (required time - arrival time)
  Source:                 i_scheduler_core/i_round_engine/FSM_onehot_st_q_reg[7]/C
                            (rising edge-triggered cell FDCE clocked by scheduler_clk  {rise@0.000ns fall@2.500ns period=5.000ns})
  Destination:            hot_q_reg[3][ntok][4]/D
                            (rising edge-triggered cell FDCE clocked by scheduler_clk  {rise@0.000ns fall@2.500ns period=5.000ns})
  Path Group:             scheduler_clk
  Path Type:              Setup (Max at Slow Process Corner)
  Requirement:            5.000ns  (scheduler_clk rise@5.000ns - scheduler_clk rise@0.000ns)
  Data Path Delay:        8.181ns  (logic 2.243ns (27.417%)  route 5.938ns (72.583%))
  Logic Levels:           27  (LUT3=2 LUT4=2 LUT5=3 LUT6=20)
  Clock Path Skew:        -0.040ns (DCD - SCD + CPR)
    Destination Clock Delay (DCD):    0.080ns = ( 5.080 - 5.000 ) 
    Source Clock Delay      (SCD):    0.120ns
    Clock Pessimism Removal (CPR):    0.000ns
  Clock Uncertainty:      0.300ns  (CJ)/2 + PE + PJ
    Clock Jitter             (CJ):    0.600ns
    Phase Error              (PE):    0.000ns
    Phase Jitter             (PJ):    0.000ns

    Location             Delay type                Incr(ns)  Path(ns)    Netlist Resource(s)
  -------------------------------------------------------------------    -------------------
                         (clock scheduler_clk rise edge)
                                                      0.000     0.000 r  
                                                      0.000     0.000 r  clk_i (IN)
                         net (fo=1734, unset)         0.120     0.120    i_scheduler_core/i_round_engine/clk_i
                         FDCE                                         r  i_scheduler_core/i_round_engine/FSM_onehot_st_q_reg[7]/C
  -------------------------------------------------------------------    -------------------
                         FDCE (Prop_FDCE_C_Q)         0.090     0.210 r  i_scheduler_core/i_round_engine/FSM_onehot_st_q_reg[7]/Q
                         net (fo=171, unplaced)       0.351     0.561    i_scheduler_core/i_round_engine/i_transition_eval/FSM_onehot_st_q[16]_i_3[5]
                         LUT6 (Prop_LUT6_I1_O)        0.088     0.649 f  i_scheduler_core/i_round_engine/i_transition_eval/g0_b0_i_9/O
                         net (fo=3, unplaced)         0.216     0.865    i_scheduler_core/i_round_engine/i_transition_eval/g0_b0_i_9_n_0
                         LUT6 (Prop_LUT6_I1_O)        0.088     0.953 r  i_scheduler_core/i_round_engine/i_transition_eval/g0_b0_i_7/O
                         net (fo=46, unplaced)        0.278     1.231    i_scheduler_core/i_round_engine/i_transition_eval/FSM_onehot_st_q_reg[4]
                         LUT6 (Prop_LUT6_I2_O)        0.088     1.319 r  i_scheduler_core/i_round_engine/i_transition_eval/g0_b0_i_1/O
                         net (fo=74, unplaced)        0.207     1.526    i_scheduler_core/i_round_engine/i_transition_eval/decode_address[0]
                         LUT5 (Prop_LUT5_I2_O)        0.074     1.600 r  i_scheduler_core/i_round_engine/i_transition_eval/commit_task_q[1][tok_start][7]_i_5/O
                         net (fo=55, unplaced)        0.282     1.882    i_scheduler_core/i_round_engine/i_transition_eval/decoded_profile[selector_a][1]
                         LUT6 (Prop_LUT6_I2_O)        0.088     1.970 r  i_scheduler_core/i_round_engine/i_transition_eval/candidate_start_q[12]_i_32/O
                         net (fo=3, unplaced)         0.134     2.104    i_scheduler_core/i_round_engine/i_transition_eval/candidate_start_q[12]_i_32_n_0
                         LUT6 (Prop_LUT6_I0_O)        0.074     2.178 f  i_scheduler_core/i_round_engine/i_transition_eval/commit_task_q[1][eid][1]_i_4/O
                         net (fo=24, unplaced)        0.181     2.359    i_scheduler_core/i_round_engine/i_transition_eval_n_113
                         LUT3 (Prop_LUT3_I0_O)        0.074     2.433 r  i_scheduler_core/i_round_engine/cold_count_q[0]_i_45/O
                         net (fo=14, unplaced)        0.251     2.684    i_scheduler_core/i_round_engine/remove_eid_b[1]
                         LUT6 (Prop_LUT6_I2_O)        0.088     2.772 f  i_scheduler_core/i_round_engine/hot_q[1][eid][5]_i_35/O
                         net (fo=1, unplaced)         0.210     2.982    i_scheduler_core/i_round_engine/hot_q[1][eid][5]_i_35_n_0
                         LUT6 (Prop_LUT6_I2_O)        0.088     3.070 r  i_scheduler_core/i_round_engine/hot_q[1][eid][5]_i_22/O
                         net (fo=32, unplaced)        0.270     3.340    i_scheduler_core/i_round_engine/hot_q[1][eid][5]_i_22_n_0
                         LUT6 (Prop_LUT6_I1_O)        0.088     3.428 r  i_scheduler_core/i_round_engine/hot_count_q[1]_i_17/O
                         net (fo=6, unplaced)         0.232     3.660    i_scheduler_core/i_round_engine/hot_count_q[1]_i_17_n_0
                         LUT6 (Prop_LUT6_I2_O)        0.088     3.748 f  i_scheduler_core/i_round_engine/hot_count_q[1]_i_11/O
                         net (fo=20, unplaced)        0.194     3.942    i_scheduler_core/i_round_engine/hot_count_q[1]_i_11_n_0
                         LUT4 (Prop_LUT4_I2_O)        0.051     3.993 f  i_scheduler_core/i_round_engine/hot_q[8][eid][5]_i_32/O
                         net (fo=2, unplaced)         0.128     4.121    i_scheduler_core/i_round_engine/hot_q[8][eid][5]_i_32_n_0
                         LUT6 (Prop_LUT6_I3_O)        0.074     4.195 r  i_scheduler_core/i_round_engine/hot_q[8][eid][5]_i_14/O
                         net (fo=49, unplaced)        0.279     4.474    i_scheduler_core/i_round_engine/hot_q[8][eid][5]_i_14_n_0
                         LUT6 (Prop_LUT6_I2_O)        0.088     4.562 r  i_scheduler_core/i_round_engine/cold_q[3][eid][5]_i_17/O
                         net (fo=2, unplaced)         0.210     4.772    i_scheduler_core/i_round_engine/cold_q[3][eid][5]_i_17_n_0
                         LUT6 (Prop_LUT6_I2_O)        0.088     4.860 r  i_scheduler_core/i_round_engine/cold_q[3][eid][5]_i_9/O
                         net (fo=101, unplaced)       0.231     5.091    i_scheduler_core/i_round_engine/next_hot_count1134_out
                         LUT3 (Prop_LUT3_I1_O)        0.051     5.142 r  i_scheduler_core/i_round_engine/hot_q[2][eid][5]_i_46/O
                         net (fo=5, unplaced)         0.146     5.288    i_scheduler_core/i_round_engine/hot_q[2][eid][5]_i_46_n_0
                         LUT5 (Prop_LUT5_I2_O)        0.074     5.362 r  i_scheduler_core/i_round_engine/cold_q[2][eid][5]_i_21/O
                         net (fo=1, unplaced)         0.210     5.572    i_scheduler_core/i_round_engine/cold_q[2][eid][5]_i_21_n_0
                         LUT6 (Prop_LUT6_I2_O)        0.088     5.660 r  i_scheduler_core/i_round_engine/cold_q[2][eid][5]_i_14/O
                         net (fo=30, unplaced)        0.186     5.846    i_scheduler_core/i_round_engine/cold_q[2][eid][5]_i_14_n_0
                         LUT6 (Prop_LUT6_I3_O)        0.074     5.920 r  i_scheduler_core/i_round_engine/cold_count_q[0]_i_49/O
                         net (fo=1, unplaced)         0.210     6.130    i_scheduler_core/i_round_engine/cold_count_q[0]_i_49_n_0
                         LUT6 (Prop_LUT6_I1_O)        0.088     6.218 r  i_scheduler_core/i_round_engine/cold_count_q[0]_i_25/O
                         net (fo=5, unplaced)         0.228     6.446    i_scheduler_core/i_round_engine/cold_count_q[0]_i_25_n_0
                         LUT6 (Prop_LUT6_I1_O)        0.088     6.534 r  i_scheduler_core/i_round_engine/cold_q[3][ntok][5]_bret__4_i_7/O
                         net (fo=63, unplaced)        0.285     6.819    i_scheduler_core/i_round_engine/next_hot_count1140_out
                         LUT6 (Prop_LUT6_I1_O)        0.088     6.907 r  i_scheduler_core/i_round_engine/cold_count_q[2]_i_23/O
                         net (fo=6, unplaced)         0.150     7.057    i_scheduler_core/i_round_engine/cold_count_q[2]_i_23_n_0
                         LUT4 (Prop_LUT4_I1_O)        0.074     7.131 f  i_scheduler_core/i_round_engine/cold_count_q[2]_i_7/O
                         net (fo=4, unplaced)         0.222     7.353    i_scheduler_core/i_round_engine/cold_count_q[2]_i_7_n_0
                         LUT6 (Prop_LUT6_I2_O)        0.088     7.441 r  i_scheduler_core/i_round_engine/cold_q[1][ntok][8]_i_6/O
                         net (fo=54, unplaced)        0.199     7.640    i_scheduler_core/i_round_engine/next_hot_count1143_out
                         LUT5 (Prop_LUT5_I2_O)        0.074     7.714 r  i_scheduler_core/i_round_engine/hot_q[3][ntok][8]_i_5/O
                         net (fo=9, unplaced)         0.241     7.955    i_scheduler_core/i_round_engine/hot_q[3][ntok][8]_i_5_n_0
                         LUT6 (Prop_LUT6_I2_O)        0.088     8.043 r  i_scheduler_core/i_round_engine/hot_q[3][ntok][4]_i_6/O
                         net (fo=1, unplaced)         0.145     8.188    i_scheduler_core/i_round_engine/hot_q[3][ntok][4]_i_6_n_0
                         LUT6 (Prop_LUT6_I5_O)        0.051     8.239 r  i_scheduler_core/i_round_engine/hot_q[3][ntok][4]_i_1/O
                         net (fo=1, unplaced)         0.062     8.301    i_scheduler_core_n_280
                         FDCE                                         r  hot_q_reg[3][ntok][4]/D
  -------------------------------------------------------------------    -------------------

                         (clock scheduler_clk rise edge)
                                                      5.000     5.000 r  
                                                      0.000     5.000 r  clk_i (IN)
                         net (fo=1734, unset)         0.080     5.080    clk_i
                         FDCE                                         r  hot_q_reg[3][ntok][4]/C
                         clock pessimism              0.000     5.080    
                         clock uncertainty           -0.300     4.780    
                         FDCE (Setup_FDCE_C_D)        0.007     4.787    hot_q_reg[3][ntok][4]
  -------------------------------------------------------------------
                         required time                          4.787    
                         arrival time                          -8.301    
  -------------------------------------------------------------------
                         slack                                 -3.514    

Slack (VIOLATED) :        -3.514ns  (required time - arrival time)
  Source:                 i_scheduler_core/i_round_engine/FSM_onehot_st_q_reg[7]/C
                            (rising edge-triggered cell FDCE clocked by scheduler_clk  {rise@0.000ns fall@2.500ns period=5.000ns})
  Destination:            hot_q_reg[7][ntok][3]/D
                            (rising edge-triggered cell FDCE clocked by scheduler_clk  {rise@0.000ns fall@2.500ns period=5.000ns})
  Path Group:             scheduler_clk
  Path Type:              Setup (Max at Slow Process Corner)
  Requirement:            5.000ns  (scheduler_clk rise@5.000ns - scheduler_clk rise@0.000ns)
  Data Path Delay:        8.181ns  (logic 2.266ns (27.698%)  route 5.915ns (72.302%))
  Logic Levels:           27  (LUT3=2 LUT4=2 LUT5=3 LUT6=20)
  Clock Path Skew:        -0.040ns (DCD - SCD + CPR)
    Destination Clock Delay (DCD):    0.080ns = ( 5.080 - 5.000 ) 
    Source Clock Delay      (SCD):    0.120ns
    Clock Pessimism Removal (CPR):    0.000ns
  Clock Uncertainty:      0.300ns  (CJ)/2 + PE + PJ
    Clock Jitter             (CJ):    0.600ns
    Phase Error              (PE):    0.000ns
    Phase Jitter             (PJ):    0.000ns

    Location             Delay type                Incr(ns)  Path(ns)    Netlist Resource(s)
  -------------------------------------------------------------------    -------------------
                         (clock scheduler_clk rise edge)
                                                      0.000     0.000 r  
                                                      0.000     0.000 r  clk_i (IN)
                         net (fo=1734, unset)         0.120     0.120    i_scheduler_core/i_round_engine/clk_i
                         FDCE                                         r  i_scheduler_core/i_round_engine/FSM_onehot_st_q_reg[7]/C
  -------------------------------------------------------------------    -------------------
                         FDCE (Prop_FDCE_C_Q)         0.090     0.210 r  i_scheduler_core/i_round_engine/FSM_onehot_st_q_reg[7]/Q
                         net (fo=171, unplaced)       0.351     0.561    i_scheduler_core/i_round_engine/i_transition_eval/FSM_onehot_st_q[16]_i_3[5]
                         LUT6 (Prop_LUT6_I1_O)        0.088     0.649 f  i_scheduler_core/i_round_engine/i_transition_eval/g0_b0_i_9/O
                         net (fo=3, unplaced)         0.216     0.865    i_scheduler_core/i_round_engine/i_transition_eval/g0_b0_i_9_n_0
                         LUT6 (Prop_LUT6_I1_O)        0.088     0.953 r  i_scheduler_core/i_round_engine/i_transition_eval/g0_b0_i_7/O
                         net (fo=46, unplaced)        0.278     1.231    i_scheduler_core/i_round_engine/i_transition_eval/FSM_onehot_st_q_reg[4]
                         LUT6 (Prop_LUT6_I2_O)        0.088     1.319 r  i_scheduler_core/i_round_engine/i_transition_eval/g0_b0_i_1/O
                         net (fo=74, unplaced)        0.207     1.526    i_scheduler_core/i_round_engine/i_transition_eval/decode_address[0]
                         LUT5 (Prop_LUT5_I2_O)        0.074     1.600 r  i_scheduler_core/i_round_engine/i_transition_eval/commit_task_q[1][tok_start][7]_i_5/O
                         net (fo=55, unplaced)        0.282     1.882    i_scheduler_core/i_round_engine/i_transition_eval/decoded_profile[selector_a][1]
                         LUT6 (Prop_LUT6_I2_O)        0.088     1.970 r  i_scheduler_core/i_round_engine/i_transition_eval/candidate_start_q[12]_i_32/O
                         net (fo=3, unplaced)         0.134     2.104    i_scheduler_core/i_round_engine/i_transition_eval/candidate_start_q[12]_i_32_n_0
                         LUT6 (Prop_LUT6_I0_O)        0.074     2.178 f  i_scheduler_core/i_round_engine/i_transition_eval/commit_task_q[1][eid][1]_i_4/O
                         net (fo=24, unplaced)        0.181     2.359    i_scheduler_core/i_round_engine/i_transition_eval_n_113
                         LUT3 (Prop_LUT3_I0_O)        0.074     2.433 r  i_scheduler_core/i_round_engine/cold_count_q[0]_i_45/O
                         net (fo=14, unplaced)        0.251     2.684    i_scheduler_core/i_round_engine/remove_eid_b[1]
                         LUT6 (Prop_LUT6_I2_O)        0.088     2.772 f  i_scheduler_core/i_round_engine/hot_q[1][eid][5]_i_35/O
                         net (fo=1, unplaced)         0.210     2.982    i_scheduler_core/i_round_engine/hot_q[1][eid][5]_i_35_n_0
                         LUT6 (Prop_LUT6_I2_O)        0.088     3.070 r  i_scheduler_core/i_round_engine/hot_q[1][eid][5]_i_22/O
                         net (fo=32, unplaced)        0.270     3.340    i_scheduler_core/i_round_engine/hot_q[1][eid][5]_i_22_n_0
                         LUT6 (Prop_LUT6_I1_O)        0.088     3.428 r  i_scheduler_core/i_round_engine/hot_count_q[1]_i_17/O
                         net (fo=6, unplaced)         0.232     3.660    i_scheduler_core/i_round_engine/hot_count_q[1]_i_17_n_0
                         LUT6 (Prop_LUT6_I2_O)        0.088     3.748 f  i_scheduler_core/i_round_engine/hot_count_q[1]_i_11/O
                         net (fo=20, unplaced)        0.194     3.942    i_scheduler_core/i_round_engine/hot_count_q[1]_i_11_n_0
                         LUT4 (Prop_LUT4_I2_O)        0.051     3.993 f  i_scheduler_core/i_round_engine/hot_q[8][eid][5]_i_32/O
                         net (fo=2, unplaced)         0.128     4.121    i_scheduler_core/i_round_engine/hot_q[8][eid][5]_i_32_n_0
                         LUT6 (Prop_LUT6_I3_O)        0.074     4.195 r  i_scheduler_core/i_round_engine/hot_q[8][eid][5]_i_14/O
                         net (fo=49, unplaced)        0.279     4.474    i_scheduler_core/i_round_engine/hot_q[8][eid][5]_i_14_n_0
                         LUT6 (Prop_LUT6_I2_O)        0.088     4.562 r  i_scheduler_core/i_round_engine/cold_q[3][eid][5]_i_17/O
                         net (fo=2, unplaced)         0.210     4.772    i_scheduler_core/i_round_engine/cold_q[3][eid][5]_i_17_n_0
                         LUT6 (Prop_LUT6_I2_O)        0.088     4.860 r  i_scheduler_core/i_round_engine/cold_q[3][eid][5]_i_9/O
                         net (fo=101, unplaced)       0.231     5.091    i_scheduler_core/i_round_engine/next_hot_count1134_out
                         LUT3 (Prop_LUT3_I1_O)        0.051     5.142 r  i_scheduler_core/i_round_engine/hot_q[2][eid][5]_i_46/O
                         net (fo=5, unplaced)         0.146     5.288    i_scheduler_core/i_round_engine/hot_q[2][eid][5]_i_46_n_0
                         LUT5 (Prop_LUT5_I2_O)        0.074     5.362 r  i_scheduler_core/i_round_engine/cold_q[2][eid][5]_i_21/O
                         net (fo=1, unplaced)         0.210     5.572    i_scheduler_core/i_round_engine/cold_q[2][eid][5]_i_21_n_0
                         LUT6 (Prop_LUT6_I2_O)        0.088     5.660 r  i_scheduler_core/i_round_engine/cold_q[2][eid][5]_i_14/O
                         net (fo=30, unplaced)        0.186     5.846    i_scheduler_core/i_round_engine/cold_q[2][eid][5]_i_14_n_0
                         LUT6 (Prop_LUT6_I3_O)        0.074     5.920 r  i_scheduler_core/i_round_engine/cold_count_q[0]_i_49/O
                         net (fo=1, unplaced)         0.210     6.130    i_scheduler_core/i_round_engine/cold_count_q[0]_i_49_n_0
                         LUT6 (Prop_LUT6_I1_O)        0.088     6.218 r  i_scheduler_core/i_round_engine/cold_count_q[0]_i_25/O
                         net (fo=5, unplaced)         0.228     6.446    i_scheduler_core/i_round_engine/cold_count_q[0]_i_25_n_0
                         LUT6 (Prop_LUT6_I1_O)        0.088     6.534 r  i_scheduler_core/i_round_engine/cold_q[3][ntok][5]_bret__4_i_7/O
                         net (fo=63, unplaced)        0.285     6.819    i_scheduler_core/i_round_engine/next_hot_count1140_out
                         LUT6 (Prop_LUT6_I1_O)        0.088     6.907 r  i_scheduler_core/i_round_engine/cold_count_q[2]_i_23/O
                         net (fo=6, unplaced)         0.150     7.057    i_scheduler_core/i_round_engine/cold_count_q[2]_i_23_n_0
                         LUT4 (Prop_LUT4_I1_O)        0.074     7.131 f  i_scheduler_core/i_round_engine/cold_count_q[2]_i_7/O
                         net (fo=4, unplaced)         0.222     7.353    i_scheduler_core/i_round_engine/cold_count_q[2]_i_7_n_0
                         LUT6 (Prop_LUT6_I2_O)        0.088     7.441 r  i_scheduler_core/i_round_engine/cold_q[1][ntok][8]_i_6/O
                         net (fo=54, unplaced)        0.199     7.640    i_scheduler_core/i_round_engine/next_hot_count1143_out
                         LUT5 (Prop_LUT5_I2_O)        0.074     7.714 r  i_scheduler_core/i_round_engine/hot_q[7][ntok][6]_i_8/O
                         net (fo=7, unplaced)         0.235     7.949    i_scheduler_core/i_round_engine/hot_q[7][ntok][6]_i_8_n_0
                         LUT6 (Prop_LUT6_I2_O)        0.088     8.037 r  i_scheduler_core/i_round_engine/hot_q[7][ntok][3]_i_2/O
                         net (fo=1, unplaced)         0.128     8.165    i_scheduler_core/i_round_engine/hot_q[7][ntok][3]_i_2_n_0
                         LUT6 (Prop_LUT6_I0_O)        0.074     8.239 r  i_scheduler_core/i_round_engine/hot_q[7][ntok][3]_i_1/O
                         net (fo=1, unplaced)         0.062     8.301    i_scheduler_core_n_269
                         FDCE                                         r  hot_q_reg[7][ntok][3]/D
  -------------------------------------------------------------------    -------------------

                         (clock scheduler_clk rise edge)
                                                      5.000     5.000 r  
                                                      0.000     5.000 r  clk_i (IN)
                         net (fo=1734, unset)         0.080     5.080    clk_i
                         FDCE                                         r  hot_q_reg[7][ntok][3]/C
                         clock pessimism              0.000     5.080    
                         clock uncertainty           -0.300     4.780    
                         FDCE (Setup_FDCE_C_D)        0.007     4.787    hot_q_reg[7][ntok][3]
  -------------------------------------------------------------------
                         required time                          4.787    
                         arrival time                          -8.301    
  -------------------------------------------------------------------
                         slack                                 -3.514    

Slack (VIOLATED) :        -3.508ns  (required time - arrival time)
  Source:                 i_scheduler_core/i_round_engine/FSM_onehot_st_q_reg[7]/C
                            (rising edge-triggered cell FDCE clocked by scheduler_clk  {rise@0.000ns fall@2.500ns period=5.000ns})
  Destination:            hot_q_reg[0][ntok][8]/D
                            (rising edge-triggered cell FDCE clocked by scheduler_clk  {rise@0.000ns fall@2.500ns period=5.000ns})
  Path Group:             scheduler_clk
  Path Type:              Setup (Max at Slow Process Corner)
  Requirement:            5.000ns  (scheduler_clk rise@5.000ns - scheduler_clk rise@0.000ns)
  Data Path Delay:        8.175ns  (logic 2.220ns (27.156%)  route 5.955ns (72.844%))
  Logic Levels:           27  (LUT3=2 LUT4=2 LUT5=3 LUT6=20)
  Clock Path Skew:        -0.040ns (DCD - SCD + CPR)
    Destination Clock Delay (DCD):    0.080ns = ( 5.080 - 5.000 ) 
    Source Clock Delay      (SCD):    0.120ns
    Clock Pessimism Removal (CPR):    0.000ns
  Clock Uncertainty:      0.300ns  (CJ)/2 + PE + PJ
    Clock Jitter             (CJ):    0.600ns
    Phase Error              (PE):    0.000ns
    Phase Jitter             (PJ):    0.000ns

    Location             Delay type                Incr(ns)  Path(ns)    Netlist Resource(s)
  -------------------------------------------------------------------    -------------------
                         (clock scheduler_clk rise edge)
                                                      0.000     0.000 r  
                                                      0.000     0.000 r  clk_i (IN)
                         net (fo=1734, unset)         0.120     0.120    i_scheduler_core/i_round_engine/clk_i
                         FDCE                                         r  i_scheduler_core/i_round_engine/FSM_onehot_st_q_reg[7]/C
  -------------------------------------------------------------------    -------------------
                         FDCE (Prop_FDCE_C_Q)         0.090     0.210 r  i_scheduler_core/i_round_engine/FSM_onehot_st_q_reg[7]/Q
                         net (fo=171, unplaced)       0.351     0.561    i_scheduler_core/i_round_engine/i_transition_eval/FSM_onehot_st_q[16]_i_3[5]
                         LUT6 (Prop_LUT6_I1_O)        0.088     0.649 f  i_scheduler_core/i_round_engine/i_transition_eval/g0_b0_i_9/O
                         net (fo=3, unplaced)         0.216     0.865    i_scheduler_core/i_round_engine/i_transition_eval/g0_b0_i_9_n_0
                         LUT6 (Prop_LUT6_I1_O)        0.088     0.953 r  i_scheduler_core/i_round_engine/i_transition_eval/g0_b0_i_7/O
                         net (fo=46, unplaced)        0.278     1.231    i_scheduler_core/i_round_engine/i_transition_eval/FSM_onehot_st_q_reg[4]
                         LUT6 (Prop_LUT6_I2_O)        0.088     1.319 r  i_scheduler_core/i_round_engine/i_transition_eval/g0_b0_i_1/O
                         net (fo=74, unplaced)        0.207     1.526    i_scheduler_core/i_round_engine/i_transition_eval/decode_address[0]
                         LUT5 (Prop_LUT5_I2_O)        0.074     1.600 r  i_scheduler_core/i_round_engine/i_transition_eval/commit_task_q[1][tok_start][7]_i_5/O
                         net (fo=55, unplaced)        0.282     1.882    i_scheduler_core/i_round_engine/i_transition_eval/decoded_profile[selector_a][1]
                         LUT6 (Prop_LUT6_I2_O)        0.088     1.970 r  i_scheduler_core/i_round_engine/i_transition_eval/candidate_start_q[12]_i_32/O
                         net (fo=3, unplaced)         0.134     2.104    i_scheduler_core/i_round_engine/i_transition_eval/candidate_start_q[12]_i_32_n_0
                         LUT6 (Prop_LUT6_I0_O)        0.074     2.178 f  i_scheduler_core/i_round_engine/i_transition_eval/commit_task_q[1][eid][1]_i_4/O
                         net (fo=24, unplaced)        0.181     2.359    i_scheduler_core/i_round_engine/i_transition_eval_n_113
                         LUT3 (Prop_LUT3_I0_O)        0.074     2.433 r  i_scheduler_core/i_round_engine/cold_count_q[0]_i_45/O
                         net (fo=14, unplaced)        0.251     2.684    i_scheduler_core/i_round_engine/remove_eid_b[1]
                         LUT6 (Prop_LUT6_I2_O)        0.088     2.772 f  i_scheduler_core/i_round_engine/hot_q[1][eid][5]_i_35/O
                         net (fo=1, unplaced)         0.210     2.982    i_scheduler_core/i_round_engine/hot_q[1][eid][5]_i_35_n_0
                         LUT6 (Prop_LUT6_I2_O)        0.088     3.070 r  i_scheduler_core/i_round_engine/hot_q[1][eid][5]_i_22/O
                         net (fo=32, unplaced)        0.270     3.340    i_scheduler_core/i_round_engine/hot_q[1][eid][5]_i_22_n_0
                         LUT6 (Prop_LUT6_I1_O)        0.088     3.428 r  i_scheduler_core/i_round_engine/hot_count_q[1]_i_17/O
                         net (fo=6, unplaced)         0.232     3.660    i_scheduler_core/i_round_engine/hot_count_q[1]_i_17_n_0
                         LUT6 (Prop_LUT6_I2_O)        0.088     3.748 f  i_scheduler_core/i_round_engine/hot_count_q[1]_i_11/O
                         net (fo=20, unplaced)        0.194     3.942    i_scheduler_core/i_round_engine/hot_count_q[1]_i_11_n_0
                         LUT4 (Prop_LUT4_I2_O)        0.051     3.993 f  i_scheduler_core/i_round_engine/hot_q[8][eid][5]_i_32/O
                         net (fo=2, unplaced)         0.128     4.121    i_scheduler_core/i_round_engine/hot_q[8][eid][5]_i_32_n_0
                         LUT6 (Prop_LUT6_I3_O)        0.074     4.195 r  i_scheduler_core/i_round_engine/hot_q[8][eid][5]_i_14/O
                         net (fo=49, unplaced)        0.279     4.474    i_scheduler_core/i_round_engine/hot_q[8][eid][5]_i_14_n_0
                         LUT6 (Prop_LUT6_I2_O)        0.088     4.562 r  i_scheduler_core/i_round_engine/cold_q[3][eid][5]_i_17/O
                         net (fo=2, unplaced)         0.210     4.772    i_scheduler_core/i_round_engine/cold_q[3][eid][5]_i_17_n_0
                         LUT6 (Prop_LUT6_I2_O)        0.088     4.860 r  i_scheduler_core/i_round_engine/cold_q[3][eid][5]_i_9/O
                         net (fo=101, unplaced)       0.231     5.091    i_scheduler_core/i_round_engine/next_hot_count1134_out
                         LUT3 (Prop_LUT3_I1_O)        0.051     5.142 r  i_scheduler_core/i_round_engine/hot_q[2][eid][5]_i_46/O
                         net (fo=5, unplaced)         0.146     5.288    i_scheduler_core/i_round_engine/hot_q[2][eid][5]_i_46_n_0
                         LUT5 (Prop_LUT5_I2_O)        0.074     5.362 r  i_scheduler_core/i_round_engine/cold_q[2][eid][5]_i_21/O
                         net (fo=1, unplaced)         0.210     5.572    i_scheduler_core/i_round_engine/cold_q[2][eid][5]_i_21_n_0
                         LUT6 (Prop_LUT6_I2_O)        0.088     5.660 r  i_scheduler_core/i_round_engine/cold_q[2][eid][5]_i_14/O
                         net (fo=30, unplaced)        0.186     5.846    i_scheduler_core/i_round_engine/cold_q[2][eid][5]_i_14_n_0
                         LUT6 (Prop_LUT6_I3_O)        0.074     5.920 r  i_scheduler_core/i_round_engine/cold_count_q[0]_i_49/O
                         net (fo=1, unplaced)         0.210     6.130    i_scheduler_core/i_round_engine/cold_count_q[0]_i_49_n_0
                         LUT6 (Prop_LUT6_I1_O)        0.088     6.218 r  i_scheduler_core/i_round_engine/cold_count_q[0]_i_25/O
                         net (fo=5, unplaced)         0.228     6.446    i_scheduler_core/i_round_engine/cold_count_q[0]_i_25_n_0
                         LUT6 (Prop_LUT6_I1_O)        0.088     6.534 r  i_scheduler_core/i_round_engine/cold_q[3][ntok][5]_bret__4_i_7/O
                         net (fo=63, unplaced)        0.285     6.819    i_scheduler_core/i_round_engine/next_hot_count1140_out
                         LUT6 (Prop_LUT6_I1_O)        0.088     6.907 r  i_scheduler_core/i_round_engine/cold_count_q[2]_i_23/O
                         net (fo=6, unplaced)         0.150     7.057    i_scheduler_core/i_round_engine/cold_count_q[2]_i_23_n_0
                         LUT4 (Prop_LUT4_I1_O)        0.074     7.131 f  i_scheduler_core/i_round_engine/cold_count_q[2]_i_7/O
                         net (fo=4, unplaced)         0.222     7.353    i_scheduler_core/i_round_engine/cold_count_q[2]_i_7_n_0
                         LUT6 (Prop_LUT6_I2_O)        0.088     7.441 r  i_scheduler_core/i_round_engine/cold_q[1][ntok][8]_i_6/O
                         net (fo=54, unplaced)        0.216     7.657    i_scheduler_core/i_round_engine/next_hot_count1143_out
                         LUT5 (Prop_LUT5_I3_O)        0.051     7.708 r  i_scheduler_core/i_round_engine/hot_q[0][ntok][8]_i_13/O
                         net (fo=9, unplaced)         0.241     7.949    i_scheduler_core/i_round_engine/hot_q[0][ntok][8]_i_13_n_0
                         LUT6 (Prop_LUT6_I2_O)        0.088     8.037 r  i_scheduler_core/i_round_engine/hot_q[0][ntok][8]_i_6/O
                         net (fo=1, unplaced)         0.145     8.182    i_scheduler_core/i_round_engine/hot_q[0][ntok][8]_i_6_n_0
                         LUT6 (Prop_LUT6_I5_O)        0.051     8.233 r  i_scheduler_core/i_round_engine/hot_q[0][ntok][8]_i_1/O
                         net (fo=1, unplaced)         0.062     8.295    i_scheduler_core_n_249
                         FDCE                                         r  hot_q_reg[0][ntok][8]/D
  -------------------------------------------------------------------    -------------------

                         (clock scheduler_clk rise edge)
                                                      5.000     5.000 r  
                                                      0.000     5.000 r  clk_i (IN)
                         net (fo=1734, unset)         0.080     5.080    clk_i
                         FDCE                                         r  hot_q_reg[0][ntok][8]/C
                         clock pessimism              0.000     5.080    
                         clock uncertainty           -0.300     4.780    
                         FDCE (Setup_FDCE_C_D)        0.007     4.787    hot_q_reg[0][ntok][8]
  -------------------------------------------------------------------
                         required time                          4.787    
                         arrival time                          -8.295    
  -------------------------------------------------------------------
                         slack                                 -3.508    

Slack (VIOLATED) :        -3.508ns  (required time - arrival time)
  Source:                 i_scheduler_core/i_round_engine/FSM_onehot_st_q_reg[7]/C
                            (rising edge-triggered cell FDCE clocked by scheduler_clk  {rise@0.000ns fall@2.500ns period=5.000ns})
  Destination:            hot_q_reg[7][ntok][2]/D
                            (rising edge-triggered cell FDCE clocked by scheduler_clk  {rise@0.000ns fall@2.500ns period=5.000ns})
  Path Group:             scheduler_clk
  Path Type:              Setup (Max at Slow Process Corner)
  Requirement:            5.000ns  (scheduler_clk rise@5.000ns - scheduler_clk rise@0.000ns)
  Data Path Delay:        8.175ns  (logic 2.243ns (27.437%)  route 5.932ns (72.563%))
  Logic Levels:           27  (LUT3=2 LUT4=2 LUT5=3 LUT6=20)
  Clock Path Skew:        -0.040ns (DCD - SCD + CPR)
    Destination Clock Delay (DCD):    0.080ns = ( 5.080 - 5.000 ) 
    Source Clock Delay      (SCD):    0.120ns
    Clock Pessimism Removal (CPR):    0.000ns
  Clock Uncertainty:      0.300ns  (CJ)/2 + PE + PJ
    Clock Jitter             (CJ):    0.600ns
    Phase Error              (PE):    0.000ns
    Phase Jitter             (PJ):    0.000ns

    Location             Delay type                Incr(ns)  Path(ns)    Netlist Resource(s)
  -------------------------------------------------------------------    -------------------
                         (clock scheduler_clk rise edge)
                                                      0.000     0.000 r  
                                                      0.000     0.000 r  clk_i (IN)
                         net (fo=1734, unset)         0.120     0.120    i_scheduler_core/i_round_engine/clk_i
                         FDCE                                         r  i_scheduler_core/i_round_engine/FSM_onehot_st_q_reg[7]/C
  -------------------------------------------------------------------    -------------------
                         FDCE (Prop_FDCE_C_Q)         0.090     0.210 r  i_scheduler_core/i_round_engine/FSM_onehot_st_q_reg[7]/Q
                         net (fo=171, unplaced)       0.351     0.561    i_scheduler_core/i_round_engine/i_transition_eval/FSM_onehot_st_q[16]_i_3[5]
                         LUT6 (Prop_LUT6_I1_O)        0.088     0.649 f  i_scheduler_core/i_round_engine/i_transition_eval/g0_b0_i_9/O
                         net (fo=3, unplaced)         0.216     0.865    i_scheduler_core/i_round_engine/i_transition_eval/g0_b0_i_9_n_0
                         LUT6 (Prop_LUT6_I1_O)        0.088     0.953 r  i_scheduler_core/i_round_engine/i_transition_eval/g0_b0_i_7/O
                         net (fo=46, unplaced)        0.278     1.231    i_scheduler_core/i_round_engine/i_transition_eval/FSM_onehot_st_q_reg[4]
                         LUT6 (Prop_LUT6_I2_O)        0.088     1.319 r  i_scheduler_core/i_round_engine/i_transition_eval/g0_b0_i_1/O
                         net (fo=74, unplaced)        0.207     1.526    i_scheduler_core/i_round_engine/i_transition_eval/decode_address[0]
                         LUT5 (Prop_LUT5_I2_O)        0.074     1.600 r  i_scheduler_core/i_round_engine/i_transition_eval/commit_task_q[1][tok_start][7]_i_5/O
                         net (fo=55, unplaced)        0.282     1.882    i_scheduler_core/i_round_engine/i_transition_eval/decoded_profile[selector_a][1]
                         LUT6 (Prop_LUT6_I2_O)        0.088     1.970 r  i_scheduler_core/i_round_engine/i_transition_eval/candidate_start_q[12]_i_32/O
                         net (fo=3, unplaced)         0.134     2.104    i_scheduler_core/i_round_engine/i_transition_eval/candidate_start_q[12]_i_32_n_0
                         LUT6 (Prop_LUT6_I0_O)        0.074     2.178 f  i_scheduler_core/i_round_engine/i_transition_eval/commit_task_q[1][eid][1]_i_4/O
                         net (fo=24, unplaced)        0.181     2.359    i_scheduler_core/i_round_engine/i_transition_eval_n_113
                         LUT3 (Prop_LUT3_I0_O)        0.074     2.433 r  i_scheduler_core/i_round_engine/cold_count_q[0]_i_45/O
                         net (fo=14, unplaced)        0.251     2.684    i_scheduler_core/i_round_engine/remove_eid_b[1]
                         LUT6 (Prop_LUT6_I2_O)        0.088     2.772 f  i_scheduler_core/i_round_engine/hot_q[1][eid][5]_i_35/O
                         net (fo=1, unplaced)         0.210     2.982    i_scheduler_core/i_round_engine/hot_q[1][eid][5]_i_35_n_0
                         LUT6 (Prop_LUT6_I2_O)        0.088     3.070 r  i_scheduler_core/i_round_engine/hot_q[1][eid][5]_i_22/O
                         net (fo=32, unplaced)        0.270     3.340    i_scheduler_core/i_round_engine/hot_q[1][eid][5]_i_22_n_0
                         LUT6 (Prop_LUT6_I1_O)        0.088     3.428 r  i_scheduler_core/i_round_engine/hot_count_q[1]_i_17/O
                         net (fo=6, unplaced)         0.232     3.660    i_scheduler_core/i_round_engine/hot_count_q[1]_i_17_n_0
                         LUT6 (Prop_LUT6_I2_O)        0.088     3.748 f  i_scheduler_core/i_round_engine/hot_count_q[1]_i_11/O
                         net (fo=20, unplaced)        0.194     3.942    i_scheduler_core/i_round_engine/hot_count_q[1]_i_11_n_0
                         LUT4 (Prop_LUT4_I2_O)        0.051     3.993 f  i_scheduler_core/i_round_engine/hot_q[8][eid][5]_i_32/O
                         net (fo=2, unplaced)         0.128     4.121    i_scheduler_core/i_round_engine/hot_q[8][eid][5]_i_32_n_0
                         LUT6 (Prop_LUT6_I3_O)        0.074     4.195 r  i_scheduler_core/i_round_engine/hot_q[8][eid][5]_i_14/O
                         net (fo=49, unplaced)        0.279     4.474    i_scheduler_core/i_round_engine/hot_q[8][eid][5]_i_14_n_0
                         LUT6 (Prop_LUT6_I2_O)        0.088     4.562 r  i_scheduler_core/i_round_engine/cold_q[3][eid][5]_i_17/O
                         net (fo=2, unplaced)         0.210     4.772    i_scheduler_core/i_round_engine/cold_q[3][eid][5]_i_17_n_0
                         LUT6 (Prop_LUT6_I2_O)        0.088     4.860 r  i_scheduler_core/i_round_engine/cold_q[3][eid][5]_i_9/O
                         net (fo=101, unplaced)       0.231     5.091    i_scheduler_core/i_round_engine/next_hot_count1134_out
                         LUT3 (Prop_LUT3_I1_O)        0.051     5.142 r  i_scheduler_core/i_round_engine/hot_q[2][eid][5]_i_46/O
                         net (fo=5, unplaced)         0.146     5.288    i_scheduler_core/i_round_engine/hot_q[2][eid][5]_i_46_n_0
                         LUT5 (Prop_LUT5_I2_O)        0.074     5.362 r  i_scheduler_core/i_round_engine/cold_q[2][eid][5]_i_21/O
                         net (fo=1, unplaced)         0.210     5.572    i_scheduler_core/i_round_engine/cold_q[2][eid][5]_i_21_n_0
                         LUT6 (Prop_LUT6_I2_O)        0.088     5.660 r  i_scheduler_core/i_round_engine/cold_q[2][eid][5]_i_14/O
                         net (fo=30, unplaced)        0.186     5.846    i_scheduler_core/i_round_engine/cold_q[2][eid][5]_i_14_n_0
                         LUT6 (Prop_LUT6_I3_O)        0.074     5.920 r  i_scheduler_core/i_round_engine/cold_count_q[0]_i_49/O
                         net (fo=1, unplaced)         0.210     6.130    i_scheduler_core/i_round_engine/cold_count_q[0]_i_49_n_0
                         LUT6 (Prop_LUT6_I1_O)        0.088     6.218 r  i_scheduler_core/i_round_engine/cold_count_q[0]_i_25/O
                         net (fo=5, unplaced)         0.228     6.446    i_scheduler_core/i_round_engine/cold_count_q[0]_i_25_n_0
                         LUT6 (Prop_LUT6_I1_O)        0.088     6.534 r  i_scheduler_core/i_round_engine/cold_q[3][ntok][5]_bret__4_i_7/O
                         net (fo=63, unplaced)        0.285     6.819    i_scheduler_core/i_round_engine/next_hot_count1140_out
                         LUT6 (Prop_LUT6_I1_O)        0.088     6.907 r  i_scheduler_core/i_round_engine/cold_count_q[2]_i_23/O
                         net (fo=6, unplaced)         0.150     7.057    i_scheduler_core/i_round_engine/cold_count_q[2]_i_23_n_0
                         LUT4 (Prop_LUT4_I1_O)        0.074     7.131 f  i_scheduler_core/i_round_engine/cold_count_q[2]_i_7/O
                         net (fo=4, unplaced)         0.222     7.353    i_scheduler_core/i_round_engine/cold_count_q[2]_i_7_n_0
                         LUT6 (Prop_LUT6_I2_O)        0.088     7.441 r  i_scheduler_core/i_round_engine/cold_q[1][ntok][8]_i_6/O
                         net (fo=54, unplaced)        0.199     7.640    i_scheduler_core/i_round_engine/next_hot_count1143_out
                         LUT5 (Prop_LUT5_I2_O)        0.074     7.714 r  i_scheduler_core/i_round_engine/hot_q[7][ntok][6]_i_8/O
                         net (fo=7, unplaced)         0.235     7.949    i_scheduler_core/i_round_engine/hot_q[7][ntok][6]_i_8_n_0
                         LUT6 (Prop_LUT6_I1_O)        0.088     8.037 r  i_scheduler_core/i_round_engine/hot_q[7][ntok][2]_i_4/O
                         net (fo=1, unplaced)         0.145     8.182    i_scheduler_core/i_round_engine/hot_q[7][ntok][2]_i_4_n_0
                         LUT6 (Prop_LUT6_I5_O)        0.051     8.233 r  i_scheduler_core/i_round_engine/hot_q[7][ntok][2]_i_1/O
                         net (fo=1, unplaced)         0.062     8.295    i_scheduler_core_n_270
                         FDCE                                         r  hot_q_reg[7][ntok][2]/D
  -------------------------------------------------------------------    -------------------

                         (clock scheduler_clk rise edge)
                                                      5.000     5.000 r  
                                                      0.000     5.000 r  clk_i (IN)
                         net (fo=1734, unset)         0.080     5.080    clk_i
                         FDCE                                         r  hot_q_reg[7][ntok][2]/C
                         clock pessimism              0.000     5.080    
                         clock uncertainty           -0.300     4.780    
                         FDCE (Setup_FDCE_C_D)        0.007     4.787    hot_q_reg[7][ntok][2]
  -------------------------------------------------------------------
                         required time                          4.787    
                         arrival time                          -8.295    
  -------------------------------------------------------------------
                         slack                                 -3.508    

Slack (VIOLATED) :        -3.508ns  (required time - arrival time)
  Source:                 i_scheduler_core/i_round_engine/FSM_onehot_st_q_reg[7]/C
                            (rising edge-triggered cell FDCE clocked by scheduler_clk  {rise@0.000ns fall@2.500ns period=5.000ns})
  Destination:            hot_q_reg[7][ntok][4]/D
                            (rising edge-triggered cell FDCE clocked by scheduler_clk  {rise@0.000ns fall@2.500ns period=5.000ns})
  Path Group:             scheduler_clk
  Path Type:              Setup (Max at Slow Process Corner)
  Requirement:            5.000ns  (scheduler_clk rise@5.000ns - scheduler_clk rise@0.000ns)
  Data Path Delay:        8.175ns  (logic 2.243ns (27.437%)  route 5.932ns (72.563%))
  Logic Levels:           27  (LUT3=2 LUT4=2 LUT5=3 LUT6=20)
  Clock Path Skew:        -0.040ns (DCD - SCD + CPR)
    Destination Clock Delay (DCD):    0.080ns = ( 5.080 - 5.000 ) 
    Source Clock Delay      (SCD):    0.120ns
    Clock Pessimism Removal (CPR):    0.000ns
  Clock Uncertainty:      0.300ns  (CJ)/2 + PE + PJ
    Clock Jitter             (CJ):    0.600ns
    Phase Error              (PE):    0.000ns
    Phase Jitter             (PJ):    0.000ns

    Location             Delay type                Incr(ns)  Path(ns)    Netlist Resource(s)
  -------------------------------------------------------------------    -------------------
                         (clock scheduler_clk rise edge)
                                                      0.000     0.000 r  
                                                      0.000     0.000 r  clk_i (IN)
                         net (fo=1734, unset)         0.120     0.120    i_scheduler_core/i_round_engine/clk_i
                         FDCE                                         r  i_scheduler_core/i_round_engine/FSM_onehot_st_q_reg[7]/C
  -------------------------------------------------------------------    -------------------
                         FDCE (Prop_FDCE_C_Q)         0.090     0.210 r  i_scheduler_core/i_round_engine/FSM_onehot_st_q_reg[7]/Q
                         net (fo=171, unplaced)       0.351     0.561    i_scheduler_core/i_round_engine/i_transition_eval/FSM_onehot_st_q[16]_i_3[5]
                         LUT6 (Prop_LUT6_I1_O)        0.088     0.649 f  i_scheduler_core/i_round_engine/i_transition_eval/g0_b0_i_9/O
                         net (fo=3, unplaced)         0.216     0.865    i_scheduler_core/i_round_engine/i_transition_eval/g0_b0_i_9_n_0
                         LUT6 (Prop_LUT6_I1_O)        0.088     0.953 r  i_scheduler_core/i_round_engine/i_transition_eval/g0_b0_i_7/O
                         net (fo=46, unplaced)        0.278     1.231    i_scheduler_core/i_round_engine/i_transition_eval/FSM_onehot_st_q_reg[4]
                         LUT6 (Prop_LUT6_I2_O)        0.088     1.319 r  i_scheduler_core/i_round_engine/i_transition_eval/g0_b0_i_1/O
                         net (fo=74, unplaced)        0.207     1.526    i_scheduler_core/i_round_engine/i_transition_eval/decode_address[0]
                         LUT5 (Prop_LUT5_I2_O)        0.074     1.600 r  i_scheduler_core/i_round_engine/i_transition_eval/commit_task_q[1][tok_start][7]_i_5/O
                         net (fo=55, unplaced)        0.282     1.882    i_scheduler_core/i_round_engine/i_transition_eval/decoded_profile[selector_a][1]
                         LUT6 (Prop_LUT6_I2_O)        0.088     1.970 r  i_scheduler_core/i_round_engine/i_transition_eval/candidate_start_q[12]_i_32/O
                         net (fo=3, unplaced)         0.134     2.104    i_scheduler_core/i_round_engine/i_transition_eval/candidate_start_q[12]_i_32_n_0
                         LUT6 (Prop_LUT6_I0_O)        0.074     2.178 f  i_scheduler_core/i_round_engine/i_transition_eval/commit_task_q[1][eid][1]_i_4/O
                         net (fo=24, unplaced)        0.181     2.359    i_scheduler_core/i_round_engine/i_transition_eval_n_113
                         LUT3 (Prop_LUT3_I0_O)        0.074     2.433 r  i_scheduler_core/i_round_engine/cold_count_q[0]_i_45/O
                         net (fo=14, unplaced)        0.251     2.684    i_scheduler_core/i_round_engine/remove_eid_b[1]
                         LUT6 (Prop_LUT6_I2_O)        0.088     2.772 f  i_scheduler_core/i_round_engine/hot_q[1][eid][5]_i_35/O
                         net (fo=1, unplaced)         0.210     2.982    i_scheduler_core/i_round_engine/hot_q[1][eid][5]_i_35_n_0
                         LUT6 (Prop_LUT6_I2_O)        0.088     3.070 r  i_scheduler_core/i_round_engine/hot_q[1][eid][5]_i_22/O
                         net (fo=32, unplaced)        0.270     3.340    i_scheduler_core/i_round_engine/hot_q[1][eid][5]_i_22_n_0
                         LUT6 (Prop_LUT6_I1_O)        0.088     3.428 r  i_scheduler_core/i_round_engine/hot_count_q[1]_i_17/O
                         net (fo=6, unplaced)         0.232     3.660    i_scheduler_core/i_round_engine/hot_count_q[1]_i_17_n_0
                         LUT6 (Prop_LUT6_I2_O)        0.088     3.748 f  i_scheduler_core/i_round_engine/hot_count_q[1]_i_11/O
                         net (fo=20, unplaced)        0.194     3.942    i_scheduler_core/i_round_engine/hot_count_q[1]_i_11_n_0
                         LUT4 (Prop_LUT4_I2_O)        0.051     3.993 f  i_scheduler_core/i_round_engine/hot_q[8][eid][5]_i_32/O
                         net (fo=2, unplaced)         0.128     4.121    i_scheduler_core/i_round_engine/hot_q[8][eid][5]_i_32_n_0
                         LUT6 (Prop_LUT6_I3_O)        0.074     4.195 r  i_scheduler_core/i_round_engine/hot_q[8][eid][5]_i_14/O
                         net (fo=49, unplaced)        0.279     4.474    i_scheduler_core/i_round_engine/hot_q[8][eid][5]_i_14_n_0
                         LUT6 (Prop_LUT6_I2_O)        0.088     4.562 r  i_scheduler_core/i_round_engine/cold_q[3][eid][5]_i_17/O
                         net (fo=2, unplaced)         0.210     4.772    i_scheduler_core/i_round_engine/cold_q[3][eid][5]_i_17_n_0
                         LUT6 (Prop_LUT6_I2_O)        0.088     4.860 r  i_scheduler_core/i_round_engine/cold_q[3][eid][5]_i_9/O
                         net (fo=101, unplaced)       0.231     5.091    i_scheduler_core/i_round_engine/next_hot_count1134_out
                         LUT3 (Prop_LUT3_I1_O)        0.051     5.142 r  i_scheduler_core/i_round_engine/hot_q[2][eid][5]_i_46/O
                         net (fo=5, unplaced)         0.146     5.288    i_scheduler_core/i_round_engine/hot_q[2][eid][5]_i_46_n_0
                         LUT5 (Prop_LUT5_I2_O)        0.074     5.362 r  i_scheduler_core/i_round_engine/cold_q[2][eid][5]_i_21/O
                         net (fo=1, unplaced)         0.210     5.572    i_scheduler_core/i_round_engine/cold_q[2][eid][5]_i_21_n_0
                         LUT6 (Prop_LUT6_I2_O)        0.088     5.660 r  i_scheduler_core/i_round_engine/cold_q[2][eid][5]_i_14/O
                         net (fo=30, unplaced)        0.186     5.846    i_scheduler_core/i_round_engine/cold_q[2][eid][5]_i_14_n_0
                         LUT6 (Prop_LUT6_I3_O)        0.074     5.920 r  i_scheduler_core/i_round_engine/cold_count_q[0]_i_49/O
                         net (fo=1, unplaced)         0.210     6.130    i_scheduler_core/i_round_engine/cold_count_q[0]_i_49_n_0
                         LUT6 (Prop_LUT6_I1_O)        0.088     6.218 r  i_scheduler_core/i_round_engine/cold_count_q[0]_i_25/O
                         net (fo=5, unplaced)         0.228     6.446    i_scheduler_core/i_round_engine/cold_count_q[0]_i_25_n_0
                         LUT6 (Prop_LUT6_I1_O)        0.088     6.534 r  i_scheduler_core/i_round_engine/cold_q[3][ntok][5]_bret__4_i_7/O
                         net (fo=63, unplaced)        0.285     6.819    i_scheduler_core/i_round_engine/next_hot_count1140_out
                         LUT6 (Prop_LUT6_I1_O)        0.088     6.907 r  i_scheduler_core/i_round_engine/cold_count_q[2]_i_23/O
                         net (fo=6, unplaced)         0.150     7.057    i_scheduler_core/i_round_engine/cold_count_q[2]_i_23_n_0
                         LUT4 (Prop_LUT4_I1_O)        0.074     7.131 f  i_scheduler_core/i_round_engine/cold_count_q[2]_i_7/O
                         net (fo=4, unplaced)         0.222     7.353    i_scheduler_core/i_round_engine/cold_count_q[2]_i_7_n_0
                         LUT6 (Prop_LUT6_I2_O)        0.088     7.441 r  i_scheduler_core/i_round_engine/cold_q[1][ntok][8]_i_6/O
                         net (fo=54, unplaced)        0.199     7.640    i_scheduler_core/i_round_engine/next_hot_count1143_out
                         LUT5 (Prop_LUT5_I2_O)        0.074     7.714 r  i_scheduler_core/i_round_engine/hot_q[7][ntok][6]_i_8/O
                         net (fo=7, unplaced)         0.235     7.949    i_scheduler_core/i_round_engine/hot_q[7][ntok][6]_i_8_n_0
                         LUT6 (Prop_LUT6_I1_O)        0.088     8.037 r  i_scheduler_core/i_round_engine/hot_q[7][ntok][4]_i_4/O
                         net (fo=1, unplaced)         0.145     8.182    i_scheduler_core/i_round_engine/hot_q[7][ntok][4]_i_4_n_0
                         LUT6 (Prop_LUT6_I5_O)        0.051     8.233 r  i_scheduler_core/i_round_engine/hot_q[7][ntok][4]_i_1/O
                         net (fo=1, unplaced)         0.062     8.295    i_scheduler_core_n_268
                         FDCE                                         r  hot_q_reg[7][ntok][4]/D
  -------------------------------------------------------------------    -------------------

                         (clock scheduler_clk rise edge)
                                                      5.000     5.000 r  
                                                      0.000     5.000 r  clk_i (IN)
                         net (fo=1734, unset)         0.080     5.080    clk_i
                         FDCE                                         r  hot_q_reg[7][ntok][4]/C
                         clock pessimism              0.000     5.080    
                         clock uncertainty           -0.300     4.780    
                         FDCE (Setup_FDCE_C_D)        0.007     4.787    hot_q_reg[7][ntok][4]
  -------------------------------------------------------------------
                         required time                          4.787    
                         arrival time                          -8.295    
  -------------------------------------------------------------------
                         slack                                 -3.508    

Slack (VIOLATED) :        -3.499ns  (required time - arrival time)
  Source:                 i_scheduler_core/i_round_engine/FSM_onehot_st_q_reg[7]/C
                            (rising edge-triggered cell FDCE clocked by scheduler_clk  {rise@0.000ns fall@2.500ns period=5.000ns})
  Destination:            hot_q_reg[4][ntok][6]/D
                            (rising edge-triggered cell FDCE clocked by scheduler_clk  {rise@0.000ns fall@2.500ns period=5.000ns})
  Path Group:             scheduler_clk
  Path Type:              Setup (Max at Slow Process Corner)
  Requirement:            5.000ns  (scheduler_clk rise@5.000ns - scheduler_clk rise@0.000ns)
  Data Path Delay:        8.166ns  (logic 2.220ns (27.186%)  route 5.946ns (72.814%))
  Logic Levels:           27  (LUT3=2 LUT4=2 LUT5=3 LUT6=20)
  Clock Path Skew:        -0.040ns (DCD - SCD + CPR)
    Destination Clock Delay (DCD):    0.080ns = ( 5.080 - 5.000 ) 
    Source Clock Delay      (SCD):    0.120ns
    Clock Pessimism Removal (CPR):    0.000ns
  Clock Uncertainty:      0.300ns  (CJ)/2 + PE + PJ
    Clock Jitter             (CJ):    0.600ns
    Phase Error              (PE):    0.000ns
    Phase Jitter             (PJ):    0.000ns

    Location             Delay type                Incr(ns)  Path(ns)    Netlist Resource(s)
  -------------------------------------------------------------------    -------------------
                         (clock scheduler_clk rise edge)
                                                      0.000     0.000 r  
                                                      0.000     0.000 r  clk_i (IN)
                         net (fo=1734, unset)         0.120     0.120    i_scheduler_core/i_round_engine/clk_i
                         FDCE                                         r  i_scheduler_core/i_round_engine/FSM_onehot_st_q_reg[7]/C
  -------------------------------------------------------------------    -------------------
                         FDCE (Prop_FDCE_C_Q)         0.090     0.210 r  i_scheduler_core/i_round_engine/FSM_onehot_st_q_reg[7]/Q
                         net (fo=171, unplaced)       0.351     0.561    i_scheduler_core/i_round_engine/i_transition_eval/FSM_onehot_st_q[16]_i_3[5]
                         LUT6 (Prop_LUT6_I1_O)        0.088     0.649 f  i_scheduler_core/i_round_engine/i_transition_eval/g0_b0_i_9/O
                         net (fo=3, unplaced)         0.216     0.865    i_scheduler_core/i_round_engine/i_transition_eval/g0_b0_i_9_n_0
                         LUT6 (Prop_LUT6_I1_O)        0.088     0.953 r  i_scheduler_core/i_round_engine/i_transition_eval/g0_b0_i_7/O
                         net (fo=46, unplaced)        0.278     1.231    i_scheduler_core/i_round_engine/i_transition_eval/FSM_onehot_st_q_reg[4]
                         LUT6 (Prop_LUT6_I2_O)        0.088     1.319 r  i_scheduler_core/i_round_engine/i_transition_eval/g0_b0_i_1/O
                         net (fo=74, unplaced)        0.207     1.526    i_scheduler_core/i_round_engine/i_transition_eval/decode_address[0]
                         LUT5 (Prop_LUT5_I2_O)        0.074     1.600 r  i_scheduler_core/i_round_engine/i_transition_eval/commit_task_q[1][tok_start][7]_i_5/O
                         net (fo=55, unplaced)        0.282     1.882    i_scheduler_core/i_round_engine/i_transition_eval/decoded_profile[selector_a][1]
                         LUT6 (Prop_LUT6_I2_O)        0.088     1.970 r  i_scheduler_core/i_round_engine/i_transition_eval/candidate_start_q[12]_i_32/O
                         net (fo=3, unplaced)         0.134     2.104    i_scheduler_core/i_round_engine/i_transition_eval/candidate_start_q[12]_i_32_n_0
                         LUT6 (Prop_LUT6_I0_O)        0.074     2.178 f  i_scheduler_core/i_round_engine/i_transition_eval/commit_task_q[1][eid][1]_i_4/O
                         net (fo=24, unplaced)        0.181     2.359    i_scheduler_core/i_round_engine/i_transition_eval_n_113
                         LUT3 (Prop_LUT3_I0_O)        0.074     2.433 r  i_scheduler_core/i_round_engine/cold_count_q[0]_i_45/O
                         net (fo=14, unplaced)        0.251     2.684    i_scheduler_core/i_round_engine/remove_eid_b[1]
                         LUT6 (Prop_LUT6_I2_O)        0.088     2.772 f  i_scheduler_core/i_round_engine/hot_q[1][eid][5]_i_35/O
                         net (fo=1, unplaced)         0.210     2.982    i_scheduler_core/i_round_engine/hot_q[1][eid][5]_i_35_n_0
                         LUT6 (Prop_LUT6_I2_O)        0.088     3.070 r  i_scheduler_core/i_round_engine/hot_q[1][eid][5]_i_22/O
                         net (fo=32, unplaced)        0.270     3.340    i_scheduler_core/i_round_engine/hot_q[1][eid][5]_i_22_n_0
                         LUT6 (Prop_LUT6_I1_O)        0.088     3.428 r  i_scheduler_core/i_round_engine/hot_count_q[1]_i_17/O
                         net (fo=6, unplaced)         0.232     3.660    i_scheduler_core/i_round_engine/hot_count_q[1]_i_17_n_0
                         LUT6 (Prop_LUT6_I2_O)        0.088     3.748 f  i_scheduler_core/i_round_engine/hot_count_q[1]_i_11/O
                         net (fo=20, unplaced)        0.194     3.942    i_scheduler_core/i_round_engine/hot_count_q[1]_i_11_n_0
                         LUT4 (Prop_LUT4_I2_O)        0.051     3.993 f  i_scheduler_core/i_round_engine/hot_q[8][eid][5]_i_32/O
                         net (fo=2, unplaced)         0.128     4.121    i_scheduler_core/i_round_engine/hot_q[8][eid][5]_i_32_n_0
                         LUT6 (Prop_LUT6_I3_O)        0.074     4.195 r  i_scheduler_core/i_round_engine/hot_q[8][eid][5]_i_14/O
                         net (fo=49, unplaced)        0.279     4.474    i_scheduler_core/i_round_engine/hot_q[8][eid][5]_i_14_n_0
                         LUT6 (Prop_LUT6_I2_O)        0.088     4.562 r  i_scheduler_core/i_round_engine/cold_q[3][eid][5]_i_17/O
                         net (fo=2, unplaced)         0.210     4.772    i_scheduler_core/i_round_engine/cold_q[3][eid][5]_i_17_n_0
                         LUT6 (Prop_LUT6_I2_O)        0.088     4.860 r  i_scheduler_core/i_round_engine/cold_q[3][eid][5]_i_9/O
                         net (fo=101, unplaced)       0.231     5.091    i_scheduler_core/i_round_engine/next_hot_count1134_out
                         LUT3 (Prop_LUT3_I1_O)        0.051     5.142 r  i_scheduler_core/i_round_engine/hot_q[2][eid][5]_i_46/O
                         net (fo=5, unplaced)         0.146     5.288    i_scheduler_core/i_round_engine/hot_q[2][eid][5]_i_46_n_0
                         LUT5 (Prop_LUT5_I2_O)        0.074     5.362 r  i_scheduler_core/i_round_engine/cold_q[2][eid][5]_i_21/O
                         net (fo=1, unplaced)         0.210     5.572    i_scheduler_core/i_round_engine/cold_q[2][eid][5]_i_21_n_0
                         LUT6 (Prop_LUT6_I2_O)        0.088     5.660 r  i_scheduler_core/i_round_engine/cold_q[2][eid][5]_i_14/O
                         net (fo=30, unplaced)        0.186     5.846    i_scheduler_core/i_round_engine/cold_q[2][eid][5]_i_14_n_0
                         LUT6 (Prop_LUT6_I3_O)        0.074     5.920 r  i_scheduler_core/i_round_engine/cold_count_q[0]_i_49/O
                         net (fo=1, unplaced)         0.210     6.130    i_scheduler_core/i_round_engine/cold_count_q[0]_i_49_n_0
                         LUT6 (Prop_LUT6_I1_O)        0.088     6.218 r  i_scheduler_core/i_round_engine/cold_count_q[0]_i_25/O
                         net (fo=5, unplaced)         0.228     6.446    i_scheduler_core/i_round_engine/cold_count_q[0]_i_25_n_0
                         LUT6 (Prop_LUT6_I1_O)        0.088     6.534 r  i_scheduler_core/i_round_engine/cold_q[3][ntok][5]_bret__4_i_7/O
                         net (fo=63, unplaced)        0.285     6.819    i_scheduler_core/i_round_engine/next_hot_count1140_out
                         LUT6 (Prop_LUT6_I1_O)        0.088     6.907 r  i_scheduler_core/i_round_engine/cold_count_q[2]_i_23/O
                         net (fo=6, unplaced)         0.150     7.057    i_scheduler_core/i_round_engine/cold_count_q[2]_i_23_n_0
                         LUT4 (Prop_LUT4_I1_O)        0.074     7.131 f  i_scheduler_core/i_round_engine/cold_count_q[2]_i_7/O
                         net (fo=4, unplaced)         0.222     7.353    i_scheduler_core/i_round_engine/cold_count_q[2]_i_7_n_0
                         LUT6 (Prop_LUT6_I2_O)        0.088     7.441 r  i_scheduler_core/i_round_engine/cold_q[1][ntok][8]_i_6/O
                         net (fo=54, unplaced)        0.216     7.657    i_scheduler_core/i_round_engine/next_hot_count1143_out
                         LUT5 (Prop_LUT5_I3_O)        0.051     7.708 r  i_scheduler_core/i_round_engine/hot_q[4][ntok][8]_i_5/O
                         net (fo=6, unplaced)         0.232     7.940    i_scheduler_core/i_round_engine/hot_q[4][ntok][8]_i_5_n_0
                         LUT6 (Prop_LUT6_I1_O)        0.088     8.028 f  i_scheduler_core/i_round_engine/hot_q[4][ntok][6]_i_5/O
                         net (fo=1, unplaced)         0.145     8.173    i_scheduler_core/i_round_engine/hot_q[4][ntok][6]_i_5_n_0
                         LUT6 (Prop_LUT6_I5_O)        0.051     8.224 r  i_scheduler_core/i_round_engine/hot_q[4][ntok][6]_i_1/O
                         net (fo=1, unplaced)         0.062     8.286    i_scheduler_core_n_334
                         FDCE                                         r  hot_q_reg[4][ntok][6]/D
  -------------------------------------------------------------------    -------------------

                         (clock scheduler_clk rise edge)
                                                      5.000     5.000 r  
                                                      0.000     5.000 r  clk_i (IN)
                         net (fo=1734, unset)         0.080     5.080    clk_i
                         FDCE                                         r  hot_q_reg[4][ntok][6]/C
                         clock pessimism              0.000     5.080    
                         clock uncertainty           -0.300     4.780    
                         FDCE (Setup_FDCE_C_D)        0.007     4.787    hot_q_reg[4][ntok][6]
  -------------------------------------------------------------------
                         required time                          4.787    
                         arrival time                          -8.286    
  -------------------------------------------------------------------
                         slack                                 -3.499    

Slack (VIOLATED) :        -3.489ns  (required time - arrival time)
  Source:                 i_scheduler_core/i_round_engine/FSM_onehot_st_q_reg[7]/C
                            (rising edge-triggered cell FDCE clocked by scheduler_clk  {rise@0.000ns fall@2.500ns period=5.000ns})
  Destination:            hot_q_reg[4][ntok][1]/D
                            (rising edge-triggered cell FDCE clocked by scheduler_clk  {rise@0.000ns fall@2.500ns period=5.000ns})
  Path Group:             scheduler_clk
  Path Type:              Setup (Max at Slow Process Corner)
  Requirement:            5.000ns  (scheduler_clk rise@5.000ns - scheduler_clk rise@0.000ns)
  Data Path Delay:        8.156ns  (logic 2.266ns (27.783%)  route 5.890ns (72.217%))
  Logic Levels:           27  (LUT3=2 LUT4=2 LUT5=2 LUT6=21)
  Clock Path Skew:        -0.040ns (DCD - SCD + CPR)
    Destination Clock Delay (DCD):    0.080ns = ( 5.080 - 5.000 ) 
    Source Clock Delay      (SCD):    0.120ns
    Clock Pessimism Removal (CPR):    0.000ns
  Clock Uncertainty:      0.300ns  (CJ)/2 + PE + PJ
    Clock Jitter             (CJ):    0.600ns
    Phase Error              (PE):    0.000ns
    Phase Jitter             (PJ):    0.000ns

    Location             Delay type                Incr(ns)  Path(ns)    Netlist Resource(s)
  -------------------------------------------------------------------    -------------------
                         (clock scheduler_clk rise edge)
                                                      0.000     0.000 r  
                                                      0.000     0.000 r  clk_i (IN)
                         net (fo=1734, unset)         0.120     0.120    i_scheduler_core/i_round_engine/clk_i
                         FDCE                                         r  i_scheduler_core/i_round_engine/FSM_onehot_st_q_reg[7]/C
  -------------------------------------------------------------------    -------------------
                         FDCE (Prop_FDCE_C_Q)         0.090     0.210 r  i_scheduler_core/i_round_engine/FSM_onehot_st_q_reg[7]/Q
                         net (fo=171, unplaced)       0.351     0.561    i_scheduler_core/i_round_engine/i_transition_eval/FSM_onehot_st_q[16]_i_3[5]
                         LUT6 (Prop_LUT6_I1_O)        0.088     0.649 f  i_scheduler_core/i_round_engine/i_transition_eval/g0_b0_i_9/O
                         net (fo=3, unplaced)         0.216     0.865    i_scheduler_core/i_round_engine/i_transition_eval/g0_b0_i_9_n_0
                         LUT6 (Prop_LUT6_I1_O)        0.088     0.953 r  i_scheduler_core/i_round_engine/i_transition_eval/g0_b0_i_7/O
                         net (fo=46, unplaced)        0.278     1.231    i_scheduler_core/i_round_engine/i_transition_eval/FSM_onehot_st_q_reg[4]
                         LUT6 (Prop_LUT6_I2_O)        0.088     1.319 r  i_scheduler_core/i_round_engine/i_transition_eval/g0_b0_i_1/O
                         net (fo=74, unplaced)        0.207     1.526    i_scheduler_core/i_round_engine/i_transition_eval/decode_address[0]
                         LUT5 (Prop_LUT5_I2_O)        0.074     1.600 r  i_scheduler_core/i_round_engine/i_transition_eval/commit_task_q[1][tok_start][7]_i_5/O
                         net (fo=55, unplaced)        0.282     1.882    i_scheduler_core/i_round_engine/i_transition_eval/decoded_profile[selector_a][1]
                         LUT6 (Prop_LUT6_I2_O)        0.088     1.970 r  i_scheduler_core/i_round_engine/i_transition_eval/candidate_start_q[12]_i_32/O
                         net (fo=3, unplaced)         0.134     2.104    i_scheduler_core/i_round_engine/i_transition_eval/candidate_start_q[12]_i_32_n_0
                         LUT6 (Prop_LUT6_I0_O)        0.074     2.178 f  i_scheduler_core/i_round_engine/i_transition_eval/commit_task_q[1][eid][1]_i_4/O
                         net (fo=24, unplaced)        0.181     2.359    i_scheduler_core/i_round_engine/i_transition_eval_n_113
                         LUT3 (Prop_LUT3_I0_O)        0.074     2.433 r  i_scheduler_core/i_round_engine/cold_count_q[0]_i_45/O
                         net (fo=14, unplaced)        0.251     2.684    i_scheduler_core/i_round_engine/remove_eid_b[1]
                         LUT6 (Prop_LUT6_I2_O)        0.088     2.772 f  i_scheduler_core/i_round_engine/hot_q[1][eid][5]_i_35/O
                         net (fo=1, unplaced)         0.210     2.982    i_scheduler_core/i_round_engine/hot_q[1][eid][5]_i_35_n_0
                         LUT6 (Prop_LUT6_I2_O)        0.088     3.070 r  i_scheduler_core/i_round_engine/hot_q[1][eid][5]_i_22/O
                         net (fo=32, unplaced)        0.270     3.340    i_scheduler_core/i_round_engine/hot_q[1][eid][5]_i_22_n_0
                         LUT6 (Prop_LUT6_I1_O)        0.088     3.428 r  i_scheduler_core/i_round_engine/hot_count_q[1]_i_17/O
                         net (fo=6, unplaced)         0.232     3.660    i_scheduler_core/i_round_engine/hot_count_q[1]_i_17_n_0
                         LUT6 (Prop_LUT6_I2_O)        0.088     3.748 f  i_scheduler_core/i_round_engine/hot_count_q[1]_i_11/O
                         net (fo=20, unplaced)        0.194     3.942    i_scheduler_core/i_round_engine/hot_count_q[1]_i_11_n_0
                         LUT4 (Prop_LUT4_I2_O)        0.051     3.993 f  i_scheduler_core/i_round_engine/hot_q[8][eid][5]_i_32/O
                         net (fo=2, unplaced)         0.128     4.121    i_scheduler_core/i_round_engine/hot_q[8][eid][5]_i_32_n_0
                         LUT6 (Prop_LUT6_I3_O)        0.074     4.195 r  i_scheduler_core/i_round_engine/hot_q[8][eid][5]_i_14/O
                         net (fo=49, unplaced)        0.279     4.474    i_scheduler_core/i_round_engine/hot_q[8][eid][5]_i_14_n_0
                         LUT6 (Prop_LUT6_I2_O)        0.088     4.562 r  i_scheduler_core/i_round_engine/cold_q[3][eid][5]_i_17/O
                         net (fo=2, unplaced)         0.210     4.772    i_scheduler_core/i_round_engine/cold_q[3][eid][5]_i_17_n_0
                         LUT6 (Prop_LUT6_I2_O)        0.088     4.860 r  i_scheduler_core/i_round_engine/cold_q[3][eid][5]_i_9/O
                         net (fo=101, unplaced)       0.231     5.091    i_scheduler_core/i_round_engine/next_hot_count1134_out
                         LUT3 (Prop_LUT3_I1_O)        0.051     5.142 r  i_scheduler_core/i_round_engine/hot_q[2][eid][5]_i_46/O
                         net (fo=5, unplaced)         0.146     5.288    i_scheduler_core/i_round_engine/hot_q[2][eid][5]_i_46_n_0
                         LUT5 (Prop_LUT5_I2_O)        0.074     5.362 r  i_scheduler_core/i_round_engine/cold_q[2][eid][5]_i_21/O
                         net (fo=1, unplaced)         0.210     5.572    i_scheduler_core/i_round_engine/cold_q[2][eid][5]_i_21_n_0
                         LUT6 (Prop_LUT6_I2_O)        0.088     5.660 r  i_scheduler_core/i_round_engine/cold_q[2][eid][5]_i_14/O
                         net (fo=30, unplaced)        0.186     5.846    i_scheduler_core/i_round_engine/cold_q[2][eid][5]_i_14_n_0
                         LUT6 (Prop_LUT6_I3_O)        0.074     5.920 r  i_scheduler_core/i_round_engine/cold_count_q[0]_i_49/O
                         net (fo=1, unplaced)         0.210     6.130    i_scheduler_core/i_round_engine/cold_count_q[0]_i_49_n_0
                         LUT6 (Prop_LUT6_I1_O)        0.088     6.218 r  i_scheduler_core/i_round_engine/cold_count_q[0]_i_25/O
                         net (fo=5, unplaced)         0.228     6.446    i_scheduler_core/i_round_engine/cold_count_q[0]_i_25_n_0
                         LUT6 (Prop_LUT6_I1_O)        0.088     6.534 r  i_scheduler_core/i_round_engine/cold_q[3][ntok][5]_bret__4_i_7/O
                         net (fo=63, unplaced)        0.285     6.819    i_scheduler_core/i_round_engine/next_hot_count1140_out
                         LUT6 (Prop_LUT6_I1_O)        0.088     6.907 r  i_scheduler_core/i_round_engine/cold_count_q[2]_i_23/O
                         net (fo=6, unplaced)         0.150     7.057    i_scheduler_core/i_round_engine/cold_count_q[2]_i_23_n_0
                         LUT4 (Prop_LUT4_I1_O)        0.074     7.131 f  i_scheduler_core/i_round_engine/cold_count_q[2]_i_7/O
                         net (fo=4, unplaced)         0.222     7.353    i_scheduler_core/i_round_engine/cold_count_q[2]_i_7_n_0
                         LUT6 (Prop_LUT6_I2_O)        0.088     7.441 r  i_scheduler_core/i_round_engine/cold_q[1][ntok][8]_i_6/O
                         net (fo=54, unplaced)        0.281     7.722    i_scheduler_core/i_round_engine/next_hot_count1143_out
                         LUT6 (Prop_LUT6_I2_O)        0.088     7.810 r  i_scheduler_core/i_round_engine/hot_q[4][ntok][1]_i_9/O
                         net (fo=1, unplaced)         0.128     7.938    i_scheduler_core/i_round_engine/hot_q[4][ntok][1]_i_9_n_0
                         LUT6 (Prop_LUT6_I3_O)        0.074     8.012 r  i_scheduler_core/i_round_engine/hot_q[4][ntok][1]_i_2/O
                         net (fo=1, unplaced)         0.128     8.140    i_scheduler_core/i_round_engine/hot_q[4][ntok][1]_i_2_n_0
                         LUT6 (Prop_LUT6_I0_O)        0.074     8.214 r  i_scheduler_core/i_round_engine/hot_q[4][ntok][1]_i_1/O
                         net (fo=1, unplaced)         0.062     8.276    i_scheduler_core_n_339
                         FDCE                                         r  hot_q_reg[4][ntok][1]/D
  -------------------------------------------------------------------    -------------------

                         (clock scheduler_clk rise edge)
                                                      5.000     5.000 r  
                                                      0.000     5.000 r  clk_i (IN)
                         net (fo=1734, unset)         0.080     5.080    clk_i
                         FDCE                                         r  hot_q_reg[4][ntok][1]/C
                         clock pessimism              0.000     5.080    
                         clock uncertainty           -0.300     4.780    
                         FDCE (Setup_FDCE_C_D)        0.007     4.787    hot_q_reg[4][ntok][1]
  -------------------------------------------------------------------
                         required time                          4.787    
                         arrival time                          -8.276    
  -------------------------------------------------------------------
                         slack                                 -3.489    

Slack (VIOLATED) :        -3.489ns  (required time - arrival time)
  Source:                 i_scheduler_core/i_round_engine/FSM_onehot_st_q_reg[7]/C
                            (rising edge-triggered cell FDCE clocked by scheduler_clk  {rise@0.000ns fall@2.500ns period=5.000ns})
  Destination:            hot_q_reg[4][ntok][5]/D
                            (rising edge-triggered cell FDCE clocked by scheduler_clk  {rise@0.000ns fall@2.500ns period=5.000ns})
  Path Group:             scheduler_clk
  Path Type:              Setup (Max at Slow Process Corner)
  Requirement:            5.000ns  (scheduler_clk rise@5.000ns - scheduler_clk rise@0.000ns)
  Data Path Delay:        8.156ns  (logic 2.266ns (27.783%)  route 5.890ns (72.217%))
  Logic Levels:           27  (LUT3=2 LUT4=2 LUT5=2 LUT6=21)
  Clock Path Skew:        -0.040ns (DCD - SCD + CPR)
    Destination Clock Delay (DCD):    0.080ns = ( 5.080 - 5.000 ) 
    Source Clock Delay      (SCD):    0.120ns
    Clock Pessimism Removal (CPR):    0.000ns
  Clock Uncertainty:      0.300ns  (CJ)/2 + PE + PJ
    Clock Jitter             (CJ):    0.600ns
    Phase Error              (PE):    0.000ns
    Phase Jitter             (PJ):    0.000ns

    Location             Delay type                Incr(ns)  Path(ns)    Netlist Resource(s)
  -------------------------------------------------------------------    -------------------
                         (clock scheduler_clk rise edge)
                                                      0.000     0.000 r  
                                                      0.000     0.000 r  clk_i (IN)
                         net (fo=1734, unset)         0.120     0.120    i_scheduler_core/i_round_engine/clk_i
                         FDCE                                         r  i_scheduler_core/i_round_engine/FSM_onehot_st_q_reg[7]/C
  -------------------------------------------------------------------    -------------------
                         FDCE (Prop_FDCE_C_Q)         0.090     0.210 r  i_scheduler_core/i_round_engine/FSM_onehot_st_q_reg[7]/Q
                         net (fo=171, unplaced)       0.351     0.561    i_scheduler_core/i_round_engine/i_transition_eval/FSM_onehot_st_q[16]_i_3[5]
                         LUT6 (Prop_LUT6_I1_O)        0.088     0.649 f  i_scheduler_core/i_round_engine/i_transition_eval/g0_b0_i_9/O
                         net (fo=3, unplaced)         0.216     0.865    i_scheduler_core/i_round_engine/i_transition_eval/g0_b0_i_9_n_0
                         LUT6 (Prop_LUT6_I1_O)        0.088     0.953 r  i_scheduler_core/i_round_engine/i_transition_eval/g0_b0_i_7/O
                         net (fo=46, unplaced)        0.278     1.231    i_scheduler_core/i_round_engine/i_transition_eval/FSM_onehot_st_q_reg[4]
                         LUT6 (Prop_LUT6_I2_O)        0.088     1.319 r  i_scheduler_core/i_round_engine/i_transition_eval/g0_b0_i_1/O
                         net (fo=74, unplaced)        0.207     1.526    i_scheduler_core/i_round_engine/i_transition_eval/decode_address[0]
                         LUT5 (Prop_LUT5_I2_O)        0.074     1.600 r  i_scheduler_core/i_round_engine/i_transition_eval/commit_task_q[1][tok_start][7]_i_5/O
                         net (fo=55, unplaced)        0.282     1.882    i_scheduler_core/i_round_engine/i_transition_eval/decoded_profile[selector_a][1]
                         LUT6 (Prop_LUT6_I2_O)        0.088     1.970 r  i_scheduler_core/i_round_engine/i_transition_eval/candidate_start_q[12]_i_32/O
                         net (fo=3, unplaced)         0.134     2.104    i_scheduler_core/i_round_engine/i_transition_eval/candidate_start_q[12]_i_32_n_0
                         LUT6 (Prop_LUT6_I0_O)        0.074     2.178 f  i_scheduler_core/i_round_engine/i_transition_eval/commit_task_q[1][eid][1]_i_4/O
                         net (fo=24, unplaced)        0.181     2.359    i_scheduler_core/i_round_engine/i_transition_eval_n_113
                         LUT3 (Prop_LUT3_I0_O)        0.074     2.433 r  i_scheduler_core/i_round_engine/cold_count_q[0]_i_45/O
                         net (fo=14, unplaced)        0.251     2.684    i_scheduler_core/i_round_engine/remove_eid_b[1]
                         LUT6 (Prop_LUT6_I2_O)        0.088     2.772 f  i_scheduler_core/i_round_engine/hot_q[1][eid][5]_i_35/O
                         net (fo=1, unplaced)         0.210     2.982    i_scheduler_core/i_round_engine/hot_q[1][eid][5]_i_35_n_0
                         LUT6 (Prop_LUT6_I2_O)        0.088     3.070 r  i_scheduler_core/i_round_engine/hot_q[1][eid][5]_i_22/O
                         net (fo=32, unplaced)        0.270     3.340    i_scheduler_core/i_round_engine/hot_q[1][eid][5]_i_22_n_0
                         LUT6 (Prop_LUT6_I1_O)        0.088     3.428 r  i_scheduler_core/i_round_engine/hot_count_q[1]_i_17/O
                         net (fo=6, unplaced)         0.232     3.660    i_scheduler_core/i_round_engine/hot_count_q[1]_i_17_n_0
                         LUT6 (Prop_LUT6_I2_O)        0.088     3.748 f  i_scheduler_core/i_round_engine/hot_count_q[1]_i_11/O
                         net (fo=20, unplaced)        0.194     3.942    i_scheduler_core/i_round_engine/hot_count_q[1]_i_11_n_0
                         LUT4 (Prop_LUT4_I2_O)        0.051     3.993 f  i_scheduler_core/i_round_engine/hot_q[8][eid][5]_i_32/O
                         net (fo=2, unplaced)         0.128     4.121    i_scheduler_core/i_round_engine/hot_q[8][eid][5]_i_32_n_0
                         LUT6 (Prop_LUT6_I3_O)        0.074     4.195 r  i_scheduler_core/i_round_engine/hot_q[8][eid][5]_i_14/O
                         net (fo=49, unplaced)        0.279     4.474    i_scheduler_core/i_round_engine/hot_q[8][eid][5]_i_14_n_0
                         LUT6 (Prop_LUT6_I2_O)        0.088     4.562 r  i_scheduler_core/i_round_engine/cold_q[3][eid][5]_i_17/O
                         net (fo=2, unplaced)         0.210     4.772    i_scheduler_core/i_round_engine/cold_q[3][eid][5]_i_17_n_0
                         LUT6 (Prop_LUT6_I2_O)        0.088     4.860 r  i_scheduler_core/i_round_engine/cold_q[3][eid][5]_i_9/O
                         net (fo=101, unplaced)       0.231     5.091    i_scheduler_core/i_round_engine/next_hot_count1134_out
                         LUT3 (Prop_LUT3_I1_O)        0.051     5.142 r  i_scheduler_core/i_round_engine/hot_q[2][eid][5]_i_46/O
                         net (fo=5, unplaced)         0.146     5.288    i_scheduler_core/i_round_engine/hot_q[2][eid][5]_i_46_n_0
                         LUT5 (Prop_LUT5_I2_O)        0.074     5.362 r  i_scheduler_core/i_round_engine/cold_q[2][eid][5]_i_21/O
                         net (fo=1, unplaced)         0.210     5.572    i_scheduler_core/i_round_engine/cold_q[2][eid][5]_i_21_n_0
                         LUT6 (Prop_LUT6_I2_O)        0.088     5.660 r  i_scheduler_core/i_round_engine/cold_q[2][eid][5]_i_14/O
                         net (fo=30, unplaced)        0.186     5.846    i_scheduler_core/i_round_engine/cold_q[2][eid][5]_i_14_n_0
                         LUT6 (Prop_LUT6_I3_O)        0.074     5.920 r  i_scheduler_core/i_round_engine/cold_count_q[0]_i_49/O
                         net (fo=1, unplaced)         0.210     6.130    i_scheduler_core/i_round_engine/cold_count_q[0]_i_49_n_0
                         LUT6 (Prop_LUT6_I1_O)        0.088     6.218 r  i_scheduler_core/i_round_engine/cold_count_q[0]_i_25/O
                         net (fo=5, unplaced)         0.228     6.446    i_scheduler_core/i_round_engine/cold_count_q[0]_i_25_n_0
                         LUT6 (Prop_LUT6_I1_O)        0.088     6.534 r  i_scheduler_core/i_round_engine/cold_q[3][ntok][5]_bret__4_i_7/O
                         net (fo=63, unplaced)        0.285     6.819    i_scheduler_core/i_round_engine/next_hot_count1140_out
                         LUT6 (Prop_LUT6_I1_O)        0.088     6.907 r  i_scheduler_core/i_round_engine/cold_count_q[2]_i_23/O
                         net (fo=6, unplaced)         0.150     7.057    i_scheduler_core/i_round_engine/cold_count_q[2]_i_23_n_0
                         LUT4 (Prop_LUT4_I1_O)        0.074     7.131 f  i_scheduler_core/i_round_engine/cold_count_q[2]_i_7/O
                         net (fo=4, unplaced)         0.222     7.353    i_scheduler_core/i_round_engine/cold_count_q[2]_i_7_n_0
                         LUT6 (Prop_LUT6_I2_O)        0.088     7.441 r  i_scheduler_core/i_round_engine/cold_q[1][ntok][8]_i_6/O
                         net (fo=54, unplaced)        0.281     7.722    i_scheduler_core/i_round_engine/next_hot_count1143_out
                         LUT6 (Prop_LUT6_I2_O)        0.088     7.810 r  i_scheduler_core/i_round_engine/hot_q[4][ntok][5]_i_9/O
                         net (fo=1, unplaced)         0.128     7.938    i_scheduler_core/i_round_engine/hot_q[4][ntok][5]_i_9_n_0
                         LUT6 (Prop_LUT6_I3_O)        0.074     8.012 r  i_scheduler_core/i_round_engine/hot_q[4][ntok][5]_i_2/O
                         net (fo=1, unplaced)         0.128     8.140    i_scheduler_core/i_round_engine/hot_q[4][ntok][5]_i_2_n_0
                         LUT6 (Prop_LUT6_I0_O)        0.074     8.214 r  i_scheduler_core/i_round_engine/hot_q[4][ntok][5]_i_1/O
                         net (fo=1, unplaced)         0.062     8.276    i_scheduler_core_n_335
                         FDCE                                         r  hot_q_reg[4][ntok][5]/D
  -------------------------------------------------------------------    -------------------

                         (clock scheduler_clk rise edge)
                                                      5.000     5.000 r  
                                                      0.000     5.000 r  clk_i (IN)
                         net (fo=1734, unset)         0.080     5.080    clk_i
                         FDCE                                         r  hot_q_reg[4][ntok][5]/C
                         clock pessimism              0.000     5.080    
                         clock uncertainty           -0.300     4.780    
                         FDCE (Setup_FDCE_C_D)        0.007     4.787    hot_q_reg[4][ntok][5]
  -------------------------------------------------------------------
                         required time                          4.787    
                         arrival time                          -8.276    
  -------------------------------------------------------------------
                         slack                                 -3.489    

Slack (VIOLATED) :        -3.489ns  (required time - arrival time)
  Source:                 i_scheduler_core/i_round_engine/FSM_onehot_st_q_reg[7]/C
                            (rising edge-triggered cell FDCE clocked by scheduler_clk  {rise@0.000ns fall@2.500ns period=5.000ns})
  Destination:            hot_q_reg[4][ntok][7]/D
                            (rising edge-triggered cell FDCE clocked by scheduler_clk  {rise@0.000ns fall@2.500ns period=5.000ns})
  Path Group:             scheduler_clk
  Path Type:              Setup (Max at Slow Process Corner)
  Requirement:            5.000ns  (scheduler_clk rise@5.000ns - scheduler_clk rise@0.000ns)
  Data Path Delay:        8.156ns  (logic 2.266ns (27.783%)  route 5.890ns (72.217%))
  Logic Levels:           27  (LUT3=2 LUT4=2 LUT5=2 LUT6=21)
  Clock Path Skew:        -0.040ns (DCD - SCD + CPR)
    Destination Clock Delay (DCD):    0.080ns = ( 5.080 - 5.000 ) 
    Source Clock Delay      (SCD):    0.120ns
    Clock Pessimism Removal (CPR):    0.000ns
  Clock Uncertainty:      0.300ns  (CJ)/2 + PE + PJ
    Clock Jitter             (CJ):    0.600ns
    Phase Error              (PE):    0.000ns
    Phase Jitter             (PJ):    0.000ns

    Location             Delay type                Incr(ns)  Path(ns)    Netlist Resource(s)
  -------------------------------------------------------------------    -------------------
                         (clock scheduler_clk rise edge)
                                                      0.000     0.000 r  
                                                      0.000     0.000 r  clk_i (IN)
                         net (fo=1734, unset)         0.120     0.120    i_scheduler_core/i_round_engine/clk_i
                         FDCE                                         r  i_scheduler_core/i_round_engine/FSM_onehot_st_q_reg[7]/C
  -------------------------------------------------------------------    -------------------
                         FDCE (Prop_FDCE_C_Q)         0.090     0.210 r  i_scheduler_core/i_round_engine/FSM_onehot_st_q_reg[7]/Q
                         net (fo=171, unplaced)       0.351     0.561    i_scheduler_core/i_round_engine/i_transition_eval/FSM_onehot_st_q[16]_i_3[5]
                         LUT6 (Prop_LUT6_I1_O)        0.088     0.649 f  i_scheduler_core/i_round_engine/i_transition_eval/g0_b0_i_9/O
                         net (fo=3, unplaced)         0.216     0.865    i_scheduler_core/i_round_engine/i_transition_eval/g0_b0_i_9_n_0
                         LUT6 (Prop_LUT6_I1_O)        0.088     0.953 r  i_scheduler_core/i_round_engine/i_transition_eval/g0_b0_i_7/O
                         net (fo=46, unplaced)        0.278     1.231    i_scheduler_core/i_round_engine/i_transition_eval/FSM_onehot_st_q_reg[4]
                         LUT6 (Prop_LUT6_I2_O)        0.088     1.319 r  i_scheduler_core/i_round_engine/i_transition_eval/g0_b0_i_1/O
                         net (fo=74, unplaced)        0.207     1.526    i_scheduler_core/i_round_engine/i_transition_eval/decode_address[0]
                         LUT5 (Prop_LUT5_I2_O)        0.074     1.600 r  i_scheduler_core/i_round_engine/i_transition_eval/commit_task_q[1][tok_start][7]_i_5/O
                         net (fo=55, unplaced)        0.282     1.882    i_scheduler_core/i_round_engine/i_transition_eval/decoded_profile[selector_a][1]
                         LUT6 (Prop_LUT6_I2_O)        0.088     1.970 r  i_scheduler_core/i_round_engine/i_transition_eval/candidate_start_q[12]_i_32/O
                         net (fo=3, unplaced)         0.134     2.104    i_scheduler_core/i_round_engine/i_transition_eval/candidate_start_q[12]_i_32_n_0
                         LUT6 (Prop_LUT6_I0_O)        0.074     2.178 f  i_scheduler_core/i_round_engine/i_transition_eval/commit_task_q[1][eid][1]_i_4/O
                         net (fo=24, unplaced)        0.181     2.359    i_scheduler_core/i_round_engine/i_transition_eval_n_113
                         LUT3 (Prop_LUT3_I0_O)        0.074     2.433 r  i_scheduler_core/i_round_engine/cold_count_q[0]_i_45/O
                         net (fo=14, unplaced)        0.251     2.684    i_scheduler_core/i_round_engine/remove_eid_b[1]
                         LUT6 (Prop_LUT6_I2_O)        0.088     2.772 f  i_scheduler_core/i_round_engine/hot_q[1][eid][5]_i_35/O
                         net (fo=1, unplaced)         0.210     2.982    i_scheduler_core/i_round_engine/hot_q[1][eid][5]_i_35_n_0
                         LUT6 (Prop_LUT6_I2_O)        0.088     3.070 r  i_scheduler_core/i_round_engine/hot_q[1][eid][5]_i_22/O
                         net (fo=32, unplaced)        0.270     3.340    i_scheduler_core/i_round_engine/hot_q[1][eid][5]_i_22_n_0
                         LUT6 (Prop_LUT6_I1_O)        0.088     3.428 r  i_scheduler_core/i_round_engine/hot_count_q[1]_i_17/O
                         net (fo=6, unplaced)         0.232     3.660    i_scheduler_core/i_round_engine/hot_count_q[1]_i_17_n_0
                         LUT6 (Prop_LUT6_I2_O)        0.088     3.748 f  i_scheduler_core/i_round_engine/hot_count_q[1]_i_11/O
                         net (fo=20, unplaced)        0.194     3.942    i_scheduler_core/i_round_engine/hot_count_q[1]_i_11_n_0
                         LUT4 (Prop_LUT4_I2_O)        0.051     3.993 f  i_scheduler_core/i_round_engine/hot_q[8][eid][5]_i_32/O
                         net (fo=2, unplaced)         0.128     4.121    i_scheduler_core/i_round_engine/hot_q[8][eid][5]_i_32_n_0
                         LUT6 (Prop_LUT6_I3_O)        0.074     4.195 r  i_scheduler_core/i_round_engine/hot_q[8][eid][5]_i_14/O
                         net (fo=49, unplaced)        0.279     4.474    i_scheduler_core/i_round_engine/hot_q[8][eid][5]_i_14_n_0
                         LUT6 (Prop_LUT6_I2_O)        0.088     4.562 r  i_scheduler_core/i_round_engine/cold_q[3][eid][5]_i_17/O
                         net (fo=2, unplaced)         0.210     4.772    i_scheduler_core/i_round_engine/cold_q[3][eid][5]_i_17_n_0
                         LUT6 (Prop_LUT6_I2_O)        0.088     4.860 r  i_scheduler_core/i_round_engine/cold_q[3][eid][5]_i_9/O
                         net (fo=101, unplaced)       0.231     5.091    i_scheduler_core/i_round_engine/next_hot_count1134_out
                         LUT3 (Prop_LUT3_I1_O)        0.051     5.142 r  i_scheduler_core/i_round_engine/hot_q[2][eid][5]_i_46/O
                         net (fo=5, unplaced)         0.146     5.288    i_scheduler_core/i_round_engine/hot_q[2][eid][5]_i_46_n_0
                         LUT5 (Prop_LUT5_I2_O)        0.074     5.362 r  i_scheduler_core/i_round_engine/cold_q[2][eid][5]_i_21/O
                         net (fo=1, unplaced)         0.210     5.572    i_scheduler_core/i_round_engine/cold_q[2][eid][5]_i_21_n_0
                         LUT6 (Prop_LUT6_I2_O)        0.088     5.660 r  i_scheduler_core/i_round_engine/cold_q[2][eid][5]_i_14/O
                         net (fo=30, unplaced)        0.186     5.846    i_scheduler_core/i_round_engine/cold_q[2][eid][5]_i_14_n_0
                         LUT6 (Prop_LUT6_I3_O)        0.074     5.920 r  i_scheduler_core/i_round_engine/cold_count_q[0]_i_49/O
                         net (fo=1, unplaced)         0.210     6.130    i_scheduler_core/i_round_engine/cold_count_q[0]_i_49_n_0
                         LUT6 (Prop_LUT6_I1_O)        0.088     6.218 r  i_scheduler_core/i_round_engine/cold_count_q[0]_i_25/O
                         net (fo=5, unplaced)         0.228     6.446    i_scheduler_core/i_round_engine/cold_count_q[0]_i_25_n_0
                         LUT6 (Prop_LUT6_I1_O)        0.088     6.534 r  i_scheduler_core/i_round_engine/cold_q[3][ntok][5]_bret__4_i_7/O
                         net (fo=63, unplaced)        0.285     6.819    i_scheduler_core/i_round_engine/next_hot_count1140_out
                         LUT6 (Prop_LUT6_I1_O)        0.088     6.907 r  i_scheduler_core/i_round_engine/cold_count_q[2]_i_23/O
                         net (fo=6, unplaced)         0.150     7.057    i_scheduler_core/i_round_engine/cold_count_q[2]_i_23_n_0
                         LUT4 (Prop_LUT4_I1_O)        0.074     7.131 f  i_scheduler_core/i_round_engine/cold_count_q[2]_i_7/O
                         net (fo=4, unplaced)         0.222     7.353    i_scheduler_core/i_round_engine/cold_count_q[2]_i_7_n_0
                         LUT6 (Prop_LUT6_I2_O)        0.088     7.441 r  i_scheduler_core/i_round_engine/cold_q[1][ntok][8]_i_6/O
                         net (fo=54, unplaced)        0.281     7.722    i_scheduler_core/i_round_engine/next_hot_count1143_out
                         LUT6 (Prop_LUT6_I2_O)        0.088     7.810 r  i_scheduler_core/i_round_engine/hot_q[4][ntok][7]_i_9/O
                         net (fo=1, unplaced)         0.128     7.938    i_scheduler_core/i_round_engine/hot_q[4][ntok][7]_i_9_n_0
                         LUT6 (Prop_LUT6_I3_O)        0.074     8.012 r  i_scheduler_core/i_round_engine/hot_q[4][ntok][7]_i_2/O
                         net (fo=1, unplaced)         0.128     8.140    i_scheduler_core/i_round_engine/hot_q[4][ntok][7]_i_2_n_0
                         LUT6 (Prop_LUT6_I0_O)        0.074     8.214 r  i_scheduler_core/i_round_engine/hot_q[4][ntok][7]_i_1/O
                         net (fo=1, unplaced)         0.062     8.276    i_scheduler_core_n_333
                         FDCE                                         r  hot_q_reg[4][ntok][7]/D
  -------------------------------------------------------------------    -------------------

                         (clock scheduler_clk rise edge)
                                                      5.000     5.000 r  
                                                      0.000     5.000 r  clk_i (IN)
                         net (fo=1734, unset)         0.080     5.080    clk_i
                         FDCE                                         r  hot_q_reg[4][ntok][7]/C
                         clock pessimism              0.000     5.080    
                         clock uncertainty           -0.300     4.780    
                         FDCE (Setup_FDCE_C_D)        0.007     4.787    hot_q_reg[4][ntok][7]
  -------------------------------------------------------------------
                         required time                          4.787    
                         arrival time                          -8.276    
  -------------------------------------------------------------------
                         slack                                 -3.489    

Slack (VIOLATED) :        -3.489ns  (required time - arrival time)
  Source:                 i_scheduler_core/i_round_engine/FSM_onehot_st_q_reg[7]/C
                            (rising edge-triggered cell FDCE clocked by scheduler_clk  {rise@0.000ns fall@2.500ns period=5.000ns})
  Destination:            hot_q_reg[5][ntok][1]/D
                            (rising edge-triggered cell FDCE clocked by scheduler_clk  {rise@0.000ns fall@2.500ns period=5.000ns})
  Path Group:             scheduler_clk
  Path Type:              Setup (Max at Slow Process Corner)
  Requirement:            5.000ns  (scheduler_clk rise@5.000ns - scheduler_clk rise@0.000ns)
  Data Path Delay:        8.156ns  (logic 2.266ns (27.783%)  route 5.890ns (72.217%))
  Logic Levels:           27  (LUT3=2 LUT4=2 LUT5=2 LUT6=21)
  Clock Path Skew:        -0.040ns (DCD - SCD + CPR)
    Destination Clock Delay (DCD):    0.080ns = ( 5.080 - 5.000 ) 
    Source Clock Delay      (SCD):    0.120ns
    Clock Pessimism Removal (CPR):    0.000ns
  Clock Uncertainty:      0.300ns  (CJ)/2 + PE + PJ
    Clock Jitter             (CJ):    0.600ns
    Phase Error              (PE):    0.000ns
    Phase Jitter             (PJ):    0.000ns

    Location             Delay type                Incr(ns)  Path(ns)    Netlist Resource(s)
  -------------------------------------------------------------------    -------------------
                         (clock scheduler_clk rise edge)
                                                      0.000     0.000 r  
                                                      0.000     0.000 r  clk_i (IN)
                         net (fo=1734, unset)         0.120     0.120    i_scheduler_core/i_round_engine/clk_i
                         FDCE                                         r  i_scheduler_core/i_round_engine/FSM_onehot_st_q_reg[7]/C
  -------------------------------------------------------------------    -------------------
                         FDCE (Prop_FDCE_C_Q)         0.090     0.210 r  i_scheduler_core/i_round_engine/FSM_onehot_st_q_reg[7]/Q
                         net (fo=171, unplaced)       0.351     0.561    i_scheduler_core/i_round_engine/i_transition_eval/FSM_onehot_st_q[16]_i_3[5]
                         LUT6 (Prop_LUT6_I1_O)        0.088     0.649 f  i_scheduler_core/i_round_engine/i_transition_eval/g0_b0_i_9/O
                         net (fo=3, unplaced)         0.216     0.865    i_scheduler_core/i_round_engine/i_transition_eval/g0_b0_i_9_n_0
                         LUT6 (Prop_LUT6_I1_O)        0.088     0.953 r  i_scheduler_core/i_round_engine/i_transition_eval/g0_b0_i_7/O
                         net (fo=46, unplaced)        0.278     1.231    i_scheduler_core/i_round_engine/i_transition_eval/FSM_onehot_st_q_reg[4]
                         LUT6 (Prop_LUT6_I2_O)        0.088     1.319 r  i_scheduler_core/i_round_engine/i_transition_eval/g0_b0_i_1/O
                         net (fo=74, unplaced)        0.207     1.526    i_scheduler_core/i_round_engine/i_transition_eval/decode_address[0]
                         LUT5 (Prop_LUT5_I2_O)        0.074     1.600 r  i_scheduler_core/i_round_engine/i_transition_eval/commit_task_q[1][tok_start][7]_i_5/O
                         net (fo=55, unplaced)        0.282     1.882    i_scheduler_core/i_round_engine/i_transition_eval/decoded_profile[selector_a][1]
                         LUT6 (Prop_LUT6_I2_O)        0.088     1.970 r  i_scheduler_core/i_round_engine/i_transition_eval/candidate_start_q[12]_i_32/O
                         net (fo=3, unplaced)         0.134     2.104    i_scheduler_core/i_round_engine/i_transition_eval/candidate_start_q[12]_i_32_n_0
                         LUT6 (Prop_LUT6_I0_O)        0.074     2.178 f  i_scheduler_core/i_round_engine/i_transition_eval/commit_task_q[1][eid][1]_i_4/O
                         net (fo=24, unplaced)        0.181     2.359    i_scheduler_core/i_round_engine/i_transition_eval_n_113
                         LUT3 (Prop_LUT3_I0_O)        0.074     2.433 r  i_scheduler_core/i_round_engine/cold_count_q[0]_i_45/O
                         net (fo=14, unplaced)        0.251     2.684    i_scheduler_core/i_round_engine/remove_eid_b[1]
                         LUT6 (Prop_LUT6_I2_O)        0.088     2.772 f  i_scheduler_core/i_round_engine/hot_q[1][eid][5]_i_35/O
                         net (fo=1, unplaced)         0.210     2.982    i_scheduler_core/i_round_engine/hot_q[1][eid][5]_i_35_n_0
                         LUT6 (Prop_LUT6_I2_O)        0.088     3.070 r  i_scheduler_core/i_round_engine/hot_q[1][eid][5]_i_22/O
                         net (fo=32, unplaced)        0.270     3.340    i_scheduler_core/i_round_engine/hot_q[1][eid][5]_i_22_n_0
                         LUT6 (Prop_LUT6_I1_O)        0.088     3.428 r  i_scheduler_core/i_round_engine/hot_count_q[1]_i_17/O
                         net (fo=6, unplaced)         0.232     3.660    i_scheduler_core/i_round_engine/hot_count_q[1]_i_17_n_0
                         LUT6 (Prop_LUT6_I2_O)        0.088     3.748 f  i_scheduler_core/i_round_engine/hot_count_q[1]_i_11/O
                         net (fo=20, unplaced)        0.194     3.942    i_scheduler_core/i_round_engine/hot_count_q[1]_i_11_n_0
                         LUT4 (Prop_LUT4_I2_O)        0.051     3.993 f  i_scheduler_core/i_round_engine/hot_q[8][eid][5]_i_32/O
                         net (fo=2, unplaced)         0.128     4.121    i_scheduler_core/i_round_engine/hot_q[8][eid][5]_i_32_n_0
                         LUT6 (Prop_LUT6_I3_O)        0.074     4.195 r  i_scheduler_core/i_round_engine/hot_q[8][eid][5]_i_14/O
                         net (fo=49, unplaced)        0.279     4.474    i_scheduler_core/i_round_engine/hot_q[8][eid][5]_i_14_n_0
                         LUT6 (Prop_LUT6_I2_O)        0.088     4.562 r  i_scheduler_core/i_round_engine/cold_q[3][eid][5]_i_17/O
                         net (fo=2, unplaced)         0.210     4.772    i_scheduler_core/i_round_engine/cold_q[3][eid][5]_i_17_n_0
                         LUT6 (Prop_LUT6_I2_O)        0.088     4.860 r  i_scheduler_core/i_round_engine/cold_q[3][eid][5]_i_9/O
                         net (fo=101, unplaced)       0.231     5.091    i_scheduler_core/i_round_engine/next_hot_count1134_out
                         LUT3 (Prop_LUT3_I1_O)        0.051     5.142 r  i_scheduler_core/i_round_engine/hot_q[2][eid][5]_i_46/O
                         net (fo=5, unplaced)         0.146     5.288    i_scheduler_core/i_round_engine/hot_q[2][eid][5]_i_46_n_0
                         LUT5 (Prop_LUT5_I2_O)        0.074     5.362 r  i_scheduler_core/i_round_engine/cold_q[2][eid][5]_i_21/O
                         net (fo=1, unplaced)         0.210     5.572    i_scheduler_core/i_round_engine/cold_q[2][eid][5]_i_21_n_0
                         LUT6 (Prop_LUT6_I2_O)        0.088     5.660 r  i_scheduler_core/i_round_engine/cold_q[2][eid][5]_i_14/O
                         net (fo=30, unplaced)        0.186     5.846    i_scheduler_core/i_round_engine/cold_q[2][eid][5]_i_14_n_0
                         LUT6 (Prop_LUT6_I3_O)        0.074     5.920 r  i_scheduler_core/i_round_engine/cold_count_q[0]_i_49/O
                         net (fo=1, unplaced)         0.210     6.130    i_scheduler_core/i_round_engine/cold_count_q[0]_i_49_n_0
                         LUT6 (Prop_LUT6_I1_O)        0.088     6.218 r  i_scheduler_core/i_round_engine/cold_count_q[0]_i_25/O
                         net (fo=5, unplaced)         0.228     6.446    i_scheduler_core/i_round_engine/cold_count_q[0]_i_25_n_0
                         LUT6 (Prop_LUT6_I1_O)        0.088     6.534 r  i_scheduler_core/i_round_engine/cold_q[3][ntok][5]_bret__4_i_7/O
                         net (fo=63, unplaced)        0.285     6.819    i_scheduler_core/i_round_engine/next_hot_count1140_out
                         LUT6 (Prop_LUT6_I1_O)        0.088     6.907 r  i_scheduler_core/i_round_engine/cold_count_q[2]_i_23/O
                         net (fo=6, unplaced)         0.150     7.057    i_scheduler_core/i_round_engine/cold_count_q[2]_i_23_n_0
                         LUT4 (Prop_LUT4_I1_O)        0.074     7.131 f  i_scheduler_core/i_round_engine/cold_count_q[2]_i_7/O
                         net (fo=4, unplaced)         0.222     7.353    i_scheduler_core/i_round_engine/cold_count_q[2]_i_7_n_0
                         LUT6 (Prop_LUT6_I2_O)        0.088     7.441 r  i_scheduler_core/i_round_engine/cold_q[1][ntok][8]_i_6/O
                         net (fo=54, unplaced)        0.281     7.722    i_scheduler_core/i_round_engine/next_hot_count1143_out
                         LUT6 (Prop_LUT6_I2_O)        0.088     7.810 r  i_scheduler_core/i_round_engine/hot_q[5][ntok][1]_i_9/O
                         net (fo=1, unplaced)         0.128     7.938    i_scheduler_core/i_round_engine/hot_q[5][ntok][1]_i_9_n_0
                         LUT6 (Prop_LUT6_I3_O)        0.074     8.012 r  i_scheduler_core/i_round_engine/hot_q[5][ntok][1]_i_2/O
                         net (fo=1, unplaced)         0.128     8.140    i_scheduler_core/i_round_engine/hot_q[5][ntok][1]_i_2_n_0
                         LUT6 (Prop_LUT6_I0_O)        0.074     8.214 r  i_scheduler_core/i_round_engine/hot_q[5][ntok][1]_i_1/O
                         net (fo=1, unplaced)         0.062     8.276    i_scheduler_core_n_320
                         FDCE                                         r  hot_q_reg[5][ntok][1]/D
  -------------------------------------------------------------------    -------------------

                         (clock scheduler_clk rise edge)
                                                      5.000     5.000 r  
                                                      0.000     5.000 r  clk_i (IN)
                         net (fo=1734, unset)         0.080     5.080    clk_i
                         FDCE                                         r  hot_q_reg[5][ntok][1]/C
                         clock pessimism              0.000     5.080    
                         clock uncertainty           -0.300     4.780    
                         FDCE (Setup_FDCE_C_D)        0.007     4.787    hot_q_reg[5][ntok][1]
  -------------------------------------------------------------------
                         required time                          4.787    
                         arrival time                          -8.276    
  -------------------------------------------------------------------
                         slack                                 -3.489    





Pulse Width Checks
--------------------------------------------------------------------------------------
Clock Name:         scheduler_clk
Waveform(ns):       { 0.000 2.500 }
Period(ns):         5.000
Sources:            { clk_i }

Check Type        Corner  Lib Pin  Reference Pin  Required(ns)  Actual(ns)  Slack(ns)  Location  Pin
Min Period        n/a     FDCE/C   n/a            0.550         5.000       4.450                active_count_q_reg[0]/C
Min Period        n/a     FDCE/C   n/a            0.550         5.000       4.450                active_count_q_reg[1]/C
Min Period        n/a     FDCE/C   n/a            0.550         5.000       4.450                active_count_q_reg[2]/C
Min Period        n/a     FDCE/C   n/a            0.550         5.000       4.450                active_count_q_reg[3]/C
Min Period        n/a     FDCE/C   n/a            0.550         5.000       4.450                active_count_q_reg[4]/C
Min Period        n/a     FDCE/C   n/a            0.550         5.000       4.450                active_count_q_reg[5]/C
Min Period        n/a     FDCE/C   n/a            0.550         5.000       4.450                active_count_q_reg[6]/C
Min Period        n/a     FDCE/C   n/a            0.550         5.000       4.450                auto_run_q_reg/C
Min Period        n/a     FDCE/C   n/a            0.550         5.000       4.450                cold_count_q_reg[0]/C
Min Period        n/a     FDCE/C   n/a            0.550         5.000       4.450                cold_count_q_reg[1]/C
Min Period        n/a     FDCE/C   n/a            0.550         5.000       4.450                cold_count_q_reg[2]/C
Min Period        n/a     FDCE/C   n/a            0.550         5.000       4.450                cold_q_reg[0][eid][0]/C
Min Period        n/a     FDCE/C   n/a            0.550         5.000       4.450                cold_q_reg[0][eid][1]/C
Min Period        n/a     FDCE/C   n/a            0.550         5.000       4.450                cold_q_reg[0][eid][2]/C
Min Period        n/a     FDCE/C   n/a            0.550         5.000       4.450                cold_q_reg[0][eid][3]/C
Min Period        n/a     FDCE/C   n/a            0.550         5.000       4.450                cold_q_reg[0][eid][4]/C
Min Period        n/a     FDCE/C   n/a            0.550         5.000       4.450                cold_q_reg[0][eid][5]/C
Min Period        n/a     FDCE/C   n/a            0.550         5.000       4.450                cold_q_reg[0][ntok][0]/C
Min Period        n/a     FDCE/C   n/a            0.550         5.000       4.450                cold_q_reg[0][ntok][1]/C
Min Period        n/a     FDCE/C   n/a            0.550         5.000       4.450                cold_q_reg[0][ntok][2]/C
Low Pulse Width   Slow    FDCE/C   n/a            0.275         2.500       2.225                active_count_q_reg[0]/C
Low Pulse Width   Fast    FDCE/C   n/a            0.275         2.500       2.225                active_count_q_reg[0]/C
Low Pulse Width   Slow    FDCE/C   n/a            0.275         2.500       2.225                active_count_q_reg[1]/C
Low Pulse Width   Fast    FDCE/C   n/a            0.275         2.500       2.225                active_count_q_reg[1]/C
Low Pulse Width   Slow    FDCE/C   n/a            0.275         2.500       2.225                active_count_q_reg[2]/C
Low Pulse Width   Fast    FDCE/C   n/a            0.275         2.500       2.225                active_count_q_reg[2]/C
Low Pulse Width   Slow    FDCE/C   n/a            0.275         2.500       2.225                active_count_q_reg[3]/C
Low Pulse Width   Fast    FDCE/C   n/a            0.275         2.500       2.225                active_count_q_reg[3]/C
Low Pulse Width   Slow    FDCE/C   n/a            0.275         2.500       2.225                active_count_q_reg[4]/C
Low Pulse Width   Fast    FDCE/C   n/a            0.275         2.500       2.225                active_count_q_reg[4]/C
Low Pulse Width   Slow    FDCE/C   n/a            0.275         2.500       2.225                active_count_q_reg[5]/C
Low Pulse Width   Fast    FDCE/C   n/a            0.275         2.500       2.225                active_count_q_reg[5]/C
Low Pulse Width   Slow    FDCE/C   n/a            0.275         2.500       2.225                active_count_q_reg[6]/C
Low Pulse Width   Fast    FDCE/C   n/a            0.275         2.500       2.225                active_count_q_reg[6]/C
Low Pulse Width   Slow    FDCE/C   n/a            0.275         2.500       2.225                auto_run_q_reg/C
Low Pulse Width   Fast    FDCE/C   n/a            0.275         2.500       2.225                auto_run_q_reg/C
Low Pulse Width   Slow    FDCE/C   n/a            0.275         2.500       2.225                cold_count_q_reg[0]/C
Low Pulse Width   Fast    FDCE/C   n/a            0.275         2.500       2.225                cold_count_q_reg[0]/C
Low Pulse Width   Slow    FDCE/C   n/a            0.275         2.500       2.225                cold_count_q_reg[1]/C
Low Pulse Width   Fast    FDCE/C   n/a            0.275         2.500       2.225                cold_count_q_reg[1]/C
High Pulse Width  Slow    FDCE/C   n/a            0.275         2.500       2.225                active_count_q_reg[0]/C
High Pulse Width  Fast    FDCE/C   n/a            0.275         2.500       2.225                active_count_q_reg[0]/C
High Pulse Width  Slow    FDCE/C   n/a            0.275         2.500       2.225                active_count_q_reg[1]/C
High Pulse Width  Fast    FDCE/C   n/a            0.275         2.500       2.225                active_count_q_reg[1]/C
High Pulse Width  Slow    FDCE/C   n/a            0.275         2.500       2.225                active_count_q_reg[2]/C
High Pulse Width  Fast    FDCE/C   n/a            0.275         2.500       2.225                active_count_q_reg[2]/C
High Pulse Width  Slow    FDCE/C   n/a            0.275         2.500       2.225                active_count_q_reg[3]/C
High Pulse Width  Fast    FDCE/C   n/a            0.275         2.500       2.225                active_count_q_reg[3]/C
High Pulse Width  Slow    FDCE/C   n/a            0.275         2.500       2.225                active_count_q_reg[4]/C
High Pulse Width  Fast    FDCE/C   n/a            0.275         2.500       2.225                active_count_q_reg[4]/C
High Pulse Width  Slow    FDCE/C   n/a            0.275         2.500       2.225                active_count_q_reg[5]/C
High Pulse Width  Fast    FDCE/C   n/a            0.275         2.500       2.225                active_count_q_reg[5]/C
High Pulse Width  Slow    FDCE/C   n/a            0.275         2.500       2.225                active_count_q_reg[6]/C
High Pulse Width  Fast    FDCE/C   n/a            0.275         2.500       2.225                active_count_q_reg[6]/C
High Pulse Width  Slow    FDCE/C   n/a            0.275         2.500       2.225                auto_run_q_reg/C
High Pulse Width  Fast    FDCE/C   n/a            0.275         2.500       2.225                auto_run_q_reg/C
High Pulse Width  Slow    FDCE/C   n/a            0.275         2.500       2.225                cold_count_q_reg[0]/C
High Pulse Width  Fast    FDCE/C   n/a            0.275         2.500       2.225                cold_count_q_reg[0]/C
High Pulse Width  Slow    FDCE/C   n/a            0.275         2.500       2.225                cold_count_q_reg[1]/C
High Pulse Width  Fast    FDCE/C   n/a            0.275         2.500       2.225                cold_count_q_reg[1]/C



