Copyright 1986-2022 Xilinx, Inc. All Rights Reserved. Copyright 2022-2025 Advanced Micro Devices, Inc. All Rights Reserved.
--------------------------------------------------------------------------------------------------------------------------------------------------
| Tool Version      : Vivado v.2025.2 (lin64) Build 6299465 Fri Nov 14 12:34:56 MST 2025
| Date              : Tue Aug 18 19:21:09 2026
| Host              : amazone.esat.kuleuven.be running 64-bit Rocky Linux 9.8 (Blue Onyx)
| Command           : report_timing_summary -delay_type max -max_paths 20 -file .gen/ooc_iterD_200mhz/timing_summary.rpt
| Design            : moe_scheduler_reg_wrapper
| Device            : xcvp1802-lsvc4072
| Speed File        : -2MP  PRODUCTION 2.08 2024-04-16
| Design State      : Synthesized
| Temperature Grade : E
--------------------------------------------------------------------------------------------------------------------------------------------------

Timing Summary Report

------------------------------------------------------------------------------------------------
| Timer Settings
| --------------
------------------------------------------------------------------------------------------------

  Enable Multi Corner Analysis               :  Yes
  Enable Pessimism Removal                   :  Yes
  Pessimism Removal Resolution               :  Nearest Common Node
  Enable Input Delay Default Clock           :  No
  Enable Preset / Clear Arcs                 :  No
  Disable Flight Delays                      :  No
  Ignore I/O Paths                           :  No
  Timing Early Launch at Borrowing Latches   :  No
  Borrow Time for Max Delay Exceptions       :  Yes
  Merge Timing Exceptions                    :  Yes
  Inter-SLR Compensation                     :  Conservative

  Corner  Analyze    Analyze    
  Name    Max Paths  Min Paths  
  ------  ---------  ---------  
  Slow    Yes        Yes        
  Fast    Yes        Yes        


------------------------------------------------------------------------------------------------
| Report Methodology
| ------------------
------------------------------------------------------------------------------------------------

No report available as report_methodology has not been run prior. Run report_methodology on the current design for the summary of methodology violations.



check_timing report

Table of Contents
-----------------
1. checking no_clock (0)
2. checking constant_clock (0)
3. checking pulse_width_clock (0)
4. checking unconstrained_internal_endpoints (0)
5. checking no_input_delay (71)
6. checking no_output_delay (64)
7. checking multiple_clock (0)
8. checking generated_clocks (0)
9. checking loops (0)
10. checking partial_input_delay (0)
11. checking partial_output_delay (0)
12. checking latch_loops (0)

1. checking no_clock (0)
------------------------
 There are 0 register/latch pins with no clock.


2. checking constant_clock (0)
------------------------------
 There are 0 register/latch pins with constant_clock.


3. checking pulse_width_clock (0)
---------------------------------
 There are 0 register/latch pins which need pulse_width check


4. checking unconstrained_internal_endpoints (0)
------------------------------------------------
 There are 0 pins that are not constrained for maximum delay.

 There are 0 pins that are not constrained for maximum delay due to constant clock.


5. checking no_input_delay (71)
-------------------------------
 There are 71 input ports with no input delay specified. (HIGH)

 There are 0 input ports with no input delay but user has a false path constraint.


6. checking no_output_delay (64)
--------------------------------
 There are 64 ports with no output delay specified. (HIGH)

 There are 0 ports with no output delay but user has a false path constraint

 There are 0 ports with no output delay but with a timing clock defined on it or propagating through it


7. checking multiple_clock (0)
------------------------------
 There are 0 register/latch pins with multiple clocks.


8. checking generated_clocks (0)
--------------------------------
 There are 0 generated clocks that are not connected to a clock source.


9. checking loops (0)
---------------------
 There are 0 combinational loops in the design.


10. checking partial_input_delay (0)
------------------------------------
 There are 0 input ports with partial input delay specified.


11. checking partial_output_delay (0)
-------------------------------------
 There are 0 ports with partial output delay specified.


12. checking latch_loops (0)
----------------------------
 There are 0 combinational latch loops in the design through latch input



------------------------------------------------------------------------------------------------
| Design Timing Summary
| ---------------------
------------------------------------------------------------------------------------------------

    WNS(ns)      TNS(ns)  TNS Failing Endpoints  TNS Total Endpoints     WPWS(ns)     TPWS(ns)  TPWS Failing Endpoints  TPWS Total Endpoints  
    -------      -------  ---------------------  -------------------     --------     --------  ----------------------  --------------------  
     -1.179     -308.592                    518                 3755        2.225        0.000                       0                  2014  


Timing constraints are not met.


------------------------------------------------------------------------------------------------
| Clock Summary
| -------------
------------------------------------------------------------------------------------------------

Clock          Waveform(ns)         Period(ns)      Frequency(MHz)
-----          ------------         ----------      --------------
scheduler_clk  {0.000 2.500}        5.000           200.000         


------------------------------------------------------------------------------------------------
| Intra Clock Table
| -----------------
------------------------------------------------------------------------------------------------

Clock              WNS(ns)      TNS(ns)  TNS Failing Endpoints  TNS Total Endpoints     WPWS(ns)     TPWS(ns)  TPWS Failing Endpoints  TPWS Total Endpoints  
-----              -------      -------  ---------------------  -------------------     --------     --------  ----------------------  --------------------  
scheduler_clk       -1.179     -308.592                    518                 3755        2.225        0.000                       0                  2014  


------------------------------------------------------------------------------------------------
| Inter Clock Table
| -----------------
------------------------------------------------------------------------------------------------

From Clock    To Clock          WNS(ns)      TNS(ns)  TNS Failing Endpoints  TNS Total Endpoints  
----------    --------          -------      -------  ---------------------  -------------------  


------------------------------------------------------------------------------------------------
| Other Path Groups Table
| -----------------------
------------------------------------------------------------------------------------------------

Path Group    From Clock    To Clock          WNS(ns)      TNS(ns)  TNS Failing Endpoints  TNS Total Endpoints  
----------    ----------    --------          -------      -------  ---------------------  -------------------  


------------------------------------------------------------------------------------------------
| Timing Details
| --------------
------------------------------------------------------------------------------------------------


---------------------------------------------------------------------------------------------------
From Clock:  scheduler_clk
  To Clock:  scheduler_clk

Setup :          518  Failing Endpoints,  Worst Slack       -1.179ns,  Total Violation     -308.592ns
Hold  :           NA  Failing Endpoints,  Worst Slack           NA  ,  Total Violation           NA
PW    :            0  Failing Endpoints,  Worst Slack        2.225ns,  Total Violation        0.000ns
---------------------------------------------------------------------------------------------------


Max Delay Paths
--------------------------------------------------------------------------------------
Slack (VIOLATED) :        -1.179ns  (required time - arrival time)
  Source:                 refill_top_remaining_q_reg[2]/C
                            (rising edge-triggered cell FDCE clocked by scheduler_clk  {rise@0.000ns fall@2.500ns period=5.000ns})
  Destination:            hot_q_reg[4][eid][0]/CE
                            (rising edge-triggered cell FDCE clocked by scheduler_clk  {rise@0.000ns fall@2.500ns period=5.000ns})
  Path Group:             scheduler_clk
  Path Type:              Setup (Max at Slow Process Corner)
  Requirement:            5.000ns  (scheduler_clk rise@5.000ns - scheduler_clk rise@0.000ns)
  Data Path Delay:        5.752ns  (logic 1.461ns (25.400%)  route 4.291ns (74.600%))
  Logic Levels:           18  (LUT4=2 LUT6=16)
  Clock Path Skew:        -0.040ns (DCD - SCD + CPR)
    Destination Clock Delay (DCD):    0.080ns = ( 5.080 - 5.000 ) 
    Source Clock Delay      (SCD):    0.120ns
    Clock Pessimism Removal (CPR):    0.000ns
  Clock Uncertainty:      0.300ns  (CJ)/2 + PE + PJ
    Clock Jitter             (CJ):    0.600ns
    Phase Error              (PE):    0.000ns
    Phase Jitter             (PJ):    0.000ns

    Location             Delay type                Incr(ns)  Path(ns)    Netlist Resource(s)
  -------------------------------------------------------------------    -------------------
                         (clock scheduler_clk rise edge)
                                                      0.000     0.000 r  
                                                      0.000     0.000 r  clk_i (IN)
                         net (fo=2013, unset)         0.120     0.120    clk_i
                         FDCE                                         r  refill_top_remaining_q_reg[2]/C
  -------------------------------------------------------------------    -------------------
                         FDCE (Prop_FDCE_C_Q)         0.090     0.210 f  refill_top_remaining_q_reg[2]/Q
                         net (fo=17, unplaced)        0.298     0.508    i_scheduler_core/refill_bottom_remaining_q_reg[0][2]
                         LUT6 (Prop_LUT6_I1_O)        0.088     0.596 f  i_scheduler_core/cold_count_q[0]_i_13/O
                         net (fo=23, unplaced)        0.262     0.858    i_scheduler_core/cold_q[1][eid][5]_i_28/I2
                         LUT6 (Prop_LUT6_I2_O)        0.088     0.946 r  i_scheduler_core/cold_q[1][eid][5]_i_28/LUT6/O
                         net (fo=3, unplaced)         0.216     1.162    i_scheduler_core/cold_q[1][eid][5]_i_28_n_1
                         LUT6 (Prop_LUT6_I1_O)        0.088     1.250 r  i_scheduler_core/hot_count_q[1]_i_21/O
                         net (fo=7, unplaced)         0.235     1.485    i_scheduler_core/hot_count_q[1]_i_21_n_0
                         LUT6 (Prop_LUT6_I1_O)        0.088     1.573 r  i_scheduler_core/hot_q[3][eid][3]_i_41/O
                         net (fo=4, unplaced)         0.157     1.730    i_scheduler_core/hot_q[3][eid][3]_i_41_n_0
                         LUT6 (Prop_LUT6_I4_O)        0.051     1.781 f  i_scheduler_core/hot_q[8][eid][5]_i_38/O
                         net (fo=11, unplaced)        0.245     2.026    i_scheduler_core/hot_q[8][eid][5]_i_38_n_0
                         LUT6 (Prop_LUT6_I1_O)        0.088     2.114 r  i_scheduler_core/cold_q[2][valid]_bret__3_i_25/O
                         net (fo=59, unplaced)        0.201     2.315    i_scheduler_core/cold_q[2][valid]_bret__3_i_25_n_0
                         LUT4 (Prop_LUT4_I0_O)        0.074     2.389 r  i_scheduler_core/hot_q[3][eid][3]_i_22/O
                         net (fo=32, unplaced)        0.270     2.659    i_scheduler_core/hot_q[3][eid][3]_i_22_n_0
                         LUT6 (Prop_LUT6_I2_O)        0.088     2.747 f  i_scheduler_core/hot_q[3][eid][3]_i_21/O
                         net (fo=9, unplaced)         0.176     2.923    i_scheduler_core/hot_q[3][eid][3]_i_21_n_0
                         LUT6 (Prop_LUT6_I4_O)        0.051     2.974 f  i_scheduler_core/cold_q[2][valid]_bret__3_i_35/O
                         net (fo=9, unplaced)         0.176     3.150    i_scheduler_core/cold_q[2][valid]_bret__3_i_35_n_0
                         LUT6 (Prop_LUT6_I5_O)        0.051     3.201 r  i_scheduler_core/cold_q[2][eid][2]_bret__3_i_6/O
                         net (fo=50, unplaced)        0.198     3.399    i_scheduler_core/cold_q[2][eid][2]_bret__3_i_6_n_0
                         LUT6 (Prop_LUT6_I0_O)        0.074     3.473 f  i_scheduler_core/cold_q[2][valid]_bret__3_i_38/O
                         net (fo=8, unplaced)         0.238     3.711    i_scheduler_core/cold_q[2][valid]_bret__3_i_38_n_0
                         LUT6 (Prop_LUT6_I2_O)        0.088     3.799 f  i_scheduler_core/cold_q[2][valid]_bret__3_i_14/O
                         net (fo=28, unplaced)        0.202     4.001    i_scheduler_core/cold_q[2][valid]_bret__3_i_14_n_0
                         LUT4 (Prop_LUT4_I3_O)        0.051     4.052 r  i_scheduler_core/hot_count_q[1]_i_15/O
                         net (fo=26, unplaced)        0.200     4.252    i_scheduler_core/hot_count_q[1]_i_15_n_0
                         LUT6 (Prop_LUT6_I4_O)        0.051     4.303 r  i_scheduler_core/hot_count_q[1]_i_7/O
                         net (fo=4, unplaced)         0.222     4.525    i_scheduler_core/hot_count_q[1]_i_7_n_0
                         LUT6 (Prop_LUT6_I1_O)        0.088     4.613 r  i_scheduler_core/cold_q[1][eid][5]_i_17/O
                         net (fo=45, unplaced)        0.277     4.890    i_scheduler_core/cold_q[1][eid][5]_i_17_n_0
                         LUT6 (Prop_LUT6_I2_O)        0.088     4.978 f  i_scheduler_core/hot_q[4][valid]_bret__2_i_2/O
                         net (fo=17, unplaced)        0.255     5.233    i_scheduler_core/cold_q[1][eid][5]_i_14_0
                         LUT6 (Prop_LUT6_I2_O)        0.088     5.321 f  i_scheduler_core/hot_q[4][eid][5]_i_5/O
                         net (fo=1, unplaced)         0.210     5.531    i_scheduler_core/hot_q[4][eid][5]_i_5_n_0
                         LUT6 (Prop_LUT6_I2_O)        0.088     5.619 r  i_scheduler_core/hot_q[4][eid][5]_i_1/O
                         net (fo=21, unplaced)        0.253     5.872    i_scheduler_core_n_89
                         FDCE                                         r  hot_q_reg[4][eid][0]/CE
  -------------------------------------------------------------------    -------------------

                         (clock scheduler_clk rise edge)
                                                      5.000     5.000 r  
                                                      0.000     5.000 r  clk_i (IN)
                         net (fo=2013, unset)         0.080     5.080    clk_i
                         FDCE                                         r  hot_q_reg[4][eid][0]/C
                         clock pessimism              0.000     5.080    
                         clock uncertainty           -0.300     4.780    
                         FDCE (Setup_FDCE_C_CE)      -0.087     4.693    hot_q_reg[4][eid][0]
  -------------------------------------------------------------------
                         required time                          4.693    
                         arrival time                          -5.872    
  -------------------------------------------------------------------
                         slack                                 -1.179    

Slack (VIOLATED) :        -1.179ns  (required time - arrival time)
  Source:                 refill_top_remaining_q_reg[2]/C
                            (rising edge-triggered cell FDCE clocked by scheduler_clk  {rise@0.000ns fall@2.500ns period=5.000ns})
  Destination:            hot_q_reg[4][eid][1]/CE
                            (rising edge-triggered cell FDCE clocked by scheduler_clk  {rise@0.000ns fall@2.500ns period=5.000ns})
  Path Group:             scheduler_clk
  Path Type:              Setup (Max at Slow Process Corner)
  Requirement:            5.000ns  (scheduler_clk rise@5.000ns - scheduler_clk rise@0.000ns)
  Data Path Delay:        5.752ns  (logic 1.461ns (25.400%)  route 4.291ns (74.600%))
  Logic Levels:           18  (LUT4=2 LUT6=16)
  Clock Path Skew:        -0.040ns (DCD - SCD + CPR)
    Destination Clock Delay (DCD):    0.080ns = ( 5.080 - 5.000 ) 
    Source Clock Delay      (SCD):    0.120ns
    Clock Pessimism Removal (CPR):    0.000ns
  Clock Uncertainty:      0.300ns  (CJ)/2 + PE + PJ
    Clock Jitter             (CJ):    0.600ns
    Phase Error              (PE):    0.000ns
    Phase Jitter             (PJ):    0.000ns

    Location             Delay type                Incr(ns)  Path(ns)    Netlist Resource(s)
  -------------------------------------------------------------------    -------------------
                         (clock scheduler_clk rise edge)
                                                      0.000     0.000 r  
                                                      0.000     0.000 r  clk_i (IN)
                         net (fo=2013, unset)         0.120     0.120    clk_i
                         FDCE                                         r  refill_top_remaining_q_reg[2]/C
  -------------------------------------------------------------------    -------------------
                         FDCE (Prop_FDCE_C_Q)         0.090     0.210 f  refill_top_remaining_q_reg[2]/Q
                         net (fo=17, unplaced)        0.298     0.508    i_scheduler_core/refill_bottom_remaining_q_reg[0][2]
                         LUT6 (Prop_LUT6_I1_O)        0.088     0.596 f  i_scheduler_core/cold_count_q[0]_i_13/O
                         net (fo=23, unplaced)        0.262     0.858    i_scheduler_core/cold_q[1][eid][5]_i_28/I2
                         LUT6 (Prop_LUT6_I2_O)        0.088     0.946 r  i_scheduler_core/cold_q[1][eid][5]_i_28/LUT6/O
                         net (fo=3, unplaced)         0.216     1.162    i_scheduler_core/cold_q[1][eid][5]_i_28_n_1
                         LUT6 (Prop_LUT6_I1_O)        0.088     1.250 r  i_scheduler_core/hot_count_q[1]_i_21/O
                         net (fo=7, unplaced)         0.235     1.485    i_scheduler_core/hot_count_q[1]_i_21_n_0
                         LUT6 (Prop_LUT6_I1_O)        0.088     1.573 r  i_scheduler_core/hot_q[3][eid][3]_i_41/O
                         net (fo=4, unplaced)         0.157     1.730    i_scheduler_core/hot_q[3][eid][3]_i_41_n_0
                         LUT6 (Prop_LUT6_I4_O)        0.051     1.781 f  i_scheduler_core/hot_q[8][eid][5]_i_38/O
                         net (fo=11, unplaced)        0.245     2.026    i_scheduler_core/hot_q[8][eid][5]_i_38_n_0
                         LUT6 (Prop_LUT6_I1_O)        0.088     2.114 r  i_scheduler_core/cold_q[2][valid]_bret__3_i_25/O
                         net (fo=59, unplaced)        0.201     2.315    i_scheduler_core/cold_q[2][valid]_bret__3_i_25_n_0
                         LUT4 (Prop_LUT4_I0_O)        0.074     2.389 r  i_scheduler_core/hot_q[3][eid][3]_i_22/O
                         net (fo=32, unplaced)        0.270     2.659    i_scheduler_core/hot_q[3][eid][3]_i_22_n_0
                         LUT6 (Prop_LUT6_I2_O)        0.088     2.747 f  i_scheduler_core/hot_q[3][eid][3]_i_21/O
                         net (fo=9, unplaced)         0.176     2.923    i_scheduler_core/hot_q[3][eid][3]_i_21_n_0
                         LUT6 (Prop_LUT6_I4_O)        0.051     2.974 f  i_scheduler_core/cold_q[2][valid]_bret__3_i_35/O
                         net (fo=9, unplaced)         0.176     3.150    i_scheduler_core/cold_q[2][valid]_bret__3_i_35_n_0
                         LUT6 (Prop_LUT6_I5_O)        0.051     3.201 r  i_scheduler_core/cold_q[2][eid][2]_bret__3_i_6/O
                         net (fo=50, unplaced)        0.198     3.399    i_scheduler_core/cold_q[2][eid][2]_bret__3_i_6_n_0
                         LUT6 (Prop_LUT6_I0_O)        0.074     3.473 f  i_scheduler_core/cold_q[2][valid]_bret__3_i_38/O
                         net (fo=8, unplaced)         0.238     3.711    i_scheduler_core/cold_q[2][valid]_bret__3_i_38_n_0
                         LUT6 (Prop_LUT6_I2_O)        0.088     3.799 f  i_scheduler_core/cold_q[2][valid]_bret__3_i_14/O
                         net (fo=28, unplaced)        0.202     4.001    i_scheduler_core/cold_q[2][valid]_bret__3_i_14_n_0
                         LUT4 (Prop_LUT4_I3_O)        0.051     4.052 r  i_scheduler_core/hot_count_q[1]_i_15/O
                         net (fo=26, unplaced)        0.200     4.252    i_scheduler_core/hot_count_q[1]_i_15_n_0
                         LUT6 (Prop_LUT6_I4_O)        0.051     4.303 r  i_scheduler_core/hot_count_q[1]_i_7/O
                         net (fo=4, unplaced)         0.222     4.525    i_scheduler_core/hot_count_q[1]_i_7_n_0
                         LUT6 (Prop_LUT6_I1_O)        0.088     4.613 r  i_scheduler_core/cold_q[1][eid][5]_i_17/O
                         net (fo=45, unplaced)        0.277     4.890    i_scheduler_core/cold_q[1][eid][5]_i_17_n_0
                         LUT6 (Prop_LUT6_I2_O)        0.088     4.978 f  i_scheduler_core/hot_q[4][valid]_bret__2_i_2/O
                         net (fo=17, unplaced)        0.255     5.233    i_scheduler_core/cold_q[1][eid][5]_i_14_0
                         LUT6 (Prop_LUT6_I2_O)        0.088     5.321 f  i_scheduler_core/hot_q[4][eid][5]_i_5/O
                         net (fo=1, unplaced)         0.210     5.531    i_scheduler_core/hot_q[4][eid][5]_i_5_n_0
                         LUT6 (Prop_LUT6_I2_O)        0.088     5.619 r  i_scheduler_core/hot_q[4][eid][5]_i_1/O
                         net (fo=21, unplaced)        0.253     5.872    i_scheduler_core_n_89
                         FDCE                                         r  hot_q_reg[4][eid][1]/CE
  -------------------------------------------------------------------    -------------------

                         (clock scheduler_clk rise edge)
                                                      5.000     5.000 r  
                                                      0.000     5.000 r  clk_i (IN)
                         net (fo=2013, unset)         0.080     5.080    clk_i
                         FDCE                                         r  hot_q_reg[4][eid][1]/C
                         clock pessimism              0.000     5.080    
                         clock uncertainty           -0.300     4.780    
                         FDCE (Setup_FDCE_C_CE)      -0.087     4.693    hot_q_reg[4][eid][1]
  -------------------------------------------------------------------
                         required time                          4.693    
                         arrival time                          -5.872    
  -------------------------------------------------------------------
                         slack                                 -1.179    

Slack (VIOLATED) :        -1.179ns  (required time - arrival time)
  Source:                 refill_top_remaining_q_reg[2]/C
                            (rising edge-triggered cell FDCE clocked by scheduler_clk  {rise@0.000ns fall@2.500ns period=5.000ns})
  Destination:            hot_q_reg[4][eid][2]/CE
                            (rising edge-triggered cell FDCE clocked by scheduler_clk  {rise@0.000ns fall@2.500ns period=5.000ns})
  Path Group:             scheduler_clk
  Path Type:              Setup (Max at Slow Process Corner)
  Requirement:            5.000ns  (scheduler_clk rise@5.000ns - scheduler_clk rise@0.000ns)
  Data Path Delay:        5.752ns  (logic 1.461ns (25.400%)  route 4.291ns (74.600%))
  Logic Levels:           18  (LUT4=2 LUT6=16)
  Clock Path Skew:        -0.040ns (DCD - SCD + CPR)
    Destination Clock Delay (DCD):    0.080ns = ( 5.080 - 5.000 ) 
    Source Clock Delay      (SCD):    0.120ns
    Clock Pessimism Removal (CPR):    0.000ns
  Clock Uncertainty:      0.300ns  (CJ)/2 + PE + PJ
    Clock Jitter             (CJ):    0.600ns
    Phase Error              (PE):    0.000ns
    Phase Jitter             (PJ):    0.000ns

    Location             Delay type                Incr(ns)  Path(ns)    Netlist Resource(s)
  -------------------------------------------------------------------    -------------------
                         (clock scheduler_clk rise edge)
                                                      0.000     0.000 r  
                                                      0.000     0.000 r  clk_i (IN)
                         net (fo=2013, unset)         0.120     0.120    clk_i
                         FDCE                                         r  refill_top_remaining_q_reg[2]/C
  -------------------------------------------------------------------    -------------------
                         FDCE (Prop_FDCE_C_Q)         0.090     0.210 f  refill_top_remaining_q_reg[2]/Q
                         net (fo=17, unplaced)        0.298     0.508    i_scheduler_core/refill_bottom_remaining_q_reg[0][2]
                         LUT6 (Prop_LUT6_I1_O)        0.088     0.596 f  i_scheduler_core/cold_count_q[0]_i_13/O
                         net (fo=23, unplaced)        0.262     0.858    i_scheduler_core/cold_q[1][eid][5]_i_28/I2
                         LUT6 (Prop_LUT6_I2_O)        0.088     0.946 r  i_scheduler_core/cold_q[1][eid][5]_i_28/LUT6/O
                         net (fo=3, unplaced)         0.216     1.162    i_scheduler_core/cold_q[1][eid][5]_i_28_n_1
                         LUT6 (Prop_LUT6_I1_O)        0.088     1.250 r  i_scheduler_core/hot_count_q[1]_i_21/O
                         net (fo=7, unplaced)         0.235     1.485    i_scheduler_core/hot_count_q[1]_i_21_n_0
                         LUT6 (Prop_LUT6_I1_O)        0.088     1.573 r  i_scheduler_core/hot_q[3][eid][3]_i_41/O
                         net (fo=4, unplaced)         0.157     1.730    i_scheduler_core/hot_q[3][eid][3]_i_41_n_0
                         LUT6 (Prop_LUT6_I4_O)        0.051     1.781 f  i_scheduler_core/hot_q[8][eid][5]_i_38/O
                         net (fo=11, unplaced)        0.245     2.026    i_scheduler_core/hot_q[8][eid][5]_i_38_n_0
                         LUT6 (Prop_LUT6_I1_O)        0.088     2.114 r  i_scheduler_core/cold_q[2][valid]_bret__3_i_25/O
                         net (fo=59, unplaced)        0.201     2.315    i_scheduler_core/cold_q[2][valid]_bret__3_i_25_n_0
                         LUT4 (Prop_LUT4_I0_O)        0.074     2.389 r  i_scheduler_core/hot_q[3][eid][3]_i_22/O
                         net (fo=32, unplaced)        0.270     2.659    i_scheduler_core/hot_q[3][eid][3]_i_22_n_0
                         LUT6 (Prop_LUT6_I2_O)        0.088     2.747 f  i_scheduler_core/hot_q[3][eid][3]_i_21/O
                         net (fo=9, unplaced)         0.176     2.923    i_scheduler_core/hot_q[3][eid][3]_i_21_n_0
                         LUT6 (Prop_LUT6_I4_O)        0.051     2.974 f  i_scheduler_core/cold_q[2][valid]_bret__3_i_35/O
                         net (fo=9, unplaced)         0.176     3.150    i_scheduler_core/cold_q[2][valid]_bret__3_i_35_n_0
                         LUT6 (Prop_LUT6_I5_O)        0.051     3.201 r  i_scheduler_core/cold_q[2][eid][2]_bret__3_i_6/O
                         net (fo=50, unplaced)        0.198     3.399    i_scheduler_core/cold_q[2][eid][2]_bret__3_i_6_n_0
                         LUT6 (Prop_LUT6_I0_O)        0.074     3.473 f  i_scheduler_core/cold_q[2][valid]_bret__3_i_38/O
                         net (fo=8, unplaced)         0.238     3.711    i_scheduler_core/cold_q[2][valid]_bret__3_i_38_n_0
                         LUT6 (Prop_LUT6_I2_O)        0.088     3.799 f  i_scheduler_core/cold_q[2][valid]_bret__3_i_14/O
                         net (fo=28, unplaced)        0.202     4.001    i_scheduler_core/cold_q[2][valid]_bret__3_i_14_n_0
                         LUT4 (Prop_LUT4_I3_O)        0.051     4.052 r  i_scheduler_core/hot_count_q[1]_i_15/O
                         net (fo=26, unplaced)        0.200     4.252    i_scheduler_core/hot_count_q[1]_i_15_n_0
                         LUT6 (Prop_LUT6_I4_O)        0.051     4.303 r  i_scheduler_core/hot_count_q[1]_i_7/O
                         net (fo=4, unplaced)         0.222     4.525    i_scheduler_core/hot_count_q[1]_i_7_n_0
                         LUT6 (Prop_LUT6_I1_O)        0.088     4.613 r  i_scheduler_core/cold_q[1][eid][5]_i_17/O
                         net (fo=45, unplaced)        0.277     4.890    i_scheduler_core/cold_q[1][eid][5]_i_17_n_0
                         LUT6 (Prop_LUT6_I2_O)        0.088     4.978 f  i_scheduler_core/hot_q[4][valid]_bret__2_i_2/O
                         net (fo=17, unplaced)        0.255     5.233    i_scheduler_core/cold_q[1][eid][5]_i_14_0
                         LUT6 (Prop_LUT6_I2_O)        0.088     5.321 f  i_scheduler_core/hot_q[4][eid][5]_i_5/O
                         net (fo=1, unplaced)         0.210     5.531    i_scheduler_core/hot_q[4][eid][5]_i_5_n_0
                         LUT6 (Prop_LUT6_I2_O)        0.088     5.619 r  i_scheduler_core/hot_q[4][eid][5]_i_1/O
                         net (fo=21, unplaced)        0.253     5.872    i_scheduler_core_n_89
                         FDCE                                         r  hot_q_reg[4][eid][2]/CE
  -------------------------------------------------------------------    -------------------

                         (clock scheduler_clk rise edge)
                                                      5.000     5.000 r  
                                                      0.000     5.000 r  clk_i (IN)
                         net (fo=2013, unset)         0.080     5.080    clk_i
                         FDCE                                         r  hot_q_reg[4][eid][2]/C
                         clock pessimism              0.000     5.080    
                         clock uncertainty           -0.300     4.780    
                         FDCE (Setup_FDCE_C_CE)      -0.087     4.693    hot_q_reg[4][eid][2]
  -------------------------------------------------------------------
                         required time                          4.693    
                         arrival time                          -5.872    
  -------------------------------------------------------------------
                         slack                                 -1.179    

Slack (VIOLATED) :        -1.179ns  (required time - arrival time)
  Source:                 refill_top_remaining_q_reg[2]/C
                            (rising edge-triggered cell FDCE clocked by scheduler_clk  {rise@0.000ns fall@2.500ns period=5.000ns})
  Destination:            hot_q_reg[4][eid][3]/CE
                            (rising edge-triggered cell FDCE clocked by scheduler_clk  {rise@0.000ns fall@2.500ns period=5.000ns})
  Path Group:             scheduler_clk
  Path Type:              Setup (Max at Slow Process Corner)
  Requirement:            5.000ns  (scheduler_clk rise@5.000ns - scheduler_clk rise@0.000ns)
  Data Path Delay:        5.752ns  (logic 1.461ns (25.400%)  route 4.291ns (74.600%))
  Logic Levels:           18  (LUT4=2 LUT6=16)
  Clock Path Skew:        -0.040ns (DCD - SCD + CPR)
    Destination Clock Delay (DCD):    0.080ns = ( 5.080 - 5.000 ) 
    Source Clock Delay      (SCD):    0.120ns
    Clock Pessimism Removal (CPR):    0.000ns
  Clock Uncertainty:      0.300ns  (CJ)/2 + PE + PJ
    Clock Jitter             (CJ):    0.600ns
    Phase Error              (PE):    0.000ns
    Phase Jitter             (PJ):    0.000ns

    Location             Delay type                Incr(ns)  Path(ns)    Netlist Resource(s)
  -------------------------------------------------------------------    -------------------
                         (clock scheduler_clk rise edge)
                                                      0.000     0.000 r  
                                                      0.000     0.000 r  clk_i (IN)
                         net (fo=2013, unset)         0.120     0.120    clk_i
                         FDCE                                         r  refill_top_remaining_q_reg[2]/C
  -------------------------------------------------------------------    -------------------
                         FDCE (Prop_FDCE_C_Q)         0.090     0.210 f  refill_top_remaining_q_reg[2]/Q
                         net (fo=17, unplaced)        0.298     0.508    i_scheduler_core/refill_bottom_remaining_q_reg[0][2]
                         LUT6 (Prop_LUT6_I1_O)        0.088     0.596 f  i_scheduler_core/cold_count_q[0]_i_13/O
                         net (fo=23, unplaced)        0.262     0.858    i_scheduler_core/cold_q[1][eid][5]_i_28/I2
                         LUT6 (Prop_LUT6_I2_O)        0.088     0.946 r  i_scheduler_core/cold_q[1][eid][5]_i_28/LUT6/O
                         net (fo=3, unplaced)         0.216     1.162    i_scheduler_core/cold_q[1][eid][5]_i_28_n_1
                         LUT6 (Prop_LUT6_I1_O)        0.088     1.250 r  i_scheduler_core/hot_count_q[1]_i_21/O
                         net (fo=7, unplaced)         0.235     1.485    i_scheduler_core/hot_count_q[1]_i_21_n_0
                         LUT6 (Prop_LUT6_I1_O)        0.088     1.573 r  i_scheduler_core/hot_q[3][eid][3]_i_41/O
                         net (fo=4, unplaced)         0.157     1.730    i_scheduler_core/hot_q[3][eid][3]_i_41_n_0
                         LUT6 (Prop_LUT6_I4_O)        0.051     1.781 f  i_scheduler_core/hot_q[8][eid][5]_i_38/O
                         net (fo=11, unplaced)        0.245     2.026    i_scheduler_core/hot_q[8][eid][5]_i_38_n_0
                         LUT6 (Prop_LUT6_I1_O)        0.088     2.114 r  i_scheduler_core/cold_q[2][valid]_bret__3_i_25/O
                         net (fo=59, unplaced)        0.201     2.315    i_scheduler_core/cold_q[2][valid]_bret__3_i_25_n_0
                         LUT4 (Prop_LUT4_I0_O)        0.074     2.389 r  i_scheduler_core/hot_q[3][eid][3]_i_22/O
                         net (fo=32, unplaced)        0.270     2.659    i_scheduler_core/hot_q[3][eid][3]_i_22_n_0
                         LUT6 (Prop_LUT6_I2_O)        0.088     2.747 f  i_scheduler_core/hot_q[3][eid][3]_i_21/O
                         net (fo=9, unplaced)         0.176     2.923    i_scheduler_core/hot_q[3][eid][3]_i_21_n_0
                         LUT6 (Prop_LUT6_I4_O)        0.051     2.974 f  i_scheduler_core/cold_q[2][valid]_bret__3_i_35/O
                         net (fo=9, unplaced)         0.176     3.150    i_scheduler_core/cold_q[2][valid]_bret__3_i_35_n_0
                         LUT6 (Prop_LUT6_I5_O)        0.051     3.201 r  i_scheduler_core/cold_q[2][eid][2]_bret__3_i_6/O
                         net (fo=50, unplaced)        0.198     3.399    i_scheduler_core/cold_q[2][eid][2]_bret__3_i_6_n_0
                         LUT6 (Prop_LUT6_I0_O)        0.074     3.473 f  i_scheduler_core/cold_q[2][valid]_bret__3_i_38/O
                         net (fo=8, unplaced)         0.238     3.711    i_scheduler_core/cold_q[2][valid]_bret__3_i_38_n_0
                         LUT6 (Prop_LUT6_I2_O)        0.088     3.799 f  i_scheduler_core/cold_q[2][valid]_bret__3_i_14/O
                         net (fo=28, unplaced)        0.202     4.001    i_scheduler_core/cold_q[2][valid]_bret__3_i_14_n_0
                         LUT4 (Prop_LUT4_I3_O)        0.051     4.052 r  i_scheduler_core/hot_count_q[1]_i_15/O
                         net (fo=26, unplaced)        0.200     4.252    i_scheduler_core/hot_count_q[1]_i_15_n_0
                         LUT6 (Prop_LUT6_I4_O)        0.051     4.303 r  i_scheduler_core/hot_count_q[1]_i_7/O
                         net (fo=4, unplaced)         0.222     4.525    i_scheduler_core/hot_count_q[1]_i_7_n_0
                         LUT6 (Prop_LUT6_I1_O)        0.088     4.613 r  i_scheduler_core/cold_q[1][eid][5]_i_17/O
                         net (fo=45, unplaced)        0.277     4.890    i_scheduler_core/cold_q[1][eid][5]_i_17_n_0
                         LUT6 (Prop_LUT6_I2_O)        0.088     4.978 f  i_scheduler_core/hot_q[4][valid]_bret__2_i_2/O
                         net (fo=17, unplaced)        0.255     5.233    i_scheduler_core/cold_q[1][eid][5]_i_14_0
                         LUT6 (Prop_LUT6_I2_O)        0.088     5.321 f  i_scheduler_core/hot_q[4][eid][5]_i_5/O
                         net (fo=1, unplaced)         0.210     5.531    i_scheduler_core/hot_q[4][eid][5]_i_5_n_0
                         LUT6 (Prop_LUT6_I2_O)        0.088     5.619 r  i_scheduler_core/hot_q[4][eid][5]_i_1/O
                         net (fo=21, unplaced)        0.253     5.872    i_scheduler_core_n_89
                         FDCE                                         r  hot_q_reg[4][eid][3]/CE
  -------------------------------------------------------------------    -------------------

                         (clock scheduler_clk rise edge)
                                                      5.000     5.000 r  
                                                      0.000     5.000 r  clk_i (IN)
                         net (fo=2013, unset)         0.080     5.080    clk_i
                         FDCE                                         r  hot_q_reg[4][eid][3]/C
                         clock pessimism              0.000     5.080    
                         clock uncertainty           -0.300     4.780    
                         FDCE (Setup_FDCE_C_CE)      -0.087     4.693    hot_q_reg[4][eid][3]
  -------------------------------------------------------------------
                         required time                          4.693    
                         arrival time                          -5.872    
  -------------------------------------------------------------------
                         slack                                 -1.179    

Slack (VIOLATED) :        -1.179ns  (required time - arrival time)
  Source:                 refill_top_remaining_q_reg[2]/C
                            (rising edge-triggered cell FDCE clocked by scheduler_clk  {rise@0.000ns fall@2.500ns period=5.000ns})
  Destination:            hot_q_reg[4][eid][4]/CE
                            (rising edge-triggered cell FDCE clocked by scheduler_clk  {rise@0.000ns fall@2.500ns period=5.000ns})
  Path Group:             scheduler_clk
  Path Type:              Setup (Max at Slow Process Corner)
  Requirement:            5.000ns  (scheduler_clk rise@5.000ns - scheduler_clk rise@0.000ns)
  Data Path Delay:        5.752ns  (logic 1.461ns (25.400%)  route 4.291ns (74.600%))
  Logic Levels:           18  (LUT4=2 LUT6=16)
  Clock Path Skew:        -0.040ns (DCD - SCD + CPR)
    Destination Clock Delay (DCD):    0.080ns = ( 5.080 - 5.000 ) 
    Source Clock Delay      (SCD):    0.120ns
    Clock Pessimism Removal (CPR):    0.000ns
  Clock Uncertainty:      0.300ns  (CJ)/2 + PE + PJ
    Clock Jitter             (CJ):    0.600ns
    Phase Error              (PE):    0.000ns
    Phase Jitter             (PJ):    0.000ns

    Location             Delay type                Incr(ns)  Path(ns)    Netlist Resource(s)
  -------------------------------------------------------------------    -------------------
                         (clock scheduler_clk rise edge)
                                                      0.000     0.000 r  
                                                      0.000     0.000 r  clk_i (IN)
                         net (fo=2013, unset)         0.120     0.120    clk_i
                         FDCE                                         r  refill_top_remaining_q_reg[2]/C
  -------------------------------------------------------------------    -------------------
                         FDCE (Prop_FDCE_C_Q)         0.090     0.210 f  refill_top_remaining_q_reg[2]/Q
                         net (fo=17, unplaced)        0.298     0.508    i_scheduler_core/refill_bottom_remaining_q_reg[0][2]
                         LUT6 (Prop_LUT6_I1_O)        0.088     0.596 f  i_scheduler_core/cold_count_q[0]_i_13/O
                         net (fo=23, unplaced)        0.262     0.858    i_scheduler_core/cold_q[1][eid][5]_i_28/I2
                         LUT6 (Prop_LUT6_I2_O)        0.088     0.946 r  i_scheduler_core/cold_q[1][eid][5]_i_28/LUT6/O
                         net (fo=3, unplaced)         0.216     1.162    i_scheduler_core/cold_q[1][eid][5]_i_28_n_1
                         LUT6 (Prop_LUT6_I1_O)        0.088     1.250 r  i_scheduler_core/hot_count_q[1]_i_21/O
                         net (fo=7, unplaced)         0.235     1.485    i_scheduler_core/hot_count_q[1]_i_21_n_0
                         LUT6 (Prop_LUT6_I1_O)        0.088     1.573 r  i_scheduler_core/hot_q[3][eid][3]_i_41/O
                         net (fo=4, unplaced)         0.157     1.730    i_scheduler_core/hot_q[3][eid][3]_i_41_n_0
                         LUT6 (Prop_LUT6_I4_O)        0.051     1.781 f  i_scheduler_core/hot_q[8][eid][5]_i_38/O
                         net (fo=11, unplaced)        0.245     2.026    i_scheduler_core/hot_q[8][eid][5]_i_38_n_0
                         LUT6 (Prop_LUT6_I1_O)        0.088     2.114 r  i_scheduler_core/cold_q[2][valid]_bret__3_i_25/O
                         net (fo=59, unplaced)        0.201     2.315    i_scheduler_core/cold_q[2][valid]_bret__3_i_25_n_0
                         LUT4 (Prop_LUT4_I0_O)        0.074     2.389 r  i_scheduler_core/hot_q[3][eid][3]_i_22/O
                         net (fo=32, unplaced)        0.270     2.659    i_scheduler_core/hot_q[3][eid][3]_i_22_n_0
                         LUT6 (Prop_LUT6_I2_O)        0.088     2.747 f  i_scheduler_core/hot_q[3][eid][3]_i_21/O
                         net (fo=9, unplaced)         0.176     2.923    i_scheduler_core/hot_q[3][eid][3]_i_21_n_0
                         LUT6 (Prop_LUT6_I4_O)        0.051     2.974 f  i_scheduler_core/cold_q[2][valid]_bret__3_i_35/O
                         net (fo=9, unplaced)         0.176     3.150    i_scheduler_core/cold_q[2][valid]_bret__3_i_35_n_0
                         LUT6 (Prop_LUT6_I5_O)        0.051     3.201 r  i_scheduler_core/cold_q[2][eid][2]_bret__3_i_6/O
                         net (fo=50, unplaced)        0.198     3.399    i_scheduler_core/cold_q[2][eid][2]_bret__3_i_6_n_0
                         LUT6 (Prop_LUT6_I0_O)        0.074     3.473 f  i_scheduler_core/cold_q[2][valid]_bret__3_i_38/O
                         net (fo=8, unplaced)         0.238     3.711    i_scheduler_core/cold_q[2][valid]_bret__3_i_38_n_0
                         LUT6 (Prop_LUT6_I2_O)        0.088     3.799 f  i_scheduler_core/cold_q[2][valid]_bret__3_i_14/O
                         net (fo=28, unplaced)        0.202     4.001    i_scheduler_core/cold_q[2][valid]_bret__3_i_14_n_0
                         LUT4 (Prop_LUT4_I3_O)        0.051     4.052 r  i_scheduler_core/hot_count_q[1]_i_15/O
                         net (fo=26, unplaced)        0.200     4.252    i_scheduler_core/hot_count_q[1]_i_15_n_0
                         LUT6 (Prop_LUT6_I4_O)        0.051     4.303 r  i_scheduler_core/hot_count_q[1]_i_7/O
                         net (fo=4, unplaced)         0.222     4.525    i_scheduler_core/hot_count_q[1]_i_7_n_0
                         LUT6 (Prop_LUT6_I1_O)        0.088     4.613 r  i_scheduler_core/cold_q[1][eid][5]_i_17/O
                         net (fo=45, unplaced)        0.277     4.890    i_scheduler_core/cold_q[1][eid][5]_i_17_n_0
                         LUT6 (Prop_LUT6_I2_O)        0.088     4.978 f  i_scheduler_core/hot_q[4][valid]_bret__2_i_2/O
                         net (fo=17, unplaced)        0.255     5.233    i_scheduler_core/cold_q[1][eid][5]_i_14_0
                         LUT6 (Prop_LUT6_I2_O)        0.088     5.321 f  i_scheduler_core/hot_q[4][eid][5]_i_5/O
                         net (fo=1, unplaced)         0.210     5.531    i_scheduler_core/hot_q[4][eid][5]_i_5_n_0
                         LUT6 (Prop_LUT6_I2_O)        0.088     5.619 r  i_scheduler_core/hot_q[4][eid][5]_i_1/O
                         net (fo=21, unplaced)        0.253     5.872    i_scheduler_core_n_89
                         FDCE                                         r  hot_q_reg[4][eid][4]/CE
  -------------------------------------------------------------------    -------------------

                         (clock scheduler_clk rise edge)
                                                      5.000     5.000 r  
                                                      0.000     5.000 r  clk_i (IN)
                         net (fo=2013, unset)         0.080     5.080    clk_i
                         FDCE                                         r  hot_q_reg[4][eid][4]/C
                         clock pessimism              0.000     5.080    
                         clock uncertainty           -0.300     4.780    
                         FDCE (Setup_FDCE_C_CE)      -0.087     4.693    hot_q_reg[4][eid][4]
  -------------------------------------------------------------------
                         required time                          4.693    
                         arrival time                          -5.872    
  -------------------------------------------------------------------
                         slack                                 -1.179    

Slack (VIOLATED) :        -1.179ns  (required time - arrival time)
  Source:                 refill_top_remaining_q_reg[2]/C
                            (rising edge-triggered cell FDCE clocked by scheduler_clk  {rise@0.000ns fall@2.500ns period=5.000ns})
  Destination:            hot_q_reg[4][eid][5]/CE
                            (rising edge-triggered cell FDCE clocked by scheduler_clk  {rise@0.000ns fall@2.500ns period=5.000ns})
  Path Group:             scheduler_clk
  Path Type:              Setup (Max at Slow Process Corner)
  Requirement:            5.000ns  (scheduler_clk rise@5.000ns - scheduler_clk rise@0.000ns)
  Data Path Delay:        5.752ns  (logic 1.461ns (25.400%)  route 4.291ns (74.600%))
  Logic Levels:           18  (LUT4=2 LUT6=16)
  Clock Path Skew:        -0.040ns (DCD - SCD + CPR)
    Destination Clock Delay (DCD):    0.080ns = ( 5.080 - 5.000 ) 
    Source Clock Delay      (SCD):    0.120ns
    Clock Pessimism Removal (CPR):    0.000ns
  Clock Uncertainty:      0.300ns  (CJ)/2 + PE + PJ
    Clock Jitter             (CJ):    0.600ns
    Phase Error              (PE):    0.000ns
    Phase Jitter             (PJ):    0.000ns

    Location             Delay type                Incr(ns)  Path(ns)    Netlist Resource(s)
  -------------------------------------------------------------------    -------------------
                         (clock scheduler_clk rise edge)
                                                      0.000     0.000 r  
                                                      0.000     0.000 r  clk_i (IN)
                         net (fo=2013, unset)         0.120     0.120    clk_i
                         FDCE                                         r  refill_top_remaining_q_reg[2]/C
  -------------------------------------------------------------------    -------------------
                         FDCE (Prop_FDCE_C_Q)         0.090     0.210 f  refill_top_remaining_q_reg[2]/Q
                         net (fo=17, unplaced)        0.298     0.508    i_scheduler_core/refill_bottom_remaining_q_reg[0][2]
                         LUT6 (Prop_LUT6_I1_O)        0.088     0.596 f  i_scheduler_core/cold_count_q[0]_i_13/O
                         net (fo=23, unplaced)        0.262     0.858    i_scheduler_core/cold_q[1][eid][5]_i_28/I2
                         LUT6 (Prop_LUT6_I2_O)        0.088     0.946 r  i_scheduler_core/cold_q[1][eid][5]_i_28/LUT6/O
                         net (fo=3, unplaced)         0.216     1.162    i_scheduler_core/cold_q[1][eid][5]_i_28_n_1
                         LUT6 (Prop_LUT6_I1_O)        0.088     1.250 r  i_scheduler_core/hot_count_q[1]_i_21/O
                         net (fo=7, unplaced)         0.235     1.485    i_scheduler_core/hot_count_q[1]_i_21_n_0
                         LUT6 (Prop_LUT6_I1_O)        0.088     1.573 r  i_scheduler_core/hot_q[3][eid][3]_i_41/O
                         net (fo=4, unplaced)         0.157     1.730    i_scheduler_core/hot_q[3][eid][3]_i_41_n_0
                         LUT6 (Prop_LUT6_I4_O)        0.051     1.781 f  i_scheduler_core/hot_q[8][eid][5]_i_38/O
                         net (fo=11, unplaced)        0.245     2.026    i_scheduler_core/hot_q[8][eid][5]_i_38_n_0
                         LUT6 (Prop_LUT6_I1_O)        0.088     2.114 r  i_scheduler_core/cold_q[2][valid]_bret__3_i_25/O
                         net (fo=59, unplaced)        0.201     2.315    i_scheduler_core/cold_q[2][valid]_bret__3_i_25_n_0
                         LUT4 (Prop_LUT4_I0_O)        0.074     2.389 r  i_scheduler_core/hot_q[3][eid][3]_i_22/O
                         net (fo=32, unplaced)        0.270     2.659    i_scheduler_core/hot_q[3][eid][3]_i_22_n_0
                         LUT6 (Prop_LUT6_I2_O)        0.088     2.747 f  i_scheduler_core/hot_q[3][eid][3]_i_21/O
                         net (fo=9, unplaced)         0.176     2.923    i_scheduler_core/hot_q[3][eid][3]_i_21_n_0
                         LUT6 (Prop_LUT6_I4_O)        0.051     2.974 f  i_scheduler_core/cold_q[2][valid]_bret__3_i_35/O
                         net (fo=9, unplaced)         0.176     3.150    i_scheduler_core/cold_q[2][valid]_bret__3_i_35_n_0
                         LUT6 (Prop_LUT6_I5_O)        0.051     3.201 r  i_scheduler_core/cold_q[2][eid][2]_bret__3_i_6/O
                         net (fo=50, unplaced)        0.198     3.399    i_scheduler_core/cold_q[2][eid][2]_bret__3_i_6_n_0
                         LUT6 (Prop_LUT6_I0_O)        0.074     3.473 f  i_scheduler_core/cold_q[2][valid]_bret__3_i_38/O
                         net (fo=8, unplaced)         0.238     3.711    i_scheduler_core/cold_q[2][valid]_bret__3_i_38_n_0
                         LUT6 (Prop_LUT6_I2_O)        0.088     3.799 f  i_scheduler_core/cold_q[2][valid]_bret__3_i_14/O
                         net (fo=28, unplaced)        0.202     4.001    i_scheduler_core/cold_q[2][valid]_bret__3_i_14_n_0
                         LUT4 (Prop_LUT4_I3_O)        0.051     4.052 r  i_scheduler_core/hot_count_q[1]_i_15/O
                         net (fo=26, unplaced)        0.200     4.252    i_scheduler_core/hot_count_q[1]_i_15_n_0
                         LUT6 (Prop_LUT6_I4_O)        0.051     4.303 r  i_scheduler_core/hot_count_q[1]_i_7/O
                         net (fo=4, unplaced)         0.222     4.525    i_scheduler_core/hot_count_q[1]_i_7_n_0
                         LUT6 (Prop_LUT6_I1_O)        0.088     4.613 r  i_scheduler_core/cold_q[1][eid][5]_i_17/O
                         net (fo=45, unplaced)        0.277     4.890    i_scheduler_core/cold_q[1][eid][5]_i_17_n_0
                         LUT6 (Prop_LUT6_I2_O)        0.088     4.978 f  i_scheduler_core/hot_q[4][valid]_bret__2_i_2/O
                         net (fo=17, unplaced)        0.255     5.233    i_scheduler_core/cold_q[1][eid][5]_i_14_0
                         LUT6 (Prop_LUT6_I2_O)        0.088     5.321 f  i_scheduler_core/hot_q[4][eid][5]_i_5/O
                         net (fo=1, unplaced)         0.210     5.531    i_scheduler_core/hot_q[4][eid][5]_i_5_n_0
                         LUT6 (Prop_LUT6_I2_O)        0.088     5.619 r  i_scheduler_core/hot_q[4][eid][5]_i_1/O
                         net (fo=21, unplaced)        0.253     5.872    i_scheduler_core_n_89
                         FDCE                                         r  hot_q_reg[4][eid][5]/CE
  -------------------------------------------------------------------    -------------------

                         (clock scheduler_clk rise edge)
                                                      5.000     5.000 r  
                                                      0.000     5.000 r  clk_i (IN)
                         net (fo=2013, unset)         0.080     5.080    clk_i
                         FDCE                                         r  hot_q_reg[4][eid][5]/C
                         clock pessimism              0.000     5.080    
                         clock uncertainty           -0.300     4.780    
                         FDCE (Setup_FDCE_C_CE)      -0.087     4.693    hot_q_reg[4][eid][5]
  -------------------------------------------------------------------
                         required time                          4.693    
                         arrival time                          -5.872    
  -------------------------------------------------------------------
                         slack                                 -1.179    

Slack (VIOLATED) :        -1.179ns  (required time - arrival time)
  Source:                 refill_top_remaining_q_reg[2]/C
                            (rising edge-triggered cell FDCE clocked by scheduler_clk  {rise@0.000ns fall@2.500ns period=5.000ns})
  Destination:            hot_q_reg[4][ntok][0]/CE
                            (rising edge-triggered cell FDCE clocked by scheduler_clk  {rise@0.000ns fall@2.500ns period=5.000ns})
  Path Group:             scheduler_clk
  Path Type:              Setup (Max at Slow Process Corner)
  Requirement:            5.000ns  (scheduler_clk rise@5.000ns - scheduler_clk rise@0.000ns)
  Data Path Delay:        5.752ns  (logic 1.461ns (25.400%)  route 4.291ns (74.600%))
  Logic Levels:           18  (LUT4=2 LUT6=16)
  Clock Path Skew:        -0.040ns (DCD - SCD + CPR)
    Destination Clock Delay (DCD):    0.080ns = ( 5.080 - 5.000 ) 
    Source Clock Delay      (SCD):    0.120ns
    Clock Pessimism Removal (CPR):    0.000ns
  Clock Uncertainty:      0.300ns  (CJ)/2 + PE + PJ
    Clock Jitter             (CJ):    0.600ns
    Phase Error              (PE):    0.000ns
    Phase Jitter             (PJ):    0.000ns

    Location             Delay type                Incr(ns)  Path(ns)    Netlist Resource(s)
  -------------------------------------------------------------------    -------------------
                         (clock scheduler_clk rise edge)
                                                      0.000     0.000 r  
                                                      0.000     0.000 r  clk_i (IN)
                         net (fo=2013, unset)         0.120     0.120    clk_i
                         FDCE                                         r  refill_top_remaining_q_reg[2]/C
  -------------------------------------------------------------------    -------------------
                         FDCE (Prop_FDCE_C_Q)         0.090     0.210 f  refill_top_remaining_q_reg[2]/Q
                         net (fo=17, unplaced)        0.298     0.508    i_scheduler_core/refill_bottom_remaining_q_reg[0][2]
                         LUT6 (Prop_LUT6_I1_O)        0.088     0.596 f  i_scheduler_core/cold_count_q[0]_i_13/O
                         net (fo=23, unplaced)        0.262     0.858    i_scheduler_core/cold_q[1][eid][5]_i_28/I2
                         LUT6 (Prop_LUT6_I2_O)        0.088     0.946 r  i_scheduler_core/cold_q[1][eid][5]_i_28/LUT6/O
                         net (fo=3, unplaced)         0.216     1.162    i_scheduler_core/cold_q[1][eid][5]_i_28_n_1
                         LUT6 (Prop_LUT6_I1_O)        0.088     1.250 r  i_scheduler_core/hot_count_q[1]_i_21/O
                         net (fo=7, unplaced)         0.235     1.485    i_scheduler_core/hot_count_q[1]_i_21_n_0
                         LUT6 (Prop_LUT6_I1_O)        0.088     1.573 r  i_scheduler_core/hot_q[3][eid][3]_i_41/O
                         net (fo=4, unplaced)         0.157     1.730    i_scheduler_core/hot_q[3][eid][3]_i_41_n_0
                         LUT6 (Prop_LUT6_I4_O)        0.051     1.781 f  i_scheduler_core/hot_q[8][eid][5]_i_38/O
                         net (fo=11, unplaced)        0.245     2.026    i_scheduler_core/hot_q[8][eid][5]_i_38_n_0
                         LUT6 (Prop_LUT6_I1_O)        0.088     2.114 r  i_scheduler_core/cold_q[2][valid]_bret__3_i_25/O
                         net (fo=59, unplaced)        0.201     2.315    i_scheduler_core/cold_q[2][valid]_bret__3_i_25_n_0
                         LUT4 (Prop_LUT4_I0_O)        0.074     2.389 r  i_scheduler_core/hot_q[3][eid][3]_i_22/O
                         net (fo=32, unplaced)        0.270     2.659    i_scheduler_core/hot_q[3][eid][3]_i_22_n_0
                         LUT6 (Prop_LUT6_I2_O)        0.088     2.747 f  i_scheduler_core/hot_q[3][eid][3]_i_21/O
                         net (fo=9, unplaced)         0.176     2.923    i_scheduler_core/hot_q[3][eid][3]_i_21_n_0
                         LUT6 (Prop_LUT6_I4_O)        0.051     2.974 f  i_scheduler_core/cold_q[2][valid]_bret__3_i_35/O
                         net (fo=9, unplaced)         0.176     3.150    i_scheduler_core/cold_q[2][valid]_bret__3_i_35_n_0
                         LUT6 (Prop_LUT6_I5_O)        0.051     3.201 r  i_scheduler_core/cold_q[2][eid][2]_bret__3_i_6/O
                         net (fo=50, unplaced)        0.198     3.399    i_scheduler_core/cold_q[2][eid][2]_bret__3_i_6_n_0
                         LUT6 (Prop_LUT6_I0_O)        0.074     3.473 f  i_scheduler_core/cold_q[2][valid]_bret__3_i_38/O
                         net (fo=8, unplaced)         0.238     3.711    i_scheduler_core/cold_q[2][valid]_bret__3_i_38_n_0
                         LUT6 (Prop_LUT6_I2_O)        0.088     3.799 f  i_scheduler_core/cold_q[2][valid]_bret__3_i_14/O
                         net (fo=28, unplaced)        0.202     4.001    i_scheduler_core/cold_q[2][valid]_bret__3_i_14_n_0
                         LUT4 (Prop_LUT4_I3_O)        0.051     4.052 r  i_scheduler_core/hot_count_q[1]_i_15/O
                         net (fo=26, unplaced)        0.200     4.252    i_scheduler_core/hot_count_q[1]_i_15_n_0
                         LUT6 (Prop_LUT6_I4_O)        0.051     4.303 r  i_scheduler_core/hot_count_q[1]_i_7/O
                         net (fo=4, unplaced)         0.222     4.525    i_scheduler_core/hot_count_q[1]_i_7_n_0
                         LUT6 (Prop_LUT6_I1_O)        0.088     4.613 r  i_scheduler_core/cold_q[1][eid][5]_i_17/O
                         net (fo=45, unplaced)        0.277     4.890    i_scheduler_core/cold_q[1][eid][5]_i_17_n_0
                         LUT6 (Prop_LUT6_I2_O)        0.088     4.978 f  i_scheduler_core/hot_q[4][valid]_bret__2_i_2/O
                         net (fo=17, unplaced)        0.255     5.233    i_scheduler_core/cold_q[1][eid][5]_i_14_0
                         LUT6 (Prop_LUT6_I2_O)        0.088     5.321 f  i_scheduler_core/hot_q[4][eid][5]_i_5/O
                         net (fo=1, unplaced)         0.210     5.531    i_scheduler_core/hot_q[4][eid][5]_i_5_n_0
                         LUT6 (Prop_LUT6_I2_O)        0.088     5.619 r  i_scheduler_core/hot_q[4][eid][5]_i_1/O
                         net (fo=21, unplaced)        0.253     5.872    i_scheduler_core_n_89
                         FDCE                                         r  hot_q_reg[4][ntok][0]/CE
  -------------------------------------------------------------------    -------------------

                         (clock scheduler_clk rise edge)
                                                      5.000     5.000 r  
                                                      0.000     5.000 r  clk_i (IN)
                         net (fo=2013, unset)         0.080     5.080    clk_i
                         FDCE                                         r  hot_q_reg[4][ntok][0]/C
                         clock pessimism              0.000     5.080    
                         clock uncertainty           -0.300     4.780    
                         FDCE (Setup_FDCE_C_CE)      -0.087     4.693    hot_q_reg[4][ntok][0]
  -------------------------------------------------------------------
                         required time                          4.693    
                         arrival time                          -5.872    
  -------------------------------------------------------------------
                         slack                                 -1.179    

Slack (VIOLATED) :        -1.179ns  (required time - arrival time)
  Source:                 refill_top_remaining_q_reg[2]/C
                            (rising edge-triggered cell FDCE clocked by scheduler_clk  {rise@0.000ns fall@2.500ns period=5.000ns})
  Destination:            hot_q_reg[4][ntok][1]/CE
                            (rising edge-triggered cell FDCE clocked by scheduler_clk  {rise@0.000ns fall@2.500ns period=5.000ns})
  Path Group:             scheduler_clk
  Path Type:              Setup (Max at Slow Process Corner)
  Requirement:            5.000ns  (scheduler_clk rise@5.000ns - scheduler_clk rise@0.000ns)
  Data Path Delay:        5.752ns  (logic 1.461ns (25.400%)  route 4.291ns (74.600%))
  Logic Levels:           18  (LUT4=2 LUT6=16)
  Clock Path Skew:        -0.040ns (DCD - SCD + CPR)
    Destination Clock Delay (DCD):    0.080ns = ( 5.080 - 5.000 ) 
    Source Clock Delay      (SCD):    0.120ns
    Clock Pessimism Removal (CPR):    0.000ns
  Clock Uncertainty:      0.300ns  (CJ)/2 + PE + PJ
    Clock Jitter             (CJ):    0.600ns
    Phase Error              (PE):    0.000ns
    Phase Jitter             (PJ):    0.000ns

    Location             Delay type                Incr(ns)  Path(ns)    Netlist Resource(s)
  -------------------------------------------------------------------    -------------------
                         (clock scheduler_clk rise edge)
                                                      0.000     0.000 r  
                                                      0.000     0.000 r  clk_i (IN)
                         net (fo=2013, unset)         0.120     0.120    clk_i
                         FDCE                                         r  refill_top_remaining_q_reg[2]/C
  -------------------------------------------------------------------    -------------------
                         FDCE (Prop_FDCE_C_Q)         0.090     0.210 f  refill_top_remaining_q_reg[2]/Q
                         net (fo=17, unplaced)        0.298     0.508    i_scheduler_core/refill_bottom_remaining_q_reg[0][2]
                         LUT6 (Prop_LUT6_I1_O)        0.088     0.596 f  i_scheduler_core/cold_count_q[0]_i_13/O
                         net (fo=23, unplaced)        0.262     0.858    i_scheduler_core/cold_q[1][eid][5]_i_28/I2
                         LUT6 (Prop_LUT6_I2_O)        0.088     0.946 r  i_scheduler_core/cold_q[1][eid][5]_i_28/LUT6/O
                         net (fo=3, unplaced)         0.216     1.162    i_scheduler_core/cold_q[1][eid][5]_i_28_n_1
                         LUT6 (Prop_LUT6_I1_O)        0.088     1.250 r  i_scheduler_core/hot_count_q[1]_i_21/O
                         net (fo=7, unplaced)         0.235     1.485    i_scheduler_core/hot_count_q[1]_i_21_n_0
                         LUT6 (Prop_LUT6_I1_O)        0.088     1.573 r  i_scheduler_core/hot_q[3][eid][3]_i_41/O
                         net (fo=4, unplaced)         0.157     1.730    i_scheduler_core/hot_q[3][eid][3]_i_41_n_0
                         LUT6 (Prop_LUT6_I4_O)        0.051     1.781 f  i_scheduler_core/hot_q[8][eid][5]_i_38/O
                         net (fo=11, unplaced)        0.245     2.026    i_scheduler_core/hot_q[8][eid][5]_i_38_n_0
                         LUT6 (Prop_LUT6_I1_O)        0.088     2.114 r  i_scheduler_core/cold_q[2][valid]_bret__3_i_25/O
                         net (fo=59, unplaced)        0.201     2.315    i_scheduler_core/cold_q[2][valid]_bret__3_i_25_n_0
                         LUT4 (Prop_LUT4_I0_O)        0.074     2.389 r  i_scheduler_core/hot_q[3][eid][3]_i_22/O
                         net (fo=32, unplaced)        0.270     2.659    i_scheduler_core/hot_q[3][eid][3]_i_22_n_0
                         LUT6 (Prop_LUT6_I2_O)        0.088     2.747 f  i_scheduler_core/hot_q[3][eid][3]_i_21/O
                         net (fo=9, unplaced)         0.176     2.923    i_scheduler_core/hot_q[3][eid][3]_i_21_n_0
                         LUT6 (Prop_LUT6_I4_O)        0.051     2.974 f  i_scheduler_core/cold_q[2][valid]_bret__3_i_35/O
                         net (fo=9, unplaced)         0.176     3.150    i_scheduler_core/cold_q[2][valid]_bret__3_i_35_n_0
                         LUT6 (Prop_LUT6_I5_O)        0.051     3.201 r  i_scheduler_core/cold_q[2][eid][2]_bret__3_i_6/O
                         net (fo=50, unplaced)        0.198     3.399    i_scheduler_core/cold_q[2][eid][2]_bret__3_i_6_n_0
                         LUT6 (Prop_LUT6_I0_O)        0.074     3.473 f  i_scheduler_core/cold_q[2][valid]_bret__3_i_38/O
                         net (fo=8, unplaced)         0.238     3.711    i_scheduler_core/cold_q[2][valid]_bret__3_i_38_n_0
                         LUT6 (Prop_LUT6_I2_O)        0.088     3.799 f  i_scheduler_core/cold_q[2][valid]_bret__3_i_14/O
                         net (fo=28, unplaced)        0.202     4.001    i_scheduler_core/cold_q[2][valid]_bret__3_i_14_n_0
                         LUT4 (Prop_LUT4_I3_O)        0.051     4.052 r  i_scheduler_core/hot_count_q[1]_i_15/O
                         net (fo=26, unplaced)        0.200     4.252    i_scheduler_core/hot_count_q[1]_i_15_n_0
                         LUT6 (Prop_LUT6_I4_O)        0.051     4.303 r  i_scheduler_core/hot_count_q[1]_i_7/O
                         net (fo=4, unplaced)         0.222     4.525    i_scheduler_core/hot_count_q[1]_i_7_n_0
                         LUT6 (Prop_LUT6_I1_O)        0.088     4.613 r  i_scheduler_core/cold_q[1][eid][5]_i_17/O
                         net (fo=45, unplaced)        0.277     4.890    i_scheduler_core/cold_q[1][eid][5]_i_17_n_0
                         LUT6 (Prop_LUT6_I2_O)        0.088     4.978 f  i_scheduler_core/hot_q[4][valid]_bret__2_i_2/O
                         net (fo=17, unplaced)        0.255     5.233    i_scheduler_core/cold_q[1][eid][5]_i_14_0
                         LUT6 (Prop_LUT6_I2_O)        0.088     5.321 f  i_scheduler_core/hot_q[4][eid][5]_i_5/O
                         net (fo=1, unplaced)         0.210     5.531    i_scheduler_core/hot_q[4][eid][5]_i_5_n_0
                         LUT6 (Prop_LUT6_I2_O)        0.088     5.619 r  i_scheduler_core/hot_q[4][eid][5]_i_1/O
                         net (fo=21, unplaced)        0.253     5.872    i_scheduler_core_n_89
                         FDCE                                         r  hot_q_reg[4][ntok][1]/CE
  -------------------------------------------------------------------    -------------------

                         (clock scheduler_clk rise edge)
                                                      5.000     5.000 r  
                                                      0.000     5.000 r  clk_i (IN)
                         net (fo=2013, unset)         0.080     5.080    clk_i
                         FDCE                                         r  hot_q_reg[4][ntok][1]/C
                         clock pessimism              0.000     5.080    
                         clock uncertainty           -0.300     4.780    
                         FDCE (Setup_FDCE_C_CE)      -0.087     4.693    hot_q_reg[4][ntok][1]
  -------------------------------------------------------------------
                         required time                          4.693    
                         arrival time                          -5.872    
  -------------------------------------------------------------------
                         slack                                 -1.179    

Slack (VIOLATED) :        -1.179ns  (required time - arrival time)
  Source:                 refill_top_remaining_q_reg[2]/C
                            (rising edge-triggered cell FDCE clocked by scheduler_clk  {rise@0.000ns fall@2.500ns period=5.000ns})
  Destination:            hot_q_reg[4][ntok][2]/CE
                            (rising edge-triggered cell FDCE clocked by scheduler_clk  {rise@0.000ns fall@2.500ns period=5.000ns})
  Path Group:             scheduler_clk
  Path Type:              Setup (Max at Slow Process Corner)
  Requirement:            5.000ns  (scheduler_clk rise@5.000ns - scheduler_clk rise@0.000ns)
  Data Path Delay:        5.752ns  (logic 1.461ns (25.400%)  route 4.291ns (74.600%))
  Logic Levels:           18  (LUT4=2 LUT6=16)
  Clock Path Skew:        -0.040ns (DCD - SCD + CPR)
    Destination Clock Delay (DCD):    0.080ns = ( 5.080 - 5.000 ) 
    Source Clock Delay      (SCD):    0.120ns
    Clock Pessimism Removal (CPR):    0.000ns
  Clock Uncertainty:      0.300ns  (CJ)/2 + PE + PJ
    Clock Jitter             (CJ):    0.600ns
    Phase Error              (PE):    0.000ns
    Phase Jitter             (PJ):    0.000ns

    Location             Delay type                Incr(ns)  Path(ns)    Netlist Resource(s)
  -------------------------------------------------------------------    -------------------
                         (clock scheduler_clk rise edge)
                                                      0.000     0.000 r  
                                                      0.000     0.000 r  clk_i (IN)
                         net (fo=2013, unset)         0.120     0.120    clk_i
                         FDCE                                         r  refill_top_remaining_q_reg[2]/C
  -------------------------------------------------------------------    -------------------
                         FDCE (Prop_FDCE_C_Q)         0.090     0.210 f  refill_top_remaining_q_reg[2]/Q
                         net (fo=17, unplaced)        0.298     0.508    i_scheduler_core/refill_bottom_remaining_q_reg[0][2]
                         LUT6 (Prop_LUT6_I1_O)        0.088     0.596 f  i_scheduler_core/cold_count_q[0]_i_13/O
                         net (fo=23, unplaced)        0.262     0.858    i_scheduler_core/cold_q[1][eid][5]_i_28/I2
                         LUT6 (Prop_LUT6_I2_O)        0.088     0.946 r  i_scheduler_core/cold_q[1][eid][5]_i_28/LUT6/O
                         net (fo=3, unplaced)         0.216     1.162    i_scheduler_core/cold_q[1][eid][5]_i_28_n_1
                         LUT6 (Prop_LUT6_I1_O)        0.088     1.250 r  i_scheduler_core/hot_count_q[1]_i_21/O
                         net (fo=7, unplaced)         0.235     1.485    i_scheduler_core/hot_count_q[1]_i_21_n_0
                         LUT6 (Prop_LUT6_I1_O)        0.088     1.573 r  i_scheduler_core/hot_q[3][eid][3]_i_41/O
                         net (fo=4, unplaced)         0.157     1.730    i_scheduler_core/hot_q[3][eid][3]_i_41_n_0
                         LUT6 (Prop_LUT6_I4_O)        0.051     1.781 f  i_scheduler_core/hot_q[8][eid][5]_i_38/O
                         net (fo=11, unplaced)        0.245     2.026    i_scheduler_core/hot_q[8][eid][5]_i_38_n_0
                         LUT6 (Prop_LUT6_I1_O)        0.088     2.114 r  i_scheduler_core/cold_q[2][valid]_bret__3_i_25/O
                         net (fo=59, unplaced)        0.201     2.315    i_scheduler_core/cold_q[2][valid]_bret__3_i_25_n_0
                         LUT4 (Prop_LUT4_I0_O)        0.074     2.389 r  i_scheduler_core/hot_q[3][eid][3]_i_22/O
                         net (fo=32, unplaced)        0.270     2.659    i_scheduler_core/hot_q[3][eid][3]_i_22_n_0
                         LUT6 (Prop_LUT6_I2_O)        0.088     2.747 f  i_scheduler_core/hot_q[3][eid][3]_i_21/O
                         net (fo=9, unplaced)         0.176     2.923    i_scheduler_core/hot_q[3][eid][3]_i_21_n_0
                         LUT6 (Prop_LUT6_I4_O)        0.051     2.974 f  i_scheduler_core/cold_q[2][valid]_bret__3_i_35/O
                         net (fo=9, unplaced)         0.176     3.150    i_scheduler_core/cold_q[2][valid]_bret__3_i_35_n_0
                         LUT6 (Prop_LUT6_I5_O)        0.051     3.201 r  i_scheduler_core/cold_q[2][eid][2]_bret__3_i_6/O
                         net (fo=50, unplaced)        0.198     3.399    i_scheduler_core/cold_q[2][eid][2]_bret__3_i_6_n_0
                         LUT6 (Prop_LUT6_I0_O)        0.074     3.473 f  i_scheduler_core/cold_q[2][valid]_bret__3_i_38/O
                         net (fo=8, unplaced)         0.238     3.711    i_scheduler_core/cold_q[2][valid]_bret__3_i_38_n_0
                         LUT6 (Prop_LUT6_I2_O)        0.088     3.799 f  i_scheduler_core/cold_q[2][valid]_bret__3_i_14/O
                         net (fo=28, unplaced)        0.202     4.001    i_scheduler_core/cold_q[2][valid]_bret__3_i_14_n_0
                         LUT4 (Prop_LUT4_I3_O)        0.051     4.052 r  i_scheduler_core/hot_count_q[1]_i_15/O
                         net (fo=26, unplaced)        0.200     4.252    i_scheduler_core/hot_count_q[1]_i_15_n_0
                         LUT6 (Prop_LUT6_I4_O)        0.051     4.303 r  i_scheduler_core/hot_count_q[1]_i_7/O
                         net (fo=4, unplaced)         0.222     4.525    i_scheduler_core/hot_count_q[1]_i_7_n_0
                         LUT6 (Prop_LUT6_I1_O)        0.088     4.613 r  i_scheduler_core/cold_q[1][eid][5]_i_17/O
                         net (fo=45, unplaced)        0.277     4.890    i_scheduler_core/cold_q[1][eid][5]_i_17_n_0
                         LUT6 (Prop_LUT6_I2_O)        0.088     4.978 f  i_scheduler_core/hot_q[4][valid]_bret__2_i_2/O
                         net (fo=17, unplaced)        0.255     5.233    i_scheduler_core/cold_q[1][eid][5]_i_14_0
                         LUT6 (Prop_LUT6_I2_O)        0.088     5.321 f  i_scheduler_core/hot_q[4][eid][5]_i_5/O
                         net (fo=1, unplaced)         0.210     5.531    i_scheduler_core/hot_q[4][eid][5]_i_5_n_0
                         LUT6 (Prop_LUT6_I2_O)        0.088     5.619 r  i_scheduler_core/hot_q[4][eid][5]_i_1/O
                         net (fo=21, unplaced)        0.253     5.872    i_scheduler_core_n_89
                         FDCE                                         r  hot_q_reg[4][ntok][2]/CE
  -------------------------------------------------------------------    -------------------

                         (clock scheduler_clk rise edge)
                                                      5.000     5.000 r  
                                                      0.000     5.000 r  clk_i (IN)
                         net (fo=2013, unset)         0.080     5.080    clk_i
                         FDCE                                         r  hot_q_reg[4][ntok][2]/C
                         clock pessimism              0.000     5.080    
                         clock uncertainty           -0.300     4.780    
                         FDCE (Setup_FDCE_C_CE)      -0.087     4.693    hot_q_reg[4][ntok][2]
  -------------------------------------------------------------------
                         required time                          4.693    
                         arrival time                          -5.872    
  -------------------------------------------------------------------
                         slack                                 -1.179    

Slack (VIOLATED) :        -1.179ns  (required time - arrival time)
  Source:                 refill_top_remaining_q_reg[2]/C
                            (rising edge-triggered cell FDCE clocked by scheduler_clk  {rise@0.000ns fall@2.500ns period=5.000ns})
  Destination:            hot_q_reg[4][ntok][3]/CE
                            (rising edge-triggered cell FDCE clocked by scheduler_clk  {rise@0.000ns fall@2.500ns period=5.000ns})
  Path Group:             scheduler_clk
  Path Type:              Setup (Max at Slow Process Corner)
  Requirement:            5.000ns  (scheduler_clk rise@5.000ns - scheduler_clk rise@0.000ns)
  Data Path Delay:        5.752ns  (logic 1.461ns (25.400%)  route 4.291ns (74.600%))
  Logic Levels:           18  (LUT4=2 LUT6=16)
  Clock Path Skew:        -0.040ns (DCD - SCD + CPR)
    Destination Clock Delay (DCD):    0.080ns = ( 5.080 - 5.000 ) 
    Source Clock Delay      (SCD):    0.120ns
    Clock Pessimism Removal (CPR):    0.000ns
  Clock Uncertainty:      0.300ns  (CJ)/2 + PE + PJ
    Clock Jitter             (CJ):    0.600ns
    Phase Error              (PE):    0.000ns
    Phase Jitter             (PJ):    0.000ns

    Location             Delay type                Incr(ns)  Path(ns)    Netlist Resource(s)
  -------------------------------------------------------------------    -------------------
                         (clock scheduler_clk rise edge)
                                                      0.000     0.000 r  
                                                      0.000     0.000 r  clk_i (IN)
                         net (fo=2013, unset)         0.120     0.120    clk_i
                         FDCE                                         r  refill_top_remaining_q_reg[2]/C
  -------------------------------------------------------------------    -------------------
                         FDCE (Prop_FDCE_C_Q)         0.090     0.210 f  refill_top_remaining_q_reg[2]/Q
                         net (fo=17, unplaced)        0.298     0.508    i_scheduler_core/refill_bottom_remaining_q_reg[0][2]
                         LUT6 (Prop_LUT6_I1_O)        0.088     0.596 f  i_scheduler_core/cold_count_q[0]_i_13/O
                         net (fo=23, unplaced)        0.262     0.858    i_scheduler_core/cold_q[1][eid][5]_i_28/I2
                         LUT6 (Prop_LUT6_I2_O)        0.088     0.946 r  i_scheduler_core/cold_q[1][eid][5]_i_28/LUT6/O
                         net (fo=3, unplaced)         0.216     1.162    i_scheduler_core/cold_q[1][eid][5]_i_28_n_1
                         LUT6 (Prop_LUT6_I1_O)        0.088     1.250 r  i_scheduler_core/hot_count_q[1]_i_21/O
                         net (fo=7, unplaced)         0.235     1.485    i_scheduler_core/hot_count_q[1]_i_21_n_0
                         LUT6 (Prop_LUT6_I1_O)        0.088     1.573 r  i_scheduler_core/hot_q[3][eid][3]_i_41/O
                         net (fo=4, unplaced)         0.157     1.730    i_scheduler_core/hot_q[3][eid][3]_i_41_n_0
                         LUT6 (Prop_LUT6_I4_O)        0.051     1.781 f  i_scheduler_core/hot_q[8][eid][5]_i_38/O
                         net (fo=11, unplaced)        0.245     2.026    i_scheduler_core/hot_q[8][eid][5]_i_38_n_0
                         LUT6 (Prop_LUT6_I1_O)        0.088     2.114 r  i_scheduler_core/cold_q[2][valid]_bret__3_i_25/O
                         net (fo=59, unplaced)        0.201     2.315    i_scheduler_core/cold_q[2][valid]_bret__3_i_25_n_0
                         LUT4 (Prop_LUT4_I0_O)        0.074     2.389 r  i_scheduler_core/hot_q[3][eid][3]_i_22/O
                         net (fo=32, unplaced)        0.270     2.659    i_scheduler_core/hot_q[3][eid][3]_i_22_n_0
                         LUT6 (Prop_LUT6_I2_O)        0.088     2.747 f  i_scheduler_core/hot_q[3][eid][3]_i_21/O
                         net (fo=9, unplaced)         0.176     2.923    i_scheduler_core/hot_q[3][eid][3]_i_21_n_0
                         LUT6 (Prop_LUT6_I4_O)        0.051     2.974 f  i_scheduler_core/cold_q[2][valid]_bret__3_i_35/O
                         net (fo=9, unplaced)         0.176     3.150    i_scheduler_core/cold_q[2][valid]_bret__3_i_35_n_0
                         LUT6 (Prop_LUT6_I5_O)        0.051     3.201 r  i_scheduler_core/cold_q[2][eid][2]_bret__3_i_6/O
                         net (fo=50, unplaced)        0.198     3.399    i_scheduler_core/cold_q[2][eid][2]_bret__3_i_6_n_0
                         LUT6 (Prop_LUT6_I0_O)        0.074     3.473 f  i_scheduler_core/cold_q[2][valid]_bret__3_i_38/O
                         net (fo=8, unplaced)         0.238     3.711    i_scheduler_core/cold_q[2][valid]_bret__3_i_38_n_0
                         LUT6 (Prop_LUT6_I2_O)        0.088     3.799 f  i_scheduler_core/cold_q[2][valid]_bret__3_i_14/O
                         net (fo=28, unplaced)        0.202     4.001    i_scheduler_core/cold_q[2][valid]_bret__3_i_14_n_0
                         LUT4 (Prop_LUT4_I3_O)        0.051     4.052 r  i_scheduler_core/hot_count_q[1]_i_15/O
                         net (fo=26, unplaced)        0.200     4.252    i_scheduler_core/hot_count_q[1]_i_15_n_0
                         LUT6 (Prop_LUT6_I4_O)        0.051     4.303 r  i_scheduler_core/hot_count_q[1]_i_7/O
                         net (fo=4, unplaced)         0.222     4.525    i_scheduler_core/hot_count_q[1]_i_7_n_0
                         LUT6 (Prop_LUT6_I1_O)        0.088     4.613 r  i_scheduler_core/cold_q[1][eid][5]_i_17/O
                         net (fo=45, unplaced)        0.277     4.890    i_scheduler_core/cold_q[1][eid][5]_i_17_n_0
                         LUT6 (Prop_LUT6_I2_O)        0.088     4.978 f  i_scheduler_core/hot_q[4][valid]_bret__2_i_2/O
                         net (fo=17, unplaced)        0.255     5.233    i_scheduler_core/cold_q[1][eid][5]_i_14_0
                         LUT6 (Prop_LUT6_I2_O)        0.088     5.321 f  i_scheduler_core/hot_q[4][eid][5]_i_5/O
                         net (fo=1, unplaced)         0.210     5.531    i_scheduler_core/hot_q[4][eid][5]_i_5_n_0
                         LUT6 (Prop_LUT6_I2_O)        0.088     5.619 r  i_scheduler_core/hot_q[4][eid][5]_i_1/O
                         net (fo=21, unplaced)        0.253     5.872    i_scheduler_core_n_89
                         FDCE                                         r  hot_q_reg[4][ntok][3]/CE
  -------------------------------------------------------------------    -------------------

                         (clock scheduler_clk rise edge)
                                                      5.000     5.000 r  
                                                      0.000     5.000 r  clk_i (IN)
                         net (fo=2013, unset)         0.080     5.080    clk_i
                         FDCE                                         r  hot_q_reg[4][ntok][3]/C
                         clock pessimism              0.000     5.080    
                         clock uncertainty           -0.300     4.780    
                         FDCE (Setup_FDCE_C_CE)      -0.087     4.693    hot_q_reg[4][ntok][3]
  -------------------------------------------------------------------
                         required time                          4.693    
                         arrival time                          -5.872    
  -------------------------------------------------------------------
                         slack                                 -1.179    

Slack (VIOLATED) :        -1.179ns  (required time - arrival time)
  Source:                 refill_top_remaining_q_reg[2]/C
                            (rising edge-triggered cell FDCE clocked by scheduler_clk  {rise@0.000ns fall@2.500ns period=5.000ns})
  Destination:            hot_q_reg[4][ntok][4]/CE
                            (rising edge-triggered cell FDCE clocked by scheduler_clk  {rise@0.000ns fall@2.500ns period=5.000ns})
  Path Group:             scheduler_clk
  Path Type:              Setup (Max at Slow Process Corner)
  Requirement:            5.000ns  (scheduler_clk rise@5.000ns - scheduler_clk rise@0.000ns)
  Data Path Delay:        5.752ns  (logic 1.461ns (25.400%)  route 4.291ns (74.600%))
  Logic Levels:           18  (LUT4=2 LUT6=16)
  Clock Path Skew:        -0.040ns (DCD - SCD + CPR)
    Destination Clock Delay (DCD):    0.080ns = ( 5.080 - 5.000 ) 
    Source Clock Delay      (SCD):    0.120ns
    Clock Pessimism Removal (CPR):    0.000ns
  Clock Uncertainty:      0.300ns  (CJ)/2 + PE + PJ
    Clock Jitter             (CJ):    0.600ns
    Phase Error              (PE):    0.000ns
    Phase Jitter             (PJ):    0.000ns

    Location             Delay type                Incr(ns)  Path(ns)    Netlist Resource(s)
  -------------------------------------------------------------------    -------------------
                         (clock scheduler_clk rise edge)
                                                      0.000     0.000 r  
                                                      0.000     0.000 r  clk_i (IN)
                         net (fo=2013, unset)         0.120     0.120    clk_i
                         FDCE                                         r  refill_top_remaining_q_reg[2]/C
  -------------------------------------------------------------------    -------------------
                         FDCE (Prop_FDCE_C_Q)         0.090     0.210 f  refill_top_remaining_q_reg[2]/Q
                         net (fo=17, unplaced)        0.298     0.508    i_scheduler_core/refill_bottom_remaining_q_reg[0][2]
                         LUT6 (Prop_LUT6_I1_O)        0.088     0.596 f  i_scheduler_core/cold_count_q[0]_i_13/O
                         net (fo=23, unplaced)        0.262     0.858    i_scheduler_core/cold_q[1][eid][5]_i_28/I2
                         LUT6 (Prop_LUT6_I2_O)        0.088     0.946 r  i_scheduler_core/cold_q[1][eid][5]_i_28/LUT6/O
                         net (fo=3, unplaced)         0.216     1.162    i_scheduler_core/cold_q[1][eid][5]_i_28_n_1
                         LUT6 (Prop_LUT6_I1_O)        0.088     1.250 r  i_scheduler_core/hot_count_q[1]_i_21/O
                         net (fo=7, unplaced)         0.235     1.485    i_scheduler_core/hot_count_q[1]_i_21_n_0
                         LUT6 (Prop_LUT6_I1_O)        0.088     1.573 r  i_scheduler_core/hot_q[3][eid][3]_i_41/O
                         net (fo=4, unplaced)         0.157     1.730    i_scheduler_core/hot_q[3][eid][3]_i_41_n_0
                         LUT6 (Prop_LUT6_I4_O)        0.051     1.781 f  i_scheduler_core/hot_q[8][eid][5]_i_38/O
                         net (fo=11, unplaced)        0.245     2.026    i_scheduler_core/hot_q[8][eid][5]_i_38_n_0
                         LUT6 (Prop_LUT6_I1_O)        0.088     2.114 r  i_scheduler_core/cold_q[2][valid]_bret__3_i_25/O
                         net (fo=59, unplaced)        0.201     2.315    i_scheduler_core/cold_q[2][valid]_bret__3_i_25_n_0
                         LUT4 (Prop_LUT4_I0_O)        0.074     2.389 r  i_scheduler_core/hot_q[3][eid][3]_i_22/O
                         net (fo=32, unplaced)        0.270     2.659    i_scheduler_core/hot_q[3][eid][3]_i_22_n_0
                         LUT6 (Prop_LUT6_I2_O)        0.088     2.747 f  i_scheduler_core/hot_q[3][eid][3]_i_21/O
                         net (fo=9, unplaced)         0.176     2.923    i_scheduler_core/hot_q[3][eid][3]_i_21_n_0
                         LUT6 (Prop_LUT6_I4_O)        0.051     2.974 f  i_scheduler_core/cold_q[2][valid]_bret__3_i_35/O
                         net (fo=9, unplaced)         0.176     3.150    i_scheduler_core/cold_q[2][valid]_bret__3_i_35_n_0
                         LUT6 (Prop_LUT6_I5_O)        0.051     3.201 r  i_scheduler_core/cold_q[2][eid][2]_bret__3_i_6/O
                         net (fo=50, unplaced)        0.198     3.399    i_scheduler_core/cold_q[2][eid][2]_bret__3_i_6_n_0
                         LUT6 (Prop_LUT6_I0_O)        0.074     3.473 f  i_scheduler_core/cold_q[2][valid]_bret__3_i_38/O
                         net (fo=8, unplaced)         0.238     3.711    i_scheduler_core/cold_q[2][valid]_bret__3_i_38_n_0
                         LUT6 (Prop_LUT6_I2_O)        0.088     3.799 f  i_scheduler_core/cold_q[2][valid]_bret__3_i_14/O
                         net (fo=28, unplaced)        0.202     4.001    i_scheduler_core/cold_q[2][valid]_bret__3_i_14_n_0
                         LUT4 (Prop_LUT4_I3_O)        0.051     4.052 r  i_scheduler_core/hot_count_q[1]_i_15/O
                         net (fo=26, unplaced)        0.200     4.252    i_scheduler_core/hot_count_q[1]_i_15_n_0
                         LUT6 (Prop_LUT6_I4_O)        0.051     4.303 r  i_scheduler_core/hot_count_q[1]_i_7/O
                         net (fo=4, unplaced)         0.222     4.525    i_scheduler_core/hot_count_q[1]_i_7_n_0
                         LUT6 (Prop_LUT6_I1_O)        0.088     4.613 r  i_scheduler_core/cold_q[1][eid][5]_i_17/O
                         net (fo=45, unplaced)        0.277     4.890    i_scheduler_core/cold_q[1][eid][5]_i_17_n_0
                         LUT6 (Prop_LUT6_I2_O)        0.088     4.978 f  i_scheduler_core/hot_q[4][valid]_bret__2_i_2/O
                         net (fo=17, unplaced)        0.255     5.233    i_scheduler_core/cold_q[1][eid][5]_i_14_0
                         LUT6 (Prop_LUT6_I2_O)        0.088     5.321 f  i_scheduler_core/hot_q[4][eid][5]_i_5/O
                         net (fo=1, unplaced)         0.210     5.531    i_scheduler_core/hot_q[4][eid][5]_i_5_n_0
                         LUT6 (Prop_LUT6_I2_O)        0.088     5.619 r  i_scheduler_core/hot_q[4][eid][5]_i_1/O
                         net (fo=21, unplaced)        0.253     5.872    i_scheduler_core_n_89
                         FDCE                                         r  hot_q_reg[4][ntok][4]/CE
  -------------------------------------------------------------------    -------------------

                         (clock scheduler_clk rise edge)
                                                      5.000     5.000 r  
                                                      0.000     5.000 r  clk_i (IN)
                         net (fo=2013, unset)         0.080     5.080    clk_i
                         FDCE                                         r  hot_q_reg[4][ntok][4]/C
                         clock pessimism              0.000     5.080    
                         clock uncertainty           -0.300     4.780    
                         FDCE (Setup_FDCE_C_CE)      -0.087     4.693    hot_q_reg[4][ntok][4]
  -------------------------------------------------------------------
                         required time                          4.693    
                         arrival time                          -5.872    
  -------------------------------------------------------------------
                         slack                                 -1.179    

Slack (VIOLATED) :        -1.179ns  (required time - arrival time)
  Source:                 refill_top_remaining_q_reg[2]/C
                            (rising edge-triggered cell FDCE clocked by scheduler_clk  {rise@0.000ns fall@2.500ns period=5.000ns})
  Destination:            hot_q_reg[4][ntok][5]/CE
                            (rising edge-triggered cell FDCE clocked by scheduler_clk  {rise@0.000ns fall@2.500ns period=5.000ns})
  Path Group:             scheduler_clk
  Path Type:              Setup (Max at Slow Process Corner)
  Requirement:            5.000ns  (scheduler_clk rise@5.000ns - scheduler_clk rise@0.000ns)
  Data Path Delay:        5.752ns  (logic 1.461ns (25.400%)  route 4.291ns (74.600%))
  Logic Levels:           18  (LUT4=2 LUT6=16)
  Clock Path Skew:        -0.040ns (DCD - SCD + CPR)
    Destination Clock Delay (DCD):    0.080ns = ( 5.080 - 5.000 ) 
    Source Clock Delay      (SCD):    0.120ns
    Clock Pessimism Removal (CPR):    0.000ns
  Clock Uncertainty:      0.300ns  (CJ)/2 + PE + PJ
    Clock Jitter             (CJ):    0.600ns
    Phase Error              (PE):    0.000ns
    Phase Jitter             (PJ):    0.000ns

    Location             Delay type                Incr(ns)  Path(ns)    Netlist Resource(s)
  -------------------------------------------------------------------    -------------------
                         (clock scheduler_clk rise edge)
                                                      0.000     0.000 r  
                                                      0.000     0.000 r  clk_i (IN)
                         net (fo=2013, unset)         0.120     0.120    clk_i
                         FDCE                                         r  refill_top_remaining_q_reg[2]/C
  -------------------------------------------------------------------    -------------------
                         FDCE (Prop_FDCE_C_Q)         0.090     0.210 f  refill_top_remaining_q_reg[2]/Q
                         net (fo=17, unplaced)        0.298     0.508    i_scheduler_core/refill_bottom_remaining_q_reg[0][2]
                         LUT6 (Prop_LUT6_I1_O)        0.088     0.596 f  i_scheduler_core/cold_count_q[0]_i_13/O
                         net (fo=23, unplaced)        0.262     0.858    i_scheduler_core/cold_q[1][eid][5]_i_28/I2
                         LUT6 (Prop_LUT6_I2_O)        0.088     0.946 r  i_scheduler_core/cold_q[1][eid][5]_i_28/LUT6/O
                         net (fo=3, unplaced)         0.216     1.162    i_scheduler_core/cold_q[1][eid][5]_i_28_n_1
                         LUT6 (Prop_LUT6_I1_O)        0.088     1.250 r  i_scheduler_core/hot_count_q[1]_i_21/O
                         net (fo=7, unplaced)         0.235     1.485    i_scheduler_core/hot_count_q[1]_i_21_n_0
                         LUT6 (Prop_LUT6_I1_O)        0.088     1.573 r  i_scheduler_core/hot_q[3][eid][3]_i_41/O
                         net (fo=4, unplaced)         0.157     1.730    i_scheduler_core/hot_q[3][eid][3]_i_41_n_0
                         LUT6 (Prop_LUT6_I4_O)        0.051     1.781 f  i_scheduler_core/hot_q[8][eid][5]_i_38/O
                         net (fo=11, unplaced)        0.245     2.026    i_scheduler_core/hot_q[8][eid][5]_i_38_n_0
                         LUT6 (Prop_LUT6_I1_O)        0.088     2.114 r  i_scheduler_core/cold_q[2][valid]_bret__3_i_25/O
                         net (fo=59, unplaced)        0.201     2.315    i_scheduler_core/cold_q[2][valid]_bret__3_i_25_n_0
                         LUT4 (Prop_LUT4_I0_O)        0.074     2.389 r  i_scheduler_core/hot_q[3][eid][3]_i_22/O
                         net (fo=32, unplaced)        0.270     2.659    i_scheduler_core/hot_q[3][eid][3]_i_22_n_0
                         LUT6 (Prop_LUT6_I2_O)        0.088     2.747 f  i_scheduler_core/hot_q[3][eid][3]_i_21/O
                         net (fo=9, unplaced)         0.176     2.923    i_scheduler_core/hot_q[3][eid][3]_i_21_n_0
                         LUT6 (Prop_LUT6_I4_O)        0.051     2.974 f  i_scheduler_core/cold_q[2][valid]_bret__3_i_35/O
                         net (fo=9, unplaced)         0.176     3.150    i_scheduler_core/cold_q[2][valid]_bret__3_i_35_n_0
                         LUT6 (Prop_LUT6_I5_O)        0.051     3.201 r  i_scheduler_core/cold_q[2][eid][2]_bret__3_i_6/O
                         net (fo=50, unplaced)        0.198     3.399    i_scheduler_core/cold_q[2][eid][2]_bret__3_i_6_n_0
                         LUT6 (Prop_LUT6_I0_O)        0.074     3.473 f  i_scheduler_core/cold_q[2][valid]_bret__3_i_38/O
                         net (fo=8, unplaced)         0.238     3.711    i_scheduler_core/cold_q[2][valid]_bret__3_i_38_n_0
                         LUT6 (Prop_LUT6_I2_O)        0.088     3.799 f  i_scheduler_core/cold_q[2][valid]_bret__3_i_14/O
                         net (fo=28, unplaced)        0.202     4.001    i_scheduler_core/cold_q[2][valid]_bret__3_i_14_n_0
                         LUT4 (Prop_LUT4_I3_O)        0.051     4.052 r  i_scheduler_core/hot_count_q[1]_i_15/O
                         net (fo=26, unplaced)        0.200     4.252    i_scheduler_core/hot_count_q[1]_i_15_n_0
                         LUT6 (Prop_LUT6_I4_O)        0.051     4.303 r  i_scheduler_core/hot_count_q[1]_i_7/O
                         net (fo=4, unplaced)         0.222     4.525    i_scheduler_core/hot_count_q[1]_i_7_n_0
                         LUT6 (Prop_LUT6_I1_O)        0.088     4.613 r  i_scheduler_core/cold_q[1][eid][5]_i_17/O
                         net (fo=45, unplaced)        0.277     4.890    i_scheduler_core/cold_q[1][eid][5]_i_17_n_0
                         LUT6 (Prop_LUT6_I2_O)        0.088     4.978 f  i_scheduler_core/hot_q[4][valid]_bret__2_i_2/O
                         net (fo=17, unplaced)        0.255     5.233    i_scheduler_core/cold_q[1][eid][5]_i_14_0
                         LUT6 (Prop_LUT6_I2_O)        0.088     5.321 f  i_scheduler_core/hot_q[4][eid][5]_i_5/O
                         net (fo=1, unplaced)         0.210     5.531    i_scheduler_core/hot_q[4][eid][5]_i_5_n_0
                         LUT6 (Prop_LUT6_I2_O)        0.088     5.619 r  i_scheduler_core/hot_q[4][eid][5]_i_1/O
                         net (fo=21, unplaced)        0.253     5.872    i_scheduler_core_n_89
                         FDCE                                         r  hot_q_reg[4][ntok][5]/CE
  -------------------------------------------------------------------    -------------------

                         (clock scheduler_clk rise edge)
                                                      5.000     5.000 r  
                                                      0.000     5.000 r  clk_i (IN)
                         net (fo=2013, unset)         0.080     5.080    clk_i
                         FDCE                                         r  hot_q_reg[4][ntok][5]/C
                         clock pessimism              0.000     5.080    
                         clock uncertainty           -0.300     4.780    
                         FDCE (Setup_FDCE_C_CE)      -0.087     4.693    hot_q_reg[4][ntok][5]
  -------------------------------------------------------------------
                         required time                          4.693    
                         arrival time                          -5.872    
  -------------------------------------------------------------------
                         slack                                 -1.179    

Slack (VIOLATED) :        -1.179ns  (required time - arrival time)
  Source:                 refill_top_remaining_q_reg[2]/C
                            (rising edge-triggered cell FDCE clocked by scheduler_clk  {rise@0.000ns fall@2.500ns period=5.000ns})
  Destination:            hot_q_reg[4][ntok][6]/CE
                            (rising edge-triggered cell FDCE clocked by scheduler_clk  {rise@0.000ns fall@2.500ns period=5.000ns})
  Path Group:             scheduler_clk
  Path Type:              Setup (Max at Slow Process Corner)
  Requirement:            5.000ns  (scheduler_clk rise@5.000ns - scheduler_clk rise@0.000ns)
  Data Path Delay:        5.752ns  (logic 1.461ns (25.400%)  route 4.291ns (74.600%))
  Logic Levels:           18  (LUT4=2 LUT6=16)
  Clock Path Skew:        -0.040ns (DCD - SCD + CPR)
    Destination Clock Delay (DCD):    0.080ns = ( 5.080 - 5.000 ) 
    Source Clock Delay      (SCD):    0.120ns
    Clock Pessimism Removal (CPR):    0.000ns
  Clock Uncertainty:      0.300ns  (CJ)/2 + PE + PJ
    Clock Jitter             (CJ):    0.600ns
    Phase Error              (PE):    0.000ns
    Phase Jitter             (PJ):    0.000ns

    Location             Delay type                Incr(ns)  Path(ns)    Netlist Resource(s)
  -------------------------------------------------------------------    -------------------
                         (clock scheduler_clk rise edge)
                                                      0.000     0.000 r  
                                                      0.000     0.000 r  clk_i (IN)
                         net (fo=2013, unset)         0.120     0.120    clk_i
                         FDCE                                         r  refill_top_remaining_q_reg[2]/C
  -------------------------------------------------------------------    -------------------
                         FDCE (Prop_FDCE_C_Q)         0.090     0.210 f  refill_top_remaining_q_reg[2]/Q
                         net (fo=17, unplaced)        0.298     0.508    i_scheduler_core/refill_bottom_remaining_q_reg[0][2]
                         LUT6 (Prop_LUT6_I1_O)        0.088     0.596 f  i_scheduler_core/cold_count_q[0]_i_13/O
                         net (fo=23, unplaced)        0.262     0.858    i_scheduler_core/cold_q[1][eid][5]_i_28/I2
                         LUT6 (Prop_LUT6_I2_O)        0.088     0.946 r  i_scheduler_core/cold_q[1][eid][5]_i_28/LUT6/O
                         net (fo=3, unplaced)         0.216     1.162    i_scheduler_core/cold_q[1][eid][5]_i_28_n_1
                         LUT6 (Prop_LUT6_I1_O)        0.088     1.250 r  i_scheduler_core/hot_count_q[1]_i_21/O
                         net (fo=7, unplaced)         0.235     1.485    i_scheduler_core/hot_count_q[1]_i_21_n_0
                         LUT6 (Prop_LUT6_I1_O)        0.088     1.573 r  i_scheduler_core/hot_q[3][eid][3]_i_41/O
                         net (fo=4, unplaced)         0.157     1.730    i_scheduler_core/hot_q[3][eid][3]_i_41_n_0
                         LUT6 (Prop_LUT6_I4_O)        0.051     1.781 f  i_scheduler_core/hot_q[8][eid][5]_i_38/O
                         net (fo=11, unplaced)        0.245     2.026    i_scheduler_core/hot_q[8][eid][5]_i_38_n_0
                         LUT6 (Prop_LUT6_I1_O)        0.088     2.114 r  i_scheduler_core/cold_q[2][valid]_bret__3_i_25/O
                         net (fo=59, unplaced)        0.201     2.315    i_scheduler_core/cold_q[2][valid]_bret__3_i_25_n_0
                         LUT4 (Prop_LUT4_I0_O)        0.074     2.389 r  i_scheduler_core/hot_q[3][eid][3]_i_22/O
                         net (fo=32, unplaced)        0.270     2.659    i_scheduler_core/hot_q[3][eid][3]_i_22_n_0
                         LUT6 (Prop_LUT6_I2_O)        0.088     2.747 f  i_scheduler_core/hot_q[3][eid][3]_i_21/O
                         net (fo=9, unplaced)         0.176     2.923    i_scheduler_core/hot_q[3][eid][3]_i_21_n_0
                         LUT6 (Prop_LUT6_I4_O)        0.051     2.974 f  i_scheduler_core/cold_q[2][valid]_bret__3_i_35/O
                         net (fo=9, unplaced)         0.176     3.150    i_scheduler_core/cold_q[2][valid]_bret__3_i_35_n_0
                         LUT6 (Prop_LUT6_I5_O)        0.051     3.201 r  i_scheduler_core/cold_q[2][eid][2]_bret__3_i_6/O
                         net (fo=50, unplaced)        0.198     3.399    i_scheduler_core/cold_q[2][eid][2]_bret__3_i_6_n_0
                         LUT6 (Prop_LUT6_I0_O)        0.074     3.473 f  i_scheduler_core/cold_q[2][valid]_bret__3_i_38/O
                         net (fo=8, unplaced)         0.238     3.711    i_scheduler_core/cold_q[2][valid]_bret__3_i_38_n_0
                         LUT6 (Prop_LUT6_I2_O)        0.088     3.799 f  i_scheduler_core/cold_q[2][valid]_bret__3_i_14/O
                         net (fo=28, unplaced)        0.202     4.001    i_scheduler_core/cold_q[2][valid]_bret__3_i_14_n_0
                         LUT4 (Prop_LUT4_I3_O)        0.051     4.052 r  i_scheduler_core/hot_count_q[1]_i_15/O
                         net (fo=26, unplaced)        0.200     4.252    i_scheduler_core/hot_count_q[1]_i_15_n_0
                         LUT6 (Prop_LUT6_I4_O)        0.051     4.303 r  i_scheduler_core/hot_count_q[1]_i_7/O
                         net (fo=4, unplaced)         0.222     4.525    i_scheduler_core/hot_count_q[1]_i_7_n_0
                         LUT6 (Prop_LUT6_I1_O)        0.088     4.613 r  i_scheduler_core/cold_q[1][eid][5]_i_17/O
                         net (fo=45, unplaced)        0.277     4.890    i_scheduler_core/cold_q[1][eid][5]_i_17_n_0
                         LUT6 (Prop_LUT6_I2_O)        0.088     4.978 f  i_scheduler_core/hot_q[4][valid]_bret__2_i_2/O
                         net (fo=17, unplaced)        0.255     5.233    i_scheduler_core/cold_q[1][eid][5]_i_14_0
                         LUT6 (Prop_LUT6_I2_O)        0.088     5.321 f  i_scheduler_core/hot_q[4][eid][5]_i_5/O
                         net (fo=1, unplaced)         0.210     5.531    i_scheduler_core/hot_q[4][eid][5]_i_5_n_0
                         LUT6 (Prop_LUT6_I2_O)        0.088     5.619 r  i_scheduler_core/hot_q[4][eid][5]_i_1/O
                         net (fo=21, unplaced)        0.253     5.872    i_scheduler_core_n_89
                         FDCE                                         r  hot_q_reg[4][ntok][6]/CE
  -------------------------------------------------------------------    -------------------

                         (clock scheduler_clk rise edge)
                                                      5.000     5.000 r  
                                                      0.000     5.000 r  clk_i (IN)
                         net (fo=2013, unset)         0.080     5.080    clk_i
                         FDCE                                         r  hot_q_reg[4][ntok][6]/C
                         clock pessimism              0.000     5.080    
                         clock uncertainty           -0.300     4.780    
                         FDCE (Setup_FDCE_C_CE)      -0.087     4.693    hot_q_reg[4][ntok][6]
  -------------------------------------------------------------------
                         required time                          4.693    
                         arrival time                          -5.872    
  -------------------------------------------------------------------
                         slack                                 -1.179    

Slack (VIOLATED) :        -1.179ns  (required time - arrival time)
  Source:                 refill_top_remaining_q_reg[2]/C
                            (rising edge-triggered cell FDCE clocked by scheduler_clk  {rise@0.000ns fall@2.500ns period=5.000ns})
  Destination:            hot_q_reg[4][ntok][7]/CE
                            (rising edge-triggered cell FDCE clocked by scheduler_clk  {rise@0.000ns fall@2.500ns period=5.000ns})
  Path Group:             scheduler_clk
  Path Type:              Setup (Max at Slow Process Corner)
  Requirement:            5.000ns  (scheduler_clk rise@5.000ns - scheduler_clk rise@0.000ns)
  Data Path Delay:        5.752ns  (logic 1.461ns (25.400%)  route 4.291ns (74.600%))
  Logic Levels:           18  (LUT4=2 LUT6=16)
  Clock Path Skew:        -0.040ns (DCD - SCD + CPR)
    Destination Clock Delay (DCD):    0.080ns = ( 5.080 - 5.000 ) 
    Source Clock Delay      (SCD):    0.120ns
    Clock Pessimism Removal (CPR):    0.000ns
  Clock Uncertainty:      0.300ns  (CJ)/2 + PE + PJ
    Clock Jitter             (CJ):    0.600ns
    Phase Error              (PE):    0.000ns
    Phase Jitter             (PJ):    0.000ns

    Location             Delay type                Incr(ns)  Path(ns)    Netlist Resource(s)
  -------------------------------------------------------------------    -------------------
                         (clock scheduler_clk rise edge)
                                                      0.000     0.000 r  
                                                      0.000     0.000 r  clk_i (IN)
                         net (fo=2013, unset)         0.120     0.120    clk_i
                         FDCE                                         r  refill_top_remaining_q_reg[2]/C
  -------------------------------------------------------------------    -------------------
                         FDCE (Prop_FDCE_C_Q)         0.090     0.210 f  refill_top_remaining_q_reg[2]/Q
                         net (fo=17, unplaced)        0.298     0.508    i_scheduler_core/refill_bottom_remaining_q_reg[0][2]
                         LUT6 (Prop_LUT6_I1_O)        0.088     0.596 f  i_scheduler_core/cold_count_q[0]_i_13/O
                         net (fo=23, unplaced)        0.262     0.858    i_scheduler_core/cold_q[1][eid][5]_i_28/I2
                         LUT6 (Prop_LUT6_I2_O)        0.088     0.946 r  i_scheduler_core/cold_q[1][eid][5]_i_28/LUT6/O
                         net (fo=3, unplaced)         0.216     1.162    i_scheduler_core/cold_q[1][eid][5]_i_28_n_1
                         LUT6 (Prop_LUT6_I1_O)        0.088     1.250 r  i_scheduler_core/hot_count_q[1]_i_21/O
                         net (fo=7, unplaced)         0.235     1.485    i_scheduler_core/hot_count_q[1]_i_21_n_0
                         LUT6 (Prop_LUT6_I1_O)        0.088     1.573 r  i_scheduler_core/hot_q[3][eid][3]_i_41/O
                         net (fo=4, unplaced)         0.157     1.730    i_scheduler_core/hot_q[3][eid][3]_i_41_n_0
                         LUT6 (Prop_LUT6_I4_O)        0.051     1.781 f  i_scheduler_core/hot_q[8][eid][5]_i_38/O
                         net (fo=11, unplaced)        0.245     2.026    i_scheduler_core/hot_q[8][eid][5]_i_38_n_0
                         LUT6 (Prop_LUT6_I1_O)        0.088     2.114 r  i_scheduler_core/cold_q[2][valid]_bret__3_i_25/O
                         net (fo=59, unplaced)        0.201     2.315    i_scheduler_core/cold_q[2][valid]_bret__3_i_25_n_0
                         LUT4 (Prop_LUT4_I0_O)        0.074     2.389 r  i_scheduler_core/hot_q[3][eid][3]_i_22/O
                         net (fo=32, unplaced)        0.270     2.659    i_scheduler_core/hot_q[3][eid][3]_i_22_n_0
                         LUT6 (Prop_LUT6_I2_O)        0.088     2.747 f  i_scheduler_core/hot_q[3][eid][3]_i_21/O
                         net (fo=9, unplaced)         0.176     2.923    i_scheduler_core/hot_q[3][eid][3]_i_21_n_0
                         LUT6 (Prop_LUT6_I4_O)        0.051     2.974 f  i_scheduler_core/cold_q[2][valid]_bret__3_i_35/O
                         net (fo=9, unplaced)         0.176     3.150    i_scheduler_core/cold_q[2][valid]_bret__3_i_35_n_0
                         LUT6 (Prop_LUT6_I5_O)        0.051     3.201 r  i_scheduler_core/cold_q[2][eid][2]_bret__3_i_6/O
                         net (fo=50, unplaced)        0.198     3.399    i_scheduler_core/cold_q[2][eid][2]_bret__3_i_6_n_0
                         LUT6 (Prop_LUT6_I0_O)        0.074     3.473 f  i_scheduler_core/cold_q[2][valid]_bret__3_i_38/O
                         net (fo=8, unplaced)         0.238     3.711    i_scheduler_core/cold_q[2][valid]_bret__3_i_38_n_0
                         LUT6 (Prop_LUT6_I2_O)        0.088     3.799 f  i_scheduler_core/cold_q[2][valid]_bret__3_i_14/O
                         net (fo=28, unplaced)        0.202     4.001    i_scheduler_core/cold_q[2][valid]_bret__3_i_14_n_0
                         LUT4 (Prop_LUT4_I3_O)        0.051     4.052 r  i_scheduler_core/hot_count_q[1]_i_15/O
                         net (fo=26, unplaced)        0.200     4.252    i_scheduler_core/hot_count_q[1]_i_15_n_0
                         LUT6 (Prop_LUT6_I4_O)        0.051     4.303 r  i_scheduler_core/hot_count_q[1]_i_7/O
                         net (fo=4, unplaced)         0.222     4.525    i_scheduler_core/hot_count_q[1]_i_7_n_0
                         LUT6 (Prop_LUT6_I1_O)        0.088     4.613 r  i_scheduler_core/cold_q[1][eid][5]_i_17/O
                         net (fo=45, unplaced)        0.277     4.890    i_scheduler_core/cold_q[1][eid][5]_i_17_n_0
                         LUT6 (Prop_LUT6_I2_O)        0.088     4.978 f  i_scheduler_core/hot_q[4][valid]_bret__2_i_2/O
                         net (fo=17, unplaced)        0.255     5.233    i_scheduler_core/cold_q[1][eid][5]_i_14_0
                         LUT6 (Prop_LUT6_I2_O)        0.088     5.321 f  i_scheduler_core/hot_q[4][eid][5]_i_5/O
                         net (fo=1, unplaced)         0.210     5.531    i_scheduler_core/hot_q[4][eid][5]_i_5_n_0
                         LUT6 (Prop_LUT6_I2_O)        0.088     5.619 r  i_scheduler_core/hot_q[4][eid][5]_i_1/O
                         net (fo=21, unplaced)        0.253     5.872    i_scheduler_core_n_89
                         FDCE                                         r  hot_q_reg[4][ntok][7]/CE
  -------------------------------------------------------------------    -------------------

                         (clock scheduler_clk rise edge)
                                                      5.000     5.000 r  
                                                      0.000     5.000 r  clk_i (IN)
                         net (fo=2013, unset)         0.080     5.080    clk_i
                         FDCE                                         r  hot_q_reg[4][ntok][7]/C
                         clock pessimism              0.000     5.080    
                         clock uncertainty           -0.300     4.780    
                         FDCE (Setup_FDCE_C_CE)      -0.087     4.693    hot_q_reg[4][ntok][7]
  -------------------------------------------------------------------
                         required time                          4.693    
                         arrival time                          -5.872    
  -------------------------------------------------------------------
                         slack                                 -1.179    

Slack (VIOLATED) :        -1.179ns  (required time - arrival time)
  Source:                 refill_top_remaining_q_reg[2]/C
                            (rising edge-triggered cell FDCE clocked by scheduler_clk  {rise@0.000ns fall@2.500ns period=5.000ns})
  Destination:            hot_q_reg[4][ntok][8]/CE
                            (rising edge-triggered cell FDCE clocked by scheduler_clk  {rise@0.000ns fall@2.500ns period=5.000ns})
  Path Group:             scheduler_clk
  Path Type:              Setup (Max at Slow Process Corner)
  Requirement:            5.000ns  (scheduler_clk rise@5.000ns - scheduler_clk rise@0.000ns)
  Data Path Delay:        5.752ns  (logic 1.461ns (25.400%)  route 4.291ns (74.600%))
  Logic Levels:           18  (LUT4=2 LUT6=16)
  Clock Path Skew:        -0.040ns (DCD - SCD + CPR)
    Destination Clock Delay (DCD):    0.080ns = ( 5.080 - 5.000 ) 
    Source Clock Delay      (SCD):    0.120ns
    Clock Pessimism Removal (CPR):    0.000ns
  Clock Uncertainty:      0.300ns  (CJ)/2 + PE + PJ
    Clock Jitter             (CJ):    0.600ns
    Phase Error              (PE):    0.000ns
    Phase Jitter             (PJ):    0.000ns

    Location             Delay type                Incr(ns)  Path(ns)    Netlist Resource(s)
  -------------------------------------------------------------------    -------------------
                         (clock scheduler_clk rise edge)
                                                      0.000     0.000 r  
                                                      0.000     0.000 r  clk_i (IN)
                         net (fo=2013, unset)         0.120     0.120    clk_i
                         FDCE                                         r  refill_top_remaining_q_reg[2]/C
  -------------------------------------------------------------------    -------------------
                         FDCE (Prop_FDCE_C_Q)         0.090     0.210 f  refill_top_remaining_q_reg[2]/Q
                         net (fo=17, unplaced)        0.298     0.508    i_scheduler_core/refill_bottom_remaining_q_reg[0][2]
                         LUT6 (Prop_LUT6_I1_O)        0.088     0.596 f  i_scheduler_core/cold_count_q[0]_i_13/O
                         net (fo=23, unplaced)        0.262     0.858    i_scheduler_core/cold_q[1][eid][5]_i_28/I2
                         LUT6 (Prop_LUT6_I2_O)        0.088     0.946 r  i_scheduler_core/cold_q[1][eid][5]_i_28/LUT6/O
                         net (fo=3, unplaced)         0.216     1.162    i_scheduler_core/cold_q[1][eid][5]_i_28_n_1
                         LUT6 (Prop_LUT6_I1_O)        0.088     1.250 r  i_scheduler_core/hot_count_q[1]_i_21/O
                         net (fo=7, unplaced)         0.235     1.485    i_scheduler_core/hot_count_q[1]_i_21_n_0
                         LUT6 (Prop_LUT6_I1_O)        0.088     1.573 r  i_scheduler_core/hot_q[3][eid][3]_i_41/O
                         net (fo=4, unplaced)         0.157     1.730    i_scheduler_core/hot_q[3][eid][3]_i_41_n_0
                         LUT6 (Prop_LUT6_I4_O)        0.051     1.781 f  i_scheduler_core/hot_q[8][eid][5]_i_38/O
                         net (fo=11, unplaced)        0.245     2.026    i_scheduler_core/hot_q[8][eid][5]_i_38_n_0
                         LUT6 (Prop_LUT6_I1_O)        0.088     2.114 r  i_scheduler_core/cold_q[2][valid]_bret__3_i_25/O
                         net (fo=59, unplaced)        0.201     2.315    i_scheduler_core/cold_q[2][valid]_bret__3_i_25_n_0
                         LUT4 (Prop_LUT4_I0_O)        0.074     2.389 r  i_scheduler_core/hot_q[3][eid][3]_i_22/O
                         net (fo=32, unplaced)        0.270     2.659    i_scheduler_core/hot_q[3][eid][3]_i_22_n_0
                         LUT6 (Prop_LUT6_I2_O)        0.088     2.747 f  i_scheduler_core/hot_q[3][eid][3]_i_21/O
                         net (fo=9, unplaced)         0.176     2.923    i_scheduler_core/hot_q[3][eid][3]_i_21_n_0
                         LUT6 (Prop_LUT6_I4_O)        0.051     2.974 f  i_scheduler_core/cold_q[2][valid]_bret__3_i_35/O
                         net (fo=9, unplaced)         0.176     3.150    i_scheduler_core/cold_q[2][valid]_bret__3_i_35_n_0
                         LUT6 (Prop_LUT6_I5_O)        0.051     3.201 r  i_scheduler_core/cold_q[2][eid][2]_bret__3_i_6/O
                         net (fo=50, unplaced)        0.198     3.399    i_scheduler_core/cold_q[2][eid][2]_bret__3_i_6_n_0
                         LUT6 (Prop_LUT6_I0_O)        0.074     3.473 f  i_scheduler_core/cold_q[2][valid]_bret__3_i_38/O
                         net (fo=8, unplaced)         0.238     3.711    i_scheduler_core/cold_q[2][valid]_bret__3_i_38_n_0
                         LUT6 (Prop_LUT6_I2_O)        0.088     3.799 f  i_scheduler_core/cold_q[2][valid]_bret__3_i_14/O
                         net (fo=28, unplaced)        0.202     4.001    i_scheduler_core/cold_q[2][valid]_bret__3_i_14_n_0
                         LUT4 (Prop_LUT4_I3_O)        0.051     4.052 r  i_scheduler_core/hot_count_q[1]_i_15/O
                         net (fo=26, unplaced)        0.200     4.252    i_scheduler_core/hot_count_q[1]_i_15_n_0
                         LUT6 (Prop_LUT6_I4_O)        0.051     4.303 r  i_scheduler_core/hot_count_q[1]_i_7/O
                         net (fo=4, unplaced)         0.222     4.525    i_scheduler_core/hot_count_q[1]_i_7_n_0
                         LUT6 (Prop_LUT6_I1_O)        0.088     4.613 r  i_scheduler_core/cold_q[1][eid][5]_i_17/O
                         net (fo=45, unplaced)        0.277     4.890    i_scheduler_core/cold_q[1][eid][5]_i_17_n_0
                         LUT6 (Prop_LUT6_I2_O)        0.088     4.978 f  i_scheduler_core/hot_q[4][valid]_bret__2_i_2/O
                         net (fo=17, unplaced)        0.255     5.233    i_scheduler_core/cold_q[1][eid][5]_i_14_0
                         LUT6 (Prop_LUT6_I2_O)        0.088     5.321 f  i_scheduler_core/hot_q[4][eid][5]_i_5/O
                         net (fo=1, unplaced)         0.210     5.531    i_scheduler_core/hot_q[4][eid][5]_i_5_n_0
                         LUT6 (Prop_LUT6_I2_O)        0.088     5.619 r  i_scheduler_core/hot_q[4][eid][5]_i_1/O
                         net (fo=21, unplaced)        0.253     5.872    i_scheduler_core_n_89
                         FDCE                                         r  hot_q_reg[4][ntok][8]/CE
  -------------------------------------------------------------------    -------------------

                         (clock scheduler_clk rise edge)
                                                      5.000     5.000 r  
                                                      0.000     5.000 r  clk_i (IN)
                         net (fo=2013, unset)         0.080     5.080    clk_i
                         FDCE                                         r  hot_q_reg[4][ntok][8]/C
                         clock pessimism              0.000     5.080    
                         clock uncertainty           -0.300     4.780    
                         FDCE (Setup_FDCE_C_CE)      -0.087     4.693    hot_q_reg[4][ntok][8]
  -------------------------------------------------------------------
                         required time                          4.693    
                         arrival time                          -5.872    
  -------------------------------------------------------------------
                         slack                                 -1.179    

Slack (VIOLATED) :        -1.179ns  (required time - arrival time)
  Source:                 refill_top_remaining_q_reg[2]/C
                            (rising edge-triggered cell FDCE clocked by scheduler_clk  {rise@0.000ns fall@2.500ns period=5.000ns})
  Destination:            hot_q_reg[4][valid]_bret/CE
                            (rising edge-triggered cell FDCE clocked by scheduler_clk  {rise@0.000ns fall@2.500ns period=5.000ns})
  Path Group:             scheduler_clk
  Path Type:              Setup (Max at Slow Process Corner)
  Requirement:            5.000ns  (scheduler_clk rise@5.000ns - scheduler_clk rise@0.000ns)
  Data Path Delay:        5.752ns  (logic 1.461ns (25.400%)  route 4.291ns (74.600%))
  Logic Levels:           18  (LUT4=2 LUT6=16)
  Clock Path Skew:        -0.040ns (DCD - SCD + CPR)
    Destination Clock Delay (DCD):    0.080ns = ( 5.080 - 5.000 ) 
    Source Clock Delay      (SCD):    0.120ns
    Clock Pessimism Removal (CPR):    0.000ns
  Clock Uncertainty:      0.300ns  (CJ)/2 + PE + PJ
    Clock Jitter             (CJ):    0.600ns
    Phase Error              (PE):    0.000ns
    Phase Jitter             (PJ):    0.000ns

    Location             Delay type                Incr(ns)  Path(ns)    Netlist Resource(s)
  -------------------------------------------------------------------    -------------------
                         (clock scheduler_clk rise edge)
                                                      0.000     0.000 r  
                                                      0.000     0.000 r  clk_i (IN)
                         net (fo=2013, unset)         0.120     0.120    clk_i
                         FDCE                                         r  refill_top_remaining_q_reg[2]/C
  -------------------------------------------------------------------    -------------------
                         FDCE (Prop_FDCE_C_Q)         0.090     0.210 f  refill_top_remaining_q_reg[2]/Q
                         net (fo=17, unplaced)        0.298     0.508    i_scheduler_core/refill_bottom_remaining_q_reg[0][2]
                         LUT6 (Prop_LUT6_I1_O)        0.088     0.596 f  i_scheduler_core/cold_count_q[0]_i_13/O
                         net (fo=23, unplaced)        0.262     0.858    i_scheduler_core/cold_q[1][eid][5]_i_28/I2
                         LUT6 (Prop_LUT6_I2_O)        0.088     0.946 r  i_scheduler_core/cold_q[1][eid][5]_i_28/LUT6/O
                         net (fo=3, unplaced)         0.216     1.162    i_scheduler_core/cold_q[1][eid][5]_i_28_n_1
                         LUT6 (Prop_LUT6_I1_O)        0.088     1.250 r  i_scheduler_core/hot_count_q[1]_i_21/O
                         net (fo=7, unplaced)         0.235     1.485    i_scheduler_core/hot_count_q[1]_i_21_n_0
                         LUT6 (Prop_LUT6_I1_O)        0.088     1.573 r  i_scheduler_core/hot_q[3][eid][3]_i_41/O
                         net (fo=4, unplaced)         0.157     1.730    i_scheduler_core/hot_q[3][eid][3]_i_41_n_0
                         LUT6 (Prop_LUT6_I4_O)        0.051     1.781 f  i_scheduler_core/hot_q[8][eid][5]_i_38/O
                         net (fo=11, unplaced)        0.245     2.026    i_scheduler_core/hot_q[8][eid][5]_i_38_n_0
                         LUT6 (Prop_LUT6_I1_O)        0.088     2.114 r  i_scheduler_core/cold_q[2][valid]_bret__3_i_25/O
                         net (fo=59, unplaced)        0.201     2.315    i_scheduler_core/cold_q[2][valid]_bret__3_i_25_n_0
                         LUT4 (Prop_LUT4_I0_O)        0.074     2.389 r  i_scheduler_core/hot_q[3][eid][3]_i_22/O
                         net (fo=32, unplaced)        0.270     2.659    i_scheduler_core/hot_q[3][eid][3]_i_22_n_0
                         LUT6 (Prop_LUT6_I2_O)        0.088     2.747 f  i_scheduler_core/hot_q[3][eid][3]_i_21/O
                         net (fo=9, unplaced)         0.176     2.923    i_scheduler_core/hot_q[3][eid][3]_i_21_n_0
                         LUT6 (Prop_LUT6_I4_O)        0.051     2.974 f  i_scheduler_core/cold_q[2][valid]_bret__3_i_35/O
                         net (fo=9, unplaced)         0.176     3.150    i_scheduler_core/cold_q[2][valid]_bret__3_i_35_n_0
                         LUT6 (Prop_LUT6_I5_O)        0.051     3.201 r  i_scheduler_core/cold_q[2][eid][2]_bret__3_i_6/O
                         net (fo=50, unplaced)        0.198     3.399    i_scheduler_core/cold_q[2][eid][2]_bret__3_i_6_n_0
                         LUT6 (Prop_LUT6_I0_O)        0.074     3.473 f  i_scheduler_core/cold_q[2][valid]_bret__3_i_38/O
                         net (fo=8, unplaced)         0.238     3.711    i_scheduler_core/cold_q[2][valid]_bret__3_i_38_n_0
                         LUT6 (Prop_LUT6_I2_O)        0.088     3.799 f  i_scheduler_core/cold_q[2][valid]_bret__3_i_14/O
                         net (fo=28, unplaced)        0.202     4.001    i_scheduler_core/cold_q[2][valid]_bret__3_i_14_n_0
                         LUT4 (Prop_LUT4_I3_O)        0.051     4.052 r  i_scheduler_core/hot_count_q[1]_i_15/O
                         net (fo=26, unplaced)        0.200     4.252    i_scheduler_core/hot_count_q[1]_i_15_n_0
                         LUT6 (Prop_LUT6_I4_O)        0.051     4.303 r  i_scheduler_core/hot_count_q[1]_i_7/O
                         net (fo=4, unplaced)         0.222     4.525    i_scheduler_core/hot_count_q[1]_i_7_n_0
                         LUT6 (Prop_LUT6_I1_O)        0.088     4.613 r  i_scheduler_core/cold_q[1][eid][5]_i_17/O
                         net (fo=45, unplaced)        0.277     4.890    i_scheduler_core/cold_q[1][eid][5]_i_17_n_0
                         LUT6 (Prop_LUT6_I2_O)        0.088     4.978 f  i_scheduler_core/hot_q[4][valid]_bret__2_i_2/O
                         net (fo=17, unplaced)        0.255     5.233    i_scheduler_core/cold_q[1][eid][5]_i_14_0
                         LUT6 (Prop_LUT6_I2_O)        0.088     5.321 f  i_scheduler_core/hot_q[4][eid][5]_i_5/O
                         net (fo=1, unplaced)         0.210     5.531    i_scheduler_core/hot_q[4][eid][5]_i_5_n_0
                         LUT6 (Prop_LUT6_I2_O)        0.088     5.619 r  i_scheduler_core/hot_q[4][eid][5]_i_1/O
                         net (fo=21, unplaced)        0.253     5.872    i_scheduler_core_n_89
                         FDCE                                         r  hot_q_reg[4][valid]_bret/CE
  -------------------------------------------------------------------    -------------------

                         (clock scheduler_clk rise edge)
                                                      5.000     5.000 r  
                                                      0.000     5.000 r  clk_i (IN)
                         net (fo=2013, unset)         0.080     5.080    clk_i
                         FDCE                                         r  hot_q_reg[4][valid]_bret/C
                         clock pessimism              0.000     5.080    
                         clock uncertainty           -0.300     4.780    
                         FDCE (Setup_FDCE_C_CE)      -0.087     4.693    hot_q_reg[4][valid]_bret
  -------------------------------------------------------------------
                         required time                          4.693    
                         arrival time                          -5.872    
  -------------------------------------------------------------------
                         slack                                 -1.179    

Slack (VIOLATED) :        -1.179ns  (required time - arrival time)
  Source:                 refill_top_remaining_q_reg[2]/C
                            (rising edge-triggered cell FDCE clocked by scheduler_clk  {rise@0.000ns fall@2.500ns period=5.000ns})
  Destination:            hot_q_reg[4][valid]_bret__0/CE
                            (rising edge-triggered cell FDCE clocked by scheduler_clk  {rise@0.000ns fall@2.500ns period=5.000ns})
  Path Group:             scheduler_clk
  Path Type:              Setup (Max at Slow Process Corner)
  Requirement:            5.000ns  (scheduler_clk rise@5.000ns - scheduler_clk rise@0.000ns)
  Data Path Delay:        5.752ns  (logic 1.461ns (25.400%)  route 4.291ns (74.600%))
  Logic Levels:           18  (LUT4=2 LUT6=16)
  Clock Path Skew:        -0.040ns (DCD - SCD + CPR)
    Destination Clock Delay (DCD):    0.080ns = ( 5.080 - 5.000 ) 
    Source Clock Delay      (SCD):    0.120ns
    Clock Pessimism Removal (CPR):    0.000ns
  Clock Uncertainty:      0.300ns  (CJ)/2 + PE + PJ
    Clock Jitter             (CJ):    0.600ns
    Phase Error              (PE):    0.000ns
    Phase Jitter             (PJ):    0.000ns

    Location             Delay type                Incr(ns)  Path(ns)    Netlist Resource(s)
  -------------------------------------------------------------------    -------------------
                         (clock scheduler_clk rise edge)
                                                      0.000     0.000 r  
                                                      0.000     0.000 r  clk_i (IN)
                         net (fo=2013, unset)         0.120     0.120    clk_i
                         FDCE                                         r  refill_top_remaining_q_reg[2]/C
  -------------------------------------------------------------------    -------------------
                         FDCE (Prop_FDCE_C_Q)         0.090     0.210 f  refill_top_remaining_q_reg[2]/Q
                         net (fo=17, unplaced)        0.298     0.508    i_scheduler_core/refill_bottom_remaining_q_reg[0][2]
                         LUT6 (Prop_LUT6_I1_O)        0.088     0.596 f  i_scheduler_core/cold_count_q[0]_i_13/O
                         net (fo=23, unplaced)        0.262     0.858    i_scheduler_core/cold_q[1][eid][5]_i_28/I2
                         LUT6 (Prop_LUT6_I2_O)        0.088     0.946 r  i_scheduler_core/cold_q[1][eid][5]_i_28/LUT6/O
                         net (fo=3, unplaced)         0.216     1.162    i_scheduler_core/cold_q[1][eid][5]_i_28_n_1
                         LUT6 (Prop_LUT6_I1_O)        0.088     1.250 r  i_scheduler_core/hot_count_q[1]_i_21/O
                         net (fo=7, unplaced)         0.235     1.485    i_scheduler_core/hot_count_q[1]_i_21_n_0
                         LUT6 (Prop_LUT6_I1_O)        0.088     1.573 r  i_scheduler_core/hot_q[3][eid][3]_i_41/O
                         net (fo=4, unplaced)         0.157     1.730    i_scheduler_core/hot_q[3][eid][3]_i_41_n_0
                         LUT6 (Prop_LUT6_I4_O)        0.051     1.781 f  i_scheduler_core/hot_q[8][eid][5]_i_38/O
                         net (fo=11, unplaced)        0.245     2.026    i_scheduler_core/hot_q[8][eid][5]_i_38_n_0
                         LUT6 (Prop_LUT6_I1_O)        0.088     2.114 r  i_scheduler_core/cold_q[2][valid]_bret__3_i_25/O
                         net (fo=59, unplaced)        0.201     2.315    i_scheduler_core/cold_q[2][valid]_bret__3_i_25_n_0
                         LUT4 (Prop_LUT4_I0_O)        0.074     2.389 r  i_scheduler_core/hot_q[3][eid][3]_i_22/O
                         net (fo=32, unplaced)        0.270     2.659    i_scheduler_core/hot_q[3][eid][3]_i_22_n_0
                         LUT6 (Prop_LUT6_I2_O)        0.088     2.747 f  i_scheduler_core/hot_q[3][eid][3]_i_21/O
                         net (fo=9, unplaced)         0.176     2.923    i_scheduler_core/hot_q[3][eid][3]_i_21_n_0
                         LUT6 (Prop_LUT6_I4_O)        0.051     2.974 f  i_scheduler_core/cold_q[2][valid]_bret__3_i_35/O
                         net (fo=9, unplaced)         0.176     3.150    i_scheduler_core/cold_q[2][valid]_bret__3_i_35_n_0
                         LUT6 (Prop_LUT6_I5_O)        0.051     3.201 r  i_scheduler_core/cold_q[2][eid][2]_bret__3_i_6/O
                         net (fo=50, unplaced)        0.198     3.399    i_scheduler_core/cold_q[2][eid][2]_bret__3_i_6_n_0
                         LUT6 (Prop_LUT6_I0_O)        0.074     3.473 f  i_scheduler_core/cold_q[2][valid]_bret__3_i_38/O
                         net (fo=8, unplaced)         0.238     3.711    i_scheduler_core/cold_q[2][valid]_bret__3_i_38_n_0
                         LUT6 (Prop_LUT6_I2_O)        0.088     3.799 f  i_scheduler_core/cold_q[2][valid]_bret__3_i_14/O
                         net (fo=28, unplaced)        0.202     4.001    i_scheduler_core/cold_q[2][valid]_bret__3_i_14_n_0
                         LUT4 (Prop_LUT4_I3_O)        0.051     4.052 r  i_scheduler_core/hot_count_q[1]_i_15/O
                         net (fo=26, unplaced)        0.200     4.252    i_scheduler_core/hot_count_q[1]_i_15_n_0
                         LUT6 (Prop_LUT6_I4_O)        0.051     4.303 r  i_scheduler_core/hot_count_q[1]_i_7/O
                         net (fo=4, unplaced)         0.222     4.525    i_scheduler_core/hot_count_q[1]_i_7_n_0
                         LUT6 (Prop_LUT6_I1_O)        0.088     4.613 r  i_scheduler_core/cold_q[1][eid][5]_i_17/O
                         net (fo=45, unplaced)        0.277     4.890    i_scheduler_core/cold_q[1][eid][5]_i_17_n_0
                         LUT6 (Prop_LUT6_I2_O)        0.088     4.978 f  i_scheduler_core/hot_q[4][valid]_bret__2_i_2/O
                         net (fo=17, unplaced)        0.255     5.233    i_scheduler_core/cold_q[1][eid][5]_i_14_0
                         LUT6 (Prop_LUT6_I2_O)        0.088     5.321 f  i_scheduler_core/hot_q[4][eid][5]_i_5/O
                         net (fo=1, unplaced)         0.210     5.531    i_scheduler_core/hot_q[4][eid][5]_i_5_n_0
                         LUT6 (Prop_LUT6_I2_O)        0.088     5.619 r  i_scheduler_core/hot_q[4][eid][5]_i_1/O
                         net (fo=21, unplaced)        0.253     5.872    i_scheduler_core_n_89
                         FDCE                                         r  hot_q_reg[4][valid]_bret__0/CE
  -------------------------------------------------------------------    -------------------

                         (clock scheduler_clk rise edge)
                                                      5.000     5.000 r  
                                                      0.000     5.000 r  clk_i (IN)
                         net (fo=2013, unset)         0.080     5.080    clk_i
                         FDCE                                         r  hot_q_reg[4][valid]_bret__0/C
                         clock pessimism              0.000     5.080    
                         clock uncertainty           -0.300     4.780    
                         FDCE (Setup_FDCE_C_CE)      -0.087     4.693    hot_q_reg[4][valid]_bret__0
  -------------------------------------------------------------------
                         required time                          4.693    
                         arrival time                          -5.872    
  -------------------------------------------------------------------
                         slack                                 -1.179    

Slack (VIOLATED) :        -1.179ns  (required time - arrival time)
  Source:                 refill_top_remaining_q_reg[2]/C
                            (rising edge-triggered cell FDCE clocked by scheduler_clk  {rise@0.000ns fall@2.500ns period=5.000ns})
  Destination:            hot_q_reg[4][valid]_bret__1/CE
                            (rising edge-triggered cell FDCE clocked by scheduler_clk  {rise@0.000ns fall@2.500ns period=5.000ns})
  Path Group:             scheduler_clk
  Path Type:              Setup (Max at Slow Process Corner)
  Requirement:            5.000ns  (scheduler_clk rise@5.000ns - scheduler_clk rise@0.000ns)
  Data Path Delay:        5.752ns  (logic 1.461ns (25.400%)  route 4.291ns (74.600%))
  Logic Levels:           18  (LUT4=2 LUT6=16)
  Clock Path Skew:        -0.040ns (DCD - SCD + CPR)
    Destination Clock Delay (DCD):    0.080ns = ( 5.080 - 5.000 ) 
    Source Clock Delay      (SCD):    0.120ns
    Clock Pessimism Removal (CPR):    0.000ns
  Clock Uncertainty:      0.300ns  (CJ)/2 + PE + PJ
    Clock Jitter             (CJ):    0.600ns
    Phase Error              (PE):    0.000ns
    Phase Jitter             (PJ):    0.000ns

    Location             Delay type                Incr(ns)  Path(ns)    Netlist Resource(s)
  -------------------------------------------------------------------    -------------------
                         (clock scheduler_clk rise edge)
                                                      0.000     0.000 r  
                                                      0.000     0.000 r  clk_i (IN)
                         net (fo=2013, unset)         0.120     0.120    clk_i
                         FDCE                                         r  refill_top_remaining_q_reg[2]/C
  -------------------------------------------------------------------    -------------------
                         FDCE (Prop_FDCE_C_Q)         0.090     0.210 f  refill_top_remaining_q_reg[2]/Q
                         net (fo=17, unplaced)        0.298     0.508    i_scheduler_core/refill_bottom_remaining_q_reg[0][2]
                         LUT6 (Prop_LUT6_I1_O)        0.088     0.596 f  i_scheduler_core/cold_count_q[0]_i_13/O
                         net (fo=23, unplaced)        0.262     0.858    i_scheduler_core/cold_q[1][eid][5]_i_28/I2
                         LUT6 (Prop_LUT6_I2_O)        0.088     0.946 r  i_scheduler_core/cold_q[1][eid][5]_i_28/LUT6/O
                         net (fo=3, unplaced)         0.216     1.162    i_scheduler_core/cold_q[1][eid][5]_i_28_n_1
                         LUT6 (Prop_LUT6_I1_O)        0.088     1.250 r  i_scheduler_core/hot_count_q[1]_i_21/O
                         net (fo=7, unplaced)         0.235     1.485    i_scheduler_core/hot_count_q[1]_i_21_n_0
                         LUT6 (Prop_LUT6_I1_O)        0.088     1.573 r  i_scheduler_core/hot_q[3][eid][3]_i_41/O
                         net (fo=4, unplaced)         0.157     1.730    i_scheduler_core/hot_q[3][eid][3]_i_41_n_0
                         LUT6 (Prop_LUT6_I4_O)        0.051     1.781 f  i_scheduler_core/hot_q[8][eid][5]_i_38/O
                         net (fo=11, unplaced)        0.245     2.026    i_scheduler_core/hot_q[8][eid][5]_i_38_n_0
                         LUT6 (Prop_LUT6_I1_O)        0.088     2.114 r  i_scheduler_core/cold_q[2][valid]_bret__3_i_25/O
                         net (fo=59, unplaced)        0.201     2.315    i_scheduler_core/cold_q[2][valid]_bret__3_i_25_n_0
                         LUT4 (Prop_LUT4_I0_O)        0.074     2.389 r  i_scheduler_core/hot_q[3][eid][3]_i_22/O
                         net (fo=32, unplaced)        0.270     2.659    i_scheduler_core/hot_q[3][eid][3]_i_22_n_0
                         LUT6 (Prop_LUT6_I2_O)        0.088     2.747 f  i_scheduler_core/hot_q[3][eid][3]_i_21/O
                         net (fo=9, unplaced)         0.176     2.923    i_scheduler_core/hot_q[3][eid][3]_i_21_n_0
                         LUT6 (Prop_LUT6_I4_O)        0.051     2.974 f  i_scheduler_core/cold_q[2][valid]_bret__3_i_35/O
                         net (fo=9, unplaced)         0.176     3.150    i_scheduler_core/cold_q[2][valid]_bret__3_i_35_n_0
                         LUT6 (Prop_LUT6_I5_O)        0.051     3.201 r  i_scheduler_core/cold_q[2][eid][2]_bret__3_i_6/O
                         net (fo=50, unplaced)        0.198     3.399    i_scheduler_core/cold_q[2][eid][2]_bret__3_i_6_n_0
                         LUT6 (Prop_LUT6_I0_O)        0.074     3.473 f  i_scheduler_core/cold_q[2][valid]_bret__3_i_38/O
                         net (fo=8, unplaced)         0.238     3.711    i_scheduler_core/cold_q[2][valid]_bret__3_i_38_n_0
                         LUT6 (Prop_LUT6_I2_O)        0.088     3.799 f  i_scheduler_core/cold_q[2][valid]_bret__3_i_14/O
                         net (fo=28, unplaced)        0.202     4.001    i_scheduler_core/cold_q[2][valid]_bret__3_i_14_n_0
                         LUT4 (Prop_LUT4_I3_O)        0.051     4.052 r  i_scheduler_core/hot_count_q[1]_i_15/O
                         net (fo=26, unplaced)        0.200     4.252    i_scheduler_core/hot_count_q[1]_i_15_n_0
                         LUT6 (Prop_LUT6_I4_O)        0.051     4.303 r  i_scheduler_core/hot_count_q[1]_i_7/O
                         net (fo=4, unplaced)         0.222     4.525    i_scheduler_core/hot_count_q[1]_i_7_n_0
                         LUT6 (Prop_LUT6_I1_O)        0.088     4.613 r  i_scheduler_core/cold_q[1][eid][5]_i_17/O
                         net (fo=45, unplaced)        0.277     4.890    i_scheduler_core/cold_q[1][eid][5]_i_17_n_0
                         LUT6 (Prop_LUT6_I2_O)        0.088     4.978 f  i_scheduler_core/hot_q[4][valid]_bret__2_i_2/O
                         net (fo=17, unplaced)        0.255     5.233    i_scheduler_core/cold_q[1][eid][5]_i_14_0
                         LUT6 (Prop_LUT6_I2_O)        0.088     5.321 f  i_scheduler_core/hot_q[4][eid][5]_i_5/O
                         net (fo=1, unplaced)         0.210     5.531    i_scheduler_core/hot_q[4][eid][5]_i_5_n_0
                         LUT6 (Prop_LUT6_I2_O)        0.088     5.619 r  i_scheduler_core/hot_q[4][eid][5]_i_1/O
                         net (fo=21, unplaced)        0.253     5.872    i_scheduler_core_n_89
                         FDCE                                         r  hot_q_reg[4][valid]_bret__1/CE
  -------------------------------------------------------------------    -------------------

                         (clock scheduler_clk rise edge)
                                                      5.000     5.000 r  
                                                      0.000     5.000 r  clk_i (IN)
                         net (fo=2013, unset)         0.080     5.080    clk_i
                         FDCE                                         r  hot_q_reg[4][valid]_bret__1/C
                         clock pessimism              0.000     5.080    
                         clock uncertainty           -0.300     4.780    
                         FDCE (Setup_FDCE_C_CE)      -0.087     4.693    hot_q_reg[4][valid]_bret__1
  -------------------------------------------------------------------
                         required time                          4.693    
                         arrival time                          -5.872    
  -------------------------------------------------------------------
                         slack                                 -1.179    

Slack (VIOLATED) :        -1.179ns  (required time - arrival time)
  Source:                 refill_top_remaining_q_reg[2]/C
                            (rising edge-triggered cell FDCE clocked by scheduler_clk  {rise@0.000ns fall@2.500ns period=5.000ns})
  Destination:            hot_q_reg[4][valid]_bret__2/CE
                            (rising edge-triggered cell FDCE clocked by scheduler_clk  {rise@0.000ns fall@2.500ns period=5.000ns})
  Path Group:             scheduler_clk
  Path Type:              Setup (Max at Slow Process Corner)
  Requirement:            5.000ns  (scheduler_clk rise@5.000ns - scheduler_clk rise@0.000ns)
  Data Path Delay:        5.752ns  (logic 1.461ns (25.400%)  route 4.291ns (74.600%))
  Logic Levels:           18  (LUT4=2 LUT6=16)
  Clock Path Skew:        -0.040ns (DCD - SCD + CPR)
    Destination Clock Delay (DCD):    0.080ns = ( 5.080 - 5.000 ) 
    Source Clock Delay      (SCD):    0.120ns
    Clock Pessimism Removal (CPR):    0.000ns
  Clock Uncertainty:      0.300ns  (CJ)/2 + PE + PJ
    Clock Jitter             (CJ):    0.600ns
    Phase Error              (PE):    0.000ns
    Phase Jitter             (PJ):    0.000ns

    Location             Delay type                Incr(ns)  Path(ns)    Netlist Resource(s)
  -------------------------------------------------------------------    -------------------
                         (clock scheduler_clk rise edge)
                                                      0.000     0.000 r  
                                                      0.000     0.000 r  clk_i (IN)
                         net (fo=2013, unset)         0.120     0.120    clk_i
                         FDCE                                         r  refill_top_remaining_q_reg[2]/C
  -------------------------------------------------------------------    -------------------
                         FDCE (Prop_FDCE_C_Q)         0.090     0.210 f  refill_top_remaining_q_reg[2]/Q
                         net (fo=17, unplaced)        0.298     0.508    i_scheduler_core/refill_bottom_remaining_q_reg[0][2]
                         LUT6 (Prop_LUT6_I1_O)        0.088     0.596 f  i_scheduler_core/cold_count_q[0]_i_13/O
                         net (fo=23, unplaced)        0.262     0.858    i_scheduler_core/cold_q[1][eid][5]_i_28/I2
                         LUT6 (Prop_LUT6_I2_O)        0.088     0.946 r  i_scheduler_core/cold_q[1][eid][5]_i_28/LUT6/O
                         net (fo=3, unplaced)         0.216     1.162    i_scheduler_core/cold_q[1][eid][5]_i_28_n_1
                         LUT6 (Prop_LUT6_I1_O)        0.088     1.250 r  i_scheduler_core/hot_count_q[1]_i_21/O
                         net (fo=7, unplaced)         0.235     1.485    i_scheduler_core/hot_count_q[1]_i_21_n_0
                         LUT6 (Prop_LUT6_I1_O)        0.088     1.573 r  i_scheduler_core/hot_q[3][eid][3]_i_41/O
                         net (fo=4, unplaced)         0.157     1.730    i_scheduler_core/hot_q[3][eid][3]_i_41_n_0
                         LUT6 (Prop_LUT6_I4_O)        0.051     1.781 f  i_scheduler_core/hot_q[8][eid][5]_i_38/O
                         net (fo=11, unplaced)        0.245     2.026    i_scheduler_core/hot_q[8][eid][5]_i_38_n_0
                         LUT6 (Prop_LUT6_I1_O)        0.088     2.114 r  i_scheduler_core/cold_q[2][valid]_bret__3_i_25/O
                         net (fo=59, unplaced)        0.201     2.315    i_scheduler_core/cold_q[2][valid]_bret__3_i_25_n_0
                         LUT4 (Prop_LUT4_I0_O)        0.074     2.389 r  i_scheduler_core/hot_q[3][eid][3]_i_22/O
                         net (fo=32, unplaced)        0.270     2.659    i_scheduler_core/hot_q[3][eid][3]_i_22_n_0
                         LUT6 (Prop_LUT6_I2_O)        0.088     2.747 f  i_scheduler_core/hot_q[3][eid][3]_i_21/O
                         net (fo=9, unplaced)         0.176     2.923    i_scheduler_core/hot_q[3][eid][3]_i_21_n_0
                         LUT6 (Prop_LUT6_I4_O)        0.051     2.974 f  i_scheduler_core/cold_q[2][valid]_bret__3_i_35/O
                         net (fo=9, unplaced)         0.176     3.150    i_scheduler_core/cold_q[2][valid]_bret__3_i_35_n_0
                         LUT6 (Prop_LUT6_I5_O)        0.051     3.201 r  i_scheduler_core/cold_q[2][eid][2]_bret__3_i_6/O
                         net (fo=50, unplaced)        0.198     3.399    i_scheduler_core/cold_q[2][eid][2]_bret__3_i_6_n_0
                         LUT6 (Prop_LUT6_I0_O)        0.074     3.473 f  i_scheduler_core/cold_q[2][valid]_bret__3_i_38/O
                         net (fo=8, unplaced)         0.238     3.711    i_scheduler_core/cold_q[2][valid]_bret__3_i_38_n_0
                         LUT6 (Prop_LUT6_I2_O)        0.088     3.799 f  i_scheduler_core/cold_q[2][valid]_bret__3_i_14/O
                         net (fo=28, unplaced)        0.202     4.001    i_scheduler_core/cold_q[2][valid]_bret__3_i_14_n_0
                         LUT4 (Prop_LUT4_I3_O)        0.051     4.052 r  i_scheduler_core/hot_count_q[1]_i_15/O
                         net (fo=26, unplaced)        0.200     4.252    i_scheduler_core/hot_count_q[1]_i_15_n_0
                         LUT6 (Prop_LUT6_I4_O)        0.051     4.303 r  i_scheduler_core/hot_count_q[1]_i_7/O
                         net (fo=4, unplaced)         0.222     4.525    i_scheduler_core/hot_count_q[1]_i_7_n_0
                         LUT6 (Prop_LUT6_I1_O)        0.088     4.613 r  i_scheduler_core/cold_q[1][eid][5]_i_17/O
                         net (fo=45, unplaced)        0.277     4.890    i_scheduler_core/cold_q[1][eid][5]_i_17_n_0
                         LUT6 (Prop_LUT6_I2_O)        0.088     4.978 f  i_scheduler_core/hot_q[4][valid]_bret__2_i_2/O
                         net (fo=17, unplaced)        0.255     5.233    i_scheduler_core/cold_q[1][eid][5]_i_14_0
                         LUT6 (Prop_LUT6_I2_O)        0.088     5.321 f  i_scheduler_core/hot_q[4][eid][5]_i_5/O
                         net (fo=1, unplaced)         0.210     5.531    i_scheduler_core/hot_q[4][eid][5]_i_5_n_0
                         LUT6 (Prop_LUT6_I2_O)        0.088     5.619 r  i_scheduler_core/hot_q[4][eid][5]_i_1/O
                         net (fo=21, unplaced)        0.253     5.872    i_scheduler_core_n_89
                         FDCE                                         r  hot_q_reg[4][valid]_bret__2/CE
  -------------------------------------------------------------------    -------------------

                         (clock scheduler_clk rise edge)
                                                      5.000     5.000 r  
                                                      0.000     5.000 r  clk_i (IN)
                         net (fo=2013, unset)         0.080     5.080    clk_i
                         FDCE                                         r  hot_q_reg[4][valid]_bret__2/C
                         clock pessimism              0.000     5.080    
                         clock uncertainty           -0.300     4.780    
                         FDCE (Setup_FDCE_C_CE)      -0.087     4.693    hot_q_reg[4][valid]_bret__2
  -------------------------------------------------------------------
                         required time                          4.693    
                         arrival time                          -5.872    
  -------------------------------------------------------------------
                         slack                                 -1.179    

Slack (VIOLATED) :        -1.179ns  (required time - arrival time)
  Source:                 refill_top_remaining_q_reg[2]/C
                            (rising edge-triggered cell FDCE clocked by scheduler_clk  {rise@0.000ns fall@2.500ns period=5.000ns})
  Destination:            hot_q_reg[4][valid]_bret__3/CE
                            (rising edge-triggered cell FDCE clocked by scheduler_clk  {rise@0.000ns fall@2.500ns period=5.000ns})
  Path Group:             scheduler_clk
  Path Type:              Setup (Max at Slow Process Corner)
  Requirement:            5.000ns  (scheduler_clk rise@5.000ns - scheduler_clk rise@0.000ns)
  Data Path Delay:        5.752ns  (logic 1.461ns (25.400%)  route 4.291ns (74.600%))
  Logic Levels:           18  (LUT4=2 LUT6=16)
  Clock Path Skew:        -0.040ns (DCD - SCD + CPR)
    Destination Clock Delay (DCD):    0.080ns = ( 5.080 - 5.000 ) 
    Source Clock Delay      (SCD):    0.120ns
    Clock Pessimism Removal (CPR):    0.000ns
  Clock Uncertainty:      0.300ns  (CJ)/2 + PE + PJ
    Clock Jitter             (CJ):    0.600ns
    Phase Error              (PE):    0.000ns
    Phase Jitter             (PJ):    0.000ns

    Location             Delay type                Incr(ns)  Path(ns)    Netlist Resource(s)
  -------------------------------------------------------------------    -------------------
                         (clock scheduler_clk rise edge)
                                                      0.000     0.000 r  
                                                      0.000     0.000 r  clk_i (IN)
                         net (fo=2013, unset)         0.120     0.120    clk_i
                         FDCE                                         r  refill_top_remaining_q_reg[2]/C
  -------------------------------------------------------------------    -------------------
                         FDCE (Prop_FDCE_C_Q)         0.090     0.210 f  refill_top_remaining_q_reg[2]/Q
                         net (fo=17, unplaced)        0.298     0.508    i_scheduler_core/refill_bottom_remaining_q_reg[0][2]
                         LUT6 (Prop_LUT6_I1_O)        0.088     0.596 f  i_scheduler_core/cold_count_q[0]_i_13/O
                         net (fo=23, unplaced)        0.262     0.858    i_scheduler_core/cold_q[1][eid][5]_i_28/I2
                         LUT6 (Prop_LUT6_I2_O)        0.088     0.946 r  i_scheduler_core/cold_q[1][eid][5]_i_28/LUT6/O
                         net (fo=3, unplaced)         0.216     1.162    i_scheduler_core/cold_q[1][eid][5]_i_28_n_1
                         LUT6 (Prop_LUT6_I1_O)        0.088     1.250 r  i_scheduler_core/hot_count_q[1]_i_21/O
                         net (fo=7, unplaced)         0.235     1.485    i_scheduler_core/hot_count_q[1]_i_21_n_0
                         LUT6 (Prop_LUT6_I1_O)        0.088     1.573 r  i_scheduler_core/hot_q[3][eid][3]_i_41/O
                         net (fo=4, unplaced)         0.157     1.730    i_scheduler_core/hot_q[3][eid][3]_i_41_n_0
                         LUT6 (Prop_LUT6_I4_O)        0.051     1.781 f  i_scheduler_core/hot_q[8][eid][5]_i_38/O
                         net (fo=11, unplaced)        0.245     2.026    i_scheduler_core/hot_q[8][eid][5]_i_38_n_0
                         LUT6 (Prop_LUT6_I1_O)        0.088     2.114 r  i_scheduler_core/cold_q[2][valid]_bret__3_i_25/O
                         net (fo=59, unplaced)        0.201     2.315    i_scheduler_core/cold_q[2][valid]_bret__3_i_25_n_0
                         LUT4 (Prop_LUT4_I0_O)        0.074     2.389 r  i_scheduler_core/hot_q[3][eid][3]_i_22/O
                         net (fo=32, unplaced)        0.270     2.659    i_scheduler_core/hot_q[3][eid][3]_i_22_n_0
                         LUT6 (Prop_LUT6_I2_O)        0.088     2.747 f  i_scheduler_core/hot_q[3][eid][3]_i_21/O
                         net (fo=9, unplaced)         0.176     2.923    i_scheduler_core/hot_q[3][eid][3]_i_21_n_0
                         LUT6 (Prop_LUT6_I4_O)        0.051     2.974 f  i_scheduler_core/cold_q[2][valid]_bret__3_i_35/O
                         net (fo=9, unplaced)         0.176     3.150    i_scheduler_core/cold_q[2][valid]_bret__3_i_35_n_0
                         LUT6 (Prop_LUT6_I5_O)        0.051     3.201 r  i_scheduler_core/cold_q[2][eid][2]_bret__3_i_6/O
                         net (fo=50, unplaced)        0.198     3.399    i_scheduler_core/cold_q[2][eid][2]_bret__3_i_6_n_0
                         LUT6 (Prop_LUT6_I0_O)        0.074     3.473 f  i_scheduler_core/cold_q[2][valid]_bret__3_i_38/O
                         net (fo=8, unplaced)         0.238     3.711    i_scheduler_core/cold_q[2][valid]_bret__3_i_38_n_0
                         LUT6 (Prop_LUT6_I2_O)        0.088     3.799 f  i_scheduler_core/cold_q[2][valid]_bret__3_i_14/O
                         net (fo=28, unplaced)        0.202     4.001    i_scheduler_core/cold_q[2][valid]_bret__3_i_14_n_0
                         LUT4 (Prop_LUT4_I3_O)        0.051     4.052 r  i_scheduler_core/hot_count_q[1]_i_15/O
                         net (fo=26, unplaced)        0.200     4.252    i_scheduler_core/hot_count_q[1]_i_15_n_0
                         LUT6 (Prop_LUT6_I4_O)        0.051     4.303 r  i_scheduler_core/hot_count_q[1]_i_7/O
                         net (fo=4, unplaced)         0.222     4.525    i_scheduler_core/hot_count_q[1]_i_7_n_0
                         LUT6 (Prop_LUT6_I1_O)        0.088     4.613 r  i_scheduler_core/cold_q[1][eid][5]_i_17/O
                         net (fo=45, unplaced)        0.277     4.890    i_scheduler_core/cold_q[1][eid][5]_i_17_n_0
                         LUT6 (Prop_LUT6_I2_O)        0.088     4.978 f  i_scheduler_core/hot_q[4][valid]_bret__2_i_2/O
                         net (fo=17, unplaced)        0.255     5.233    i_scheduler_core/cold_q[1][eid][5]_i_14_0
                         LUT6 (Prop_LUT6_I2_O)        0.088     5.321 f  i_scheduler_core/hot_q[4][eid][5]_i_5/O
                         net (fo=1, unplaced)         0.210     5.531    i_scheduler_core/hot_q[4][eid][5]_i_5_n_0
                         LUT6 (Prop_LUT6_I2_O)        0.088     5.619 r  i_scheduler_core/hot_q[4][eid][5]_i_1/O
                         net (fo=21, unplaced)        0.253     5.872    i_scheduler_core_n_89
                         FDCE                                         r  hot_q_reg[4][valid]_bret__3/CE
  -------------------------------------------------------------------    -------------------

                         (clock scheduler_clk rise edge)
                                                      5.000     5.000 r  
                                                      0.000     5.000 r  clk_i (IN)
                         net (fo=2013, unset)         0.080     5.080    clk_i
                         FDCE                                         r  hot_q_reg[4][valid]_bret__3/C
                         clock pessimism              0.000     5.080    
                         clock uncertainty           -0.300     4.780    
                         FDCE (Setup_FDCE_C_CE)      -0.087     4.693    hot_q_reg[4][valid]_bret__3
  -------------------------------------------------------------------
                         required time                          4.693    
                         arrival time                          -5.872    
  -------------------------------------------------------------------
                         slack                                 -1.179    





Pulse Width Checks
--------------------------------------------------------------------------------------
Clock Name:         scheduler_clk
Waveform(ns):       { 0.000 2.500 }
Period(ns):         5.000
Sources:            { clk_i }

Check Type        Corner  Lib Pin  Reference Pin  Required(ns)  Actual(ns)  Slack(ns)  Location  Pin
Min Period        n/a     FDCE/C   n/a            0.550         5.000       4.450                active_count_q_reg[0]/C
Min Period        n/a     FDCE/C   n/a            0.550         5.000       4.450                active_count_q_reg[1]/C
Min Period        n/a     FDCE/C   n/a            0.550         5.000       4.450                active_count_q_reg[2]/C
Min Period        n/a     FDCE/C   n/a            0.550         5.000       4.450                active_count_q_reg[3]/C
Min Period        n/a     FDCE/C   n/a            0.550         5.000       4.450                active_count_q_reg[4]/C
Min Period        n/a     FDCE/C   n/a            0.550         5.000       4.450                active_count_q_reg[5]/C
Min Period        n/a     FDCE/C   n/a            0.550         5.000       4.450                active_count_q_reg[6]/C
Min Period        n/a     FDCE/C   n/a            0.550         5.000       4.450                auto_run_q_reg/C
Min Period        n/a     FDCE/C   n/a            0.550         5.000       4.450                cold_count_q_reg[0]/C
Min Period        n/a     FDCE/C   n/a            0.550         5.000       4.450                cold_count_q_reg[1]/C
Min Period        n/a     FDCE/C   n/a            0.550         5.000       4.450                cold_count_q_reg[2]/C
Min Period        n/a     FDCE/C   n/a            0.550         5.000       4.450                cold_q_reg[0][eid][0]/C
Min Period        n/a     FDCE/C   n/a            0.550         5.000       4.450                cold_q_reg[0][eid][1]/C
Min Period        n/a     FDCE/C   n/a            0.550         5.000       4.450                cold_q_reg[0][eid][2]/C
Min Period        n/a     FDCE/C   n/a            0.550         5.000       4.450                cold_q_reg[0][eid][3]/C
Min Period        n/a     FDCE/C   n/a            0.550         5.000       4.450                cold_q_reg[0][eid][4]/C
Min Period        n/a     FDCE/C   n/a            0.550         5.000       4.450                cold_q_reg[0][eid][5]/C
Min Period        n/a     FDCE/C   n/a            0.550         5.000       4.450                cold_q_reg[0][ntok][0]/C
Min Period        n/a     FDCE/C   n/a            0.550         5.000       4.450                cold_q_reg[0][ntok][1]/C
Min Period        n/a     FDCE/C   n/a            0.550         5.000       4.450                cold_q_reg[0][ntok][2]/C
Low Pulse Width   Slow    FDCE/C   n/a            0.275         2.500       2.225                active_count_q_reg[0]/C
Low Pulse Width   Fast    FDCE/C   n/a            0.275         2.500       2.225                active_count_q_reg[0]/C
Low Pulse Width   Slow    FDCE/C   n/a            0.275         2.500       2.225                active_count_q_reg[1]/C
Low Pulse Width   Fast    FDCE/C   n/a            0.275         2.500       2.225                active_count_q_reg[1]/C
Low Pulse Width   Slow    FDCE/C   n/a            0.275         2.500       2.225                active_count_q_reg[2]/C
Low Pulse Width   Fast    FDCE/C   n/a            0.275         2.500       2.225                active_count_q_reg[2]/C
Low Pulse Width   Slow    FDCE/C   n/a            0.275         2.500       2.225                active_count_q_reg[3]/C
Low Pulse Width   Fast    FDCE/C   n/a            0.275         2.500       2.225                active_count_q_reg[3]/C
Low Pulse Width   Slow    FDCE/C   n/a            0.275         2.500       2.225                active_count_q_reg[4]/C
Low Pulse Width   Fast    FDCE/C   n/a            0.275         2.500       2.225                active_count_q_reg[4]/C
Low Pulse Width   Slow    FDCE/C   n/a            0.275         2.500       2.225                active_count_q_reg[5]/C
Low Pulse Width   Fast    FDCE/C   n/a            0.275         2.500       2.225                active_count_q_reg[5]/C
Low Pulse Width   Slow    FDCE/C   n/a            0.275         2.500       2.225                active_count_q_reg[6]/C
Low Pulse Width   Fast    FDCE/C   n/a            0.275         2.500       2.225                active_count_q_reg[6]/C
Low Pulse Width   Slow    FDCE/C   n/a            0.275         2.500       2.225                auto_run_q_reg/C
Low Pulse Width   Fast    FDCE/C   n/a            0.275         2.500       2.225                auto_run_q_reg/C
Low Pulse Width   Slow    FDCE/C   n/a            0.275         2.500       2.225                cold_count_q_reg[0]/C
Low Pulse Width   Fast    FDCE/C   n/a            0.275         2.500       2.225                cold_count_q_reg[0]/C
Low Pulse Width   Slow    FDCE/C   n/a            0.275         2.500       2.225                cold_count_q_reg[1]/C
Low Pulse Width   Fast    FDCE/C   n/a            0.275         2.500       2.225                cold_count_q_reg[1]/C
High Pulse Width  Slow    FDCE/C   n/a            0.275         2.500       2.225                active_count_q_reg[0]/C
High Pulse Width  Fast    FDCE/C   n/a            0.275         2.500       2.225                active_count_q_reg[0]/C
High Pulse Width  Slow    FDCE/C   n/a            0.275         2.500       2.225                active_count_q_reg[1]/C
High Pulse Width  Fast    FDCE/C   n/a            0.275         2.500       2.225                active_count_q_reg[1]/C
High Pulse Width  Slow    FDCE/C   n/a            0.275         2.500       2.225                active_count_q_reg[2]/C
High Pulse Width  Fast    FDCE/C   n/a            0.275         2.500       2.225                active_count_q_reg[2]/C
High Pulse Width  Slow    FDCE/C   n/a            0.275         2.500       2.225                active_count_q_reg[3]/C
High Pulse Width  Fast    FDCE/C   n/a            0.275         2.500       2.225                active_count_q_reg[3]/C
High Pulse Width  Slow    FDCE/C   n/a            0.275         2.500       2.225                active_count_q_reg[4]/C
High Pulse Width  Fast    FDCE/C   n/a            0.275         2.500       2.225                active_count_q_reg[4]/C
High Pulse Width  Slow    FDCE/C   n/a            0.275         2.500       2.225                active_count_q_reg[5]/C
High Pulse Width  Fast    FDCE/C   n/a            0.275         2.500       2.225                active_count_q_reg[5]/C
High Pulse Width  Slow    FDCE/C   n/a            0.275         2.500       2.225                active_count_q_reg[6]/C
High Pulse Width  Fast    FDCE/C   n/a            0.275         2.500       2.225                active_count_q_reg[6]/C
High Pulse Width  Slow    FDCE/C   n/a            0.275         2.500       2.225                auto_run_q_reg/C
High Pulse Width  Fast    FDCE/C   n/a            0.275         2.500       2.225                auto_run_q_reg/C
High Pulse Width  Slow    FDCE/C   n/a            0.275         2.500       2.225                cold_count_q_reg[0]/C
High Pulse Width  Fast    FDCE/C   n/a            0.275         2.500       2.225                cold_count_q_reg[0]/C
High Pulse Width  Slow    FDCE/C   n/a            0.275         2.500       2.225                cold_count_q_reg[1]/C
High Pulse Width  Fast    FDCE/C   n/a            0.275         2.500       2.225                cold_count_q_reg[1]/C



