Copyright 1986-2022 Xilinx, Inc. All Rights Reserved. Copyright 2022-2025 Advanced Micro Devices, Inc. All Rights Reserved.
--------------------------------------------------------------------------------------------------------------------------------------------------
| Tool Version      : Vivado v.2025.2 (lin64) Build 6299465 Fri Nov 14 12:34:56 MST 2025
| Date              : Tue Aug 18 19:42:14 2026
| Host              : amazone.esat.kuleuven.be running 64-bit Rocky Linux 9.8 (Blue Onyx)
| Command           : report_timing_summary -delay_type max -max_paths 20 -file .gen/ooc_iterE_40mhz/timing_summary.rpt
| Design            : moe_scheduler_reg_wrapper
| Device            : xcvp1802-lsvc4072
| Speed File        : -2MP  PRODUCTION 2.08 2024-04-16
| Design State      : Synthesized
| Temperature Grade : E
--------------------------------------------------------------------------------------------------------------------------------------------------

Timing Summary Report

------------------------------------------------------------------------------------------------
| Timer Settings
| --------------
------------------------------------------------------------------------------------------------

  Enable Multi Corner Analysis               :  Yes
  Enable Pessimism Removal                   :  Yes
  Pessimism Removal Resolution               :  Nearest Common Node
  Enable Input Delay Default Clock           :  No
  Enable Preset / Clear Arcs                 :  No
  Disable Flight Delays                      :  No
  Ignore I/O Paths                           :  No
  Timing Early Launch at Borrowing Latches   :  No
  Borrow Time for Max Delay Exceptions       :  Yes
  Merge Timing Exceptions                    :  Yes
  Inter-SLR Compensation                     :  Conservative

  Corner  Analyze    Analyze    
  Name    Max Paths  Min Paths  
  ------  ---------  ---------  
  Slow    Yes        Yes        
  Fast    Yes        Yes        


------------------------------------------------------------------------------------------------
| Report Methodology
| ------------------
------------------------------------------------------------------------------------------------

No report available as report_methodology has not been run prior. Run report_methodology on the current design for the summary of methodology violations.



check_timing report

Table of Contents
-----------------
1. checking no_clock (0)
2. checking constant_clock (0)
3. checking pulse_width_clock (0)
4. checking unconstrained_internal_endpoints (0)
5. checking no_input_delay (71)
6. checking no_output_delay (64)
7. checking multiple_clock (0)
8. checking generated_clocks (0)
9. checking loops (0)
10. checking partial_input_delay (0)
11. checking partial_output_delay (0)
12. checking latch_loops (0)

1. checking no_clock (0)
------------------------
 There are 0 register/latch pins with no clock.


2. checking constant_clock (0)
------------------------------
 There are 0 register/latch pins with constant_clock.


3. checking pulse_width_clock (0)
---------------------------------
 There are 0 register/latch pins which need pulse_width check


4. checking unconstrained_internal_endpoints (0)
------------------------------------------------
 There are 0 pins that are not constrained for maximum delay.

 There are 0 pins that are not constrained for maximum delay due to constant clock.


5. checking no_input_delay (71)
-------------------------------
 There are 71 input ports with no input delay specified. (HIGH)

 There are 0 input ports with no input delay but user has a false path constraint.


6. checking no_output_delay (64)
--------------------------------
 There are 64 ports with no output delay specified. (HIGH)

 There are 0 ports with no output delay but user has a false path constraint

 There are 0 ports with no output delay but with a timing clock defined on it or propagating through it


7. checking multiple_clock (0)
------------------------------
 There are 0 register/latch pins with multiple clocks.


8. checking generated_clocks (0)
--------------------------------
 There are 0 generated clocks that are not connected to a clock source.


9. checking loops (0)
---------------------
 There are 0 combinational loops in the design.


10. checking partial_input_delay (0)
------------------------------------
 There are 0 input ports with partial input delay specified.


11. checking partial_output_delay (0)
-------------------------------------
 There are 0 ports with partial output delay specified.


12. checking latch_loops (0)
----------------------------
 There are 0 combinational latch loops in the design through latch input



------------------------------------------------------------------------------------------------
| Design Timing Summary
| ---------------------
------------------------------------------------------------------------------------------------

    WNS(ns)      TNS(ns)  TNS Failing Endpoints  TNS Total Endpoints     WPWS(ns)     TPWS(ns)  TPWS Failing Endpoints  TPWS Total Endpoints  
    -------      -------  ---------------------  -------------------     --------     --------  ----------------------  --------------------  
     17.492        0.000                      0                 3529       12.225        0.000                       0                  1835  


All user specified timing constraints are met.


------------------------------------------------------------------------------------------------
| Clock Summary
| -------------
------------------------------------------------------------------------------------------------

Clock          Waveform(ns)       Period(ns)      Frequency(MHz)
-----          ------------       ----------      --------------
scheduler_clk  {0.000 12.500}     25.000          40.000          


------------------------------------------------------------------------------------------------
| Intra Clock Table
| -----------------
------------------------------------------------------------------------------------------------

Clock              WNS(ns)      TNS(ns)  TNS Failing Endpoints  TNS Total Endpoints     WPWS(ns)     TPWS(ns)  TPWS Failing Endpoints  TPWS Total Endpoints  
-----              -------      -------  ---------------------  -------------------     --------     --------  ----------------------  --------------------  
scheduler_clk       17.492        0.000                      0                 3529       12.225        0.000                       0                  1835  


------------------------------------------------------------------------------------------------
| Inter Clock Table
| -----------------
------------------------------------------------------------------------------------------------

From Clock    To Clock          WNS(ns)      TNS(ns)  TNS Failing Endpoints  TNS Total Endpoints  
----------    --------          -------      -------  ---------------------  -------------------  


------------------------------------------------------------------------------------------------
| Other Path Groups Table
| -----------------------
------------------------------------------------------------------------------------------------

Path Group    From Clock    To Clock          WNS(ns)      TNS(ns)  TNS Failing Endpoints  TNS Total Endpoints  
----------    ----------    --------          -------      -------  ---------------------  -------------------  


------------------------------------------------------------------------------------------------
| Timing Details
| --------------
------------------------------------------------------------------------------------------------


---------------------------------------------------------------------------------------------------
From Clock:  scheduler_clk
  To Clock:  scheduler_clk

Setup :            0  Failing Endpoints,  Worst Slack       17.492ns,  Total Violation        0.000ns
Hold  :           NA  Failing Endpoints,  Worst Slack           NA  ,  Total Violation           NA
PW    :            0  Failing Endpoints,  Worst Slack       12.225ns,  Total Violation        0.000ns
---------------------------------------------------------------------------------------------------


Max Delay Paths
--------------------------------------------------------------------------------------
Slack (MET) :             17.492ns  (required time - arrival time)
  Source:                 i_scheduler_core/i_round_engine/FSM_onehot_st_q_reg[14]/C
                            (rising edge-triggered cell FDCE clocked by scheduler_clk  {rise@0.000ns fall@12.500ns period=25.000ns})
  Destination:            i_scheduler_core/i_round_engine/i_transition_eval/c2_endpoint_q_reg[task_end][9]_bret__6/D
                            (rising edge-triggered cell FDCE clocked by scheduler_clk  {rise@0.000ns fall@12.500ns period=25.000ns})
  Path Group:             scheduler_clk
  Path Type:              Setup (Max at Slow Process Corner)
  Requirement:            25.000ns  (scheduler_clk rise@25.000ns - scheduler_clk rise@0.000ns)
  Data Path Delay:        7.171ns  (logic 2.625ns (36.606%)  route 4.546ns (63.394%))
  Logic Levels:           32  (LOOKAHEAD8=5 LUT2=1 LUT3=2 LUT4=1 LUT5=5 LUT6=7 LUTCY1=5 LUTCY2=6)
  Clock Path Skew:        -0.044ns (DCD - SCD + CPR)
    Destination Clock Delay (DCD):    0.076ns = ( 25.076 - 25.000 ) 
    Source Clock Delay      (SCD):    0.120ns
    Clock Pessimism Removal (CPR):    0.000ns
  Clock Uncertainty:      0.300ns  (CJ)/2 + PE + PJ
    Clock Jitter             (CJ):    0.600ns
    Phase Error              (PE):    0.000ns
    Phase Jitter             (PJ):    0.000ns

    Location             Delay type                Incr(ns)  Path(ns)    Netlist Resource(s)
  -------------------------------------------------------------------    -------------------
                         (clock scheduler_clk rise edge)
                                                      0.000     0.000 r  
                                                      0.000     0.000 r  clk_i (IN)
                         net (fo=1834, unset)         0.120     0.120    i_scheduler_core/i_round_engine/clk_i
                         FDCE                                         r  i_scheduler_core/i_round_engine/FSM_onehot_st_q_reg[14]/C
  -------------------------------------------------------------------    -------------------
                         FDCE (Prop_FDCE_C_Q)         0.090     0.210 r  i_scheduler_core/i_round_engine/FSM_onehot_st_q_reg[14]/Q
                         net (fo=120, unplaced)       0.255     0.465    i_scheduler_core/i_round_engine/i_transition_eval/global_token_q_reg[profile_addr][0][13]
                         LUT3 (Prop_LUT3_I0_O)        0.096     0.561 r  i_scheduler_core/i_round_engine/i_transition_eval/g0_b0_i_8/O
                         net (fo=43, unplaced)        0.194     0.755    i_scheduler_core/i_round_engine/i_transition_eval/target_phase
                         LUT6 (Prop_LUT6_I3_O)        0.074     0.829 f  i_scheduler_core/i_round_engine/i_transition_eval/g0_b0_i_3/O
                         net (fo=74, unplaced)        0.207     1.036    i_scheduler_core/i_round_engine/i_transition_eval/decode_address[2]
                         LUT5 (Prop_LUT5_I1_O)        0.074     1.110 r  i_scheduler_core/i_round_engine/i_transition_eval/commit_task_q[1][tok_start][7]_i_4/O
                         net (fo=48, unplaced)        0.279     1.389    i_scheduler_core/i_round_engine/i_start_iter/decoded_profile[selector_a][1]
                         LUT6 (Prop_LUT6_I2_O)        0.088     1.477 r  i_scheduler_core/i_round_engine/i_start_iter/s2_offset_q[2]_i_6/O
                         net (fo=4, unplaced)         0.140     1.617    i_scheduler_core/i_round_engine/i_start_iter/hot_q_reg[3][ntok][0]
                         LUT6 (Prop_LUT6_I0_O)        0.074     1.691 f  i_scheduler_core/i_round_engine/i_start_iter/s2_offset_q[1]_i_2/O
                         net (fo=26, unplaced)        0.265     1.956    i_scheduler_core/i_round_engine/commit_task_q_reg[1][ntok][0]_i_2/I2
                         LUTCY2 (Prop_LUTCY2_I2_O)    0.088     2.044 r  i_scheduler_core/i_round_engine/commit_task_q_reg[1][ntok][0]_i_2/LUTCY2_INST/O
                         net (fo=3, unplaced)         0.016     2.060    i_scheduler_core/i_round_engine/commit_task_q_reg[1][ntok][1]_i_3/I4
                         LUTCY2 (Prop_LUTCY2_I4_O)    0.050     2.110 r  i_scheduler_core/i_round_engine/commit_task_q_reg[1][ntok][1]_i_3/LUTCY2_INST/O
                         net (fo=1, unplaced)         0.000     2.110    i_scheduler_core/i_round_engine/commit_task_q_reg[1][ntok][1]_i_3_n_2
                         LOOKAHEAD8 (Prop_LOOKAHEAD8_CYB_COUTD)
                                                      0.113     2.223 r  i_scheduler_core/i_round_engine/commit_task_q_reg[1][ntok][8]_i_7/COUTD
                         net (fo=2, unplaced)         0.014     2.237    i_scheduler_core/i_round_engine/commit_task_q_reg[1][ntok][4]_i_2/I4
                         LUTCY2 (Prop_LUTCY2_I4_O)    0.048     2.285 r  i_scheduler_core/i_round_engine/commit_task_q_reg[1][ntok][4]_i_2/LUTCY2_INST/O
                         net (fo=3, unplaced)         0.022     2.307    i_scheduler_core/i_round_engine/commit_task_q_reg[1][ntok][5]_i_5/I4
                         LUTCY1 (Prop_LUTCY1_I4_O)    0.056     2.363 r  i_scheduler_core/i_round_engine/commit_task_q_reg[1][ntok][5]_i_5/LUTCY1_INST/O
                         net (fo=1, unplaced)         0.206     2.569    i_scheduler_core/i_round_engine/i_pair_compare/commit_task_q_reg[1][ntok][5]
                         LUT5 (Prop_LUT5_I0_O)        0.074     2.643 r  i_scheduler_core/i_round_engine/i_pair_compare/commit_task_q[1][ntok][5]_i_2/O
                         net (fo=2, unplaced)         0.145     2.788    i_scheduler_core/i_round_engine/i_pair_compare/profile_addr_q_reg[4]_1
                         LUT6 (Prop_LUT6_I5_O)        0.051     2.839 f  i_scheduler_core/i_round_engine/i_pair_compare/global_score_q[selected_max][5]_i_3/O
                         net (fo=7, unplaced)         0.153     2.992    i_scheduler_core/i_round_engine/i_transition_eval/c2_endpoint_q_reg[task_end][4]_bret__6_0
                         LUT5 (Prop_LUT5_I0_O)        0.074     3.066 f  i_scheduler_core/i_round_engine/i_transition_eval/c2_endpoint_q[task_end][4]_bret__6_i_3/O
                         net (fo=13, unplaced)        0.167     3.233    i_scheduler_core/i_round_engine/i_transition_eval/c2_endpoint_q[task_end][4]_bret__6_i_3_n_0
                         LUT6 (Prop_LUT6_I0_O)        0.074     3.307 r  i_scheduler_core/i_round_engine/i_transition_eval/c2_endpoint_q[task_end][9]_bret__4_i_5/O
                         net (fo=9, unplaced)         0.176     3.483    i_scheduler_core/i_round_engine/i_transition_eval/c2_endpoint_q[task_end][9]_bret__4_i_5_n_0
                         LUT2 (Prop_LUT2_I0_O)        0.082     3.565 r  i_scheduler_core/i_round_engine/i_transition_eval/c2_endpoint_q[task_end][1]_bret__4_i_34/O
                         net (fo=4, unplaced)         0.222     3.787    i_scheduler_core/i_round_engine/i_transition_eval/c2_endpoint_q_reg[task_end][1]_bret__4_i_32/I2
                         LUTCY1 (Prop_LUTCY1_I2_PROP)
                                                      0.082     3.869 r  i_scheduler_core/i_round_engine/i_transition_eval/c2_endpoint_q_reg[task_end][1]_bret__4_i_32/LUTCY1_INST/PROP
                         net (fo=1, unplaced)         0.001     3.870    i_scheduler_core/i_round_engine/i_transition_eval/c2_endpoint_q_reg[task_end][1]_bret__4_i_32_n_3
                         LOOKAHEAD8 (Prop_LOOKAHEAD8_PROPH_COUTH)
                                                      0.129     3.999 f  i_scheduler_core/i_round_engine/i_transition_eval/c2_endpoint_q_reg[task_end][1]_bret__4_i_14/COUTH
                         net (fo=3, unplaced)         0.002     4.001    i_scheduler_core/i_round_engine/i_transition_eval/c2_endpoint_q_reg[task_end][1]_bret__4_i_14_n_3
                         LOOKAHEAD8 (Prop_LOOKAHEAD8_CIN_COUTB)
                                                      0.051     4.052 f  i_scheduler_core/i_round_engine/i_transition_eval/c2_endpoint_q_reg[task_end][1]_bret__4_i_10/COUTB
                         net (fo=10, unplaced)        0.253     4.305    i_scheduler_core/i_round_engine/i_target_s4pf/s2_duration2
                         LUT6 (Prop_LUT6_I5_O)        0.051     4.356 r  i_scheduler_core/i_round_engine/i_target_s4pf/c2_endpoint_q[task_end][9]_bret__4_i_4/O
                         net (fo=18, unplaced)        0.257     4.613    i_scheduler_core/i_round_engine/i_start_iter/c2_endpoint_q_reg[s2_end][1]_i_2/I2
                         LUTCY1 (Prop_LUTCY1_I2_PROP)
                                                      0.086     4.699 r  i_scheduler_core/i_round_engine/i_start_iter/c2_endpoint_q_reg[s2_end][1]_i_2/LUTCY1_INST/PROP
                         net (fo=1, unplaced)         0.002     4.701    i_scheduler_core/i_round_engine/i_start_iter/c2_endpoint_q_reg[s2_end][1]_i_2_n_3
                         LOOKAHEAD8 (Prop_LOOKAHEAD8_PROPB_COUTH)
                                                      0.177     4.878 r  i_scheduler_core/i_round_engine/i_start_iter/c2_endpoint_q_reg[s2_end][8]_i_4/COUTH
                         net (fo=3, unplaced)         0.198     5.076    i_scheduler_core/i_round_engine/i_start_iter/c2_endpoint_q_reg[s2_end][8]_i_2/I4
                         LUTCY2 (Prop_LUTCY2_I4_O)    0.051     5.127 r  i_scheduler_core/i_round_engine/i_start_iter/c2_endpoint_q_reg[s2_end][8]_i_2/LUTCY2_INST/O
                         net (fo=3, unplaced)         0.016     5.143    i_scheduler_core/i_round_engine/i_start_iter/c2_endpoint_q_reg[s2_end][9]_i_2/I4
                         LUTCY1 (Prop_LUTCY1_I4_O)    0.055     5.198 r  i_scheduler_core/i_round_engine/i_start_iter/c2_endpoint_q_reg[s2_end][9]_i_2/LUTCY1_INST/O
                         net (fo=6, unplaced)         0.228     5.426    i_scheduler_core/i_round_engine/i_transition_eval/built_timeline[s2_end][9]
                         LUT4 (Prop_LUT4_I1_O)        0.074     5.500 r  i_scheduler_core/i_round_engine/i_transition_eval/c2_endpoint_q[dma3_end][12]_i_10/O
                         net (fo=1, unplaced)         0.128     5.628    i_scheduler_core/i_round_engine/i_transition_eval/c2_endpoint_q[dma3_end][12]_i_10_n_0
                         LUT5 (Prop_LUT5_I0_O)        0.074     5.702 f  i_scheduler_core/i_round_engine/i_transition_eval/c2_endpoint_q[dma3_end][12]_i_9/O
                         net (fo=1, unplaced)         0.145     5.847    i_scheduler_core/i_round_engine/i_transition_eval/c2_endpoint_q[dma3_end][12]_i_9_n_0
                         LUT5 (Prop_LUT5_I4_O)        0.051     5.898 r  i_scheduler_core/i_round_engine/i_transition_eval/c2_endpoint_q[dma3_end][12]_i_7/O
                         net (fo=1, unplaced)         0.145     6.043    i_scheduler_core/i_round_engine/i_transition_eval/c2_endpoint_q[dma3_end][12]_i_7_n_0
                         LUT6 (Prop_LUT6_I5_O)        0.051     6.094 r  i_scheduler_core/i_round_engine/i_transition_eval/c2_endpoint_q[dma3_end][12]_i_3/O
                         net (fo=32, unplaced)        0.205     6.299    i_scheduler_core/i_round_engine/i_transition_eval/c2_endpoint_q[dma3_end][12]_i_3_n_0
                         LUT3 (Prop_LUT3_I1_O)        0.051     6.350 r  i_scheduler_core/i_round_engine/i_transition_eval/c2_endpoint_q[task_end][0]_bret__6_i_2/O
                         net (fo=2, unplaced)         0.210     6.560    i_scheduler_core/i_round_engine/i_transition_eval/c2_endpoint_q_reg[task_end][0]_bret__6_i_1/I2
                         LUTCY2 (Prop_LUTCY2_I2_GE)
                                                      0.088     6.648 r  i_scheduler_core/i_round_engine/i_transition_eval/c2_endpoint_q_reg[task_end][0]_bret__6_i_1/LUTCY2_INST/GE
                         net (fo=1, unplaced)         0.036     6.684    i_scheduler_core/i_round_engine/i_transition_eval/c2_endpoint_q_reg[task_end][0]_bret__6_i_1_n_0
                         LOOKAHEAD8 (Prop_LOOKAHEAD8_GEA_COUTH)
                                                      0.242     6.926 r  i_scheduler_core/i_round_engine/i_transition_eval/c2_endpoint_q_reg[task_end][8]_bret__6_i_2/COUTH
                         net (fo=3, unplaced)         0.198     7.124    i_scheduler_core/i_round_engine/i_transition_eval/c2_endpoint_q_reg[task_end][8]_bret__6_i_1/I4
                         LUTCY2 (Prop_LUTCY2_I4_O)    0.051     7.175 r  i_scheduler_core/i_round_engine/i_transition_eval/c2_endpoint_q_reg[task_end][8]_bret__6_i_1/LUTCY2_INST/O
                         net (fo=3, unplaced)         0.016     7.191    i_scheduler_core/i_round_engine/i_transition_eval/c2_endpoint_q_reg[task_end][9]_bret__6_i_1/I4
                         LUTCY1 (Prop_LUTCY1_I4_O)    0.055     7.246 r  i_scheduler_core/i_round_engine/i_transition_eval/c2_endpoint_q_reg[task_end][9]_bret__6_i_1/LUTCY1_INST/O
                         net (fo=1, unplaced)         0.045     7.291    i_scheduler_core/i_round_engine/i_transition_eval/timeline_o[task_end]10_in[9]
                         FDCE                                         r  i_scheduler_core/i_round_engine/i_transition_eval/c2_endpoint_q_reg[task_end][9]_bret__6/D
  -------------------------------------------------------------------    -------------------

                         (clock scheduler_clk rise edge)
                                                     25.000    25.000 r  
                                                      0.000    25.000 r  clk_i (IN)
                         net (fo=1834, unset)         0.076    25.076    i_scheduler_core/i_round_engine/i_transition_eval/clk_i
                         FDCE                                         r  i_scheduler_core/i_round_engine/i_transition_eval/c2_endpoint_q_reg[task_end][9]_bret__6/C
                         clock pessimism              0.000    25.076    
                         clock uncertainty           -0.300    24.776    
                         FDCE (Setup_FDCE_C_D)        0.007    24.783    i_scheduler_core/i_round_engine/i_transition_eval/c2_endpoint_q_reg[task_end][9]_bret__6
  -------------------------------------------------------------------
                         required time                         24.783    
                         arrival time                          -7.291    
  -------------------------------------------------------------------
                         slack                                 17.492    

Slack (MET) :             17.554ns  (required time - arrival time)
  Source:                 i_scheduler_core/i_round_engine/FSM_onehot_st_q_reg[14]/C
                            (rising edge-triggered cell FDCE clocked by scheduler_clk  {rise@0.000ns fall@12.500ns period=25.000ns})
  Destination:            i_scheduler_core/i_round_engine/i_transition_eval/c2_endpoint_q_reg[task_end][8]_bret__6/D
                            (rising edge-triggered cell FDCE clocked by scheduler_clk  {rise@0.000ns fall@12.500ns period=25.000ns})
  Path Group:             scheduler_clk
  Path Type:              Setup (Max at Slow Process Corner)
  Requirement:            25.000ns  (scheduler_clk rise@25.000ns - scheduler_clk rise@0.000ns)
  Data Path Delay:        7.109ns  (logic 2.576ns (36.236%)  route 4.533ns (63.764%))
  Logic Levels:           31  (LOOKAHEAD8=5 LUT2=1 LUT3=2 LUT4=1 LUT5=5 LUT6=7 LUTCY1=5 LUTCY2=5)
  Clock Path Skew:        -0.044ns (DCD - SCD + CPR)
    Destination Clock Delay (DCD):    0.076ns = ( 25.076 - 25.000 ) 
    Source Clock Delay      (SCD):    0.120ns
    Clock Pessimism Removal (CPR):    0.000ns
  Clock Uncertainty:      0.300ns  (CJ)/2 + PE + PJ
    Clock Jitter             (CJ):    0.600ns
    Phase Error              (PE):    0.000ns
    Phase Jitter             (PJ):    0.000ns

    Location             Delay type                Incr(ns)  Path(ns)    Netlist Resource(s)
  -------------------------------------------------------------------    -------------------
                         (clock scheduler_clk rise edge)
                                                      0.000     0.000 r  
                                                      0.000     0.000 r  clk_i (IN)
                         net (fo=1834, unset)         0.120     0.120    i_scheduler_core/i_round_engine/clk_i
                         FDCE                                         r  i_scheduler_core/i_round_engine/FSM_onehot_st_q_reg[14]/C
  -------------------------------------------------------------------    -------------------
                         FDCE (Prop_FDCE_C_Q)         0.090     0.210 r  i_scheduler_core/i_round_engine/FSM_onehot_st_q_reg[14]/Q
                         net (fo=120, unplaced)       0.255     0.465    i_scheduler_core/i_round_engine/i_transition_eval/global_token_q_reg[profile_addr][0][13]
                         LUT3 (Prop_LUT3_I0_O)        0.096     0.561 r  i_scheduler_core/i_round_engine/i_transition_eval/g0_b0_i_8/O
                         net (fo=43, unplaced)        0.194     0.755    i_scheduler_core/i_round_engine/i_transition_eval/target_phase
                         LUT6 (Prop_LUT6_I3_O)        0.074     0.829 f  i_scheduler_core/i_round_engine/i_transition_eval/g0_b0_i_3/O
                         net (fo=74, unplaced)        0.207     1.036    i_scheduler_core/i_round_engine/i_transition_eval/decode_address[2]
                         LUT5 (Prop_LUT5_I1_O)        0.074     1.110 r  i_scheduler_core/i_round_engine/i_transition_eval/commit_task_q[1][tok_start][7]_i_4/O
                         net (fo=48, unplaced)        0.279     1.389    i_scheduler_core/i_round_engine/i_start_iter/decoded_profile[selector_a][1]
                         LUT6 (Prop_LUT6_I2_O)        0.088     1.477 r  i_scheduler_core/i_round_engine/i_start_iter/s2_offset_q[2]_i_6/O
                         net (fo=4, unplaced)         0.140     1.617    i_scheduler_core/i_round_engine/i_start_iter/hot_q_reg[3][ntok][0]
                         LUT6 (Prop_LUT6_I0_O)        0.074     1.691 f  i_scheduler_core/i_round_engine/i_start_iter/s2_offset_q[1]_i_2/O
                         net (fo=26, unplaced)        0.265     1.956    i_scheduler_core/i_round_engine/commit_task_q_reg[1][ntok][0]_i_2/I2
                         LUTCY2 (Prop_LUTCY2_I2_O)    0.088     2.044 r  i_scheduler_core/i_round_engine/commit_task_q_reg[1][ntok][0]_i_2/LUTCY2_INST/O
                         net (fo=3, unplaced)         0.016     2.060    i_scheduler_core/i_round_engine/commit_task_q_reg[1][ntok][1]_i_3/I4
                         LUTCY2 (Prop_LUTCY2_I4_O)    0.050     2.110 r  i_scheduler_core/i_round_engine/commit_task_q_reg[1][ntok][1]_i_3/LUTCY2_INST/O
                         net (fo=1, unplaced)         0.000     2.110    i_scheduler_core/i_round_engine/commit_task_q_reg[1][ntok][1]_i_3_n_2
                         LOOKAHEAD8 (Prop_LOOKAHEAD8_CYB_COUTD)
                                                      0.113     2.223 r  i_scheduler_core/i_round_engine/commit_task_q_reg[1][ntok][8]_i_7/COUTD
                         net (fo=2, unplaced)         0.014     2.237    i_scheduler_core/i_round_engine/commit_task_q_reg[1][ntok][4]_i_2/I4
                         LUTCY2 (Prop_LUTCY2_I4_O)    0.048     2.285 r  i_scheduler_core/i_round_engine/commit_task_q_reg[1][ntok][4]_i_2/LUTCY2_INST/O
                         net (fo=3, unplaced)         0.022     2.307    i_scheduler_core/i_round_engine/commit_task_q_reg[1][ntok][5]_i_5/I4
                         LUTCY1 (Prop_LUTCY1_I4_O)    0.056     2.363 r  i_scheduler_core/i_round_engine/commit_task_q_reg[1][ntok][5]_i_5/LUTCY1_INST/O
                         net (fo=1, unplaced)         0.206     2.569    i_scheduler_core/i_round_engine/i_pair_compare/commit_task_q_reg[1][ntok][5]
                         LUT5 (Prop_LUT5_I0_O)        0.074     2.643 r  i_scheduler_core/i_round_engine/i_pair_compare/commit_task_q[1][ntok][5]_i_2/O
                         net (fo=2, unplaced)         0.145     2.788    i_scheduler_core/i_round_engine/i_pair_compare/profile_addr_q_reg[4]_1
                         LUT6 (Prop_LUT6_I5_O)        0.051     2.839 f  i_scheduler_core/i_round_engine/i_pair_compare/global_score_q[selected_max][5]_i_3/O
                         net (fo=7, unplaced)         0.153     2.992    i_scheduler_core/i_round_engine/i_transition_eval/c2_endpoint_q_reg[task_end][4]_bret__6_0
                         LUT5 (Prop_LUT5_I0_O)        0.074     3.066 f  i_scheduler_core/i_round_engine/i_transition_eval/c2_endpoint_q[task_end][4]_bret__6_i_3/O
                         net (fo=13, unplaced)        0.167     3.233    i_scheduler_core/i_round_engine/i_transition_eval/c2_endpoint_q[task_end][4]_bret__6_i_3_n_0
                         LUT6 (Prop_LUT6_I0_O)        0.074     3.307 r  i_scheduler_core/i_round_engine/i_transition_eval/c2_endpoint_q[task_end][9]_bret__4_i_5/O
                         net (fo=9, unplaced)         0.176     3.483    i_scheduler_core/i_round_engine/i_transition_eval/c2_endpoint_q[task_end][9]_bret__4_i_5_n_0
                         LUT2 (Prop_LUT2_I0_O)        0.082     3.565 r  i_scheduler_core/i_round_engine/i_transition_eval/c2_endpoint_q[task_end][1]_bret__4_i_34/O
                         net (fo=4, unplaced)         0.222     3.787    i_scheduler_core/i_round_engine/i_transition_eval/c2_endpoint_q_reg[task_end][1]_bret__4_i_32/I2
                         LUTCY1 (Prop_LUTCY1_I2_PROP)
                                                      0.082     3.869 r  i_scheduler_core/i_round_engine/i_transition_eval/c2_endpoint_q_reg[task_end][1]_bret__4_i_32/LUTCY1_INST/PROP
                         net (fo=1, unplaced)         0.001     3.870    i_scheduler_core/i_round_engine/i_transition_eval/c2_endpoint_q_reg[task_end][1]_bret__4_i_32_n_3
                         LOOKAHEAD8 (Prop_LOOKAHEAD8_PROPH_COUTH)
                                                      0.129     3.999 f  i_scheduler_core/i_round_engine/i_transition_eval/c2_endpoint_q_reg[task_end][1]_bret__4_i_14/COUTH
                         net (fo=3, unplaced)         0.002     4.001    i_scheduler_core/i_round_engine/i_transition_eval/c2_endpoint_q_reg[task_end][1]_bret__4_i_14_n_3
                         LOOKAHEAD8 (Prop_LOOKAHEAD8_CIN_COUTB)
                                                      0.051     4.052 f  i_scheduler_core/i_round_engine/i_transition_eval/c2_endpoint_q_reg[task_end][1]_bret__4_i_10/COUTB
                         net (fo=10, unplaced)        0.253     4.305    i_scheduler_core/i_round_engine/i_target_s4pf/s2_duration2
                         LUT6 (Prop_LUT6_I5_O)        0.051     4.356 r  i_scheduler_core/i_round_engine/i_target_s4pf/c2_endpoint_q[task_end][9]_bret__4_i_4/O
                         net (fo=18, unplaced)        0.257     4.613    i_scheduler_core/i_round_engine/i_start_iter/c2_endpoint_q_reg[s2_end][1]_i_2/I2
                         LUTCY1 (Prop_LUTCY1_I2_PROP)
                                                      0.086     4.699 r  i_scheduler_core/i_round_engine/i_start_iter/c2_endpoint_q_reg[s2_end][1]_i_2/LUTCY1_INST/PROP
                         net (fo=1, unplaced)         0.002     4.701    i_scheduler_core/i_round_engine/i_start_iter/c2_endpoint_q_reg[s2_end][1]_i_2_n_3
                         LOOKAHEAD8 (Prop_LOOKAHEAD8_PROPB_COUTH)
                                                      0.177     4.878 r  i_scheduler_core/i_round_engine/i_start_iter/c2_endpoint_q_reg[s2_end][8]_i_4/COUTH
                         net (fo=3, unplaced)         0.198     5.076    i_scheduler_core/i_round_engine/i_start_iter/c2_endpoint_q_reg[s2_end][8]_i_2/I4
                         LUTCY2 (Prop_LUTCY2_I4_O)    0.051     5.127 r  i_scheduler_core/i_round_engine/i_start_iter/c2_endpoint_q_reg[s2_end][8]_i_2/LUTCY2_INST/O
                         net (fo=3, unplaced)         0.016     5.143    i_scheduler_core/i_round_engine/i_start_iter/c2_endpoint_q_reg[s2_end][9]_i_2/I4
                         LUTCY1 (Prop_LUTCY1_I4_O)    0.055     5.198 r  i_scheduler_core/i_round_engine/i_start_iter/c2_endpoint_q_reg[s2_end][9]_i_2/LUTCY1_INST/O
                         net (fo=6, unplaced)         0.228     5.426    i_scheduler_core/i_round_engine/i_transition_eval/built_timeline[s2_end][9]
                         LUT4 (Prop_LUT4_I1_O)        0.074     5.500 r  i_scheduler_core/i_round_engine/i_transition_eval/c2_endpoint_q[dma3_end][12]_i_10/O
                         net (fo=1, unplaced)         0.128     5.628    i_scheduler_core/i_round_engine/i_transition_eval/c2_endpoint_q[dma3_end][12]_i_10_n_0
                         LUT5 (Prop_LUT5_I0_O)        0.074     5.702 f  i_scheduler_core/i_round_engine/i_transition_eval/c2_endpoint_q[dma3_end][12]_i_9/O
                         net (fo=1, unplaced)         0.145     5.847    i_scheduler_core/i_round_engine/i_transition_eval/c2_endpoint_q[dma3_end][12]_i_9_n_0
                         LUT5 (Prop_LUT5_I4_O)        0.051     5.898 r  i_scheduler_core/i_round_engine/i_transition_eval/c2_endpoint_q[dma3_end][12]_i_7/O
                         net (fo=1, unplaced)         0.145     6.043    i_scheduler_core/i_round_engine/i_transition_eval/c2_endpoint_q[dma3_end][12]_i_7_n_0
                         LUT6 (Prop_LUT6_I5_O)        0.051     6.094 r  i_scheduler_core/i_round_engine/i_transition_eval/c2_endpoint_q[dma3_end][12]_i_3/O
                         net (fo=32, unplaced)        0.205     6.299    i_scheduler_core/i_round_engine/i_transition_eval/c2_endpoint_q[dma3_end][12]_i_3_n_0
                         LUT3 (Prop_LUT3_I1_O)        0.051     6.350 r  i_scheduler_core/i_round_engine/i_transition_eval/c2_endpoint_q[task_end][0]_bret__6_i_2/O
                         net (fo=2, unplaced)         0.210     6.560    i_scheduler_core/i_round_engine/i_transition_eval/c2_endpoint_q_reg[task_end][0]_bret__6_i_1/I2
                         LUTCY2 (Prop_LUTCY2_I2_GE)
                                                      0.088     6.648 r  i_scheduler_core/i_round_engine/i_transition_eval/c2_endpoint_q_reg[task_end][0]_bret__6_i_1/LUTCY2_INST/GE
                         net (fo=1, unplaced)         0.036     6.684    i_scheduler_core/i_round_engine/i_transition_eval/c2_endpoint_q_reg[task_end][0]_bret__6_i_1_n_0
                         LOOKAHEAD8 (Prop_LOOKAHEAD8_GEA_COUTH)
                                                      0.242     6.926 r  i_scheduler_core/i_round_engine/i_transition_eval/c2_endpoint_q_reg[task_end][8]_bret__6_i_2/COUTH
                         net (fo=3, unplaced)         0.198     7.124    i_scheduler_core/i_round_engine/i_transition_eval/c2_endpoint_q_reg[task_end][8]_bret__6_i_1/I4
                         LUTCY1 (Prop_LUTCY1_I4_O)    0.057     7.181 r  i_scheduler_core/i_round_engine/i_transition_eval/c2_endpoint_q_reg[task_end][8]_bret__6_i_1/LUTCY1_INST/O
                         net (fo=1, unplaced)         0.048     7.229    i_scheduler_core/i_round_engine/i_transition_eval/timeline_o[task_end]10_in[8]
                         FDCE                                         r  i_scheduler_core/i_round_engine/i_transition_eval/c2_endpoint_q_reg[task_end][8]_bret__6/D
  -------------------------------------------------------------------    -------------------

                         (clock scheduler_clk rise edge)
                                                     25.000    25.000 r  
                                                      0.000    25.000 r  clk_i (IN)
                         net (fo=1834, unset)         0.076    25.076    i_scheduler_core/i_round_engine/i_transition_eval/clk_i
                         FDCE                                         r  i_scheduler_core/i_round_engine/i_transition_eval/c2_endpoint_q_reg[task_end][8]_bret__6/C
                         clock pessimism              0.000    25.076    
                         clock uncertainty           -0.300    24.776    
                         FDCE (Setup_FDCE_C_D)        0.007    24.783    i_scheduler_core/i_round_engine/i_transition_eval/c2_endpoint_q_reg[task_end][8]_bret__6
  -------------------------------------------------------------------
                         required time                         24.783    
                         arrival time                          -7.229    
  -------------------------------------------------------------------
                         slack                                 17.554    

Slack (MET) :             17.626ns  (required time - arrival time)
  Source:                 i_scheduler_core/i_round_engine/FSM_onehot_st_q_reg[14]/C
                            (rising edge-triggered cell FDCE clocked by scheduler_clk  {rise@0.000ns fall@12.500ns period=25.000ns})
  Destination:            i_scheduler_core/i_round_engine/i_transition_eval/c2_endpoint_q_reg[task_end][11]_bret__6/D
                            (rising edge-triggered cell FDCE clocked by scheduler_clk  {rise@0.000ns fall@12.500ns period=25.000ns})
  Path Group:             scheduler_clk
  Path Type:              Setup (Max at Slow Process Corner)
  Requirement:            25.000ns  (scheduler_clk rise@25.000ns - scheduler_clk rise@0.000ns)
  Data Path Delay:        7.036ns  (logic 2.674ns (38.005%)  route 4.362ns (61.995%))
  Logic Levels:           33  (LOOKAHEAD8=6 LUT2=1 LUT3=2 LUT4=1 LUT5=5 LUT6=7 LUTCY1=5 LUTCY2=6)
  Clock Path Skew:        -0.044ns (DCD - SCD + CPR)
    Destination Clock Delay (DCD):    0.076ns = ( 25.076 - 25.000 ) 
    Source Clock Delay      (SCD):    0.120ns
    Clock Pessimism Removal (CPR):    0.000ns
  Clock Uncertainty:      0.300ns  (CJ)/2 + PE + PJ
    Clock Jitter             (CJ):    0.600ns
    Phase Error              (PE):    0.000ns
    Phase Jitter             (PJ):    0.000ns

    Location             Delay type                Incr(ns)  Path(ns)    Netlist Resource(s)
  -------------------------------------------------------------------    -------------------
                         (clock scheduler_clk rise edge)
                                                      0.000     0.000 r  
                                                      0.000     0.000 r  clk_i (IN)
                         net (fo=1834, unset)         0.120     0.120    i_scheduler_core/i_round_engine/clk_i
                         FDCE                                         r  i_scheduler_core/i_round_engine/FSM_onehot_st_q_reg[14]/C
  -------------------------------------------------------------------    -------------------
                         FDCE (Prop_FDCE_C_Q)         0.090     0.210 r  i_scheduler_core/i_round_engine/FSM_onehot_st_q_reg[14]/Q
                         net (fo=120, unplaced)       0.255     0.465    i_scheduler_core/i_round_engine/i_transition_eval/global_token_q_reg[profile_addr][0][13]
                         LUT3 (Prop_LUT3_I0_O)        0.096     0.561 r  i_scheduler_core/i_round_engine/i_transition_eval/g0_b0_i_8/O
                         net (fo=43, unplaced)        0.194     0.755    i_scheduler_core/i_round_engine/i_transition_eval/target_phase
                         LUT6 (Prop_LUT6_I3_O)        0.074     0.829 f  i_scheduler_core/i_round_engine/i_transition_eval/g0_b0_i_3/O
                         net (fo=74, unplaced)        0.207     1.036    i_scheduler_core/i_round_engine/i_transition_eval/decode_address[2]
                         LUT5 (Prop_LUT5_I1_O)        0.074     1.110 r  i_scheduler_core/i_round_engine/i_transition_eval/commit_task_q[1][tok_start][7]_i_4/O
                         net (fo=48, unplaced)        0.279     1.389    i_scheduler_core/i_round_engine/i_start_iter/decoded_profile[selector_a][1]
                         LUT6 (Prop_LUT6_I2_O)        0.088     1.477 r  i_scheduler_core/i_round_engine/i_start_iter/s2_offset_q[2]_i_6/O
                         net (fo=4, unplaced)         0.140     1.617    i_scheduler_core/i_round_engine/i_start_iter/hot_q_reg[3][ntok][0]
                         LUT6 (Prop_LUT6_I0_O)        0.074     1.691 f  i_scheduler_core/i_round_engine/i_start_iter/s2_offset_q[1]_i_2/O
                         net (fo=26, unplaced)        0.265     1.956    i_scheduler_core/i_round_engine/commit_task_q_reg[1][ntok][0]_i_2/I2
                         LUTCY2 (Prop_LUTCY2_I2_O)    0.088     2.044 r  i_scheduler_core/i_round_engine/commit_task_q_reg[1][ntok][0]_i_2/LUTCY2_INST/O
                         net (fo=3, unplaced)         0.016     2.060    i_scheduler_core/i_round_engine/commit_task_q_reg[1][ntok][1]_i_3/I4
                         LUTCY2 (Prop_LUTCY2_I4_O)    0.050     2.110 r  i_scheduler_core/i_round_engine/commit_task_q_reg[1][ntok][1]_i_3/LUTCY2_INST/O
                         net (fo=1, unplaced)         0.000     2.110    i_scheduler_core/i_round_engine/commit_task_q_reg[1][ntok][1]_i_3_n_2
                         LOOKAHEAD8 (Prop_LOOKAHEAD8_CYB_COUTD)
                                                      0.113     2.223 r  i_scheduler_core/i_round_engine/commit_task_q_reg[1][ntok][8]_i_7/COUTD
                         net (fo=2, unplaced)         0.014     2.237    i_scheduler_core/i_round_engine/commit_task_q_reg[1][ntok][4]_i_2/I4
                         LUTCY2 (Prop_LUTCY2_I4_O)    0.048     2.285 r  i_scheduler_core/i_round_engine/commit_task_q_reg[1][ntok][4]_i_2/LUTCY2_INST/O
                         net (fo=3, unplaced)         0.022     2.307    i_scheduler_core/i_round_engine/commit_task_q_reg[1][ntok][5]_i_5/I4
                         LUTCY1 (Prop_LUTCY1_I4_O)    0.056     2.363 r  i_scheduler_core/i_round_engine/commit_task_q_reg[1][ntok][5]_i_5/LUTCY1_INST/O
                         net (fo=1, unplaced)         0.206     2.569    i_scheduler_core/i_round_engine/i_pair_compare/commit_task_q_reg[1][ntok][5]
                         LUT5 (Prop_LUT5_I0_O)        0.074     2.643 r  i_scheduler_core/i_round_engine/i_pair_compare/commit_task_q[1][ntok][5]_i_2/O
                         net (fo=2, unplaced)         0.145     2.788    i_scheduler_core/i_round_engine/i_pair_compare/profile_addr_q_reg[4]_1
                         LUT6 (Prop_LUT6_I5_O)        0.051     2.839 f  i_scheduler_core/i_round_engine/i_pair_compare/global_score_q[selected_max][5]_i_3/O
                         net (fo=7, unplaced)         0.153     2.992    i_scheduler_core/i_round_engine/i_transition_eval/c2_endpoint_q_reg[task_end][4]_bret__6_0
                         LUT5 (Prop_LUT5_I0_O)        0.074     3.066 f  i_scheduler_core/i_round_engine/i_transition_eval/c2_endpoint_q[task_end][4]_bret__6_i_3/O
                         net (fo=13, unplaced)        0.167     3.233    i_scheduler_core/i_round_engine/i_transition_eval/c2_endpoint_q[task_end][4]_bret__6_i_3_n_0
                         LUT6 (Prop_LUT6_I0_O)        0.074     3.307 r  i_scheduler_core/i_round_engine/i_transition_eval/c2_endpoint_q[task_end][9]_bret__4_i_5/O
                         net (fo=9, unplaced)         0.176     3.483    i_scheduler_core/i_round_engine/i_transition_eval/c2_endpoint_q[task_end][9]_bret__4_i_5_n_0
                         LUT2 (Prop_LUT2_I0_O)        0.082     3.565 r  i_scheduler_core/i_round_engine/i_transition_eval/c2_endpoint_q[task_end][1]_bret__4_i_34/O
                         net (fo=4, unplaced)         0.222     3.787    i_scheduler_core/i_round_engine/i_transition_eval/c2_endpoint_q_reg[task_end][1]_bret__4_i_32/I2
                         LUTCY1 (Prop_LUTCY1_I2_PROP)
                                                      0.082     3.869 r  i_scheduler_core/i_round_engine/i_transition_eval/c2_endpoint_q_reg[task_end][1]_bret__4_i_32/LUTCY1_INST/PROP
                         net (fo=1, unplaced)         0.001     3.870    i_scheduler_core/i_round_engine/i_transition_eval/c2_endpoint_q_reg[task_end][1]_bret__4_i_32_n_3
                         LOOKAHEAD8 (Prop_LOOKAHEAD8_PROPH_COUTH)
                                                      0.129     3.999 f  i_scheduler_core/i_round_engine/i_transition_eval/c2_endpoint_q_reg[task_end][1]_bret__4_i_14/COUTH
                         net (fo=3, unplaced)         0.002     4.001    i_scheduler_core/i_round_engine/i_transition_eval/c2_endpoint_q_reg[task_end][1]_bret__4_i_14_n_3
                         LOOKAHEAD8 (Prop_LOOKAHEAD8_CIN_COUTB)
                                                      0.051     4.052 f  i_scheduler_core/i_round_engine/i_transition_eval/c2_endpoint_q_reg[task_end][1]_bret__4_i_10/COUTB
                         net (fo=10, unplaced)        0.253     4.305    i_scheduler_core/i_round_engine/i_target_s4pf/s2_duration2
                         LUT6 (Prop_LUT6_I5_O)        0.051     4.356 r  i_scheduler_core/i_round_engine/i_target_s4pf/c2_endpoint_q[task_end][9]_bret__4_i_4/O
                         net (fo=18, unplaced)        0.257     4.613    i_scheduler_core/i_round_engine/i_start_iter/c2_endpoint_q_reg[s2_end][1]_i_2/I2
                         LUTCY1 (Prop_LUTCY1_I2_PROP)
                                                      0.086     4.699 r  i_scheduler_core/i_round_engine/i_start_iter/c2_endpoint_q_reg[s2_end][1]_i_2/LUTCY1_INST/PROP
                         net (fo=1, unplaced)         0.002     4.701    i_scheduler_core/i_round_engine/i_start_iter/c2_endpoint_q_reg[s2_end][1]_i_2_n_3
                         LOOKAHEAD8 (Prop_LOOKAHEAD8_PROPB_COUTH)
                                                      0.177     4.878 r  i_scheduler_core/i_round_engine/i_start_iter/c2_endpoint_q_reg[s2_end][8]_i_4/COUTH
                         net (fo=3, unplaced)         0.198     5.076    i_scheduler_core/i_round_engine/i_start_iter/c2_endpoint_q_reg[s2_end][8]_i_2/I4
                         LUTCY2 (Prop_LUTCY2_I4_O)    0.051     5.127 r  i_scheduler_core/i_round_engine/i_start_iter/c2_endpoint_q_reg[s2_end][8]_i_2/LUTCY2_INST/O
                         net (fo=3, unplaced)         0.016     5.143    i_scheduler_core/i_round_engine/i_start_iter/c2_endpoint_q_reg[s2_end][9]_i_2/I4
                         LUTCY1 (Prop_LUTCY1_I4_O)    0.055     5.198 r  i_scheduler_core/i_round_engine/i_start_iter/c2_endpoint_q_reg[s2_end][9]_i_2/LUTCY1_INST/O
                         net (fo=6, unplaced)         0.228     5.426    i_scheduler_core/i_round_engine/i_transition_eval/built_timeline[s2_end][9]
                         LUT4 (Prop_LUT4_I1_O)        0.074     5.500 r  i_scheduler_core/i_round_engine/i_transition_eval/c2_endpoint_q[dma3_end][12]_i_10/O
                         net (fo=1, unplaced)         0.128     5.628    i_scheduler_core/i_round_engine/i_transition_eval/c2_endpoint_q[dma3_end][12]_i_10_n_0
                         LUT5 (Prop_LUT5_I0_O)        0.074     5.702 f  i_scheduler_core/i_round_engine/i_transition_eval/c2_endpoint_q[dma3_end][12]_i_9/O
                         net (fo=1, unplaced)         0.145     5.847    i_scheduler_core/i_round_engine/i_transition_eval/c2_endpoint_q[dma3_end][12]_i_9_n_0
                         LUT5 (Prop_LUT5_I4_O)        0.051     5.898 r  i_scheduler_core/i_round_engine/i_transition_eval/c2_endpoint_q[dma3_end][12]_i_7/O
                         net (fo=1, unplaced)         0.145     6.043    i_scheduler_core/i_round_engine/i_transition_eval/c2_endpoint_q[dma3_end][12]_i_7_n_0
                         LUT6 (Prop_LUT6_I5_O)        0.051     6.094 r  i_scheduler_core/i_round_engine/i_transition_eval/c2_endpoint_q[dma3_end][12]_i_3/O
                         net (fo=32, unplaced)        0.205     6.299    i_scheduler_core/i_round_engine/i_transition_eval/c2_endpoint_q[dma3_end][12]_i_3_n_0
                         LUT3 (Prop_LUT3_I1_O)        0.051     6.350 r  i_scheduler_core/i_round_engine/i_transition_eval/c2_endpoint_q[task_end][0]_bret__6_i_2/O
                         net (fo=2, unplaced)         0.210     6.560    i_scheduler_core/i_round_engine/i_transition_eval/c2_endpoint_q_reg[task_end][0]_bret__6_i_1/I2
                         LUTCY2 (Prop_LUTCY2_I2_GE)
                                                      0.088     6.648 r  i_scheduler_core/i_round_engine/i_transition_eval/c2_endpoint_q_reg[task_end][0]_bret__6_i_1/LUTCY2_INST/GE
                         net (fo=1, unplaced)         0.036     6.684    i_scheduler_core/i_round_engine/i_transition_eval/c2_endpoint_q_reg[task_end][0]_bret__6_i_1_n_0
                         LOOKAHEAD8 (Prop_LOOKAHEAD8_GEA_COUTH)
                                                      0.242     6.926 r  i_scheduler_core/i_round_engine/i_transition_eval/c2_endpoint_q_reg[task_end][8]_bret__6_i_2/COUTH
                         net (fo=3, unplaced)         0.002     6.928    i_scheduler_core/i_round_engine/i_transition_eval/c2_endpoint_q_reg[task_end][8]_bret__6_i_2_n_3
                         LOOKAHEAD8 (Prop_LOOKAHEAD8_CIN_COUTB)
                                                      0.051     6.979 r  i_scheduler_core/i_round_engine/i_transition_eval/c2_endpoint_q_reg[task_end][12]_bret__6_i_2/COUTB
                         net (fo=2, unplaced)         0.013     6.992    i_scheduler_core/i_round_engine/i_transition_eval/c2_endpoint_q_reg[task_end][10]_bret__6_i_1/I4
                         LUTCY2 (Prop_LUTCY2_I4_O)    0.049     7.041 r  i_scheduler_core/i_round_engine/i_transition_eval/c2_endpoint_q_reg[task_end][10]_bret__6_i_1/LUTCY2_INST/O
                         net (fo=3, unplaced)         0.015     7.056    i_scheduler_core/i_round_engine/i_transition_eval/c2_endpoint_q_reg[task_end][11]_bret__6_i_1/I4
                         LUTCY1 (Prop_LUTCY1_I4_O)    0.055     7.111 r  i_scheduler_core/i_round_engine/i_transition_eval/c2_endpoint_q_reg[task_end][11]_bret__6_i_1/LUTCY1_INST/O
                         net (fo=1, unplaced)         0.045     7.156    i_scheduler_core/i_round_engine/i_transition_eval/timeline_o[task_end]10_in[11]
                         FDCE                                         r  i_scheduler_core/i_round_engine/i_transition_eval/c2_endpoint_q_reg[task_end][11]_bret__6/D
  -------------------------------------------------------------------    -------------------

                         (clock scheduler_clk rise edge)
                                                     25.000    25.000 r  
                                                      0.000    25.000 r  clk_i (IN)
                         net (fo=1834, unset)         0.076    25.076    i_scheduler_core/i_round_engine/i_transition_eval/clk_i
                         FDCE                                         r  i_scheduler_core/i_round_engine/i_transition_eval/c2_endpoint_q_reg[task_end][11]_bret__6/C
                         clock pessimism              0.000    25.076    
                         clock uncertainty           -0.300    24.776    
                         FDCE (Setup_FDCE_C_D)        0.006    24.782    i_scheduler_core/i_round_engine/i_transition_eval/c2_endpoint_q_reg[task_end][11]_bret__6
  -------------------------------------------------------------------
                         required time                         24.782    
                         arrival time                          -7.156    
  -------------------------------------------------------------------
                         slack                                 17.626    

Slack (MET) :             17.686ns  (required time - arrival time)
  Source:                 i_scheduler_core/i_round_engine/FSM_onehot_st_q_reg[14]/C
                            (rising edge-triggered cell FDCE clocked by scheduler_clk  {rise@0.000ns fall@12.500ns period=25.000ns})
  Destination:            i_scheduler_core/i_round_engine/i_transition_eval/c2_endpoint_q_reg[task_end][10]_bret__6/D
                            (rising edge-triggered cell FDCE clocked by scheduler_clk  {rise@0.000ns fall@12.500ns period=25.000ns})
  Path Group:             scheduler_clk
  Path Type:              Setup (Max at Slow Process Corner)
  Requirement:            25.000ns  (scheduler_clk rise@25.000ns - scheduler_clk rise@0.000ns)
  Data Path Delay:        6.976ns  (logic 2.627ns (37.658%)  route 4.349ns (62.342%))
  Logic Levels:           32  (LOOKAHEAD8=6 LUT2=1 LUT3=2 LUT4=1 LUT5=5 LUT6=7 LUTCY1=5 LUTCY2=5)
  Clock Path Skew:        -0.044ns (DCD - SCD + CPR)
    Destination Clock Delay (DCD):    0.076ns = ( 25.076 - 25.000 ) 
    Source Clock Delay      (SCD):    0.120ns
    Clock Pessimism Removal (CPR):    0.000ns
  Clock Uncertainty:      0.300ns  (CJ)/2 + PE + PJ
    Clock Jitter             (CJ):    0.600ns
    Phase Error              (PE):    0.000ns
    Phase Jitter             (PJ):    0.000ns

    Location             Delay type                Incr(ns)  Path(ns)    Netlist Resource(s)
  -------------------------------------------------------------------    -------------------
                         (clock scheduler_clk rise edge)
                                                      0.000     0.000 r  
                                                      0.000     0.000 r  clk_i (IN)
                         net (fo=1834, unset)         0.120     0.120    i_scheduler_core/i_round_engine/clk_i
                         FDCE                                         r  i_scheduler_core/i_round_engine/FSM_onehot_st_q_reg[14]/C
  -------------------------------------------------------------------    -------------------
                         FDCE (Prop_FDCE_C_Q)         0.090     0.210 r  i_scheduler_core/i_round_engine/FSM_onehot_st_q_reg[14]/Q
                         net (fo=120, unplaced)       0.255     0.465    i_scheduler_core/i_round_engine/i_transition_eval/global_token_q_reg[profile_addr][0][13]
                         LUT3 (Prop_LUT3_I0_O)        0.096     0.561 r  i_scheduler_core/i_round_engine/i_transition_eval/g0_b0_i_8/O
                         net (fo=43, unplaced)        0.194     0.755    i_scheduler_core/i_round_engine/i_transition_eval/target_phase
                         LUT6 (Prop_LUT6_I3_O)        0.074     0.829 f  i_scheduler_core/i_round_engine/i_transition_eval/g0_b0_i_3/O
                         net (fo=74, unplaced)        0.207     1.036    i_scheduler_core/i_round_engine/i_transition_eval/decode_address[2]
                         LUT5 (Prop_LUT5_I1_O)        0.074     1.110 r  i_scheduler_core/i_round_engine/i_transition_eval/commit_task_q[1][tok_start][7]_i_4/O
                         net (fo=48, unplaced)        0.279     1.389    i_scheduler_core/i_round_engine/i_start_iter/decoded_profile[selector_a][1]
                         LUT6 (Prop_LUT6_I2_O)        0.088     1.477 r  i_scheduler_core/i_round_engine/i_start_iter/s2_offset_q[2]_i_6/O
                         net (fo=4, unplaced)         0.140     1.617    i_scheduler_core/i_round_engine/i_start_iter/hot_q_reg[3][ntok][0]
                         LUT6 (Prop_LUT6_I0_O)        0.074     1.691 f  i_scheduler_core/i_round_engine/i_start_iter/s2_offset_q[1]_i_2/O
                         net (fo=26, unplaced)        0.265     1.956    i_scheduler_core/i_round_engine/commit_task_q_reg[1][ntok][0]_i_2/I2
                         LUTCY2 (Prop_LUTCY2_I2_O)    0.088     2.044 r  i_scheduler_core/i_round_engine/commit_task_q_reg[1][ntok][0]_i_2/LUTCY2_INST/O
                         net (fo=3, unplaced)         0.016     2.060    i_scheduler_core/i_round_engine/commit_task_q_reg[1][ntok][1]_i_3/I4
                         LUTCY2 (Prop_LUTCY2_I4_O)    0.050     2.110 r  i_scheduler_core/i_round_engine/commit_task_q_reg[1][ntok][1]_i_3/LUTCY2_INST/O
                         net (fo=1, unplaced)         0.000     2.110    i_scheduler_core/i_round_engine/commit_task_q_reg[1][ntok][1]_i_3_n_2
                         LOOKAHEAD8 (Prop_LOOKAHEAD8_CYB_COUTD)
                                                      0.113     2.223 r  i_scheduler_core/i_round_engine/commit_task_q_reg[1][ntok][8]_i_7/COUTD
                         net (fo=2, unplaced)         0.014     2.237    i_scheduler_core/i_round_engine/commit_task_q_reg[1][ntok][4]_i_2/I4
                         LUTCY2 (Prop_LUTCY2_I4_O)    0.048     2.285 r  i_scheduler_core/i_round_engine/commit_task_q_reg[1][ntok][4]_i_2/LUTCY2_INST/O
                         net (fo=3, unplaced)         0.022     2.307    i_scheduler_core/i_round_engine/commit_task_q_reg[1][ntok][5]_i_5/I4
                         LUTCY1 (Prop_LUTCY1_I4_O)    0.056     2.363 r  i_scheduler_core/i_round_engine/commit_task_q_reg[1][ntok][5]_i_5/LUTCY1_INST/O
                         net (fo=1, unplaced)         0.206     2.569    i_scheduler_core/i_round_engine/i_pair_compare/commit_task_q_reg[1][ntok][5]
                         LUT5 (Prop_LUT5_I0_O)        0.074     2.643 r  i_scheduler_core/i_round_engine/i_pair_compare/commit_task_q[1][ntok][5]_i_2/O
                         net (fo=2, unplaced)         0.145     2.788    i_scheduler_core/i_round_engine/i_pair_compare/profile_addr_q_reg[4]_1
                         LUT6 (Prop_LUT6_I5_O)        0.051     2.839 f  i_scheduler_core/i_round_engine/i_pair_compare/global_score_q[selected_max][5]_i_3/O
                         net (fo=7, unplaced)         0.153     2.992    i_scheduler_core/i_round_engine/i_transition_eval/c2_endpoint_q_reg[task_end][4]_bret__6_0
                         LUT5 (Prop_LUT5_I0_O)        0.074     3.066 f  i_scheduler_core/i_round_engine/i_transition_eval/c2_endpoint_q[task_end][4]_bret__6_i_3/O
                         net (fo=13, unplaced)        0.167     3.233    i_scheduler_core/i_round_engine/i_transition_eval/c2_endpoint_q[task_end][4]_bret__6_i_3_n_0
                         LUT6 (Prop_LUT6_I0_O)        0.074     3.307 r  i_scheduler_core/i_round_engine/i_transition_eval/c2_endpoint_q[task_end][9]_bret__4_i_5/O
                         net (fo=9, unplaced)         0.176     3.483    i_scheduler_core/i_round_engine/i_transition_eval/c2_endpoint_q[task_end][9]_bret__4_i_5_n_0
                         LUT2 (Prop_LUT2_I0_O)        0.082     3.565 r  i_scheduler_core/i_round_engine/i_transition_eval/c2_endpoint_q[task_end][1]_bret__4_i_34/O
                         net (fo=4, unplaced)         0.222     3.787    i_scheduler_core/i_round_engine/i_transition_eval/c2_endpoint_q_reg[task_end][1]_bret__4_i_32/I2
                         LUTCY1 (Prop_LUTCY1_I2_PROP)
                                                      0.082     3.869 r  i_scheduler_core/i_round_engine/i_transition_eval/c2_endpoint_q_reg[task_end][1]_bret__4_i_32/LUTCY1_INST/PROP
                         net (fo=1, unplaced)         0.001     3.870    i_scheduler_core/i_round_engine/i_transition_eval/c2_endpoint_q_reg[task_end][1]_bret__4_i_32_n_3
                         LOOKAHEAD8 (Prop_LOOKAHEAD8_PROPH_COUTH)
                                                      0.129     3.999 f  i_scheduler_core/i_round_engine/i_transition_eval/c2_endpoint_q_reg[task_end][1]_bret__4_i_14/COUTH
                         net (fo=3, unplaced)         0.002     4.001    i_scheduler_core/i_round_engine/i_transition_eval/c2_endpoint_q_reg[task_end][1]_bret__4_i_14_n_3
                         LOOKAHEAD8 (Prop_LOOKAHEAD8_CIN_COUTB)
                                                      0.051     4.052 f  i_scheduler_core/i_round_engine/i_transition_eval/c2_endpoint_q_reg[task_end][1]_bret__4_i_10/COUTB
                         net (fo=10, unplaced)        0.253     4.305    i_scheduler_core/i_round_engine/i_target_s4pf/s2_duration2
                         LUT6 (Prop_LUT6_I5_O)        0.051     4.356 r  i_scheduler_core/i_round_engine/i_target_s4pf/c2_endpoint_q[task_end][9]_bret__4_i_4/O
                         net (fo=18, unplaced)        0.257     4.613    i_scheduler_core/i_round_engine/i_start_iter/c2_endpoint_q_reg[s2_end][1]_i_2/I2
                         LUTCY1 (Prop_LUTCY1_I2_PROP)
                                                      0.086     4.699 r  i_scheduler_core/i_round_engine/i_start_iter/c2_endpoint_q_reg[s2_end][1]_i_2/LUTCY1_INST/PROP
                         net (fo=1, unplaced)         0.002     4.701    i_scheduler_core/i_round_engine/i_start_iter/c2_endpoint_q_reg[s2_end][1]_i_2_n_3
                         LOOKAHEAD8 (Prop_LOOKAHEAD8_PROPB_COUTH)
                                                      0.177     4.878 r  i_scheduler_core/i_round_engine/i_start_iter/c2_endpoint_q_reg[s2_end][8]_i_4/COUTH
                         net (fo=3, unplaced)         0.198     5.076    i_scheduler_core/i_round_engine/i_start_iter/c2_endpoint_q_reg[s2_end][8]_i_2/I4
                         LUTCY2 (Prop_LUTCY2_I4_O)    0.051     5.127 r  i_scheduler_core/i_round_engine/i_start_iter/c2_endpoint_q_reg[s2_end][8]_i_2/LUTCY2_INST/O
                         net (fo=3, unplaced)         0.016     5.143    i_scheduler_core/i_round_engine/i_start_iter/c2_endpoint_q_reg[s2_end][9]_i_2/I4
                         LUTCY1 (Prop_LUTCY1_I4_O)    0.055     5.198 r  i_scheduler_core/i_round_engine/i_start_iter/c2_endpoint_q_reg[s2_end][9]_i_2/LUTCY1_INST/O
                         net (fo=6, unplaced)         0.228     5.426    i_scheduler_core/i_round_engine/i_transition_eval/built_timeline[s2_end][9]
                         LUT4 (Prop_LUT4_I1_O)        0.074     5.500 r  i_scheduler_core/i_round_engine/i_transition_eval/c2_endpoint_q[dma3_end][12]_i_10/O
                         net (fo=1, unplaced)         0.128     5.628    i_scheduler_core/i_round_engine/i_transition_eval/c2_endpoint_q[dma3_end][12]_i_10_n_0
                         LUT5 (Prop_LUT5_I0_O)        0.074     5.702 f  i_scheduler_core/i_round_engine/i_transition_eval/c2_endpoint_q[dma3_end][12]_i_9/O
                         net (fo=1, unplaced)         0.145     5.847    i_scheduler_core/i_round_engine/i_transition_eval/c2_endpoint_q[dma3_end][12]_i_9_n_0
                         LUT5 (Prop_LUT5_I4_O)        0.051     5.898 r  i_scheduler_core/i_round_engine/i_transition_eval/c2_endpoint_q[dma3_end][12]_i_7/O
                         net (fo=1, unplaced)         0.145     6.043    i_scheduler_core/i_round_engine/i_transition_eval/c2_endpoint_q[dma3_end][12]_i_7_n_0
                         LUT6 (Prop_LUT6_I5_O)        0.051     6.094 r  i_scheduler_core/i_round_engine/i_transition_eval/c2_endpoint_q[dma3_end][12]_i_3/O
                         net (fo=32, unplaced)        0.205     6.299    i_scheduler_core/i_round_engine/i_transition_eval/c2_endpoint_q[dma3_end][12]_i_3_n_0
                         LUT3 (Prop_LUT3_I1_O)        0.051     6.350 r  i_scheduler_core/i_round_engine/i_transition_eval/c2_endpoint_q[task_end][0]_bret__6_i_2/O
                         net (fo=2, unplaced)         0.210     6.560    i_scheduler_core/i_round_engine/i_transition_eval/c2_endpoint_q_reg[task_end][0]_bret__6_i_1/I2
                         LUTCY2 (Prop_LUTCY2_I2_GE)
                                                      0.088     6.648 r  i_scheduler_core/i_round_engine/i_transition_eval/c2_endpoint_q_reg[task_end][0]_bret__6_i_1/LUTCY2_INST/GE
                         net (fo=1, unplaced)         0.036     6.684    i_scheduler_core/i_round_engine/i_transition_eval/c2_endpoint_q_reg[task_end][0]_bret__6_i_1_n_0
                         LOOKAHEAD8 (Prop_LOOKAHEAD8_GEA_COUTH)
                                                      0.242     6.926 r  i_scheduler_core/i_round_engine/i_transition_eval/c2_endpoint_q_reg[task_end][8]_bret__6_i_2/COUTH
                         net (fo=3, unplaced)         0.002     6.928    i_scheduler_core/i_round_engine/i_transition_eval/c2_endpoint_q_reg[task_end][8]_bret__6_i_2_n_3
                         LOOKAHEAD8 (Prop_LOOKAHEAD8_CIN_COUTB)
                                                      0.051     6.979 r  i_scheduler_core/i_round_engine/i_transition_eval/c2_endpoint_q_reg[task_end][12]_bret__6_i_2/COUTB
                         net (fo=2, unplaced)         0.013     6.992    i_scheduler_core/i_round_engine/i_transition_eval/c2_endpoint_q_reg[task_end][10]_bret__6_i_1/I4
                         LUTCY1 (Prop_LUTCY1_I4_O)    0.057     7.049 r  i_scheduler_core/i_round_engine/i_transition_eval/c2_endpoint_q_reg[task_end][10]_bret__6_i_1/LUTCY1_INST/O
                         net (fo=1, unplaced)         0.047     7.096    i_scheduler_core/i_round_engine/i_transition_eval/timeline_o[task_end]10_in[10]
                         FDCE                                         r  i_scheduler_core/i_round_engine/i_transition_eval/c2_endpoint_q_reg[task_end][10]_bret__6/D
  -------------------------------------------------------------------    -------------------

                         (clock scheduler_clk rise edge)
                                                     25.000    25.000 r  
                                                      0.000    25.000 r  clk_i (IN)
                         net (fo=1834, unset)         0.076    25.076    i_scheduler_core/i_round_engine/i_transition_eval/clk_i
                         FDCE                                         r  i_scheduler_core/i_round_engine/i_transition_eval/c2_endpoint_q_reg[task_end][10]_bret__6/C
                         clock pessimism              0.000    25.076    
                         clock uncertainty           -0.300    24.776    
                         FDCE (Setup_FDCE_C_D)        0.006    24.782    i_scheduler_core/i_round_engine/i_transition_eval/c2_endpoint_q_reg[task_end][10]_bret__6
  -------------------------------------------------------------------
                         required time                         24.782    
                         arrival time                          -7.096    
  -------------------------------------------------------------------
                         slack                                 17.686    

Slack (MET) :             17.697ns  (required time - arrival time)
  Source:                 i_scheduler_core/i_round_engine/FSM_onehot_st_q_reg[14]/C
                            (rising edge-triggered cell FDCE clocked by scheduler_clk  {rise@0.000ns fall@12.500ns period=25.000ns})
  Destination:            i_scheduler_core/i_round_engine/i_transition_eval/c2_endpoint_q_reg[task_end][12]_bret__6/D
                            (rising edge-triggered cell FDCE clocked by scheduler_clk  {rise@0.000ns fall@12.500ns period=25.000ns})
  Path Group:             scheduler_clk
  Path Type:              Setup (Max at Slow Process Corner)
  Requirement:            25.000ns  (scheduler_clk rise@25.000ns - scheduler_clk rise@0.000ns)
  Data Path Delay:        6.966ns  (logic 2.617ns (37.568%)  route 4.349ns (62.432%))
  Logic Levels:           32  (LOOKAHEAD8=6 LUT2=1 LUT3=2 LUT4=1 LUT5=5 LUT6=7 LUTCY1=5 LUTCY2=5)
  Clock Path Skew:        -0.044ns (DCD - SCD + CPR)
    Destination Clock Delay (DCD):    0.076ns = ( 25.076 - 25.000 ) 
    Source Clock Delay      (SCD):    0.120ns
    Clock Pessimism Removal (CPR):    0.000ns
  Clock Uncertainty:      0.300ns  (CJ)/2 + PE + PJ
    Clock Jitter             (CJ):    0.600ns
    Phase Error              (PE):    0.000ns
    Phase Jitter             (PJ):    0.000ns

    Location             Delay type                Incr(ns)  Path(ns)    Netlist Resource(s)
  -------------------------------------------------------------------    -------------------
                         (clock scheduler_clk rise edge)
                                                      0.000     0.000 r  
                                                      0.000     0.000 r  clk_i (IN)
                         net (fo=1834, unset)         0.120     0.120    i_scheduler_core/i_round_engine/clk_i
                         FDCE                                         r  i_scheduler_core/i_round_engine/FSM_onehot_st_q_reg[14]/C
  -------------------------------------------------------------------    -------------------
                         FDCE (Prop_FDCE_C_Q)         0.090     0.210 r  i_scheduler_core/i_round_engine/FSM_onehot_st_q_reg[14]/Q
                         net (fo=120, unplaced)       0.255     0.465    i_scheduler_core/i_round_engine/i_transition_eval/global_token_q_reg[profile_addr][0][13]
                         LUT3 (Prop_LUT3_I0_O)        0.096     0.561 r  i_scheduler_core/i_round_engine/i_transition_eval/g0_b0_i_8/O
                         net (fo=43, unplaced)        0.194     0.755    i_scheduler_core/i_round_engine/i_transition_eval/target_phase
                         LUT6 (Prop_LUT6_I3_O)        0.074     0.829 f  i_scheduler_core/i_round_engine/i_transition_eval/g0_b0_i_3/O
                         net (fo=74, unplaced)        0.207     1.036    i_scheduler_core/i_round_engine/i_transition_eval/decode_address[2]
                         LUT5 (Prop_LUT5_I1_O)        0.074     1.110 r  i_scheduler_core/i_round_engine/i_transition_eval/commit_task_q[1][tok_start][7]_i_4/O
                         net (fo=48, unplaced)        0.279     1.389    i_scheduler_core/i_round_engine/i_start_iter/decoded_profile[selector_a][1]
                         LUT6 (Prop_LUT6_I2_O)        0.088     1.477 r  i_scheduler_core/i_round_engine/i_start_iter/s2_offset_q[2]_i_6/O
                         net (fo=4, unplaced)         0.140     1.617    i_scheduler_core/i_round_engine/i_start_iter/hot_q_reg[3][ntok][0]
                         LUT6 (Prop_LUT6_I0_O)        0.074     1.691 f  i_scheduler_core/i_round_engine/i_start_iter/s2_offset_q[1]_i_2/O
                         net (fo=26, unplaced)        0.265     1.956    i_scheduler_core/i_round_engine/commit_task_q_reg[1][ntok][0]_i_2/I2
                         LUTCY2 (Prop_LUTCY2_I2_O)    0.088     2.044 r  i_scheduler_core/i_round_engine/commit_task_q_reg[1][ntok][0]_i_2/LUTCY2_INST/O
                         net (fo=3, unplaced)         0.016     2.060    i_scheduler_core/i_round_engine/commit_task_q_reg[1][ntok][1]_i_3/I4
                         LUTCY2 (Prop_LUTCY2_I4_O)    0.050     2.110 r  i_scheduler_core/i_round_engine/commit_task_q_reg[1][ntok][1]_i_3/LUTCY2_INST/O
                         net (fo=1, unplaced)         0.000     2.110    i_scheduler_core/i_round_engine/commit_task_q_reg[1][ntok][1]_i_3_n_2
                         LOOKAHEAD8 (Prop_LOOKAHEAD8_CYB_COUTD)
                                                      0.113     2.223 r  i_scheduler_core/i_round_engine/commit_task_q_reg[1][ntok][8]_i_7/COUTD
                         net (fo=2, unplaced)         0.014     2.237    i_scheduler_core/i_round_engine/commit_task_q_reg[1][ntok][4]_i_2/I4
                         LUTCY2 (Prop_LUTCY2_I4_O)    0.048     2.285 r  i_scheduler_core/i_round_engine/commit_task_q_reg[1][ntok][4]_i_2/LUTCY2_INST/O
                         net (fo=3, unplaced)         0.022     2.307    i_scheduler_core/i_round_engine/commit_task_q_reg[1][ntok][5]_i_5/I4
                         LUTCY1 (Prop_LUTCY1_I4_O)    0.056     2.363 r  i_scheduler_core/i_round_engine/commit_task_q_reg[1][ntok][5]_i_5/LUTCY1_INST/O
                         net (fo=1, unplaced)         0.206     2.569    i_scheduler_core/i_round_engine/i_pair_compare/commit_task_q_reg[1][ntok][5]
                         LUT5 (Prop_LUT5_I0_O)        0.074     2.643 r  i_scheduler_core/i_round_engine/i_pair_compare/commit_task_q[1][ntok][5]_i_2/O
                         net (fo=2, unplaced)         0.145     2.788    i_scheduler_core/i_round_engine/i_pair_compare/profile_addr_q_reg[4]_1
                         LUT6 (Prop_LUT6_I5_O)        0.051     2.839 f  i_scheduler_core/i_round_engine/i_pair_compare/global_score_q[selected_max][5]_i_3/O
                         net (fo=7, unplaced)         0.153     2.992    i_scheduler_core/i_round_engine/i_transition_eval/c2_endpoint_q_reg[task_end][4]_bret__6_0
                         LUT5 (Prop_LUT5_I0_O)        0.074     3.066 f  i_scheduler_core/i_round_engine/i_transition_eval/c2_endpoint_q[task_end][4]_bret__6_i_3/O
                         net (fo=13, unplaced)        0.167     3.233    i_scheduler_core/i_round_engine/i_transition_eval/c2_endpoint_q[task_end][4]_bret__6_i_3_n_0
                         LUT6 (Prop_LUT6_I0_O)        0.074     3.307 r  i_scheduler_core/i_round_engine/i_transition_eval/c2_endpoint_q[task_end][9]_bret__4_i_5/O
                         net (fo=9, unplaced)         0.176     3.483    i_scheduler_core/i_round_engine/i_transition_eval/c2_endpoint_q[task_end][9]_bret__4_i_5_n_0
                         LUT2 (Prop_LUT2_I0_O)        0.082     3.565 r  i_scheduler_core/i_round_engine/i_transition_eval/c2_endpoint_q[task_end][1]_bret__4_i_34/O
                         net (fo=4, unplaced)         0.222     3.787    i_scheduler_core/i_round_engine/i_transition_eval/c2_endpoint_q_reg[task_end][1]_bret__4_i_32/I2
                         LUTCY1 (Prop_LUTCY1_I2_PROP)
                                                      0.082     3.869 r  i_scheduler_core/i_round_engine/i_transition_eval/c2_endpoint_q_reg[task_end][1]_bret__4_i_32/LUTCY1_INST/PROP
                         net (fo=1, unplaced)         0.001     3.870    i_scheduler_core/i_round_engine/i_transition_eval/c2_endpoint_q_reg[task_end][1]_bret__4_i_32_n_3
                         LOOKAHEAD8 (Prop_LOOKAHEAD8_PROPH_COUTH)
                                                      0.129     3.999 f  i_scheduler_core/i_round_engine/i_transition_eval/c2_endpoint_q_reg[task_end][1]_bret__4_i_14/COUTH
                         net (fo=3, unplaced)         0.002     4.001    i_scheduler_core/i_round_engine/i_transition_eval/c2_endpoint_q_reg[task_end][1]_bret__4_i_14_n_3
                         LOOKAHEAD8 (Prop_LOOKAHEAD8_CIN_COUTB)
                                                      0.051     4.052 f  i_scheduler_core/i_round_engine/i_transition_eval/c2_endpoint_q_reg[task_end][1]_bret__4_i_10/COUTB
                         net (fo=10, unplaced)        0.253     4.305    i_scheduler_core/i_round_engine/i_target_s4pf/s2_duration2
                         LUT6 (Prop_LUT6_I5_O)        0.051     4.356 r  i_scheduler_core/i_round_engine/i_target_s4pf/c2_endpoint_q[task_end][9]_bret__4_i_4/O
                         net (fo=18, unplaced)        0.257     4.613    i_scheduler_core/i_round_engine/i_start_iter/c2_endpoint_q_reg[s2_end][1]_i_2/I2
                         LUTCY1 (Prop_LUTCY1_I2_PROP)
                                                      0.086     4.699 r  i_scheduler_core/i_round_engine/i_start_iter/c2_endpoint_q_reg[s2_end][1]_i_2/LUTCY1_INST/PROP
                         net (fo=1, unplaced)         0.002     4.701    i_scheduler_core/i_round_engine/i_start_iter/c2_endpoint_q_reg[s2_end][1]_i_2_n_3
                         LOOKAHEAD8 (Prop_LOOKAHEAD8_PROPB_COUTH)
                                                      0.177     4.878 r  i_scheduler_core/i_round_engine/i_start_iter/c2_endpoint_q_reg[s2_end][8]_i_4/COUTH
                         net (fo=3, unplaced)         0.198     5.076    i_scheduler_core/i_round_engine/i_start_iter/c2_endpoint_q_reg[s2_end][8]_i_2/I4
                         LUTCY2 (Prop_LUTCY2_I4_O)    0.051     5.127 r  i_scheduler_core/i_round_engine/i_start_iter/c2_endpoint_q_reg[s2_end][8]_i_2/LUTCY2_INST/O
                         net (fo=3, unplaced)         0.016     5.143    i_scheduler_core/i_round_engine/i_start_iter/c2_endpoint_q_reg[s2_end][9]_i_2/I4
                         LUTCY1 (Prop_LUTCY1_I4_O)    0.055     5.198 r  i_scheduler_core/i_round_engine/i_start_iter/c2_endpoint_q_reg[s2_end][9]_i_2/LUTCY1_INST/O
                         net (fo=6, unplaced)         0.228     5.426    i_scheduler_core/i_round_engine/i_transition_eval/built_timeline[s2_end][9]
                         LUT4 (Prop_LUT4_I1_O)        0.074     5.500 r  i_scheduler_core/i_round_engine/i_transition_eval/c2_endpoint_q[dma3_end][12]_i_10/O
                         net (fo=1, unplaced)         0.128     5.628    i_scheduler_core/i_round_engine/i_transition_eval/c2_endpoint_q[dma3_end][12]_i_10_n_0
                         LUT5 (Prop_LUT5_I0_O)        0.074     5.702 f  i_scheduler_core/i_round_engine/i_transition_eval/c2_endpoint_q[dma3_end][12]_i_9/O
                         net (fo=1, unplaced)         0.145     5.847    i_scheduler_core/i_round_engine/i_transition_eval/c2_endpoint_q[dma3_end][12]_i_9_n_0
                         LUT5 (Prop_LUT5_I4_O)        0.051     5.898 r  i_scheduler_core/i_round_engine/i_transition_eval/c2_endpoint_q[dma3_end][12]_i_7/O
                         net (fo=1, unplaced)         0.145     6.043    i_scheduler_core/i_round_engine/i_transition_eval/c2_endpoint_q[dma3_end][12]_i_7_n_0
                         LUT6 (Prop_LUT6_I5_O)        0.051     6.094 r  i_scheduler_core/i_round_engine/i_transition_eval/c2_endpoint_q[dma3_end][12]_i_3/O
                         net (fo=32, unplaced)        0.205     6.299    i_scheduler_core/i_round_engine/i_transition_eval/c2_endpoint_q[dma3_end][12]_i_3_n_0
                         LUT3 (Prop_LUT3_I1_O)        0.051     6.350 r  i_scheduler_core/i_round_engine/i_transition_eval/c2_endpoint_q[task_end][0]_bret__6_i_2/O
                         net (fo=2, unplaced)         0.210     6.560    i_scheduler_core/i_round_engine/i_transition_eval/c2_endpoint_q_reg[task_end][0]_bret__6_i_1/I2
                         LUTCY2 (Prop_LUTCY2_I2_GE)
                                                      0.088     6.648 r  i_scheduler_core/i_round_engine/i_transition_eval/c2_endpoint_q_reg[task_end][0]_bret__6_i_1/LUTCY2_INST/GE
                         net (fo=1, unplaced)         0.036     6.684    i_scheduler_core/i_round_engine/i_transition_eval/c2_endpoint_q_reg[task_end][0]_bret__6_i_1_n_0
                         LOOKAHEAD8 (Prop_LOOKAHEAD8_GEA_COUTH)
                                                      0.242     6.926 r  i_scheduler_core/i_round_engine/i_transition_eval/c2_endpoint_q_reg[task_end][8]_bret__6_i_2/COUTH
                         net (fo=3, unplaced)         0.002     6.928    i_scheduler_core/i_round_engine/i_transition_eval/c2_endpoint_q_reg[task_end][8]_bret__6_i_2_n_3
                         LOOKAHEAD8 (Prop_LOOKAHEAD8_CIN_COUTD)
                                                      0.042     6.970 r  i_scheduler_core/i_round_engine/i_transition_eval/c2_endpoint_q_reg[task_end][12]_bret__6_i_2/COUTD
                         net (fo=2, unplaced)         0.014     6.984    i_scheduler_core/i_round_engine/i_transition_eval/c2_endpoint_q_reg[task_end][12]_bret__6_i_1/I4
                         LUTCY1 (Prop_LUTCY1_I4_O)    0.056     7.040 r  i_scheduler_core/i_round_engine/i_transition_eval/c2_endpoint_q_reg[task_end][12]_bret__6_i_1/LUTCY1_INST/O
                         net (fo=1, unplaced)         0.046     7.086    i_scheduler_core/i_round_engine/i_transition_eval/timeline_o[task_end]10_in[12]
                         FDCE                                         r  i_scheduler_core/i_round_engine/i_transition_eval/c2_endpoint_q_reg[task_end][12]_bret__6/D
  -------------------------------------------------------------------    -------------------

                         (clock scheduler_clk rise edge)
                                                     25.000    25.000 r  
                                                      0.000    25.000 r  clk_i (IN)
                         net (fo=1834, unset)         0.076    25.076    i_scheduler_core/i_round_engine/i_transition_eval/clk_i
                         FDCE                                         r  i_scheduler_core/i_round_engine/i_transition_eval/c2_endpoint_q_reg[task_end][12]_bret__6/C
                         clock pessimism              0.000    25.076    
                         clock uncertainty           -0.300    24.776    
                         FDCE (Setup_FDCE_C_D)        0.007    24.783    i_scheduler_core/i_round_engine/i_transition_eval/c2_endpoint_q_reg[task_end][12]_bret__6
  -------------------------------------------------------------------
                         required time                         24.783    
                         arrival time                          -7.086    
  -------------------------------------------------------------------
                         slack                                 17.697    

Slack (MET) :             17.755ns  (required time - arrival time)
  Source:                 i_scheduler_core/i_round_engine/FSM_onehot_st_q_reg[14]/C
                            (rising edge-triggered cell FDCE clocked by scheduler_clk  {rise@0.000ns fall@12.500ns period=25.000ns})
  Destination:            i_scheduler_core/i_round_engine/i_transition_eval/c2_endpoint_q_reg[task_end][7]_bret__6/D
                            (rising edge-triggered cell FDCE clocked by scheduler_clk  {rise@0.000ns fall@12.500ns period=25.000ns})
  Path Group:             scheduler_clk
  Path Type:              Setup (Max at Slow Process Corner)
  Requirement:            25.000ns  (scheduler_clk rise@25.000ns - scheduler_clk rise@0.000ns)
  Data Path Delay:        6.908ns  (logic 2.566ns (37.145%)  route 4.342ns (62.855%))
  Logic Levels:           33  (LOOKAHEAD8=5 LUT2=1 LUT3=2 LUT4=1 LUT5=5 LUT6=7 LUTCY1=5 LUTCY2=7)
  Clock Path Skew:        -0.044ns (DCD - SCD + CPR)
    Destination Clock Delay (DCD):    0.076ns = ( 25.076 - 25.000 ) 
    Source Clock Delay      (SCD):    0.120ns
    Clock Pessimism Removal (CPR):    0.000ns
  Clock Uncertainty:      0.300ns  (CJ)/2 + PE + PJ
    Clock Jitter             (CJ):    0.600ns
    Phase Error              (PE):    0.000ns
    Phase Jitter             (PJ):    0.000ns

    Location             Delay type                Incr(ns)  Path(ns)    Netlist Resource(s)
  -------------------------------------------------------------------    -------------------
                         (clock scheduler_clk rise edge)
                                                      0.000     0.000 r  
                                                      0.000     0.000 r  clk_i (IN)
                         net (fo=1834, unset)         0.120     0.120    i_scheduler_core/i_round_engine/clk_i
                         FDCE                                         r  i_scheduler_core/i_round_engine/FSM_onehot_st_q_reg[14]/C
  -------------------------------------------------------------------    -------------------
                         FDCE (Prop_FDCE_C_Q)         0.090     0.210 r  i_scheduler_core/i_round_engine/FSM_onehot_st_q_reg[14]/Q
                         net (fo=120, unplaced)       0.255     0.465    i_scheduler_core/i_round_engine/i_transition_eval/global_token_q_reg[profile_addr][0][13]
                         LUT3 (Prop_LUT3_I0_O)        0.096     0.561 r  i_scheduler_core/i_round_engine/i_transition_eval/g0_b0_i_8/O
                         net (fo=43, unplaced)        0.194     0.755    i_scheduler_core/i_round_engine/i_transition_eval/target_phase
                         LUT6 (Prop_LUT6_I3_O)        0.074     0.829 f  i_scheduler_core/i_round_engine/i_transition_eval/g0_b0_i_3/O
                         net (fo=74, unplaced)        0.207     1.036    i_scheduler_core/i_round_engine/i_transition_eval/decode_address[2]
                         LUT5 (Prop_LUT5_I1_O)        0.074     1.110 r  i_scheduler_core/i_round_engine/i_transition_eval/commit_task_q[1][tok_start][7]_i_4/O
                         net (fo=48, unplaced)        0.279     1.389    i_scheduler_core/i_round_engine/i_start_iter/decoded_profile[selector_a][1]
                         LUT6 (Prop_LUT6_I2_O)        0.088     1.477 r  i_scheduler_core/i_round_engine/i_start_iter/s2_offset_q[2]_i_6/O
                         net (fo=4, unplaced)         0.140     1.617    i_scheduler_core/i_round_engine/i_start_iter/hot_q_reg[3][ntok][0]
                         LUT6 (Prop_LUT6_I0_O)        0.074     1.691 f  i_scheduler_core/i_round_engine/i_start_iter/s2_offset_q[1]_i_2/O
                         net (fo=26, unplaced)        0.265     1.956    i_scheduler_core/i_round_engine/commit_task_q_reg[1][ntok][0]_i_2/I2
                         LUTCY2 (Prop_LUTCY2_I2_O)    0.088     2.044 r  i_scheduler_core/i_round_engine/commit_task_q_reg[1][ntok][0]_i_2/LUTCY2_INST/O
                         net (fo=3, unplaced)         0.016     2.060    i_scheduler_core/i_round_engine/commit_task_q_reg[1][ntok][1]_i_3/I4
                         LUTCY2 (Prop_LUTCY2_I4_O)    0.050     2.110 r  i_scheduler_core/i_round_engine/commit_task_q_reg[1][ntok][1]_i_3/LUTCY2_INST/O
                         net (fo=1, unplaced)         0.000     2.110    i_scheduler_core/i_round_engine/commit_task_q_reg[1][ntok][1]_i_3_n_2
                         LOOKAHEAD8 (Prop_LOOKAHEAD8_CYB_COUTD)
                                                      0.113     2.223 r  i_scheduler_core/i_round_engine/commit_task_q_reg[1][ntok][8]_i_7/COUTD
                         net (fo=2, unplaced)         0.014     2.237    i_scheduler_core/i_round_engine/commit_task_q_reg[1][ntok][4]_i_2/I4
                         LUTCY2 (Prop_LUTCY2_I4_O)    0.048     2.285 r  i_scheduler_core/i_round_engine/commit_task_q_reg[1][ntok][4]_i_2/LUTCY2_INST/O
                         net (fo=3, unplaced)         0.022     2.307    i_scheduler_core/i_round_engine/commit_task_q_reg[1][ntok][5]_i_5/I4
                         LUTCY1 (Prop_LUTCY1_I4_O)    0.056     2.363 r  i_scheduler_core/i_round_engine/commit_task_q_reg[1][ntok][5]_i_5/LUTCY1_INST/O
                         net (fo=1, unplaced)         0.206     2.569    i_scheduler_core/i_round_engine/i_pair_compare/commit_task_q_reg[1][ntok][5]
                         LUT5 (Prop_LUT5_I0_O)        0.074     2.643 r  i_scheduler_core/i_round_engine/i_pair_compare/commit_task_q[1][ntok][5]_i_2/O
                         net (fo=2, unplaced)         0.145     2.788    i_scheduler_core/i_round_engine/i_pair_compare/profile_addr_q_reg[4]_1
                         LUT6 (Prop_LUT6_I5_O)        0.051     2.839 f  i_scheduler_core/i_round_engine/i_pair_compare/global_score_q[selected_max][5]_i_3/O
                         net (fo=7, unplaced)         0.153     2.992    i_scheduler_core/i_round_engine/i_transition_eval/c2_endpoint_q_reg[task_end][4]_bret__6_0
                         LUT5 (Prop_LUT5_I0_O)        0.074     3.066 f  i_scheduler_core/i_round_engine/i_transition_eval/c2_endpoint_q[task_end][4]_bret__6_i_3/O
                         net (fo=13, unplaced)        0.167     3.233    i_scheduler_core/i_round_engine/i_transition_eval/c2_endpoint_q[task_end][4]_bret__6_i_3_n_0
                         LUT6 (Prop_LUT6_I0_O)        0.074     3.307 r  i_scheduler_core/i_round_engine/i_transition_eval/c2_endpoint_q[task_end][9]_bret__4_i_5/O
                         net (fo=9, unplaced)         0.176     3.483    i_scheduler_core/i_round_engine/i_transition_eval/c2_endpoint_q[task_end][9]_bret__4_i_5_n_0
                         LUT2 (Prop_LUT2_I0_O)        0.082     3.565 r  i_scheduler_core/i_round_engine/i_transition_eval/c2_endpoint_q[task_end][1]_bret__4_i_34/O
                         net (fo=4, unplaced)         0.222     3.787    i_scheduler_core/i_round_engine/i_transition_eval/c2_endpoint_q_reg[task_end][1]_bret__4_i_32/I2
                         LUTCY1 (Prop_LUTCY1_I2_PROP)
                                                      0.082     3.869 r  i_scheduler_core/i_round_engine/i_transition_eval/c2_endpoint_q_reg[task_end][1]_bret__4_i_32/LUTCY1_INST/PROP
                         net (fo=1, unplaced)         0.001     3.870    i_scheduler_core/i_round_engine/i_transition_eval/c2_endpoint_q_reg[task_end][1]_bret__4_i_32_n_3
                         LOOKAHEAD8 (Prop_LOOKAHEAD8_PROPH_COUTH)
                                                      0.129     3.999 f  i_scheduler_core/i_round_engine/i_transition_eval/c2_endpoint_q_reg[task_end][1]_bret__4_i_14/COUTH
                         net (fo=3, unplaced)         0.002     4.001    i_scheduler_core/i_round_engine/i_transition_eval/c2_endpoint_q_reg[task_end][1]_bret__4_i_14_n_3
                         LOOKAHEAD8 (Prop_LOOKAHEAD8_CIN_COUTB)
                                                      0.051     4.052 f  i_scheduler_core/i_round_engine/i_transition_eval/c2_endpoint_q_reg[task_end][1]_bret__4_i_10/COUTB
                         net (fo=10, unplaced)        0.253     4.305    i_scheduler_core/i_round_engine/i_target_s4pf/s2_duration2
                         LUT6 (Prop_LUT6_I5_O)        0.051     4.356 r  i_scheduler_core/i_round_engine/i_target_s4pf/c2_endpoint_q[task_end][9]_bret__4_i_4/O
                         net (fo=18, unplaced)        0.257     4.613    i_scheduler_core/i_round_engine/i_start_iter/c2_endpoint_q_reg[s2_end][1]_i_2/I2
                         LUTCY1 (Prop_LUTCY1_I2_PROP)
                                                      0.086     4.699 r  i_scheduler_core/i_round_engine/i_start_iter/c2_endpoint_q_reg[s2_end][1]_i_2/LUTCY1_INST/PROP
                         net (fo=1, unplaced)         0.002     4.701    i_scheduler_core/i_round_engine/i_start_iter/c2_endpoint_q_reg[s2_end][1]_i_2_n_3
                         LOOKAHEAD8 (Prop_LOOKAHEAD8_PROPB_COUTH)
                                                      0.177     4.878 r  i_scheduler_core/i_round_engine/i_start_iter/c2_endpoint_q_reg[s2_end][8]_i_4/COUTH
                         net (fo=3, unplaced)         0.198     5.076    i_scheduler_core/i_round_engine/i_start_iter/c2_endpoint_q_reg[s2_end][8]_i_2/I4
                         LUTCY2 (Prop_LUTCY2_I4_O)    0.051     5.127 r  i_scheduler_core/i_round_engine/i_start_iter/c2_endpoint_q_reg[s2_end][8]_i_2/LUTCY2_INST/O
                         net (fo=3, unplaced)         0.016     5.143    i_scheduler_core/i_round_engine/i_start_iter/c2_endpoint_q_reg[s2_end][9]_i_2/I4
                         LUTCY1 (Prop_LUTCY1_I4_O)    0.055     5.198 r  i_scheduler_core/i_round_engine/i_start_iter/c2_endpoint_q_reg[s2_end][9]_i_2/LUTCY1_INST/O
                         net (fo=6, unplaced)         0.228     5.426    i_scheduler_core/i_round_engine/i_transition_eval/built_timeline[s2_end][9]
                         LUT4 (Prop_LUT4_I1_O)        0.074     5.500 r  i_scheduler_core/i_round_engine/i_transition_eval/c2_endpoint_q[dma3_end][12]_i_10/O
                         net (fo=1, unplaced)         0.128     5.628    i_scheduler_core/i_round_engine/i_transition_eval/c2_endpoint_q[dma3_end][12]_i_10_n_0
                         LUT5 (Prop_LUT5_I0_O)        0.074     5.702 f  i_scheduler_core/i_round_engine/i_transition_eval/c2_endpoint_q[dma3_end][12]_i_9/O
                         net (fo=1, unplaced)         0.145     5.847    i_scheduler_core/i_round_engine/i_transition_eval/c2_endpoint_q[dma3_end][12]_i_9_n_0
                         LUT5 (Prop_LUT5_I4_O)        0.051     5.898 r  i_scheduler_core/i_round_engine/i_transition_eval/c2_endpoint_q[dma3_end][12]_i_7/O
                         net (fo=1, unplaced)         0.145     6.043    i_scheduler_core/i_round_engine/i_transition_eval/c2_endpoint_q[dma3_end][12]_i_7_n_0
                         LUT6 (Prop_LUT6_I5_O)        0.051     6.094 r  i_scheduler_core/i_round_engine/i_transition_eval/c2_endpoint_q[dma3_end][12]_i_3/O
                         net (fo=32, unplaced)        0.205     6.299    i_scheduler_core/i_round_engine/i_transition_eval/c2_endpoint_q[dma3_end][12]_i_3_n_0
                         LUT3 (Prop_LUT3_I1_O)        0.051     6.350 r  i_scheduler_core/i_round_engine/i_transition_eval/c2_endpoint_q[task_end][0]_bret__6_i_2/O
                         net (fo=2, unplaced)         0.210     6.560    i_scheduler_core/i_round_engine/i_transition_eval/c2_endpoint_q_reg[task_end][0]_bret__6_i_1/I2
                         LUTCY2 (Prop_LUTCY2_I2_O)    0.088     6.648 r  i_scheduler_core/i_round_engine/i_transition_eval/c2_endpoint_q_reg[task_end][0]_bret__6_i_1/LUTCY2_INST/O
                         net (fo=3, unplaced)         0.016     6.664    i_scheduler_core/i_round_engine/i_transition_eval/c2_endpoint_q_reg[task_end][1]_bret__6_i_1/I4
                         LUTCY2 (Prop_LUTCY2_I4_O)    0.050     6.714 r  i_scheduler_core/i_round_engine/i_transition_eval/c2_endpoint_q_reg[task_end][1]_bret__6_i_1/LUTCY2_INST/O
                         net (fo=1, unplaced)         0.000     6.714    i_scheduler_core/i_round_engine/i_transition_eval/c2_endpoint_q_reg[task_end][1]_bret__6_i_1_n_2
                         LOOKAHEAD8 (Prop_LOOKAHEAD8_CYB_COUTF)
                                                      0.136     6.850 r  i_scheduler_core/i_round_engine/i_transition_eval/c2_endpoint_q_reg[task_end][8]_bret__6_i_2/COUTF
                         net (fo=2, unplaced)         0.013     6.863    i_scheduler_core/i_round_engine/i_transition_eval/c2_endpoint_q_reg[task_end][6]_bret__6_i_1/I4
                         LUTCY2 (Prop_LUTCY2_I4_O)    0.048     6.911 r  i_scheduler_core/i_round_engine/i_transition_eval/c2_endpoint_q_reg[task_end][6]_bret__6_i_1/LUTCY2_INST/O
                         net (fo=3, unplaced)         0.017     6.928    i_scheduler_core/i_round_engine/i_transition_eval/c2_endpoint_q_reg[task_end][7]_bret__6_i_1/I4
                         LUTCY1 (Prop_LUTCY1_I4_O)    0.055     6.983 r  i_scheduler_core/i_round_engine/i_transition_eval/c2_endpoint_q_reg[task_end][7]_bret__6_i_1/LUTCY1_INST/O
                         net (fo=1, unplaced)         0.045     7.028    i_scheduler_core/i_round_engine/i_transition_eval/timeline_o[task_end]10_in[7]
                         FDCE                                         r  i_scheduler_core/i_round_engine/i_transition_eval/c2_endpoint_q_reg[task_end][7]_bret__6/D
  -------------------------------------------------------------------    -------------------

                         (clock scheduler_clk rise edge)
                                                     25.000    25.000 r  
                                                      0.000    25.000 r  clk_i (IN)
                         net (fo=1834, unset)         0.076    25.076    i_scheduler_core/i_round_engine/i_transition_eval/clk_i
                         FDCE                                         r  i_scheduler_core/i_round_engine/i_transition_eval/c2_endpoint_q_reg[task_end][7]_bret__6/C
                         clock pessimism              0.000    25.076    
                         clock uncertainty           -0.300    24.776    
                         FDCE (Setup_FDCE_C_D)        0.007    24.783    i_scheduler_core/i_round_engine/i_transition_eval/c2_endpoint_q_reg[task_end][7]_bret__6
  -------------------------------------------------------------------
                         required time                         24.783    
                         arrival time                          -7.028    
  -------------------------------------------------------------------
                         slack                                 17.755    

Slack (MET) :             17.770ns  (required time - arrival time)
  Source:                 i_scheduler_core/i_round_engine/FSM_onehot_st_q_reg[14]/C
                            (rising edge-triggered cell FDCE clocked by scheduler_clk  {rise@0.000ns fall@12.500ns period=25.000ns})
  Destination:            i_scheduler_core/i_round_engine/i_transition_eval/c2_endpoint_q_reg[task_end][5]_bret__6/D
                            (rising edge-triggered cell FDCE clocked by scheduler_clk  {rise@0.000ns fall@12.500ns period=25.000ns})
  Path Group:             scheduler_clk
  Path Type:              Setup (Max at Slow Process Corner)
  Requirement:            25.000ns  (scheduler_clk rise@25.000ns - scheduler_clk rise@0.000ns)
  Data Path Delay:        6.893ns  (logic 2.544ns (36.907%)  route 4.349ns (63.093%))
  Logic Levels:           33  (LOOKAHEAD8=5 LUT2=1 LUT3=2 LUT4=1 LUT5=5 LUT6=7 LUTCY1=5 LUTCY2=7)
  Clock Path Skew:        -0.044ns (DCD - SCD + CPR)
    Destination Clock Delay (DCD):    0.076ns = ( 25.076 - 25.000 ) 
    Source Clock Delay      (SCD):    0.120ns
    Clock Pessimism Removal (CPR):    0.000ns
  Clock Uncertainty:      0.300ns  (CJ)/2 + PE + PJ
    Clock Jitter             (CJ):    0.600ns
    Phase Error              (PE):    0.000ns
    Phase Jitter             (PJ):    0.000ns

    Location             Delay type                Incr(ns)  Path(ns)    Netlist Resource(s)
  -------------------------------------------------------------------    -------------------
                         (clock scheduler_clk rise edge)
                                                      0.000     0.000 r  
                                                      0.000     0.000 r  clk_i (IN)
                         net (fo=1834, unset)         0.120     0.120    i_scheduler_core/i_round_engine/clk_i
                         FDCE                                         r  i_scheduler_core/i_round_engine/FSM_onehot_st_q_reg[14]/C
  -------------------------------------------------------------------    -------------------
                         FDCE (Prop_FDCE_C_Q)         0.090     0.210 r  i_scheduler_core/i_round_engine/FSM_onehot_st_q_reg[14]/Q
                         net (fo=120, unplaced)       0.255     0.465    i_scheduler_core/i_round_engine/i_transition_eval/global_token_q_reg[profile_addr][0][13]
                         LUT3 (Prop_LUT3_I0_O)        0.096     0.561 r  i_scheduler_core/i_round_engine/i_transition_eval/g0_b0_i_8/O
                         net (fo=43, unplaced)        0.194     0.755    i_scheduler_core/i_round_engine/i_transition_eval/target_phase
                         LUT6 (Prop_LUT6_I3_O)        0.074     0.829 f  i_scheduler_core/i_round_engine/i_transition_eval/g0_b0_i_3/O
                         net (fo=74, unplaced)        0.207     1.036    i_scheduler_core/i_round_engine/i_transition_eval/decode_address[2]
                         LUT5 (Prop_LUT5_I1_O)        0.074     1.110 r  i_scheduler_core/i_round_engine/i_transition_eval/commit_task_q[1][tok_start][7]_i_4/O
                         net (fo=48, unplaced)        0.279     1.389    i_scheduler_core/i_round_engine/i_start_iter/decoded_profile[selector_a][1]
                         LUT6 (Prop_LUT6_I2_O)        0.088     1.477 r  i_scheduler_core/i_round_engine/i_start_iter/s2_offset_q[2]_i_6/O
                         net (fo=4, unplaced)         0.140     1.617    i_scheduler_core/i_round_engine/i_start_iter/hot_q_reg[3][ntok][0]
                         LUT6 (Prop_LUT6_I0_O)        0.074     1.691 f  i_scheduler_core/i_round_engine/i_start_iter/s2_offset_q[1]_i_2/O
                         net (fo=26, unplaced)        0.265     1.956    i_scheduler_core/i_round_engine/commit_task_q_reg[1][ntok][0]_i_2/I2
                         LUTCY2 (Prop_LUTCY2_I2_O)    0.088     2.044 r  i_scheduler_core/i_round_engine/commit_task_q_reg[1][ntok][0]_i_2/LUTCY2_INST/O
                         net (fo=3, unplaced)         0.016     2.060    i_scheduler_core/i_round_engine/commit_task_q_reg[1][ntok][1]_i_3/I4
                         LUTCY2 (Prop_LUTCY2_I4_O)    0.050     2.110 r  i_scheduler_core/i_round_engine/commit_task_q_reg[1][ntok][1]_i_3/LUTCY2_INST/O
                         net (fo=1, unplaced)         0.000     2.110    i_scheduler_core/i_round_engine/commit_task_q_reg[1][ntok][1]_i_3_n_2
                         LOOKAHEAD8 (Prop_LOOKAHEAD8_CYB_COUTD)
                                                      0.113     2.223 r  i_scheduler_core/i_round_engine/commit_task_q_reg[1][ntok][8]_i_7/COUTD
                         net (fo=2, unplaced)         0.014     2.237    i_scheduler_core/i_round_engine/commit_task_q_reg[1][ntok][4]_i_2/I4
                         LUTCY2 (Prop_LUTCY2_I4_O)    0.048     2.285 r  i_scheduler_core/i_round_engine/commit_task_q_reg[1][ntok][4]_i_2/LUTCY2_INST/O
                         net (fo=3, unplaced)         0.022     2.307    i_scheduler_core/i_round_engine/commit_task_q_reg[1][ntok][5]_i_5/I4
                         LUTCY1 (Prop_LUTCY1_I4_O)    0.056     2.363 r  i_scheduler_core/i_round_engine/commit_task_q_reg[1][ntok][5]_i_5/LUTCY1_INST/O
                         net (fo=1, unplaced)         0.206     2.569    i_scheduler_core/i_round_engine/i_pair_compare/commit_task_q_reg[1][ntok][5]
                         LUT5 (Prop_LUT5_I0_O)        0.074     2.643 r  i_scheduler_core/i_round_engine/i_pair_compare/commit_task_q[1][ntok][5]_i_2/O
                         net (fo=2, unplaced)         0.145     2.788    i_scheduler_core/i_round_engine/i_pair_compare/profile_addr_q_reg[4]_1
                         LUT6 (Prop_LUT6_I5_O)        0.051     2.839 f  i_scheduler_core/i_round_engine/i_pair_compare/global_score_q[selected_max][5]_i_3/O
                         net (fo=7, unplaced)         0.153     2.992    i_scheduler_core/i_round_engine/i_transition_eval/c2_endpoint_q_reg[task_end][4]_bret__6_0
                         LUT5 (Prop_LUT5_I0_O)        0.074     3.066 f  i_scheduler_core/i_round_engine/i_transition_eval/c2_endpoint_q[task_end][4]_bret__6_i_3/O
                         net (fo=13, unplaced)        0.167     3.233    i_scheduler_core/i_round_engine/i_transition_eval/c2_endpoint_q[task_end][4]_bret__6_i_3_n_0
                         LUT6 (Prop_LUT6_I0_O)        0.074     3.307 r  i_scheduler_core/i_round_engine/i_transition_eval/c2_endpoint_q[task_end][9]_bret__4_i_5/O
                         net (fo=9, unplaced)         0.176     3.483    i_scheduler_core/i_round_engine/i_transition_eval/c2_endpoint_q[task_end][9]_bret__4_i_5_n_0
                         LUT2 (Prop_LUT2_I0_O)        0.082     3.565 r  i_scheduler_core/i_round_engine/i_transition_eval/c2_endpoint_q[task_end][1]_bret__4_i_34/O
                         net (fo=4, unplaced)         0.222     3.787    i_scheduler_core/i_round_engine/i_transition_eval/c2_endpoint_q_reg[task_end][1]_bret__4_i_32/I2
                         LUTCY1 (Prop_LUTCY1_I2_PROP)
                                                      0.082     3.869 r  i_scheduler_core/i_round_engine/i_transition_eval/c2_endpoint_q_reg[task_end][1]_bret__4_i_32/LUTCY1_INST/PROP
                         net (fo=1, unplaced)         0.001     3.870    i_scheduler_core/i_round_engine/i_transition_eval/c2_endpoint_q_reg[task_end][1]_bret__4_i_32_n_3
                         LOOKAHEAD8 (Prop_LOOKAHEAD8_PROPH_COUTH)
                                                      0.129     3.999 f  i_scheduler_core/i_round_engine/i_transition_eval/c2_endpoint_q_reg[task_end][1]_bret__4_i_14/COUTH
                         net (fo=3, unplaced)         0.002     4.001    i_scheduler_core/i_round_engine/i_transition_eval/c2_endpoint_q_reg[task_end][1]_bret__4_i_14_n_3
                         LOOKAHEAD8 (Prop_LOOKAHEAD8_CIN_COUTB)
                                                      0.051     4.052 f  i_scheduler_core/i_round_engine/i_transition_eval/c2_endpoint_q_reg[task_end][1]_bret__4_i_10/COUTB
                         net (fo=10, unplaced)        0.253     4.305    i_scheduler_core/i_round_engine/i_target_s4pf/s2_duration2
                         LUT6 (Prop_LUT6_I5_O)        0.051     4.356 r  i_scheduler_core/i_round_engine/i_target_s4pf/c2_endpoint_q[task_end][9]_bret__4_i_4/O
                         net (fo=18, unplaced)        0.257     4.613    i_scheduler_core/i_round_engine/i_start_iter/c2_endpoint_q_reg[s2_end][1]_i_2/I2
                         LUTCY1 (Prop_LUTCY1_I2_PROP)
                                                      0.086     4.699 r  i_scheduler_core/i_round_engine/i_start_iter/c2_endpoint_q_reg[s2_end][1]_i_2/LUTCY1_INST/PROP
                         net (fo=1, unplaced)         0.002     4.701    i_scheduler_core/i_round_engine/i_start_iter/c2_endpoint_q_reg[s2_end][1]_i_2_n_3
                         LOOKAHEAD8 (Prop_LOOKAHEAD8_PROPB_COUTH)
                                                      0.177     4.878 r  i_scheduler_core/i_round_engine/i_start_iter/c2_endpoint_q_reg[s2_end][8]_i_4/COUTH
                         net (fo=3, unplaced)         0.198     5.076    i_scheduler_core/i_round_engine/i_start_iter/c2_endpoint_q_reg[s2_end][8]_i_2/I4
                         LUTCY2 (Prop_LUTCY2_I4_O)    0.051     5.127 r  i_scheduler_core/i_round_engine/i_start_iter/c2_endpoint_q_reg[s2_end][8]_i_2/LUTCY2_INST/O
                         net (fo=3, unplaced)         0.016     5.143    i_scheduler_core/i_round_engine/i_start_iter/c2_endpoint_q_reg[s2_end][9]_i_2/I4
                         LUTCY1 (Prop_LUTCY1_I4_O)    0.055     5.198 r  i_scheduler_core/i_round_engine/i_start_iter/c2_endpoint_q_reg[s2_end][9]_i_2/LUTCY1_INST/O
                         net (fo=6, unplaced)         0.228     5.426    i_scheduler_core/i_round_engine/i_transition_eval/built_timeline[s2_end][9]
                         LUT4 (Prop_LUT4_I1_O)        0.074     5.500 r  i_scheduler_core/i_round_engine/i_transition_eval/c2_endpoint_q[dma3_end][12]_i_10/O
                         net (fo=1, unplaced)         0.128     5.628    i_scheduler_core/i_round_engine/i_transition_eval/c2_endpoint_q[dma3_end][12]_i_10_n_0
                         LUT5 (Prop_LUT5_I0_O)        0.074     5.702 f  i_scheduler_core/i_round_engine/i_transition_eval/c2_endpoint_q[dma3_end][12]_i_9/O
                         net (fo=1, unplaced)         0.145     5.847    i_scheduler_core/i_round_engine/i_transition_eval/c2_endpoint_q[dma3_end][12]_i_9_n_0
                         LUT5 (Prop_LUT5_I4_O)        0.051     5.898 r  i_scheduler_core/i_round_engine/i_transition_eval/c2_endpoint_q[dma3_end][12]_i_7/O
                         net (fo=1, unplaced)         0.145     6.043    i_scheduler_core/i_round_engine/i_transition_eval/c2_endpoint_q[dma3_end][12]_i_7_n_0
                         LUT6 (Prop_LUT6_I5_O)        0.051     6.094 r  i_scheduler_core/i_round_engine/i_transition_eval/c2_endpoint_q[dma3_end][12]_i_3/O
                         net (fo=32, unplaced)        0.205     6.299    i_scheduler_core/i_round_engine/i_transition_eval/c2_endpoint_q[dma3_end][12]_i_3_n_0
                         LUT3 (Prop_LUT3_I1_O)        0.051     6.350 r  i_scheduler_core/i_round_engine/i_transition_eval/c2_endpoint_q[task_end][0]_bret__6_i_2/O
                         net (fo=2, unplaced)         0.210     6.560    i_scheduler_core/i_round_engine/i_transition_eval/c2_endpoint_q_reg[task_end][0]_bret__6_i_1/I2
                         LUTCY2 (Prop_LUTCY2_I2_O)    0.088     6.648 r  i_scheduler_core/i_round_engine/i_transition_eval/c2_endpoint_q_reg[task_end][0]_bret__6_i_1/LUTCY2_INST/O
                         net (fo=3, unplaced)         0.016     6.664    i_scheduler_core/i_round_engine/i_transition_eval/c2_endpoint_q_reg[task_end][1]_bret__6_i_1/I4
                         LUTCY2 (Prop_LUTCY2_I4_O)    0.050     6.714 r  i_scheduler_core/i_round_engine/i_transition_eval/c2_endpoint_q_reg[task_end][1]_bret__6_i_1/LUTCY2_INST/O
                         net (fo=1, unplaced)         0.000     6.714    i_scheduler_core/i_round_engine/i_transition_eval/c2_endpoint_q_reg[task_end][1]_bret__6_i_1_n_2
                         LOOKAHEAD8 (Prop_LOOKAHEAD8_CYB_COUTD)
                                                      0.113     6.827 r  i_scheduler_core/i_round_engine/i_transition_eval/c2_endpoint_q_reg[task_end][8]_bret__6_i_2/COUTD
                         net (fo=2, unplaced)         0.014     6.841    i_scheduler_core/i_round_engine/i_transition_eval/c2_endpoint_q_reg[task_end][4]_bret__6_i_1/I4
                         LUTCY2 (Prop_LUTCY2_I4_O)    0.048     6.889 r  i_scheduler_core/i_round_engine/i_transition_eval/c2_endpoint_q_reg[task_end][4]_bret__6_i_1/LUTCY2_INST/O
                         net (fo=3, unplaced)         0.022     6.911    i_scheduler_core/i_round_engine/i_transition_eval/c2_endpoint_q_reg[task_end][5]_bret__6_i_1/I4
                         LUTCY1 (Prop_LUTCY1_I4_O)    0.056     6.967 r  i_scheduler_core/i_round_engine/i_transition_eval/c2_endpoint_q_reg[task_end][5]_bret__6_i_1/LUTCY1_INST/O
                         net (fo=1, unplaced)         0.046     7.013    i_scheduler_core/i_round_engine/i_transition_eval/timeline_o[task_end]10_in[5]
                         FDCE                                         r  i_scheduler_core/i_round_engine/i_transition_eval/c2_endpoint_q_reg[task_end][5]_bret__6/D
  -------------------------------------------------------------------    -------------------

                         (clock scheduler_clk rise edge)
                                                     25.000    25.000 r  
                                                      0.000    25.000 r  clk_i (IN)
                         net (fo=1834, unset)         0.076    25.076    i_scheduler_core/i_round_engine/i_transition_eval/clk_i
                         FDCE                                         r  i_scheduler_core/i_round_engine/i_transition_eval/c2_endpoint_q_reg[task_end][5]_bret__6/C
                         clock pessimism              0.000    25.076    
                         clock uncertainty           -0.300    24.776    
                         FDCE (Setup_FDCE_C_D)        0.007    24.783    i_scheduler_core/i_round_engine/i_transition_eval/c2_endpoint_q_reg[task_end][5]_bret__6
  -------------------------------------------------------------------
                         required time                         24.783    
                         arrival time                          -7.013    
  -------------------------------------------------------------------
                         slack                                 17.770    

Slack (MET) :             17.816ns  (required time - arrival time)
  Source:                 i_scheduler_core/i_round_engine/FSM_onehot_st_q_reg[14]/C
                            (rising edge-triggered cell FDCE clocked by scheduler_clk  {rise@0.000ns fall@12.500ns period=25.000ns})
  Destination:            i_scheduler_core/i_round_engine/i_transition_eval/c2_endpoint_q_reg[task_end][6]_bret__6/D
                            (rising edge-triggered cell FDCE clocked by scheduler_clk  {rise@0.000ns fall@12.500ns period=25.000ns})
  Path Group:             scheduler_clk
  Path Type:              Setup (Max at Slow Process Corner)
  Requirement:            25.000ns  (scheduler_clk rise@25.000ns - scheduler_clk rise@0.000ns)
  Data Path Delay:        6.847ns  (logic 2.520ns (36.804%)  route 4.327ns (63.196%))
  Logic Levels:           32  (LOOKAHEAD8=5 LUT2=1 LUT3=2 LUT4=1 LUT5=5 LUT6=7 LUTCY1=5 LUTCY2=6)
  Clock Path Skew:        -0.044ns (DCD - SCD + CPR)
    Destination Clock Delay (DCD):    0.076ns = ( 25.076 - 25.000 ) 
    Source Clock Delay      (SCD):    0.120ns
    Clock Pessimism Removal (CPR):    0.000ns
  Clock Uncertainty:      0.300ns  (CJ)/2 + PE + PJ
    Clock Jitter             (CJ):    0.600ns
    Phase Error              (PE):    0.000ns
    Phase Jitter             (PJ):    0.000ns

    Location             Delay type                Incr(ns)  Path(ns)    Netlist Resource(s)
  -------------------------------------------------------------------    -------------------
                         (clock scheduler_clk rise edge)
                                                      0.000     0.000 r  
                                                      0.000     0.000 r  clk_i (IN)
                         net (fo=1834, unset)         0.120     0.120    i_scheduler_core/i_round_engine/clk_i
                         FDCE                                         r  i_scheduler_core/i_round_engine/FSM_onehot_st_q_reg[14]/C
  -------------------------------------------------------------------    -------------------
                         FDCE (Prop_FDCE_C_Q)         0.090     0.210 r  i_scheduler_core/i_round_engine/FSM_onehot_st_q_reg[14]/Q
                         net (fo=120, unplaced)       0.255     0.465    i_scheduler_core/i_round_engine/i_transition_eval/global_token_q_reg[profile_addr][0][13]
                         LUT3 (Prop_LUT3_I0_O)        0.096     0.561 r  i_scheduler_core/i_round_engine/i_transition_eval/g0_b0_i_8/O
                         net (fo=43, unplaced)        0.194     0.755    i_scheduler_core/i_round_engine/i_transition_eval/target_phase
                         LUT6 (Prop_LUT6_I3_O)        0.074     0.829 f  i_scheduler_core/i_round_engine/i_transition_eval/g0_b0_i_3/O
                         net (fo=74, unplaced)        0.207     1.036    i_scheduler_core/i_round_engine/i_transition_eval/decode_address[2]
                         LUT5 (Prop_LUT5_I1_O)        0.074     1.110 r  i_scheduler_core/i_round_engine/i_transition_eval/commit_task_q[1][tok_start][7]_i_4/O
                         net (fo=48, unplaced)        0.279     1.389    i_scheduler_core/i_round_engine/i_start_iter/decoded_profile[selector_a][1]
                         LUT6 (Prop_LUT6_I2_O)        0.088     1.477 r  i_scheduler_core/i_round_engine/i_start_iter/s2_offset_q[2]_i_6/O
                         net (fo=4, unplaced)         0.140     1.617    i_scheduler_core/i_round_engine/i_start_iter/hot_q_reg[3][ntok][0]
                         LUT6 (Prop_LUT6_I0_O)        0.074     1.691 f  i_scheduler_core/i_round_engine/i_start_iter/s2_offset_q[1]_i_2/O
                         net (fo=26, unplaced)        0.265     1.956    i_scheduler_core/i_round_engine/commit_task_q_reg[1][ntok][0]_i_2/I2
                         LUTCY2 (Prop_LUTCY2_I2_O)    0.088     2.044 r  i_scheduler_core/i_round_engine/commit_task_q_reg[1][ntok][0]_i_2/LUTCY2_INST/O
                         net (fo=3, unplaced)         0.016     2.060    i_scheduler_core/i_round_engine/commit_task_q_reg[1][ntok][1]_i_3/I4
                         LUTCY2 (Prop_LUTCY2_I4_O)    0.050     2.110 r  i_scheduler_core/i_round_engine/commit_task_q_reg[1][ntok][1]_i_3/LUTCY2_INST/O
                         net (fo=1, unplaced)         0.000     2.110    i_scheduler_core/i_round_engine/commit_task_q_reg[1][ntok][1]_i_3_n_2
                         LOOKAHEAD8 (Prop_LOOKAHEAD8_CYB_COUTD)
                                                      0.113     2.223 r  i_scheduler_core/i_round_engine/commit_task_q_reg[1][ntok][8]_i_7/COUTD
                         net (fo=2, unplaced)         0.014     2.237    i_scheduler_core/i_round_engine/commit_task_q_reg[1][ntok][4]_i_2/I4
                         LUTCY2 (Prop_LUTCY2_I4_O)    0.048     2.285 r  i_scheduler_core/i_round_engine/commit_task_q_reg[1][ntok][4]_i_2/LUTCY2_INST/O
                         net (fo=3, unplaced)         0.022     2.307    i_scheduler_core/i_round_engine/commit_task_q_reg[1][ntok][5]_i_5/I4
                         LUTCY1 (Prop_LUTCY1_I4_O)    0.056     2.363 r  i_scheduler_core/i_round_engine/commit_task_q_reg[1][ntok][5]_i_5/LUTCY1_INST/O
                         net (fo=1, unplaced)         0.206     2.569    i_scheduler_core/i_round_engine/i_pair_compare/commit_task_q_reg[1][ntok][5]
                         LUT5 (Prop_LUT5_I0_O)        0.074     2.643 r  i_scheduler_core/i_round_engine/i_pair_compare/commit_task_q[1][ntok][5]_i_2/O
                         net (fo=2, unplaced)         0.145     2.788    i_scheduler_core/i_round_engine/i_pair_compare/profile_addr_q_reg[4]_1
                         LUT6 (Prop_LUT6_I5_O)        0.051     2.839 f  i_scheduler_core/i_round_engine/i_pair_compare/global_score_q[selected_max][5]_i_3/O
                         net (fo=7, unplaced)         0.153     2.992    i_scheduler_core/i_round_engine/i_transition_eval/c2_endpoint_q_reg[task_end][4]_bret__6_0
                         LUT5 (Prop_LUT5_I0_O)        0.074     3.066 f  i_scheduler_core/i_round_engine/i_transition_eval/c2_endpoint_q[task_end][4]_bret__6_i_3/O
                         net (fo=13, unplaced)        0.167     3.233    i_scheduler_core/i_round_engine/i_transition_eval/c2_endpoint_q[task_end][4]_bret__6_i_3_n_0
                         LUT6 (Prop_LUT6_I0_O)        0.074     3.307 r  i_scheduler_core/i_round_engine/i_transition_eval/c2_endpoint_q[task_end][9]_bret__4_i_5/O
                         net (fo=9, unplaced)         0.176     3.483    i_scheduler_core/i_round_engine/i_transition_eval/c2_endpoint_q[task_end][9]_bret__4_i_5_n_0
                         LUT2 (Prop_LUT2_I0_O)        0.082     3.565 r  i_scheduler_core/i_round_engine/i_transition_eval/c2_endpoint_q[task_end][1]_bret__4_i_34/O
                         net (fo=4, unplaced)         0.222     3.787    i_scheduler_core/i_round_engine/i_transition_eval/c2_endpoint_q_reg[task_end][1]_bret__4_i_32/I2
                         LUTCY1 (Prop_LUTCY1_I2_PROP)
                                                      0.082     3.869 r  i_scheduler_core/i_round_engine/i_transition_eval/c2_endpoint_q_reg[task_end][1]_bret__4_i_32/LUTCY1_INST/PROP
                         net (fo=1, unplaced)         0.001     3.870    i_scheduler_core/i_round_engine/i_transition_eval/c2_endpoint_q_reg[task_end][1]_bret__4_i_32_n_3
                         LOOKAHEAD8 (Prop_LOOKAHEAD8_PROPH_COUTH)
                                                      0.129     3.999 f  i_scheduler_core/i_round_engine/i_transition_eval/c2_endpoint_q_reg[task_end][1]_bret__4_i_14/COUTH
                         net (fo=3, unplaced)         0.002     4.001    i_scheduler_core/i_round_engine/i_transition_eval/c2_endpoint_q_reg[task_end][1]_bret__4_i_14_n_3
                         LOOKAHEAD8 (Prop_LOOKAHEAD8_CIN_COUTB)
                                                      0.051     4.052 f  i_scheduler_core/i_round_engine/i_transition_eval/c2_endpoint_q_reg[task_end][1]_bret__4_i_10/COUTB
                         net (fo=10, unplaced)        0.253     4.305    i_scheduler_core/i_round_engine/i_target_s4pf/s2_duration2
                         LUT6 (Prop_LUT6_I5_O)        0.051     4.356 r  i_scheduler_core/i_round_engine/i_target_s4pf/c2_endpoint_q[task_end][9]_bret__4_i_4/O
                         net (fo=18, unplaced)        0.257     4.613    i_scheduler_core/i_round_engine/i_start_iter/c2_endpoint_q_reg[s2_end][1]_i_2/I2
                         LUTCY1 (Prop_LUTCY1_I2_PROP)
                                                      0.086     4.699 r  i_scheduler_core/i_round_engine/i_start_iter/c2_endpoint_q_reg[s2_end][1]_i_2/LUTCY1_INST/PROP
                         net (fo=1, unplaced)         0.002     4.701    i_scheduler_core/i_round_engine/i_start_iter/c2_endpoint_q_reg[s2_end][1]_i_2_n_3
                         LOOKAHEAD8 (Prop_LOOKAHEAD8_PROPB_COUTH)
                                                      0.177     4.878 r  i_scheduler_core/i_round_engine/i_start_iter/c2_endpoint_q_reg[s2_end][8]_i_4/COUTH
                         net (fo=3, unplaced)         0.198     5.076    i_scheduler_core/i_round_engine/i_start_iter/c2_endpoint_q_reg[s2_end][8]_i_2/I4
                         LUTCY2 (Prop_LUTCY2_I4_O)    0.051     5.127 r  i_scheduler_core/i_round_engine/i_start_iter/c2_endpoint_q_reg[s2_end][8]_i_2/LUTCY2_INST/O
                         net (fo=3, unplaced)         0.016     5.143    i_scheduler_core/i_round_engine/i_start_iter/c2_endpoint_q_reg[s2_end][9]_i_2/I4
                         LUTCY1 (Prop_LUTCY1_I4_O)    0.055     5.198 r  i_scheduler_core/i_round_engine/i_start_iter/c2_endpoint_q_reg[s2_end][9]_i_2/LUTCY1_INST/O
                         net (fo=6, unplaced)         0.228     5.426    i_scheduler_core/i_round_engine/i_transition_eval/built_timeline[s2_end][9]
                         LUT4 (Prop_LUT4_I1_O)        0.074     5.500 r  i_scheduler_core/i_round_engine/i_transition_eval/c2_endpoint_q[dma3_end][12]_i_10/O
                         net (fo=1, unplaced)         0.128     5.628    i_scheduler_core/i_round_engine/i_transition_eval/c2_endpoint_q[dma3_end][12]_i_10_n_0
                         LUT5 (Prop_LUT5_I0_O)        0.074     5.702 f  i_scheduler_core/i_round_engine/i_transition_eval/c2_endpoint_q[dma3_end][12]_i_9/O
                         net (fo=1, unplaced)         0.145     5.847    i_scheduler_core/i_round_engine/i_transition_eval/c2_endpoint_q[dma3_end][12]_i_9_n_0
                         LUT5 (Prop_LUT5_I4_O)        0.051     5.898 r  i_scheduler_core/i_round_engine/i_transition_eval/c2_endpoint_q[dma3_end][12]_i_7/O
                         net (fo=1, unplaced)         0.145     6.043    i_scheduler_core/i_round_engine/i_transition_eval/c2_endpoint_q[dma3_end][12]_i_7_n_0
                         LUT6 (Prop_LUT6_I5_O)        0.051     6.094 r  i_scheduler_core/i_round_engine/i_transition_eval/c2_endpoint_q[dma3_end][12]_i_3/O
                         net (fo=32, unplaced)        0.205     6.299    i_scheduler_core/i_round_engine/i_transition_eval/c2_endpoint_q[dma3_end][12]_i_3_n_0
                         LUT3 (Prop_LUT3_I1_O)        0.051     6.350 r  i_scheduler_core/i_round_engine/i_transition_eval/c2_endpoint_q[task_end][0]_bret__6_i_2/O
                         net (fo=2, unplaced)         0.210     6.560    i_scheduler_core/i_round_engine/i_transition_eval/c2_endpoint_q_reg[task_end][0]_bret__6_i_1/I2
                         LUTCY2 (Prop_LUTCY2_I2_O)    0.088     6.648 r  i_scheduler_core/i_round_engine/i_transition_eval/c2_endpoint_q_reg[task_end][0]_bret__6_i_1/LUTCY2_INST/O
                         net (fo=3, unplaced)         0.016     6.664    i_scheduler_core/i_round_engine/i_transition_eval/c2_endpoint_q_reg[task_end][1]_bret__6_i_1/I4
                         LUTCY2 (Prop_LUTCY2_I4_O)    0.050     6.714 r  i_scheduler_core/i_round_engine/i_transition_eval/c2_endpoint_q_reg[task_end][1]_bret__6_i_1/LUTCY2_INST/O
                         net (fo=1, unplaced)         0.000     6.714    i_scheduler_core/i_round_engine/i_transition_eval/c2_endpoint_q_reg[task_end][1]_bret__6_i_1_n_2
                         LOOKAHEAD8 (Prop_LOOKAHEAD8_CYB_COUTF)
                                                      0.136     6.850 r  i_scheduler_core/i_round_engine/i_transition_eval/c2_endpoint_q_reg[task_end][8]_bret__6_i_2/COUTF
                         net (fo=2, unplaced)         0.013     6.863    i_scheduler_core/i_round_engine/i_transition_eval/c2_endpoint_q_reg[task_end][6]_bret__6_i_1/I4
                         LUTCY1 (Prop_LUTCY1_I4_O)    0.057     6.920 r  i_scheduler_core/i_round_engine/i_transition_eval/c2_endpoint_q_reg[task_end][6]_bret__6_i_1/LUTCY1_INST/O
                         net (fo=1, unplaced)         0.047     6.967    i_scheduler_core/i_round_engine/i_transition_eval/timeline_o[task_end]10_in[6]
                         FDCE                                         r  i_scheduler_core/i_round_engine/i_transition_eval/c2_endpoint_q_reg[task_end][6]_bret__6/D
  -------------------------------------------------------------------    -------------------

                         (clock scheduler_clk rise edge)
                                                     25.000    25.000 r  
                                                      0.000    25.000 r  clk_i (IN)
                         net (fo=1834, unset)         0.076    25.076    i_scheduler_core/i_round_engine/i_transition_eval/clk_i
                         FDCE                                         r  i_scheduler_core/i_round_engine/i_transition_eval/c2_endpoint_q_reg[task_end][6]_bret__6/C
                         clock pessimism              0.000    25.076    
                         clock uncertainty           -0.300    24.776    
                         FDCE (Setup_FDCE_C_D)        0.007    24.783    i_scheduler_core/i_round_engine/i_transition_eval/c2_endpoint_q_reg[task_end][6]_bret__6
  -------------------------------------------------------------------
                         required time                         24.783    
                         arrival time                          -6.967    
  -------------------------------------------------------------------
                         slack                                 17.816    

Slack (MET) :             17.838ns  (required time - arrival time)
  Source:                 i_scheduler_core/i_round_engine/FSM_onehot_st_q_reg[14]/C
                            (rising edge-triggered cell FDCE clocked by scheduler_clk  {rise@0.000ns fall@12.500ns period=25.000ns})
  Destination:            i_scheduler_core/i_round_engine/i_transition_eval/c2_endpoint_q_reg[task_end][3]_bret__6/D
                            (rising edge-triggered cell FDCE clocked by scheduler_clk  {rise@0.000ns fall@12.500ns period=25.000ns})
  Path Group:             scheduler_clk
  Path Type:              Setup (Max at Slow Process Corner)
  Requirement:            25.000ns  (scheduler_clk rise@25.000ns - scheduler_clk rise@0.000ns)
  Data Path Delay:        6.824ns  (logic 2.484ns (36.401%)  route 4.340ns (63.599%))
  Logic Levels:           33  (LOOKAHEAD8=5 LUT2=1 LUT3=2 LUT4=1 LUT5=5 LUT6=7 LUTCY1=5 LUTCY2=7)
  Clock Path Skew:        -0.044ns (DCD - SCD + CPR)
    Destination Clock Delay (DCD):    0.076ns = ( 25.076 - 25.000 ) 
    Source Clock Delay      (SCD):    0.120ns
    Clock Pessimism Removal (CPR):    0.000ns
  Clock Uncertainty:      0.300ns  (CJ)/2 + PE + PJ
    Clock Jitter             (CJ):    0.600ns
    Phase Error              (PE):    0.000ns
    Phase Jitter             (PJ):    0.000ns

    Location             Delay type                Incr(ns)  Path(ns)    Netlist Resource(s)
  -------------------------------------------------------------------    -------------------
                         (clock scheduler_clk rise edge)
                                                      0.000     0.000 r  
                                                      0.000     0.000 r  clk_i (IN)
                         net (fo=1834, unset)         0.120     0.120    i_scheduler_core/i_round_engine/clk_i
                         FDCE                                         r  i_scheduler_core/i_round_engine/FSM_onehot_st_q_reg[14]/C
  -------------------------------------------------------------------    -------------------
                         FDCE (Prop_FDCE_C_Q)         0.090     0.210 r  i_scheduler_core/i_round_engine/FSM_onehot_st_q_reg[14]/Q
                         net (fo=120, unplaced)       0.255     0.465    i_scheduler_core/i_round_engine/i_transition_eval/global_token_q_reg[profile_addr][0][13]
                         LUT3 (Prop_LUT3_I0_O)        0.096     0.561 r  i_scheduler_core/i_round_engine/i_transition_eval/g0_b0_i_8/O
                         net (fo=43, unplaced)        0.194     0.755    i_scheduler_core/i_round_engine/i_transition_eval/target_phase
                         LUT6 (Prop_LUT6_I3_O)        0.074     0.829 f  i_scheduler_core/i_round_engine/i_transition_eval/g0_b0_i_3/O
                         net (fo=74, unplaced)        0.207     1.036    i_scheduler_core/i_round_engine/i_transition_eval/decode_address[2]
                         LUT5 (Prop_LUT5_I1_O)        0.074     1.110 r  i_scheduler_core/i_round_engine/i_transition_eval/commit_task_q[1][tok_start][7]_i_4/O
                         net (fo=48, unplaced)        0.279     1.389    i_scheduler_core/i_round_engine/i_start_iter/decoded_profile[selector_a][1]
                         LUT6 (Prop_LUT6_I2_O)        0.088     1.477 r  i_scheduler_core/i_round_engine/i_start_iter/s2_offset_q[2]_i_6/O
                         net (fo=4, unplaced)         0.140     1.617    i_scheduler_core/i_round_engine/i_start_iter/hot_q_reg[3][ntok][0]
                         LUT6 (Prop_LUT6_I0_O)        0.074     1.691 f  i_scheduler_core/i_round_engine/i_start_iter/s2_offset_q[1]_i_2/O
                         net (fo=26, unplaced)        0.265     1.956    i_scheduler_core/i_round_engine/commit_task_q_reg[1][ntok][0]_i_2/I2
                         LUTCY2 (Prop_LUTCY2_I2_O)    0.088     2.044 r  i_scheduler_core/i_round_engine/commit_task_q_reg[1][ntok][0]_i_2/LUTCY2_INST/O
                         net (fo=3, unplaced)         0.016     2.060    i_scheduler_core/i_round_engine/commit_task_q_reg[1][ntok][1]_i_3/I4
                         LUTCY2 (Prop_LUTCY2_I4_O)    0.050     2.110 r  i_scheduler_core/i_round_engine/commit_task_q_reg[1][ntok][1]_i_3/LUTCY2_INST/O
                         net (fo=1, unplaced)         0.000     2.110    i_scheduler_core/i_round_engine/commit_task_q_reg[1][ntok][1]_i_3_n_2
                         LOOKAHEAD8 (Prop_LOOKAHEAD8_CYB_COUTD)
                                                      0.113     2.223 r  i_scheduler_core/i_round_engine/commit_task_q_reg[1][ntok][8]_i_7/COUTD
                         net (fo=2, unplaced)         0.014     2.237    i_scheduler_core/i_round_engine/commit_task_q_reg[1][ntok][4]_i_2/I4
                         LUTCY2 (Prop_LUTCY2_I4_O)    0.048     2.285 r  i_scheduler_core/i_round_engine/commit_task_q_reg[1][ntok][4]_i_2/LUTCY2_INST/O
                         net (fo=3, unplaced)         0.022     2.307    i_scheduler_core/i_round_engine/commit_task_q_reg[1][ntok][5]_i_5/I4
                         LUTCY1 (Prop_LUTCY1_I4_O)    0.056     2.363 r  i_scheduler_core/i_round_engine/commit_task_q_reg[1][ntok][5]_i_5/LUTCY1_INST/O
                         net (fo=1, unplaced)         0.206     2.569    i_scheduler_core/i_round_engine/i_pair_compare/commit_task_q_reg[1][ntok][5]
                         LUT5 (Prop_LUT5_I0_O)        0.074     2.643 r  i_scheduler_core/i_round_engine/i_pair_compare/commit_task_q[1][ntok][5]_i_2/O
                         net (fo=2, unplaced)         0.145     2.788    i_scheduler_core/i_round_engine/i_pair_compare/profile_addr_q_reg[4]_1
                         LUT6 (Prop_LUT6_I5_O)        0.051     2.839 f  i_scheduler_core/i_round_engine/i_pair_compare/global_score_q[selected_max][5]_i_3/O
                         net (fo=7, unplaced)         0.153     2.992    i_scheduler_core/i_round_engine/i_transition_eval/c2_endpoint_q_reg[task_end][4]_bret__6_0
                         LUT5 (Prop_LUT5_I0_O)        0.074     3.066 f  i_scheduler_core/i_round_engine/i_transition_eval/c2_endpoint_q[task_end][4]_bret__6_i_3/O
                         net (fo=13, unplaced)        0.167     3.233    i_scheduler_core/i_round_engine/i_transition_eval/c2_endpoint_q[task_end][4]_bret__6_i_3_n_0
                         LUT6 (Prop_LUT6_I0_O)        0.074     3.307 r  i_scheduler_core/i_round_engine/i_transition_eval/c2_endpoint_q[task_end][9]_bret__4_i_5/O
                         net (fo=9, unplaced)         0.176     3.483    i_scheduler_core/i_round_engine/i_transition_eval/c2_endpoint_q[task_end][9]_bret__4_i_5_n_0
                         LUT2 (Prop_LUT2_I0_O)        0.082     3.565 r  i_scheduler_core/i_round_engine/i_transition_eval/c2_endpoint_q[task_end][1]_bret__4_i_34/O
                         net (fo=4, unplaced)         0.222     3.787    i_scheduler_core/i_round_engine/i_transition_eval/c2_endpoint_q_reg[task_end][1]_bret__4_i_32/I2
                         LUTCY1 (Prop_LUTCY1_I2_PROP)
                                                      0.082     3.869 r  i_scheduler_core/i_round_engine/i_transition_eval/c2_endpoint_q_reg[task_end][1]_bret__4_i_32/LUTCY1_INST/PROP
                         net (fo=1, unplaced)         0.001     3.870    i_scheduler_core/i_round_engine/i_transition_eval/c2_endpoint_q_reg[task_end][1]_bret__4_i_32_n_3
                         LOOKAHEAD8 (Prop_LOOKAHEAD8_PROPH_COUTH)
                                                      0.129     3.999 f  i_scheduler_core/i_round_engine/i_transition_eval/c2_endpoint_q_reg[task_end][1]_bret__4_i_14/COUTH
                         net (fo=3, unplaced)         0.002     4.001    i_scheduler_core/i_round_engine/i_transition_eval/c2_endpoint_q_reg[task_end][1]_bret__4_i_14_n_3
                         LOOKAHEAD8 (Prop_LOOKAHEAD8_CIN_COUTB)
                                                      0.051     4.052 f  i_scheduler_core/i_round_engine/i_transition_eval/c2_endpoint_q_reg[task_end][1]_bret__4_i_10/COUTB
                         net (fo=10, unplaced)        0.253     4.305    i_scheduler_core/i_round_engine/i_target_s4pf/s2_duration2
                         LUT6 (Prop_LUT6_I5_O)        0.051     4.356 r  i_scheduler_core/i_round_engine/i_target_s4pf/c2_endpoint_q[task_end][9]_bret__4_i_4/O
                         net (fo=18, unplaced)        0.257     4.613    i_scheduler_core/i_round_engine/i_start_iter/c2_endpoint_q_reg[s2_end][1]_i_2/I2
                         LUTCY1 (Prop_LUTCY1_I2_PROP)
                                                      0.086     4.699 r  i_scheduler_core/i_round_engine/i_start_iter/c2_endpoint_q_reg[s2_end][1]_i_2/LUTCY1_INST/PROP
                         net (fo=1, unplaced)         0.002     4.701    i_scheduler_core/i_round_engine/i_start_iter/c2_endpoint_q_reg[s2_end][1]_i_2_n_3
                         LOOKAHEAD8 (Prop_LOOKAHEAD8_PROPB_COUTH)
                                                      0.177     4.878 r  i_scheduler_core/i_round_engine/i_start_iter/c2_endpoint_q_reg[s2_end][8]_i_4/COUTH
                         net (fo=3, unplaced)         0.198     5.076    i_scheduler_core/i_round_engine/i_start_iter/c2_endpoint_q_reg[s2_end][8]_i_2/I4
                         LUTCY2 (Prop_LUTCY2_I4_O)    0.051     5.127 r  i_scheduler_core/i_round_engine/i_start_iter/c2_endpoint_q_reg[s2_end][8]_i_2/LUTCY2_INST/O
                         net (fo=3, unplaced)         0.016     5.143    i_scheduler_core/i_round_engine/i_start_iter/c2_endpoint_q_reg[s2_end][9]_i_2/I4
                         LUTCY1 (Prop_LUTCY1_I4_O)    0.055     5.198 r  i_scheduler_core/i_round_engine/i_start_iter/c2_endpoint_q_reg[s2_end][9]_i_2/LUTCY1_INST/O
                         net (fo=6, unplaced)         0.228     5.426    i_scheduler_core/i_round_engine/i_transition_eval/built_timeline[s2_end][9]
                         LUT4 (Prop_LUT4_I1_O)        0.074     5.500 r  i_scheduler_core/i_round_engine/i_transition_eval/c2_endpoint_q[dma3_end][12]_i_10/O
                         net (fo=1, unplaced)         0.128     5.628    i_scheduler_core/i_round_engine/i_transition_eval/c2_endpoint_q[dma3_end][12]_i_10_n_0
                         LUT5 (Prop_LUT5_I0_O)        0.074     5.702 f  i_scheduler_core/i_round_engine/i_transition_eval/c2_endpoint_q[dma3_end][12]_i_9/O
                         net (fo=1, unplaced)         0.145     5.847    i_scheduler_core/i_round_engine/i_transition_eval/c2_endpoint_q[dma3_end][12]_i_9_n_0
                         LUT5 (Prop_LUT5_I4_O)        0.051     5.898 r  i_scheduler_core/i_round_engine/i_transition_eval/c2_endpoint_q[dma3_end][12]_i_7/O
                         net (fo=1, unplaced)         0.145     6.043    i_scheduler_core/i_round_engine/i_transition_eval/c2_endpoint_q[dma3_end][12]_i_7_n_0
                         LUT6 (Prop_LUT6_I5_O)        0.051     6.094 r  i_scheduler_core/i_round_engine/i_transition_eval/c2_endpoint_q[dma3_end][12]_i_3/O
                         net (fo=32, unplaced)        0.205     6.299    i_scheduler_core/i_round_engine/i_transition_eval/c2_endpoint_q[dma3_end][12]_i_3_n_0
                         LUT3 (Prop_LUT3_I1_O)        0.051     6.350 r  i_scheduler_core/i_round_engine/i_transition_eval/c2_endpoint_q[task_end][0]_bret__6_i_2/O
                         net (fo=2, unplaced)         0.210     6.560    i_scheduler_core/i_round_engine/i_transition_eval/c2_endpoint_q_reg[task_end][0]_bret__6_i_1/I2
                         LUTCY2 (Prop_LUTCY2_I2_O)    0.088     6.648 r  i_scheduler_core/i_round_engine/i_transition_eval/c2_endpoint_q_reg[task_end][0]_bret__6_i_1/LUTCY2_INST/O
                         net (fo=3, unplaced)         0.016     6.664    i_scheduler_core/i_round_engine/i_transition_eval/c2_endpoint_q_reg[task_end][1]_bret__6_i_1/I4
                         LUTCY2 (Prop_LUTCY2_I4_O)    0.050     6.714 r  i_scheduler_core/i_round_engine/i_transition_eval/c2_endpoint_q_reg[task_end][1]_bret__6_i_1/LUTCY2_INST/O
                         net (fo=1, unplaced)         0.000     6.714    i_scheduler_core/i_round_engine/i_transition_eval/c2_endpoint_q_reg[task_end][1]_bret__6_i_1_n_2
                         LOOKAHEAD8 (Prop_LOOKAHEAD8_CYB_COUTB)
                                                      0.053     6.767 r  i_scheduler_core/i_round_engine/i_transition_eval/c2_endpoint_q_reg[task_end][8]_bret__6_i_2/COUTB
                         net (fo=2, unplaced)         0.013     6.780    i_scheduler_core/i_round_engine/i_transition_eval/c2_endpoint_q_reg[task_end][2]_bret__6_i_1/I4
                         LUTCY2 (Prop_LUTCY2_I4_O)    0.049     6.829 r  i_scheduler_core/i_round_engine/i_transition_eval/c2_endpoint_q_reg[task_end][2]_bret__6_i_1/LUTCY2_INST/O
                         net (fo=3, unplaced)         0.015     6.844    i_scheduler_core/i_round_engine/i_transition_eval/c2_endpoint_q_reg[task_end][3]_bret__6_i_1/I4
                         LUTCY1 (Prop_LUTCY1_I4_O)    0.055     6.899 r  i_scheduler_core/i_round_engine/i_transition_eval/c2_endpoint_q_reg[task_end][3]_bret__6_i_1/LUTCY1_INST/O
                         net (fo=1, unplaced)         0.045     6.944    i_scheduler_core/i_round_engine/i_transition_eval/timeline_o[task_end]10_in[3]
                         FDCE                                         r  i_scheduler_core/i_round_engine/i_transition_eval/c2_endpoint_q_reg[task_end][3]_bret__6/D
  -------------------------------------------------------------------    -------------------

                         (clock scheduler_clk rise edge)
                                                     25.000    25.000 r  
                                                      0.000    25.000 r  clk_i (IN)
                         net (fo=1834, unset)         0.076    25.076    i_scheduler_core/i_round_engine/i_transition_eval/clk_i
                         FDCE                                         r  i_scheduler_core/i_round_engine/i_transition_eval/c2_endpoint_q_reg[task_end][3]_bret__6/C
                         clock pessimism              0.000    25.076    
                         clock uncertainty           -0.300    24.776    
                         FDCE (Setup_FDCE_C_D)        0.006    24.782    i_scheduler_core/i_round_engine/i_transition_eval/c2_endpoint_q_reg[task_end][3]_bret__6
  -------------------------------------------------------------------
                         required time                         24.782    
                         arrival time                          -6.944    
  -------------------------------------------------------------------
                         slack                                 17.838    

Slack (MET) :             17.840ns  (required time - arrival time)
  Source:                 i_scheduler_core/i_round_engine/FSM_onehot_st_q_reg[14]/C
                            (rising edge-triggered cell FDCE clocked by scheduler_clk  {rise@0.000ns fall@12.500ns period=25.000ns})
  Destination:            i_scheduler_core/i_round_engine/i_transition_eval/c2_endpoint_q_reg[task_end][4]_bret__6/D
                            (rising edge-triggered cell FDCE clocked by scheduler_clk  {rise@0.000ns fall@12.500ns period=25.000ns})
  Path Group:             scheduler_clk
  Path Type:              Setup (Max at Slow Process Corner)
  Requirement:            25.000ns  (scheduler_clk rise@25.000ns - scheduler_clk rise@0.000ns)
  Data Path Delay:        6.823ns  (logic 2.496ns (36.582%)  route 4.327ns (63.418%))
  Logic Levels:           32  (LOOKAHEAD8=5 LUT2=1 LUT3=2 LUT4=1 LUT5=5 LUT6=7 LUTCY1=5 LUTCY2=6)
  Clock Path Skew:        -0.044ns (DCD - SCD + CPR)
    Destination Clock Delay (DCD):    0.076ns = ( 25.076 - 25.000 ) 
    Source Clock Delay      (SCD):    0.120ns
    Clock Pessimism Removal (CPR):    0.000ns
  Clock Uncertainty:      0.300ns  (CJ)/2 + PE + PJ
    Clock Jitter             (CJ):    0.600ns
    Phase Error              (PE):    0.000ns
    Phase Jitter             (PJ):    0.000ns

    Location             Delay type                Incr(ns)  Path(ns)    Netlist Resource(s)
  -------------------------------------------------------------------    -------------------
                         (clock scheduler_clk rise edge)
                                                      0.000     0.000 r  
                                                      0.000     0.000 r  clk_i (IN)
                         net (fo=1834, unset)         0.120     0.120    i_scheduler_core/i_round_engine/clk_i
                         FDCE                                         r  i_scheduler_core/i_round_engine/FSM_onehot_st_q_reg[14]/C
  -------------------------------------------------------------------    -------------------
                         FDCE (Prop_FDCE_C_Q)         0.090     0.210 r  i_scheduler_core/i_round_engine/FSM_onehot_st_q_reg[14]/Q
                         net (fo=120, unplaced)       0.255     0.465    i_scheduler_core/i_round_engine/i_transition_eval/global_token_q_reg[profile_addr][0][13]
                         LUT3 (Prop_LUT3_I0_O)        0.096     0.561 r  i_scheduler_core/i_round_engine/i_transition_eval/g0_b0_i_8/O
                         net (fo=43, unplaced)        0.194     0.755    i_scheduler_core/i_round_engine/i_transition_eval/target_phase
                         LUT6 (Prop_LUT6_I3_O)        0.074     0.829 f  i_scheduler_core/i_round_engine/i_transition_eval/g0_b0_i_3/O
                         net (fo=74, unplaced)        0.207     1.036    i_scheduler_core/i_round_engine/i_transition_eval/decode_address[2]
                         LUT5 (Prop_LUT5_I1_O)        0.074     1.110 r  i_scheduler_core/i_round_engine/i_transition_eval/commit_task_q[1][tok_start][7]_i_4/O
                         net (fo=48, unplaced)        0.279     1.389    i_scheduler_core/i_round_engine/i_start_iter/decoded_profile[selector_a][1]
                         LUT6 (Prop_LUT6_I2_O)        0.088     1.477 r  i_scheduler_core/i_round_engine/i_start_iter/s2_offset_q[2]_i_6/O
                         net (fo=4, unplaced)         0.140     1.617    i_scheduler_core/i_round_engine/i_start_iter/hot_q_reg[3][ntok][0]
                         LUT6 (Prop_LUT6_I0_O)        0.074     1.691 f  i_scheduler_core/i_round_engine/i_start_iter/s2_offset_q[1]_i_2/O
                         net (fo=26, unplaced)        0.265     1.956    i_scheduler_core/i_round_engine/commit_task_q_reg[1][ntok][0]_i_2/I2
                         LUTCY2 (Prop_LUTCY2_I2_O)    0.088     2.044 r  i_scheduler_core/i_round_engine/commit_task_q_reg[1][ntok][0]_i_2/LUTCY2_INST/O
                         net (fo=3, unplaced)         0.016     2.060    i_scheduler_core/i_round_engine/commit_task_q_reg[1][ntok][1]_i_3/I4
                         LUTCY2 (Prop_LUTCY2_I4_O)    0.050     2.110 r  i_scheduler_core/i_round_engine/commit_task_q_reg[1][ntok][1]_i_3/LUTCY2_INST/O
                         net (fo=1, unplaced)         0.000     2.110    i_scheduler_core/i_round_engine/commit_task_q_reg[1][ntok][1]_i_3_n_2
                         LOOKAHEAD8 (Prop_LOOKAHEAD8_CYB_COUTD)
                                                      0.113     2.223 r  i_scheduler_core/i_round_engine/commit_task_q_reg[1][ntok][8]_i_7/COUTD
                         net (fo=2, unplaced)         0.014     2.237    i_scheduler_core/i_round_engine/commit_task_q_reg[1][ntok][4]_i_2/I4
                         LUTCY2 (Prop_LUTCY2_I4_O)    0.048     2.285 r  i_scheduler_core/i_round_engine/commit_task_q_reg[1][ntok][4]_i_2/LUTCY2_INST/O
                         net (fo=3, unplaced)         0.022     2.307    i_scheduler_core/i_round_engine/commit_task_q_reg[1][ntok][5]_i_5/I4
                         LUTCY1 (Prop_LUTCY1_I4_O)    0.056     2.363 r  i_scheduler_core/i_round_engine/commit_task_q_reg[1][ntok][5]_i_5/LUTCY1_INST/O
                         net (fo=1, unplaced)         0.206     2.569    i_scheduler_core/i_round_engine/i_pair_compare/commit_task_q_reg[1][ntok][5]
                         LUT5 (Prop_LUT5_I0_O)        0.074     2.643 r  i_scheduler_core/i_round_engine/i_pair_compare/commit_task_q[1][ntok][5]_i_2/O
                         net (fo=2, unplaced)         0.145     2.788    i_scheduler_core/i_round_engine/i_pair_compare/profile_addr_q_reg[4]_1
                         LUT6 (Prop_LUT6_I5_O)        0.051     2.839 f  i_scheduler_core/i_round_engine/i_pair_compare/global_score_q[selected_max][5]_i_3/O
                         net (fo=7, unplaced)         0.153     2.992    i_scheduler_core/i_round_engine/i_transition_eval/c2_endpoint_q_reg[task_end][4]_bret__6_0
                         LUT5 (Prop_LUT5_I0_O)        0.074     3.066 f  i_scheduler_core/i_round_engine/i_transition_eval/c2_endpoint_q[task_end][4]_bret__6_i_3/O
                         net (fo=13, unplaced)        0.167     3.233    i_scheduler_core/i_round_engine/i_transition_eval/c2_endpoint_q[task_end][4]_bret__6_i_3_n_0
                         LUT6 (Prop_LUT6_I0_O)        0.074     3.307 r  i_scheduler_core/i_round_engine/i_transition_eval/c2_endpoint_q[task_end][9]_bret__4_i_5/O
                         net (fo=9, unplaced)         0.176     3.483    i_scheduler_core/i_round_engine/i_transition_eval/c2_endpoint_q[task_end][9]_bret__4_i_5_n_0
                         LUT2 (Prop_LUT2_I0_O)        0.082     3.565 r  i_scheduler_core/i_round_engine/i_transition_eval/c2_endpoint_q[task_end][1]_bret__4_i_34/O
                         net (fo=4, unplaced)         0.222     3.787    i_scheduler_core/i_round_engine/i_transition_eval/c2_endpoint_q_reg[task_end][1]_bret__4_i_32/I2
                         LUTCY1 (Prop_LUTCY1_I2_PROP)
                                                      0.082     3.869 r  i_scheduler_core/i_round_engine/i_transition_eval/c2_endpoint_q_reg[task_end][1]_bret__4_i_32/LUTCY1_INST/PROP
                         net (fo=1, unplaced)         0.001     3.870    i_scheduler_core/i_round_engine/i_transition_eval/c2_endpoint_q_reg[task_end][1]_bret__4_i_32_n_3
                         LOOKAHEAD8 (Prop_LOOKAHEAD8_PROPH_COUTH)
                                                      0.129     3.999 f  i_scheduler_core/i_round_engine/i_transition_eval/c2_endpoint_q_reg[task_end][1]_bret__4_i_14/COUTH
                         net (fo=3, unplaced)         0.002     4.001    i_scheduler_core/i_round_engine/i_transition_eval/c2_endpoint_q_reg[task_end][1]_bret__4_i_14_n_3
                         LOOKAHEAD8 (Prop_LOOKAHEAD8_CIN_COUTB)
                                                      0.051     4.052 f  i_scheduler_core/i_round_engine/i_transition_eval/c2_endpoint_q_reg[task_end][1]_bret__4_i_10/COUTB
                         net (fo=10, unplaced)        0.253     4.305    i_scheduler_core/i_round_engine/i_target_s4pf/s2_duration2
                         LUT6 (Prop_LUT6_I5_O)        0.051     4.356 r  i_scheduler_core/i_round_engine/i_target_s4pf/c2_endpoint_q[task_end][9]_bret__4_i_4/O
                         net (fo=18, unplaced)        0.257     4.613    i_scheduler_core/i_round_engine/i_start_iter/c2_endpoint_q_reg[s2_end][1]_i_2/I2
                         LUTCY1 (Prop_LUTCY1_I2_PROP)
                                                      0.086     4.699 r  i_scheduler_core/i_round_engine/i_start_iter/c2_endpoint_q_reg[s2_end][1]_i_2/LUTCY1_INST/PROP
                         net (fo=1, unplaced)         0.002     4.701    i_scheduler_core/i_round_engine/i_start_iter/c2_endpoint_q_reg[s2_end][1]_i_2_n_3
                         LOOKAHEAD8 (Prop_LOOKAHEAD8_PROPB_COUTH)
                                                      0.177     4.878 r  i_scheduler_core/i_round_engine/i_start_iter/c2_endpoint_q_reg[s2_end][8]_i_4/COUTH
                         net (fo=3, unplaced)         0.198     5.076    i_scheduler_core/i_round_engine/i_start_iter/c2_endpoint_q_reg[s2_end][8]_i_2/I4
                         LUTCY2 (Prop_LUTCY2_I4_O)    0.051     5.127 r  i_scheduler_core/i_round_engine/i_start_iter/c2_endpoint_q_reg[s2_end][8]_i_2/LUTCY2_INST/O
                         net (fo=3, unplaced)         0.016     5.143    i_scheduler_core/i_round_engine/i_start_iter/c2_endpoint_q_reg[s2_end][9]_i_2/I4
                         LUTCY1 (Prop_LUTCY1_I4_O)    0.055     5.198 r  i_scheduler_core/i_round_engine/i_start_iter/c2_endpoint_q_reg[s2_end][9]_i_2/LUTCY1_INST/O
                         net (fo=6, unplaced)         0.228     5.426    i_scheduler_core/i_round_engine/i_transition_eval/built_timeline[s2_end][9]
                         LUT4 (Prop_LUT4_I1_O)        0.074     5.500 r  i_scheduler_core/i_round_engine/i_transition_eval/c2_endpoint_q[dma3_end][12]_i_10/O
                         net (fo=1, unplaced)         0.128     5.628    i_scheduler_core/i_round_engine/i_transition_eval/c2_endpoint_q[dma3_end][12]_i_10_n_0
                         LUT5 (Prop_LUT5_I0_O)        0.074     5.702 f  i_scheduler_core/i_round_engine/i_transition_eval/c2_endpoint_q[dma3_end][12]_i_9/O
                         net (fo=1, unplaced)         0.145     5.847    i_scheduler_core/i_round_engine/i_transition_eval/c2_endpoint_q[dma3_end][12]_i_9_n_0
                         LUT5 (Prop_LUT5_I4_O)        0.051     5.898 r  i_scheduler_core/i_round_engine/i_transition_eval/c2_endpoint_q[dma3_end][12]_i_7/O
                         net (fo=1, unplaced)         0.145     6.043    i_scheduler_core/i_round_engine/i_transition_eval/c2_endpoint_q[dma3_end][12]_i_7_n_0
                         LUT6 (Prop_LUT6_I5_O)        0.051     6.094 r  i_scheduler_core/i_round_engine/i_transition_eval/c2_endpoint_q[dma3_end][12]_i_3/O
                         net (fo=32, unplaced)        0.205     6.299    i_scheduler_core/i_round_engine/i_transition_eval/c2_endpoint_q[dma3_end][12]_i_3_n_0
                         LUT3 (Prop_LUT3_I1_O)        0.051     6.350 r  i_scheduler_core/i_round_engine/i_transition_eval/c2_endpoint_q[task_end][0]_bret__6_i_2/O
                         net (fo=2, unplaced)         0.210     6.560    i_scheduler_core/i_round_engine/i_transition_eval/c2_endpoint_q_reg[task_end][0]_bret__6_i_1/I2
                         LUTCY2 (Prop_LUTCY2_I2_O)    0.088     6.648 r  i_scheduler_core/i_round_engine/i_transition_eval/c2_endpoint_q_reg[task_end][0]_bret__6_i_1/LUTCY2_INST/O
                         net (fo=3, unplaced)         0.016     6.664    i_scheduler_core/i_round_engine/i_transition_eval/c2_endpoint_q_reg[task_end][1]_bret__6_i_1/I4
                         LUTCY2 (Prop_LUTCY2_I4_O)    0.050     6.714 r  i_scheduler_core/i_round_engine/i_transition_eval/c2_endpoint_q_reg[task_end][1]_bret__6_i_1/LUTCY2_INST/O
                         net (fo=1, unplaced)         0.000     6.714    i_scheduler_core/i_round_engine/i_transition_eval/c2_endpoint_q_reg[task_end][1]_bret__6_i_1_n_2
                         LOOKAHEAD8 (Prop_LOOKAHEAD8_CYB_COUTD)
                                                      0.113     6.827 r  i_scheduler_core/i_round_engine/i_transition_eval/c2_endpoint_q_reg[task_end][8]_bret__6_i_2/COUTD
                         net (fo=2, unplaced)         0.014     6.841    i_scheduler_core/i_round_engine/i_transition_eval/c2_endpoint_q_reg[task_end][4]_bret__6_i_1/I4
                         LUTCY1 (Prop_LUTCY1_I4_O)    0.056     6.897 r  i_scheduler_core/i_round_engine/i_transition_eval/c2_endpoint_q_reg[task_end][4]_bret__6_i_1/LUTCY1_INST/O
                         net (fo=1, unplaced)         0.046     6.943    i_scheduler_core/i_round_engine/i_transition_eval/timeline_o[task_end]10_in[4]
                         FDCE                                         r  i_scheduler_core/i_round_engine/i_transition_eval/c2_endpoint_q_reg[task_end][4]_bret__6/D
  -------------------------------------------------------------------    -------------------

                         (clock scheduler_clk rise edge)
                                                     25.000    25.000 r  
                                                      0.000    25.000 r  clk_i (IN)
                         net (fo=1834, unset)         0.076    25.076    i_scheduler_core/i_round_engine/i_transition_eval/clk_i
                         FDCE                                         r  i_scheduler_core/i_round_engine/i_transition_eval/c2_endpoint_q_reg[task_end][4]_bret__6/C
                         clock pessimism              0.000    25.076    
                         clock uncertainty           -0.300    24.776    
                         FDCE (Setup_FDCE_C_D)        0.007    24.783    i_scheduler_core/i_round_engine/i_transition_eval/c2_endpoint_q_reg[task_end][4]_bret__6
  -------------------------------------------------------------------
                         required time                         24.783    
                         arrival time                          -6.943    
  -------------------------------------------------------------------
                         slack                                 17.840    

Slack (MET) :             17.898ns  (required time - arrival time)
  Source:                 i_scheduler_core/i_round_engine/FSM_onehot_st_q_reg[14]/C
                            (rising edge-triggered cell FDCE clocked by scheduler_clk  {rise@0.000ns fall@12.500ns period=25.000ns})
  Destination:            i_scheduler_core/i_round_engine/i_transition_eval/c2_endpoint_q_reg[task_end][2]_bret__6/D
                            (rising edge-triggered cell FDCE clocked by scheduler_clk  {rise@0.000ns fall@12.500ns period=25.000ns})
  Path Group:             scheduler_clk
  Path Type:              Setup (Max at Slow Process Corner)
  Requirement:            25.000ns  (scheduler_clk rise@25.000ns - scheduler_clk rise@0.000ns)
  Data Path Delay:        6.764ns  (logic 2.437ns (36.029%)  route 4.327ns (63.971%))
  Logic Levels:           32  (LOOKAHEAD8=5 LUT2=1 LUT3=2 LUT4=1 LUT5=5 LUT6=7 LUTCY1=5 LUTCY2=6)
  Clock Path Skew:        -0.044ns (DCD - SCD + CPR)
    Destination Clock Delay (DCD):    0.076ns = ( 25.076 - 25.000 ) 
    Source Clock Delay      (SCD):    0.120ns
    Clock Pessimism Removal (CPR):    0.000ns
  Clock Uncertainty:      0.300ns  (CJ)/2 + PE + PJ
    Clock Jitter             (CJ):    0.600ns
    Phase Error              (PE):    0.000ns
    Phase Jitter             (PJ):    0.000ns

    Location             Delay type                Incr(ns)  Path(ns)    Netlist Resource(s)
  -------------------------------------------------------------------    -------------------
                         (clock scheduler_clk rise edge)
                                                      0.000     0.000 r  
                                                      0.000     0.000 r  clk_i (IN)
                         net (fo=1834, unset)         0.120     0.120    i_scheduler_core/i_round_engine/clk_i
                         FDCE                                         r  i_scheduler_core/i_round_engine/FSM_onehot_st_q_reg[14]/C
  -------------------------------------------------------------------    -------------------
                         FDCE (Prop_FDCE_C_Q)         0.090     0.210 r  i_scheduler_core/i_round_engine/FSM_onehot_st_q_reg[14]/Q
                         net (fo=120, unplaced)       0.255     0.465    i_scheduler_core/i_round_engine/i_transition_eval/global_token_q_reg[profile_addr][0][13]
                         LUT3 (Prop_LUT3_I0_O)        0.096     0.561 r  i_scheduler_core/i_round_engine/i_transition_eval/g0_b0_i_8/O
                         net (fo=43, unplaced)        0.194     0.755    i_scheduler_core/i_round_engine/i_transition_eval/target_phase
                         LUT6 (Prop_LUT6_I3_O)        0.074     0.829 f  i_scheduler_core/i_round_engine/i_transition_eval/g0_b0_i_3/O
                         net (fo=74, unplaced)        0.207     1.036    i_scheduler_core/i_round_engine/i_transition_eval/decode_address[2]
                         LUT5 (Prop_LUT5_I1_O)        0.074     1.110 r  i_scheduler_core/i_round_engine/i_transition_eval/commit_task_q[1][tok_start][7]_i_4/O
                         net (fo=48, unplaced)        0.279     1.389    i_scheduler_core/i_round_engine/i_start_iter/decoded_profile[selector_a][1]
                         LUT6 (Prop_LUT6_I2_O)        0.088     1.477 r  i_scheduler_core/i_round_engine/i_start_iter/s2_offset_q[2]_i_6/O
                         net (fo=4, unplaced)         0.140     1.617    i_scheduler_core/i_round_engine/i_start_iter/hot_q_reg[3][ntok][0]
                         LUT6 (Prop_LUT6_I0_O)        0.074     1.691 f  i_scheduler_core/i_round_engine/i_start_iter/s2_offset_q[1]_i_2/O
                         net (fo=26, unplaced)        0.265     1.956    i_scheduler_core/i_round_engine/commit_task_q_reg[1][ntok][0]_i_2/I2
                         LUTCY2 (Prop_LUTCY2_I2_O)    0.088     2.044 r  i_scheduler_core/i_round_engine/commit_task_q_reg[1][ntok][0]_i_2/LUTCY2_INST/O
                         net (fo=3, unplaced)         0.016     2.060    i_scheduler_core/i_round_engine/commit_task_q_reg[1][ntok][1]_i_3/I4
                         LUTCY2 (Prop_LUTCY2_I4_O)    0.050     2.110 r  i_scheduler_core/i_round_engine/commit_task_q_reg[1][ntok][1]_i_3/LUTCY2_INST/O
                         net (fo=1, unplaced)         0.000     2.110    i_scheduler_core/i_round_engine/commit_task_q_reg[1][ntok][1]_i_3_n_2
                         LOOKAHEAD8 (Prop_LOOKAHEAD8_CYB_COUTD)
                                                      0.113     2.223 r  i_scheduler_core/i_round_engine/commit_task_q_reg[1][ntok][8]_i_7/COUTD
                         net (fo=2, unplaced)         0.014     2.237    i_scheduler_core/i_round_engine/commit_task_q_reg[1][ntok][4]_i_2/I4
                         LUTCY2 (Prop_LUTCY2_I4_O)    0.048     2.285 r  i_scheduler_core/i_round_engine/commit_task_q_reg[1][ntok][4]_i_2/LUTCY2_INST/O
                         net (fo=3, unplaced)         0.022     2.307    i_scheduler_core/i_round_engine/commit_task_q_reg[1][ntok][5]_i_5/I4
                         LUTCY1 (Prop_LUTCY1_I4_O)    0.056     2.363 r  i_scheduler_core/i_round_engine/commit_task_q_reg[1][ntok][5]_i_5/LUTCY1_INST/O
                         net (fo=1, unplaced)         0.206     2.569    i_scheduler_core/i_round_engine/i_pair_compare/commit_task_q_reg[1][ntok][5]
                         LUT5 (Prop_LUT5_I0_O)        0.074     2.643 r  i_scheduler_core/i_round_engine/i_pair_compare/commit_task_q[1][ntok][5]_i_2/O
                         net (fo=2, unplaced)         0.145     2.788    i_scheduler_core/i_round_engine/i_pair_compare/profile_addr_q_reg[4]_1
                         LUT6 (Prop_LUT6_I5_O)        0.051     2.839 f  i_scheduler_core/i_round_engine/i_pair_compare/global_score_q[selected_max][5]_i_3/O
                         net (fo=7, unplaced)         0.153     2.992    i_scheduler_core/i_round_engine/i_transition_eval/c2_endpoint_q_reg[task_end][4]_bret__6_0
                         LUT5 (Prop_LUT5_I0_O)        0.074     3.066 f  i_scheduler_core/i_round_engine/i_transition_eval/c2_endpoint_q[task_end][4]_bret__6_i_3/O
                         net (fo=13, unplaced)        0.167     3.233    i_scheduler_core/i_round_engine/i_transition_eval/c2_endpoint_q[task_end][4]_bret__6_i_3_n_0
                         LUT6 (Prop_LUT6_I0_O)        0.074     3.307 r  i_scheduler_core/i_round_engine/i_transition_eval/c2_endpoint_q[task_end][9]_bret__4_i_5/O
                         net (fo=9, unplaced)         0.176     3.483    i_scheduler_core/i_round_engine/i_transition_eval/c2_endpoint_q[task_end][9]_bret__4_i_5_n_0
                         LUT2 (Prop_LUT2_I0_O)        0.082     3.565 r  i_scheduler_core/i_round_engine/i_transition_eval/c2_endpoint_q[task_end][1]_bret__4_i_34/O
                         net (fo=4, unplaced)         0.222     3.787    i_scheduler_core/i_round_engine/i_transition_eval/c2_endpoint_q_reg[task_end][1]_bret__4_i_32/I2
                         LUTCY1 (Prop_LUTCY1_I2_PROP)
                                                      0.082     3.869 r  i_scheduler_core/i_round_engine/i_transition_eval/c2_endpoint_q_reg[task_end][1]_bret__4_i_32/LUTCY1_INST/PROP
                         net (fo=1, unplaced)         0.001     3.870    i_scheduler_core/i_round_engine/i_transition_eval/c2_endpoint_q_reg[task_end][1]_bret__4_i_32_n_3
                         LOOKAHEAD8 (Prop_LOOKAHEAD8_PROPH_COUTH)
                                                      0.129     3.999 f  i_scheduler_core/i_round_engine/i_transition_eval/c2_endpoint_q_reg[task_end][1]_bret__4_i_14/COUTH
                         net (fo=3, unplaced)         0.002     4.001    i_scheduler_core/i_round_engine/i_transition_eval/c2_endpoint_q_reg[task_end][1]_bret__4_i_14_n_3
                         LOOKAHEAD8 (Prop_LOOKAHEAD8_CIN_COUTB)
                                                      0.051     4.052 f  i_scheduler_core/i_round_engine/i_transition_eval/c2_endpoint_q_reg[task_end][1]_bret__4_i_10/COUTB
                         net (fo=10, unplaced)        0.253     4.305    i_scheduler_core/i_round_engine/i_target_s4pf/s2_duration2
                         LUT6 (Prop_LUT6_I5_O)        0.051     4.356 r  i_scheduler_core/i_round_engine/i_target_s4pf/c2_endpoint_q[task_end][9]_bret__4_i_4/O
                         net (fo=18, unplaced)        0.257     4.613    i_scheduler_core/i_round_engine/i_start_iter/c2_endpoint_q_reg[s2_end][1]_i_2/I2
                         LUTCY1 (Prop_LUTCY1_I2_PROP)
                                                      0.086     4.699 r  i_scheduler_core/i_round_engine/i_start_iter/c2_endpoint_q_reg[s2_end][1]_i_2/LUTCY1_INST/PROP
                         net (fo=1, unplaced)         0.002     4.701    i_scheduler_core/i_round_engine/i_start_iter/c2_endpoint_q_reg[s2_end][1]_i_2_n_3
                         LOOKAHEAD8 (Prop_LOOKAHEAD8_PROPB_COUTH)
                                                      0.177     4.878 r  i_scheduler_core/i_round_engine/i_start_iter/c2_endpoint_q_reg[s2_end][8]_i_4/COUTH
                         net (fo=3, unplaced)         0.198     5.076    i_scheduler_core/i_round_engine/i_start_iter/c2_endpoint_q_reg[s2_end][8]_i_2/I4
                         LUTCY2 (Prop_LUTCY2_I4_O)    0.051     5.127 r  i_scheduler_core/i_round_engine/i_start_iter/c2_endpoint_q_reg[s2_end][8]_i_2/LUTCY2_INST/O
                         net (fo=3, unplaced)         0.016     5.143    i_scheduler_core/i_round_engine/i_start_iter/c2_endpoint_q_reg[s2_end][9]_i_2/I4
                         LUTCY1 (Prop_LUTCY1_I4_O)    0.055     5.198 r  i_scheduler_core/i_round_engine/i_start_iter/c2_endpoint_q_reg[s2_end][9]_i_2/LUTCY1_INST/O
                         net (fo=6, unplaced)         0.228     5.426    i_scheduler_core/i_round_engine/i_transition_eval/built_timeline[s2_end][9]
                         LUT4 (Prop_LUT4_I1_O)        0.074     5.500 r  i_scheduler_core/i_round_engine/i_transition_eval/c2_endpoint_q[dma3_end][12]_i_10/O
                         net (fo=1, unplaced)         0.128     5.628    i_scheduler_core/i_round_engine/i_transition_eval/c2_endpoint_q[dma3_end][12]_i_10_n_0
                         LUT5 (Prop_LUT5_I0_O)        0.074     5.702 f  i_scheduler_core/i_round_engine/i_transition_eval/c2_endpoint_q[dma3_end][12]_i_9/O
                         net (fo=1, unplaced)         0.145     5.847    i_scheduler_core/i_round_engine/i_transition_eval/c2_endpoint_q[dma3_end][12]_i_9_n_0
                         LUT5 (Prop_LUT5_I4_O)        0.051     5.898 r  i_scheduler_core/i_round_engine/i_transition_eval/c2_endpoint_q[dma3_end][12]_i_7/O
                         net (fo=1, unplaced)         0.145     6.043    i_scheduler_core/i_round_engine/i_transition_eval/c2_endpoint_q[dma3_end][12]_i_7_n_0
                         LUT6 (Prop_LUT6_I5_O)        0.051     6.094 r  i_scheduler_core/i_round_engine/i_transition_eval/c2_endpoint_q[dma3_end][12]_i_3/O
                         net (fo=32, unplaced)        0.205     6.299    i_scheduler_core/i_round_engine/i_transition_eval/c2_endpoint_q[dma3_end][12]_i_3_n_0
                         LUT3 (Prop_LUT3_I1_O)        0.051     6.350 r  i_scheduler_core/i_round_engine/i_transition_eval/c2_endpoint_q[task_end][0]_bret__6_i_2/O
                         net (fo=2, unplaced)         0.210     6.560    i_scheduler_core/i_round_engine/i_transition_eval/c2_endpoint_q_reg[task_end][0]_bret__6_i_1/I2
                         LUTCY2 (Prop_LUTCY2_I2_O)    0.088     6.648 r  i_scheduler_core/i_round_engine/i_transition_eval/c2_endpoint_q_reg[task_end][0]_bret__6_i_1/LUTCY2_INST/O
                         net (fo=3, unplaced)         0.016     6.664    i_scheduler_core/i_round_engine/i_transition_eval/c2_endpoint_q_reg[task_end][1]_bret__6_i_1/I4
                         LUTCY2 (Prop_LUTCY2_I4_O)    0.050     6.714 r  i_scheduler_core/i_round_engine/i_transition_eval/c2_endpoint_q_reg[task_end][1]_bret__6_i_1/LUTCY2_INST/O
                         net (fo=1, unplaced)         0.000     6.714    i_scheduler_core/i_round_engine/i_transition_eval/c2_endpoint_q_reg[task_end][1]_bret__6_i_1_n_2
                         LOOKAHEAD8 (Prop_LOOKAHEAD8_CYB_COUTB)
                                                      0.053     6.767 r  i_scheduler_core/i_round_engine/i_transition_eval/c2_endpoint_q_reg[task_end][8]_bret__6_i_2/COUTB
                         net (fo=2, unplaced)         0.013     6.780    i_scheduler_core/i_round_engine/i_transition_eval/c2_endpoint_q_reg[task_end][2]_bret__6_i_1/I4
                         LUTCY1 (Prop_LUTCY1_I4_O)    0.057     6.837 r  i_scheduler_core/i_round_engine/i_transition_eval/c2_endpoint_q_reg[task_end][2]_bret__6_i_1/LUTCY1_INST/O
                         net (fo=1, unplaced)         0.047     6.884    i_scheduler_core/i_round_engine/i_transition_eval/timeline_o[task_end]10_in[2]
                         FDCE                                         r  i_scheduler_core/i_round_engine/i_transition_eval/c2_endpoint_q_reg[task_end][2]_bret__6/D
  -------------------------------------------------------------------    -------------------

                         (clock scheduler_clk rise edge)
                                                     25.000    25.000 r  
                                                      0.000    25.000 r  clk_i (IN)
                         net (fo=1834, unset)         0.076    25.076    i_scheduler_core/i_round_engine/i_transition_eval/clk_i
                         FDCE                                         r  i_scheduler_core/i_round_engine/i_transition_eval/c2_endpoint_q_reg[task_end][2]_bret__6/C
                         clock pessimism              0.000    25.076    
                         clock uncertainty           -0.300    24.776    
                         FDCE (Setup_FDCE_C_D)        0.006    24.782    i_scheduler_core/i_round_engine/i_transition_eval/c2_endpoint_q_reg[task_end][2]_bret__6
  -------------------------------------------------------------------
                         required time                         24.782    
                         arrival time                          -6.884    
  -------------------------------------------------------------------
                         slack                                 17.898    

Slack (MET) :             18.019ns  (required time - arrival time)
  Source:                 i_scheduler_core/i_round_engine/FSM_onehot_st_q_reg[14]/C
                            (rising edge-triggered cell FDCE clocked by scheduler_clk  {rise@0.000ns fall@12.500ns period=25.000ns})
  Destination:            i_scheduler_core/i_round_engine/i_transition_eval/c2_endpoint_q_reg[task_end][1]_bret__6/D
                            (rising edge-triggered cell FDCE clocked by scheduler_clk  {rise@0.000ns fall@12.500ns period=25.000ns})
  Path Group:             scheduler_clk
  Path Type:              Setup (Max at Slow Process Corner)
  Requirement:            25.000ns  (scheduler_clk rise@25.000ns - scheduler_clk rise@0.000ns)
  Data Path Delay:        6.644ns  (logic 2.332ns (35.099%)  route 4.312ns (64.901%))
  Logic Levels:           30  (LOOKAHEAD8=4 LUT2=1 LUT3=2 LUT4=1 LUT5=5 LUT6=7 LUTCY1=5 LUTCY2=5)
  Clock Path Skew:        -0.044ns (DCD - SCD + CPR)
    Destination Clock Delay (DCD):    0.076ns = ( 25.076 - 25.000 ) 
    Source Clock Delay      (SCD):    0.120ns
    Clock Pessimism Removal (CPR):    0.000ns
  Clock Uncertainty:      0.300ns  (CJ)/2 + PE + PJ
    Clock Jitter             (CJ):    0.600ns
    Phase Error              (PE):    0.000ns
    Phase Jitter             (PJ):    0.000ns

    Location             Delay type                Incr(ns)  Path(ns)    Netlist Resource(s)
  -------------------------------------------------------------------    -------------------
                         (clock scheduler_clk rise edge)
                                                      0.000     0.000 r  
                                                      0.000     0.000 r  clk_i (IN)
                         net (fo=1834, unset)         0.120     0.120    i_scheduler_core/i_round_engine/clk_i
                         FDCE                                         r  i_scheduler_core/i_round_engine/FSM_onehot_st_q_reg[14]/C
  -------------------------------------------------------------------    -------------------
                         FDCE (Prop_FDCE_C_Q)         0.090     0.210 r  i_scheduler_core/i_round_engine/FSM_onehot_st_q_reg[14]/Q
                         net (fo=120, unplaced)       0.255     0.465    i_scheduler_core/i_round_engine/i_transition_eval/global_token_q_reg[profile_addr][0][13]
                         LUT3 (Prop_LUT3_I0_O)        0.096     0.561 r  i_scheduler_core/i_round_engine/i_transition_eval/g0_b0_i_8/O
                         net (fo=43, unplaced)        0.194     0.755    i_scheduler_core/i_round_engine/i_transition_eval/target_phase
                         LUT6 (Prop_LUT6_I3_O)        0.074     0.829 f  i_scheduler_core/i_round_engine/i_transition_eval/g0_b0_i_3/O
                         net (fo=74, unplaced)        0.207     1.036    i_scheduler_core/i_round_engine/i_transition_eval/decode_address[2]
                         LUT5 (Prop_LUT5_I1_O)        0.074     1.110 r  i_scheduler_core/i_round_engine/i_transition_eval/commit_task_q[1][tok_start][7]_i_4/O
                         net (fo=48, unplaced)        0.279     1.389    i_scheduler_core/i_round_engine/i_start_iter/decoded_profile[selector_a][1]
                         LUT6 (Prop_LUT6_I2_O)        0.088     1.477 r  i_scheduler_core/i_round_engine/i_start_iter/s2_offset_q[2]_i_6/O
                         net (fo=4, unplaced)         0.140     1.617    i_scheduler_core/i_round_engine/i_start_iter/hot_q_reg[3][ntok][0]
                         LUT6 (Prop_LUT6_I0_O)        0.074     1.691 f  i_scheduler_core/i_round_engine/i_start_iter/s2_offset_q[1]_i_2/O
                         net (fo=26, unplaced)        0.265     1.956    i_scheduler_core/i_round_engine/commit_task_q_reg[1][ntok][0]_i_2/I2
                         LUTCY2 (Prop_LUTCY2_I2_O)    0.088     2.044 r  i_scheduler_core/i_round_engine/commit_task_q_reg[1][ntok][0]_i_2/LUTCY2_INST/O
                         net (fo=3, unplaced)         0.016     2.060    i_scheduler_core/i_round_engine/commit_task_q_reg[1][ntok][1]_i_3/I4
                         LUTCY2 (Prop_LUTCY2_I4_O)    0.050     2.110 r  i_scheduler_core/i_round_engine/commit_task_q_reg[1][ntok][1]_i_3/LUTCY2_INST/O
                         net (fo=1, unplaced)         0.000     2.110    i_scheduler_core/i_round_engine/commit_task_q_reg[1][ntok][1]_i_3_n_2
                         LOOKAHEAD8 (Prop_LOOKAHEAD8_CYB_COUTD)
                                                      0.113     2.223 r  i_scheduler_core/i_round_engine/commit_task_q_reg[1][ntok][8]_i_7/COUTD
                         net (fo=2, unplaced)         0.014     2.237    i_scheduler_core/i_round_engine/commit_task_q_reg[1][ntok][4]_i_2/I4
                         LUTCY2 (Prop_LUTCY2_I4_O)    0.048     2.285 r  i_scheduler_core/i_round_engine/commit_task_q_reg[1][ntok][4]_i_2/LUTCY2_INST/O
                         net (fo=3, unplaced)         0.022     2.307    i_scheduler_core/i_round_engine/commit_task_q_reg[1][ntok][5]_i_5/I4
                         LUTCY1 (Prop_LUTCY1_I4_O)    0.056     2.363 r  i_scheduler_core/i_round_engine/commit_task_q_reg[1][ntok][5]_i_5/LUTCY1_INST/O
                         net (fo=1, unplaced)         0.206     2.569    i_scheduler_core/i_round_engine/i_pair_compare/commit_task_q_reg[1][ntok][5]
                         LUT5 (Prop_LUT5_I0_O)        0.074     2.643 r  i_scheduler_core/i_round_engine/i_pair_compare/commit_task_q[1][ntok][5]_i_2/O
                         net (fo=2, unplaced)         0.145     2.788    i_scheduler_core/i_round_engine/i_pair_compare/profile_addr_q_reg[4]_1
                         LUT6 (Prop_LUT6_I5_O)        0.051     2.839 f  i_scheduler_core/i_round_engine/i_pair_compare/global_score_q[selected_max][5]_i_3/O
                         net (fo=7, unplaced)         0.153     2.992    i_scheduler_core/i_round_engine/i_transition_eval/c2_endpoint_q_reg[task_end][4]_bret__6_0
                         LUT5 (Prop_LUT5_I0_O)        0.074     3.066 f  i_scheduler_core/i_round_engine/i_transition_eval/c2_endpoint_q[task_end][4]_bret__6_i_3/O
                         net (fo=13, unplaced)        0.167     3.233    i_scheduler_core/i_round_engine/i_transition_eval/c2_endpoint_q[task_end][4]_bret__6_i_3_n_0
                         LUT6 (Prop_LUT6_I0_O)        0.074     3.307 r  i_scheduler_core/i_round_engine/i_transition_eval/c2_endpoint_q[task_end][9]_bret__4_i_5/O
                         net (fo=9, unplaced)         0.176     3.483    i_scheduler_core/i_round_engine/i_transition_eval/c2_endpoint_q[task_end][9]_bret__4_i_5_n_0
                         LUT2 (Prop_LUT2_I0_O)        0.082     3.565 r  i_scheduler_core/i_round_engine/i_transition_eval/c2_endpoint_q[task_end][1]_bret__4_i_34/O
                         net (fo=4, unplaced)         0.222     3.787    i_scheduler_core/i_round_engine/i_transition_eval/c2_endpoint_q_reg[task_end][1]_bret__4_i_32/I2
                         LUTCY1 (Prop_LUTCY1_I2_PROP)
                                                      0.082     3.869 r  i_scheduler_core/i_round_engine/i_transition_eval/c2_endpoint_q_reg[task_end][1]_bret__4_i_32/LUTCY1_INST/PROP
                         net (fo=1, unplaced)         0.001     3.870    i_scheduler_core/i_round_engine/i_transition_eval/c2_endpoint_q_reg[task_end][1]_bret__4_i_32_n_3
                         LOOKAHEAD8 (Prop_LOOKAHEAD8_PROPH_COUTH)
                                                      0.129     3.999 f  i_scheduler_core/i_round_engine/i_transition_eval/c2_endpoint_q_reg[task_end][1]_bret__4_i_14/COUTH
                         net (fo=3, unplaced)         0.002     4.001    i_scheduler_core/i_round_engine/i_transition_eval/c2_endpoint_q_reg[task_end][1]_bret__4_i_14_n_3
                         LOOKAHEAD8 (Prop_LOOKAHEAD8_CIN_COUTB)
                                                      0.051     4.052 f  i_scheduler_core/i_round_engine/i_transition_eval/c2_endpoint_q_reg[task_end][1]_bret__4_i_10/COUTB
                         net (fo=10, unplaced)        0.253     4.305    i_scheduler_core/i_round_engine/i_target_s4pf/s2_duration2
                         LUT6 (Prop_LUT6_I5_O)        0.051     4.356 r  i_scheduler_core/i_round_engine/i_target_s4pf/c2_endpoint_q[task_end][9]_bret__4_i_4/O
                         net (fo=18, unplaced)        0.257     4.613    i_scheduler_core/i_round_engine/i_start_iter/c2_endpoint_q_reg[s2_end][1]_i_2/I2
                         LUTCY1 (Prop_LUTCY1_I2_PROP)
                                                      0.086     4.699 r  i_scheduler_core/i_round_engine/i_start_iter/c2_endpoint_q_reg[s2_end][1]_i_2/LUTCY1_INST/PROP
                         net (fo=1, unplaced)         0.002     4.701    i_scheduler_core/i_round_engine/i_start_iter/c2_endpoint_q_reg[s2_end][1]_i_2_n_3
                         LOOKAHEAD8 (Prop_LOOKAHEAD8_PROPB_COUTH)
                                                      0.177     4.878 r  i_scheduler_core/i_round_engine/i_start_iter/c2_endpoint_q_reg[s2_end][8]_i_4/COUTH
                         net (fo=3, unplaced)         0.198     5.076    i_scheduler_core/i_round_engine/i_start_iter/c2_endpoint_q_reg[s2_end][8]_i_2/I4
                         LUTCY2 (Prop_LUTCY2_I4_O)    0.051     5.127 r  i_scheduler_core/i_round_engine/i_start_iter/c2_endpoint_q_reg[s2_end][8]_i_2/LUTCY2_INST/O
                         net (fo=3, unplaced)         0.016     5.143    i_scheduler_core/i_round_engine/i_start_iter/c2_endpoint_q_reg[s2_end][9]_i_2/I4
                         LUTCY1 (Prop_LUTCY1_I4_O)    0.055     5.198 r  i_scheduler_core/i_round_engine/i_start_iter/c2_endpoint_q_reg[s2_end][9]_i_2/LUTCY1_INST/O
                         net (fo=6, unplaced)         0.228     5.426    i_scheduler_core/i_round_engine/i_transition_eval/built_timeline[s2_end][9]
                         LUT4 (Prop_LUT4_I1_O)        0.074     5.500 r  i_scheduler_core/i_round_engine/i_transition_eval/c2_endpoint_q[dma3_end][12]_i_10/O
                         net (fo=1, unplaced)         0.128     5.628    i_scheduler_core/i_round_engine/i_transition_eval/c2_endpoint_q[dma3_end][12]_i_10_n_0
                         LUT5 (Prop_LUT5_I0_O)        0.074     5.702 f  i_scheduler_core/i_round_engine/i_transition_eval/c2_endpoint_q[dma3_end][12]_i_9/O
                         net (fo=1, unplaced)         0.145     5.847    i_scheduler_core/i_round_engine/i_transition_eval/c2_endpoint_q[dma3_end][12]_i_9_n_0
                         LUT5 (Prop_LUT5_I4_O)        0.051     5.898 r  i_scheduler_core/i_round_engine/i_transition_eval/c2_endpoint_q[dma3_end][12]_i_7/O
                         net (fo=1, unplaced)         0.145     6.043    i_scheduler_core/i_round_engine/i_transition_eval/c2_endpoint_q[dma3_end][12]_i_7_n_0
                         LUT6 (Prop_LUT6_I5_O)        0.051     6.094 r  i_scheduler_core/i_round_engine/i_transition_eval/c2_endpoint_q[dma3_end][12]_i_3/O
                         net (fo=32, unplaced)        0.205     6.299    i_scheduler_core/i_round_engine/i_transition_eval/c2_endpoint_q[dma3_end][12]_i_3_n_0
                         LUT3 (Prop_LUT3_I1_O)        0.051     6.350 r  i_scheduler_core/i_round_engine/i_transition_eval/c2_endpoint_q[task_end][0]_bret__6_i_2/O
                         net (fo=2, unplaced)         0.210     6.560    i_scheduler_core/i_round_engine/i_transition_eval/c2_endpoint_q_reg[task_end][0]_bret__6_i_1/I2
                         LUTCY2 (Prop_LUTCY2_I2_O)    0.088     6.648 r  i_scheduler_core/i_round_engine/i_transition_eval/c2_endpoint_q_reg[task_end][0]_bret__6_i_1/LUTCY2_INST/O
                         net (fo=3, unplaced)         0.016     6.664    i_scheduler_core/i_round_engine/i_transition_eval/c2_endpoint_q_reg[task_end][1]_bret__6_i_1/I4
                         LUTCY1 (Prop_LUTCY1_I4_O)    0.055     6.719 r  i_scheduler_core/i_round_engine/i_transition_eval/c2_endpoint_q_reg[task_end][1]_bret__6_i_1/LUTCY1_INST/O
                         net (fo=1, unplaced)         0.045     6.764    i_scheduler_core/i_round_engine/i_transition_eval/timeline_o[task_end]10_in[1]
                         FDCE                                         r  i_scheduler_core/i_round_engine/i_transition_eval/c2_endpoint_q_reg[task_end][1]_bret__6/D
  -------------------------------------------------------------------    -------------------

                         (clock scheduler_clk rise edge)
                                                     25.000    25.000 r  
                                                      0.000    25.000 r  clk_i (IN)
                         net (fo=1834, unset)         0.076    25.076    i_scheduler_core/i_round_engine/i_transition_eval/clk_i
                         FDCE                                         r  i_scheduler_core/i_round_engine/i_transition_eval/c2_endpoint_q_reg[task_end][1]_bret__6/C
                         clock pessimism              0.000    25.076    
                         clock uncertainty           -0.300    24.776    
                         FDCE (Setup_FDCE_C_D)        0.007    24.783    i_scheduler_core/i_round_engine/i_transition_eval/c2_endpoint_q_reg[task_end][1]_bret__6
  -------------------------------------------------------------------
                         required time                         24.783    
                         arrival time                          -6.764    
  -------------------------------------------------------------------
                         slack                                 18.019    

Slack (MET) :             18.079ns  (required time - arrival time)
  Source:                 i_scheduler_core/i_round_engine/FSM_onehot_st_q_reg[14]/C
                            (rising edge-triggered cell FDCE clocked by scheduler_clk  {rise@0.000ns fall@12.500ns period=25.000ns})
  Destination:            i_scheduler_core/i_round_engine/i_transition_eval/c2_endpoint_q_reg[task_end][0]_bret__6/D
                            (rising edge-triggered cell FDCE clocked by scheduler_clk  {rise@0.000ns fall@12.500ns period=25.000ns})
  Path Group:             scheduler_clk
  Path Type:              Setup (Max at Slow Process Corner)
  Requirement:            25.000ns  (scheduler_clk rise@25.000ns - scheduler_clk rise@0.000ns)
  Data Path Delay:        6.584ns  (logic 2.285ns (34.705%)  route 4.299ns (65.295%))
  Logic Levels:           29  (LOOKAHEAD8=4 LUT2=1 LUT3=2 LUT4=1 LUT5=5 LUT6=7 LUTCY1=5 LUTCY2=4)
  Clock Path Skew:        -0.044ns (DCD - SCD + CPR)
    Destination Clock Delay (DCD):    0.076ns = ( 25.076 - 25.000 ) 
    Source Clock Delay      (SCD):    0.120ns
    Clock Pessimism Removal (CPR):    0.000ns
  Clock Uncertainty:      0.300ns  (CJ)/2 + PE + PJ
    Clock Jitter             (CJ):    0.600ns
    Phase Error              (PE):    0.000ns
    Phase Jitter             (PJ):    0.000ns

    Location             Delay type                Incr(ns)  Path(ns)    Netlist Resource(s)
  -------------------------------------------------------------------    -------------------
                         (clock scheduler_clk rise edge)
                                                      0.000     0.000 r  
                                                      0.000     0.000 r  clk_i (IN)
                         net (fo=1834, unset)         0.120     0.120    i_scheduler_core/i_round_engine/clk_i
                         FDCE                                         r  i_scheduler_core/i_round_engine/FSM_onehot_st_q_reg[14]/C
  -------------------------------------------------------------------    -------------------
                         FDCE (Prop_FDCE_C_Q)         0.090     0.210 r  i_scheduler_core/i_round_engine/FSM_onehot_st_q_reg[14]/Q
                         net (fo=120, unplaced)       0.255     0.465    i_scheduler_core/i_round_engine/i_transition_eval/global_token_q_reg[profile_addr][0][13]
                         LUT3 (Prop_LUT3_I0_O)        0.096     0.561 r  i_scheduler_core/i_round_engine/i_transition_eval/g0_b0_i_8/O
                         net (fo=43, unplaced)        0.194     0.755    i_scheduler_core/i_round_engine/i_transition_eval/target_phase
                         LUT6 (Prop_LUT6_I3_O)        0.074     0.829 f  i_scheduler_core/i_round_engine/i_transition_eval/g0_b0_i_3/O
                         net (fo=74, unplaced)        0.207     1.036    i_scheduler_core/i_round_engine/i_transition_eval/decode_address[2]
                         LUT5 (Prop_LUT5_I1_O)        0.074     1.110 r  i_scheduler_core/i_round_engine/i_transition_eval/commit_task_q[1][tok_start][7]_i_4/O
                         net (fo=48, unplaced)        0.279     1.389    i_scheduler_core/i_round_engine/i_start_iter/decoded_profile[selector_a][1]
                         LUT6 (Prop_LUT6_I2_O)        0.088     1.477 r  i_scheduler_core/i_round_engine/i_start_iter/s2_offset_q[2]_i_6/O
                         net (fo=4, unplaced)         0.140     1.617    i_scheduler_core/i_round_engine/i_start_iter/hot_q_reg[3][ntok][0]
                         LUT6 (Prop_LUT6_I0_O)        0.074     1.691 f  i_scheduler_core/i_round_engine/i_start_iter/s2_offset_q[1]_i_2/O
                         net (fo=26, unplaced)        0.265     1.956    i_scheduler_core/i_round_engine/commit_task_q_reg[1][ntok][0]_i_2/I2
                         LUTCY2 (Prop_LUTCY2_I2_O)    0.088     2.044 r  i_scheduler_core/i_round_engine/commit_task_q_reg[1][ntok][0]_i_2/LUTCY2_INST/O
                         net (fo=3, unplaced)         0.016     2.060    i_scheduler_core/i_round_engine/commit_task_q_reg[1][ntok][1]_i_3/I4
                         LUTCY2 (Prop_LUTCY2_I4_O)    0.050     2.110 r  i_scheduler_core/i_round_engine/commit_task_q_reg[1][ntok][1]_i_3/LUTCY2_INST/O
                         net (fo=1, unplaced)         0.000     2.110    i_scheduler_core/i_round_engine/commit_task_q_reg[1][ntok][1]_i_3_n_2
                         LOOKAHEAD8 (Prop_LOOKAHEAD8_CYB_COUTD)
                                                      0.113     2.223 r  i_scheduler_core/i_round_engine/commit_task_q_reg[1][ntok][8]_i_7/COUTD
                         net (fo=2, unplaced)         0.014     2.237    i_scheduler_core/i_round_engine/commit_task_q_reg[1][ntok][4]_i_2/I4
                         LUTCY2 (Prop_LUTCY2_I4_O)    0.048     2.285 r  i_scheduler_core/i_round_engine/commit_task_q_reg[1][ntok][4]_i_2/LUTCY2_INST/O
                         net (fo=3, unplaced)         0.022     2.307    i_scheduler_core/i_round_engine/commit_task_q_reg[1][ntok][5]_i_5/I4
                         LUTCY1 (Prop_LUTCY1_I4_O)    0.056     2.363 r  i_scheduler_core/i_round_engine/commit_task_q_reg[1][ntok][5]_i_5/LUTCY1_INST/O
                         net (fo=1, unplaced)         0.206     2.569    i_scheduler_core/i_round_engine/i_pair_compare/commit_task_q_reg[1][ntok][5]
                         LUT5 (Prop_LUT5_I0_O)        0.074     2.643 r  i_scheduler_core/i_round_engine/i_pair_compare/commit_task_q[1][ntok][5]_i_2/O
                         net (fo=2, unplaced)         0.145     2.788    i_scheduler_core/i_round_engine/i_pair_compare/profile_addr_q_reg[4]_1
                         LUT6 (Prop_LUT6_I5_O)        0.051     2.839 f  i_scheduler_core/i_round_engine/i_pair_compare/global_score_q[selected_max][5]_i_3/O
                         net (fo=7, unplaced)         0.153     2.992    i_scheduler_core/i_round_engine/i_transition_eval/c2_endpoint_q_reg[task_end][4]_bret__6_0
                         LUT5 (Prop_LUT5_I0_O)        0.074     3.066 f  i_scheduler_core/i_round_engine/i_transition_eval/c2_endpoint_q[task_end][4]_bret__6_i_3/O
                         net (fo=13, unplaced)        0.167     3.233    i_scheduler_core/i_round_engine/i_transition_eval/c2_endpoint_q[task_end][4]_bret__6_i_3_n_0
                         LUT6 (Prop_LUT6_I0_O)        0.074     3.307 r  i_scheduler_core/i_round_engine/i_transition_eval/c2_endpoint_q[task_end][9]_bret__4_i_5/O
                         net (fo=9, unplaced)         0.176     3.483    i_scheduler_core/i_round_engine/i_transition_eval/c2_endpoint_q[task_end][9]_bret__4_i_5_n_0
                         LUT2 (Prop_LUT2_I0_O)        0.082     3.565 r  i_scheduler_core/i_round_engine/i_transition_eval/c2_endpoint_q[task_end][1]_bret__4_i_34/O
                         net (fo=4, unplaced)         0.222     3.787    i_scheduler_core/i_round_engine/i_transition_eval/c2_endpoint_q_reg[task_end][1]_bret__4_i_32/I2
                         LUTCY1 (Prop_LUTCY1_I2_PROP)
                                                      0.082     3.869 r  i_scheduler_core/i_round_engine/i_transition_eval/c2_endpoint_q_reg[task_end][1]_bret__4_i_32/LUTCY1_INST/PROP
                         net (fo=1, unplaced)         0.001     3.870    i_scheduler_core/i_round_engine/i_transition_eval/c2_endpoint_q_reg[task_end][1]_bret__4_i_32_n_3
                         LOOKAHEAD8 (Prop_LOOKAHEAD8_PROPH_COUTH)
                                                      0.129     3.999 f  i_scheduler_core/i_round_engine/i_transition_eval/c2_endpoint_q_reg[task_end][1]_bret__4_i_14/COUTH
                         net (fo=3, unplaced)         0.002     4.001    i_scheduler_core/i_round_engine/i_transition_eval/c2_endpoint_q_reg[task_end][1]_bret__4_i_14_n_3
                         LOOKAHEAD8 (Prop_LOOKAHEAD8_CIN_COUTB)
                                                      0.051     4.052 f  i_scheduler_core/i_round_engine/i_transition_eval/c2_endpoint_q_reg[task_end][1]_bret__4_i_10/COUTB
                         net (fo=10, unplaced)        0.253     4.305    i_scheduler_core/i_round_engine/i_target_s4pf/s2_duration2
                         LUT6 (Prop_LUT6_I5_O)        0.051     4.356 r  i_scheduler_core/i_round_engine/i_target_s4pf/c2_endpoint_q[task_end][9]_bret__4_i_4/O
                         net (fo=18, unplaced)        0.257     4.613    i_scheduler_core/i_round_engine/i_start_iter/c2_endpoint_q_reg[s2_end][1]_i_2/I2
                         LUTCY1 (Prop_LUTCY1_I2_PROP)
                                                      0.086     4.699 r  i_scheduler_core/i_round_engine/i_start_iter/c2_endpoint_q_reg[s2_end][1]_i_2/LUTCY1_INST/PROP
                         net (fo=1, unplaced)         0.002     4.701    i_scheduler_core/i_round_engine/i_start_iter/c2_endpoint_q_reg[s2_end][1]_i_2_n_3
                         LOOKAHEAD8 (Prop_LOOKAHEAD8_PROPB_COUTH)
                                                      0.177     4.878 r  i_scheduler_core/i_round_engine/i_start_iter/c2_endpoint_q_reg[s2_end][8]_i_4/COUTH
                         net (fo=3, unplaced)         0.198     5.076    i_scheduler_core/i_round_engine/i_start_iter/c2_endpoint_q_reg[s2_end][8]_i_2/I4
                         LUTCY2 (Prop_LUTCY2_I4_O)    0.051     5.127 r  i_scheduler_core/i_round_engine/i_start_iter/c2_endpoint_q_reg[s2_end][8]_i_2/LUTCY2_INST/O
                         net (fo=3, unplaced)         0.016     5.143    i_scheduler_core/i_round_engine/i_start_iter/c2_endpoint_q_reg[s2_end][9]_i_2/I4
                         LUTCY1 (Prop_LUTCY1_I4_O)    0.055     5.198 r  i_scheduler_core/i_round_engine/i_start_iter/c2_endpoint_q_reg[s2_end][9]_i_2/LUTCY1_INST/O
                         net (fo=6, unplaced)         0.228     5.426    i_scheduler_core/i_round_engine/i_transition_eval/built_timeline[s2_end][9]
                         LUT4 (Prop_LUT4_I1_O)        0.074     5.500 r  i_scheduler_core/i_round_engine/i_transition_eval/c2_endpoint_q[dma3_end][12]_i_10/O
                         net (fo=1, unplaced)         0.128     5.628    i_scheduler_core/i_round_engine/i_transition_eval/c2_endpoint_q[dma3_end][12]_i_10_n_0
                         LUT5 (Prop_LUT5_I0_O)        0.074     5.702 f  i_scheduler_core/i_round_engine/i_transition_eval/c2_endpoint_q[dma3_end][12]_i_9/O
                         net (fo=1, unplaced)         0.145     5.847    i_scheduler_core/i_round_engine/i_transition_eval/c2_endpoint_q[dma3_end][12]_i_9_n_0
                         LUT5 (Prop_LUT5_I4_O)        0.051     5.898 r  i_scheduler_core/i_round_engine/i_transition_eval/c2_endpoint_q[dma3_end][12]_i_7/O
                         net (fo=1, unplaced)         0.145     6.043    i_scheduler_core/i_round_engine/i_transition_eval/c2_endpoint_q[dma3_end][12]_i_7_n_0
                         LUT6 (Prop_LUT6_I5_O)        0.051     6.094 r  i_scheduler_core/i_round_engine/i_transition_eval/c2_endpoint_q[dma3_end][12]_i_3/O
                         net (fo=32, unplaced)        0.205     6.299    i_scheduler_core/i_round_engine/i_transition_eval/c2_endpoint_q[dma3_end][12]_i_3_n_0
                         LUT3 (Prop_LUT3_I1_O)        0.051     6.350 r  i_scheduler_core/i_round_engine/i_transition_eval/c2_endpoint_q[task_end][0]_bret__6_i_2/O
                         net (fo=2, unplaced)         0.210     6.560    i_scheduler_core/i_round_engine/i_transition_eval/c2_endpoint_q_reg[task_end][0]_bret__6_i_1/I2
                         LUTCY1 (Prop_LUTCY1_I2_O)    0.096     6.656 r  i_scheduler_core/i_round_engine/i_transition_eval/c2_endpoint_q_reg[task_end][0]_bret__6_i_1/LUTCY1_INST/O
                         net (fo=1, unplaced)         0.048     6.704    i_scheduler_core/i_round_engine/i_transition_eval/timeline_o[task_end]10_in[0]
                         FDCE                                         r  i_scheduler_core/i_round_engine/i_transition_eval/c2_endpoint_q_reg[task_end][0]_bret__6/D
  -------------------------------------------------------------------    -------------------

                         (clock scheduler_clk rise edge)
                                                     25.000    25.000 r  
                                                      0.000    25.000 r  clk_i (IN)
                         net (fo=1834, unset)         0.076    25.076    i_scheduler_core/i_round_engine/i_transition_eval/clk_i
                         FDCE                                         r  i_scheduler_core/i_round_engine/i_transition_eval/c2_endpoint_q_reg[task_end][0]_bret__6/C
                         clock pessimism              0.000    25.076    
                         clock uncertainty           -0.300    24.776    
                         FDCE (Setup_FDCE_C_D)        0.007    24.783    i_scheduler_core/i_round_engine/i_transition_eval/c2_endpoint_q_reg[task_end][0]_bret__6
  -------------------------------------------------------------------
                         required time                         24.783    
                         arrival time                          -6.704    
  -------------------------------------------------------------------
                         slack                                 18.079    

Slack (MET) :             18.273ns  (required time - arrival time)
  Source:                 i_scheduler_core/i_round_engine/FSM_onehot_st_q_reg[14]/C
                            (rising edge-triggered cell FDCE clocked by scheduler_clk  {rise@0.000ns fall@12.500ns period=25.000ns})
  Destination:            i_scheduler_core/i_round_engine/i_transition_eval/c2_endpoint_q_reg[dma3_end][0]/D
                            (rising edge-triggered cell FDCE clocked by scheduler_clk  {rise@0.000ns fall@12.500ns period=25.000ns})
  Path Group:             scheduler_clk
  Path Type:              Setup (Max at Slow Process Corner)
  Requirement:            25.000ns  (scheduler_clk rise@25.000ns - scheduler_clk rise@0.000ns)
  Data Path Delay:        6.394ns  (logic 2.226ns (34.814%)  route 4.168ns (65.186%))
  Logic Levels:           28  (LOOKAHEAD8=4 LUT2=1 LUT3=1 LUT4=1 LUT5=5 LUT6=8 LUTCY1=4 LUTCY2=4)
  Clock Path Skew:        -0.040ns (DCD - SCD + CPR)
    Destination Clock Delay (DCD):    0.080ns = ( 25.080 - 25.000 ) 
    Source Clock Delay      (SCD):    0.120ns
    Clock Pessimism Removal (CPR):    0.000ns
  Clock Uncertainty:      0.300ns  (CJ)/2 + PE + PJ
    Clock Jitter             (CJ):    0.600ns
    Phase Error              (PE):    0.000ns
    Phase Jitter             (PJ):    0.000ns

    Location             Delay type                Incr(ns)  Path(ns)    Netlist Resource(s)
  -------------------------------------------------------------------    -------------------
                         (clock scheduler_clk rise edge)
                                                      0.000     0.000 r  
                                                      0.000     0.000 r  clk_i (IN)
                         net (fo=1834, unset)         0.120     0.120    i_scheduler_core/i_round_engine/clk_i
                         FDCE                                         r  i_scheduler_core/i_round_engine/FSM_onehot_st_q_reg[14]/C
  -------------------------------------------------------------------    -------------------
                         FDCE (Prop_FDCE_C_Q)         0.090     0.210 r  i_scheduler_core/i_round_engine/FSM_onehot_st_q_reg[14]/Q
                         net (fo=120, unplaced)       0.255     0.465    i_scheduler_core/i_round_engine/i_transition_eval/global_token_q_reg[profile_addr][0][13]
                         LUT3 (Prop_LUT3_I0_O)        0.096     0.561 r  i_scheduler_core/i_round_engine/i_transition_eval/g0_b0_i_8/O
                         net (fo=43, unplaced)        0.194     0.755    i_scheduler_core/i_round_engine/i_transition_eval/target_phase
                         LUT6 (Prop_LUT6_I3_O)        0.074     0.829 f  i_scheduler_core/i_round_engine/i_transition_eval/g0_b0_i_3/O
                         net (fo=74, unplaced)        0.207     1.036    i_scheduler_core/i_round_engine/i_transition_eval/decode_address[2]
                         LUT5 (Prop_LUT5_I1_O)        0.074     1.110 r  i_scheduler_core/i_round_engine/i_transition_eval/commit_task_q[1][tok_start][7]_i_4/O
                         net (fo=48, unplaced)        0.279     1.389    i_scheduler_core/i_round_engine/i_start_iter/decoded_profile[selector_a][1]
                         LUT6 (Prop_LUT6_I2_O)        0.088     1.477 r  i_scheduler_core/i_round_engine/i_start_iter/s2_offset_q[2]_i_6/O
                         net (fo=4, unplaced)         0.140     1.617    i_scheduler_core/i_round_engine/i_start_iter/hot_q_reg[3][ntok][0]
                         LUT6 (Prop_LUT6_I0_O)        0.074     1.691 f  i_scheduler_core/i_round_engine/i_start_iter/s2_offset_q[1]_i_2/O
                         net (fo=26, unplaced)        0.265     1.956    i_scheduler_core/i_round_engine/commit_task_q_reg[1][ntok][0]_i_2/I2
                         LUTCY2 (Prop_LUTCY2_I2_O)    0.088     2.044 r  i_scheduler_core/i_round_engine/commit_task_q_reg[1][ntok][0]_i_2/LUTCY2_INST/O
                         net (fo=3, unplaced)         0.016     2.060    i_scheduler_core/i_round_engine/commit_task_q_reg[1][ntok][1]_i_3/I4
                         LUTCY2 (Prop_LUTCY2_I4_O)    0.050     2.110 r  i_scheduler_core/i_round_engine/commit_task_q_reg[1][ntok][1]_i_3/LUTCY2_INST/O
                         net (fo=1, unplaced)         0.000     2.110    i_scheduler_core/i_round_engine/commit_task_q_reg[1][ntok][1]_i_3_n_2
                         LOOKAHEAD8 (Prop_LOOKAHEAD8_CYB_COUTD)
                                                      0.113     2.223 r  i_scheduler_core/i_round_engine/commit_task_q_reg[1][ntok][8]_i_7/COUTD
                         net (fo=2, unplaced)         0.014     2.237    i_scheduler_core/i_round_engine/commit_task_q_reg[1][ntok][4]_i_2/I4
                         LUTCY2 (Prop_LUTCY2_I4_O)    0.048     2.285 r  i_scheduler_core/i_round_engine/commit_task_q_reg[1][ntok][4]_i_2/LUTCY2_INST/O
                         net (fo=3, unplaced)         0.022     2.307    i_scheduler_core/i_round_engine/commit_task_q_reg[1][ntok][5]_i_5/I4
                         LUTCY1 (Prop_LUTCY1_I4_O)    0.056     2.363 r  i_scheduler_core/i_round_engine/commit_task_q_reg[1][ntok][5]_i_5/LUTCY1_INST/O
                         net (fo=1, unplaced)         0.206     2.569    i_scheduler_core/i_round_engine/i_pair_compare/commit_task_q_reg[1][ntok][5]
                         LUT5 (Prop_LUT5_I0_O)        0.074     2.643 r  i_scheduler_core/i_round_engine/i_pair_compare/commit_task_q[1][ntok][5]_i_2/O
                         net (fo=2, unplaced)         0.145     2.788    i_scheduler_core/i_round_engine/i_pair_compare/profile_addr_q_reg[4]_1
                         LUT6 (Prop_LUT6_I5_O)        0.051     2.839 f  i_scheduler_core/i_round_engine/i_pair_compare/global_score_q[selected_max][5]_i_3/O
                         net (fo=7, unplaced)         0.153     2.992    i_scheduler_core/i_round_engine/i_transition_eval/c2_endpoint_q_reg[task_end][4]_bret__6_0
                         LUT5 (Prop_LUT5_I0_O)        0.074     3.066 f  i_scheduler_core/i_round_engine/i_transition_eval/c2_endpoint_q[task_end][4]_bret__6_i_3/O
                         net (fo=13, unplaced)        0.167     3.233    i_scheduler_core/i_round_engine/i_transition_eval/c2_endpoint_q[task_end][4]_bret__6_i_3_n_0
                         LUT6 (Prop_LUT6_I0_O)        0.074     3.307 r  i_scheduler_core/i_round_engine/i_transition_eval/c2_endpoint_q[task_end][9]_bret__4_i_5/O
                         net (fo=9, unplaced)         0.176     3.483    i_scheduler_core/i_round_engine/i_transition_eval/c2_endpoint_q[task_end][9]_bret__4_i_5_n_0
                         LUT2 (Prop_LUT2_I0_O)        0.082     3.565 r  i_scheduler_core/i_round_engine/i_transition_eval/c2_endpoint_q[task_end][1]_bret__4_i_34/O
                         net (fo=4, unplaced)         0.222     3.787    i_scheduler_core/i_round_engine/i_transition_eval/c2_endpoint_q_reg[task_end][1]_bret__4_i_32/I2
                         LUTCY1 (Prop_LUTCY1_I2_PROP)
                                                      0.082     3.869 r  i_scheduler_core/i_round_engine/i_transition_eval/c2_endpoint_q_reg[task_end][1]_bret__4_i_32/LUTCY1_INST/PROP
                         net (fo=1, unplaced)         0.001     3.870    i_scheduler_core/i_round_engine/i_transition_eval/c2_endpoint_q_reg[task_end][1]_bret__4_i_32_n_3
                         LOOKAHEAD8 (Prop_LOOKAHEAD8_PROPH_COUTH)
                                                      0.129     3.999 f  i_scheduler_core/i_round_engine/i_transition_eval/c2_endpoint_q_reg[task_end][1]_bret__4_i_14/COUTH
                         net (fo=3, unplaced)         0.002     4.001    i_scheduler_core/i_round_engine/i_transition_eval/c2_endpoint_q_reg[task_end][1]_bret__4_i_14_n_3
                         LOOKAHEAD8 (Prop_LOOKAHEAD8_CIN_COUTB)
                                                      0.051     4.052 f  i_scheduler_core/i_round_engine/i_transition_eval/c2_endpoint_q_reg[task_end][1]_bret__4_i_10/COUTB
                         net (fo=10, unplaced)        0.253     4.305    i_scheduler_core/i_round_engine/i_target_s4pf/s2_duration2
                         LUT6 (Prop_LUT6_I5_O)        0.051     4.356 r  i_scheduler_core/i_round_engine/i_target_s4pf/c2_endpoint_q[task_end][9]_bret__4_i_4/O
                         net (fo=18, unplaced)        0.257     4.613    i_scheduler_core/i_round_engine/i_start_iter/c2_endpoint_q_reg[s2_end][1]_i_2/I2
                         LUTCY1 (Prop_LUTCY1_I2_PROP)
                                                      0.086     4.699 r  i_scheduler_core/i_round_engine/i_start_iter/c2_endpoint_q_reg[s2_end][1]_i_2/LUTCY1_INST/PROP
                         net (fo=1, unplaced)         0.002     4.701    i_scheduler_core/i_round_engine/i_start_iter/c2_endpoint_q_reg[s2_end][1]_i_2_n_3
                         LOOKAHEAD8 (Prop_LOOKAHEAD8_PROPB_COUTH)
                                                      0.177     4.878 r  i_scheduler_core/i_round_engine/i_start_iter/c2_endpoint_q_reg[s2_end][8]_i_4/COUTH
                         net (fo=3, unplaced)         0.198     5.076    i_scheduler_core/i_round_engine/i_start_iter/c2_endpoint_q_reg[s2_end][8]_i_2/I4
                         LUTCY2 (Prop_LUTCY2_I4_O)    0.051     5.127 r  i_scheduler_core/i_round_engine/i_start_iter/c2_endpoint_q_reg[s2_end][8]_i_2/LUTCY2_INST/O
                         net (fo=3, unplaced)         0.016     5.143    i_scheduler_core/i_round_engine/i_start_iter/c2_endpoint_q_reg[s2_end][9]_i_2/I4
                         LUTCY1 (Prop_LUTCY1_I4_O)    0.055     5.198 r  i_scheduler_core/i_round_engine/i_start_iter/c2_endpoint_q_reg[s2_end][9]_i_2/LUTCY1_INST/O
                         net (fo=6, unplaced)         0.228     5.426    i_scheduler_core/i_round_engine/i_transition_eval/built_timeline[s2_end][9]
                         LUT4 (Prop_LUT4_I1_O)        0.074     5.500 r  i_scheduler_core/i_round_engine/i_transition_eval/c2_endpoint_q[dma3_end][12]_i_10/O
                         net (fo=1, unplaced)         0.128     5.628    i_scheduler_core/i_round_engine/i_transition_eval/c2_endpoint_q[dma3_end][12]_i_10_n_0
                         LUT5 (Prop_LUT5_I0_O)        0.074     5.702 f  i_scheduler_core/i_round_engine/i_transition_eval/c2_endpoint_q[dma3_end][12]_i_9/O
                         net (fo=1, unplaced)         0.145     5.847    i_scheduler_core/i_round_engine/i_transition_eval/c2_endpoint_q[dma3_end][12]_i_9_n_0
                         LUT5 (Prop_LUT5_I4_O)        0.051     5.898 r  i_scheduler_core/i_round_engine/i_transition_eval/c2_endpoint_q[dma3_end][12]_i_7/O
                         net (fo=1, unplaced)         0.145     6.043    i_scheduler_core/i_round_engine/i_transition_eval/c2_endpoint_q[dma3_end][12]_i_7_n_0
                         LUT6 (Prop_LUT6_I5_O)        0.051     6.094 r  i_scheduler_core/i_round_engine/i_transition_eval/c2_endpoint_q[dma3_end][12]_i_3/O
                         net (fo=32, unplaced)        0.270     6.364    i_scheduler_core/i_round_engine/i_transition_eval/c2_endpoint_q[dma3_end][12]_i_3_n_0
                         LUT6 (Prop_LUT6_I1_O)        0.088     6.452 r  i_scheduler_core/i_round_engine/i_transition_eval/c2_endpoint_q[dma3_end][0]_i_1/O
                         net (fo=2, unplaced)         0.062     6.514    i_scheduler_core/i_round_engine/i_transition_eval/c2_endpoint_q[dma3_end][0]_i_1_n_0
                         FDCE                                         r  i_scheduler_core/i_round_engine/i_transition_eval/c2_endpoint_q_reg[dma3_end][0]/D
  -------------------------------------------------------------------    -------------------

                         (clock scheduler_clk rise edge)
                                                     25.000    25.000 r  
                                                      0.000    25.000 r  clk_i (IN)
                         net (fo=1834, unset)         0.080    25.080    i_scheduler_core/i_round_engine/i_transition_eval/clk_i
                         FDCE                                         r  i_scheduler_core/i_round_engine/i_transition_eval/c2_endpoint_q_reg[dma3_end][0]/C
                         clock pessimism              0.000    25.080    
                         clock uncertainty           -0.300    24.780    
                         FDCE (Setup_FDCE_C_D)        0.007    24.787    i_scheduler_core/i_round_engine/i_transition_eval/c2_endpoint_q_reg[dma3_end][0]
  -------------------------------------------------------------------
                         required time                         24.787    
                         arrival time                          -6.514    
  -------------------------------------------------------------------
                         slack                                 18.273    

Slack (MET) :             18.273ns  (required time - arrival time)
  Source:                 i_scheduler_core/i_round_engine/FSM_onehot_st_q_reg[14]/C
                            (rising edge-triggered cell FDCE clocked by scheduler_clk  {rise@0.000ns fall@12.500ns period=25.000ns})
  Destination:            i_scheduler_core/i_round_engine/i_transition_eval/c2_endpoint_q_reg[dma3_end][10]/D
                            (rising edge-triggered cell FDCE clocked by scheduler_clk  {rise@0.000ns fall@12.500ns period=25.000ns})
  Path Group:             scheduler_clk
  Path Type:              Setup (Max at Slow Process Corner)
  Requirement:            25.000ns  (scheduler_clk rise@25.000ns - scheduler_clk rise@0.000ns)
  Data Path Delay:        6.394ns  (logic 2.226ns (34.814%)  route 4.168ns (65.186%))
  Logic Levels:           28  (LOOKAHEAD8=4 LUT2=1 LUT3=1 LUT4=1 LUT5=5 LUT6=8 LUTCY1=4 LUTCY2=4)
  Clock Path Skew:        -0.040ns (DCD - SCD + CPR)
    Destination Clock Delay (DCD):    0.080ns = ( 25.080 - 25.000 ) 
    Source Clock Delay      (SCD):    0.120ns
    Clock Pessimism Removal (CPR):    0.000ns
  Clock Uncertainty:      0.300ns  (CJ)/2 + PE + PJ
    Clock Jitter             (CJ):    0.600ns
    Phase Error              (PE):    0.000ns
    Phase Jitter             (PJ):    0.000ns

    Location             Delay type                Incr(ns)  Path(ns)    Netlist Resource(s)
  -------------------------------------------------------------------    -------------------
                         (clock scheduler_clk rise edge)
                                                      0.000     0.000 r  
                                                      0.000     0.000 r  clk_i (IN)
                         net (fo=1834, unset)         0.120     0.120    i_scheduler_core/i_round_engine/clk_i
                         FDCE                                         r  i_scheduler_core/i_round_engine/FSM_onehot_st_q_reg[14]/C
  -------------------------------------------------------------------    -------------------
                         FDCE (Prop_FDCE_C_Q)         0.090     0.210 r  i_scheduler_core/i_round_engine/FSM_onehot_st_q_reg[14]/Q
                         net (fo=120, unplaced)       0.255     0.465    i_scheduler_core/i_round_engine/i_transition_eval/global_token_q_reg[profile_addr][0][13]
                         LUT3 (Prop_LUT3_I0_O)        0.096     0.561 r  i_scheduler_core/i_round_engine/i_transition_eval/g0_b0_i_8/O
                         net (fo=43, unplaced)        0.194     0.755    i_scheduler_core/i_round_engine/i_transition_eval/target_phase
                         LUT6 (Prop_LUT6_I3_O)        0.074     0.829 f  i_scheduler_core/i_round_engine/i_transition_eval/g0_b0_i_3/O
                         net (fo=74, unplaced)        0.207     1.036    i_scheduler_core/i_round_engine/i_transition_eval/decode_address[2]
                         LUT5 (Prop_LUT5_I1_O)        0.074     1.110 r  i_scheduler_core/i_round_engine/i_transition_eval/commit_task_q[1][tok_start][7]_i_4/O
                         net (fo=48, unplaced)        0.279     1.389    i_scheduler_core/i_round_engine/i_start_iter/decoded_profile[selector_a][1]
                         LUT6 (Prop_LUT6_I2_O)        0.088     1.477 r  i_scheduler_core/i_round_engine/i_start_iter/s2_offset_q[2]_i_6/O
                         net (fo=4, unplaced)         0.140     1.617    i_scheduler_core/i_round_engine/i_start_iter/hot_q_reg[3][ntok][0]
                         LUT6 (Prop_LUT6_I0_O)        0.074     1.691 f  i_scheduler_core/i_round_engine/i_start_iter/s2_offset_q[1]_i_2/O
                         net (fo=26, unplaced)        0.265     1.956    i_scheduler_core/i_round_engine/commit_task_q_reg[1][ntok][0]_i_2/I2
                         LUTCY2 (Prop_LUTCY2_I2_O)    0.088     2.044 r  i_scheduler_core/i_round_engine/commit_task_q_reg[1][ntok][0]_i_2/LUTCY2_INST/O
                         net (fo=3, unplaced)         0.016     2.060    i_scheduler_core/i_round_engine/commit_task_q_reg[1][ntok][1]_i_3/I4
                         LUTCY2 (Prop_LUTCY2_I4_O)    0.050     2.110 r  i_scheduler_core/i_round_engine/commit_task_q_reg[1][ntok][1]_i_3/LUTCY2_INST/O
                         net (fo=1, unplaced)         0.000     2.110    i_scheduler_core/i_round_engine/commit_task_q_reg[1][ntok][1]_i_3_n_2
                         LOOKAHEAD8 (Prop_LOOKAHEAD8_CYB_COUTD)
                                                      0.113     2.223 r  i_scheduler_core/i_round_engine/commit_task_q_reg[1][ntok][8]_i_7/COUTD
                         net (fo=2, unplaced)         0.014     2.237    i_scheduler_core/i_round_engine/commit_task_q_reg[1][ntok][4]_i_2/I4
                         LUTCY2 (Prop_LUTCY2_I4_O)    0.048     2.285 r  i_scheduler_core/i_round_engine/commit_task_q_reg[1][ntok][4]_i_2/LUTCY2_INST/O
                         net (fo=3, unplaced)         0.022     2.307    i_scheduler_core/i_round_engine/commit_task_q_reg[1][ntok][5]_i_5/I4
                         LUTCY1 (Prop_LUTCY1_I4_O)    0.056     2.363 r  i_scheduler_core/i_round_engine/commit_task_q_reg[1][ntok][5]_i_5/LUTCY1_INST/O
                         net (fo=1, unplaced)         0.206     2.569    i_scheduler_core/i_round_engine/i_pair_compare/commit_task_q_reg[1][ntok][5]
                         LUT5 (Prop_LUT5_I0_O)        0.074     2.643 r  i_scheduler_core/i_round_engine/i_pair_compare/commit_task_q[1][ntok][5]_i_2/O
                         net (fo=2, unplaced)         0.145     2.788    i_scheduler_core/i_round_engine/i_pair_compare/profile_addr_q_reg[4]_1
                         LUT6 (Prop_LUT6_I5_O)        0.051     2.839 f  i_scheduler_core/i_round_engine/i_pair_compare/global_score_q[selected_max][5]_i_3/O
                         net (fo=7, unplaced)         0.153     2.992    i_scheduler_core/i_round_engine/i_transition_eval/c2_endpoint_q_reg[task_end][4]_bret__6_0
                         LUT5 (Prop_LUT5_I0_O)        0.074     3.066 f  i_scheduler_core/i_round_engine/i_transition_eval/c2_endpoint_q[task_end][4]_bret__6_i_3/O
                         net (fo=13, unplaced)        0.167     3.233    i_scheduler_core/i_round_engine/i_transition_eval/c2_endpoint_q[task_end][4]_bret__6_i_3_n_0
                         LUT6 (Prop_LUT6_I0_O)        0.074     3.307 r  i_scheduler_core/i_round_engine/i_transition_eval/c2_endpoint_q[task_end][9]_bret__4_i_5/O
                         net (fo=9, unplaced)         0.176     3.483    i_scheduler_core/i_round_engine/i_transition_eval/c2_endpoint_q[task_end][9]_bret__4_i_5_n_0
                         LUT2 (Prop_LUT2_I0_O)        0.082     3.565 r  i_scheduler_core/i_round_engine/i_transition_eval/c2_endpoint_q[task_end][1]_bret__4_i_34/O
                         net (fo=4, unplaced)         0.222     3.787    i_scheduler_core/i_round_engine/i_transition_eval/c2_endpoint_q_reg[task_end][1]_bret__4_i_32/I2
                         LUTCY1 (Prop_LUTCY1_I2_PROP)
                                                      0.082     3.869 r  i_scheduler_core/i_round_engine/i_transition_eval/c2_endpoint_q_reg[task_end][1]_bret__4_i_32/LUTCY1_INST/PROP
                         net (fo=1, unplaced)         0.001     3.870    i_scheduler_core/i_round_engine/i_transition_eval/c2_endpoint_q_reg[task_end][1]_bret__4_i_32_n_3
                         LOOKAHEAD8 (Prop_LOOKAHEAD8_PROPH_COUTH)
                                                      0.129     3.999 f  i_scheduler_core/i_round_engine/i_transition_eval/c2_endpoint_q_reg[task_end][1]_bret__4_i_14/COUTH
                         net (fo=3, unplaced)         0.002     4.001    i_scheduler_core/i_round_engine/i_transition_eval/c2_endpoint_q_reg[task_end][1]_bret__4_i_14_n_3
                         LOOKAHEAD8 (Prop_LOOKAHEAD8_CIN_COUTB)
                                                      0.051     4.052 f  i_scheduler_core/i_round_engine/i_transition_eval/c2_endpoint_q_reg[task_end][1]_bret__4_i_10/COUTB
                         net (fo=10, unplaced)        0.253     4.305    i_scheduler_core/i_round_engine/i_target_s4pf/s2_duration2
                         LUT6 (Prop_LUT6_I5_O)        0.051     4.356 r  i_scheduler_core/i_round_engine/i_target_s4pf/c2_endpoint_q[task_end][9]_bret__4_i_4/O
                         net (fo=18, unplaced)        0.257     4.613    i_scheduler_core/i_round_engine/i_start_iter/c2_endpoint_q_reg[s2_end][1]_i_2/I2
                         LUTCY1 (Prop_LUTCY1_I2_PROP)
                                                      0.086     4.699 r  i_scheduler_core/i_round_engine/i_start_iter/c2_endpoint_q_reg[s2_end][1]_i_2/LUTCY1_INST/PROP
                         net (fo=1, unplaced)         0.002     4.701    i_scheduler_core/i_round_engine/i_start_iter/c2_endpoint_q_reg[s2_end][1]_i_2_n_3
                         LOOKAHEAD8 (Prop_LOOKAHEAD8_PROPB_COUTH)
                                                      0.177     4.878 r  i_scheduler_core/i_round_engine/i_start_iter/c2_endpoint_q_reg[s2_end][8]_i_4/COUTH
                         net (fo=3, unplaced)         0.198     5.076    i_scheduler_core/i_round_engine/i_start_iter/c2_endpoint_q_reg[s2_end][8]_i_2/I4
                         LUTCY2 (Prop_LUTCY2_I4_O)    0.051     5.127 r  i_scheduler_core/i_round_engine/i_start_iter/c2_endpoint_q_reg[s2_end][8]_i_2/LUTCY2_INST/O
                         net (fo=3, unplaced)         0.016     5.143    i_scheduler_core/i_round_engine/i_start_iter/c2_endpoint_q_reg[s2_end][9]_i_2/I4
                         LUTCY1 (Prop_LUTCY1_I4_O)    0.055     5.198 r  i_scheduler_core/i_round_engine/i_start_iter/c2_endpoint_q_reg[s2_end][9]_i_2/LUTCY1_INST/O
                         net (fo=6, unplaced)         0.228     5.426    i_scheduler_core/i_round_engine/i_transition_eval/built_timeline[s2_end][9]
                         LUT4 (Prop_LUT4_I1_O)        0.074     5.500 r  i_scheduler_core/i_round_engine/i_transition_eval/c2_endpoint_q[dma3_end][12]_i_10/O
                         net (fo=1, unplaced)         0.128     5.628    i_scheduler_core/i_round_engine/i_transition_eval/c2_endpoint_q[dma3_end][12]_i_10_n_0
                         LUT5 (Prop_LUT5_I0_O)        0.074     5.702 f  i_scheduler_core/i_round_engine/i_transition_eval/c2_endpoint_q[dma3_end][12]_i_9/O
                         net (fo=1, unplaced)         0.145     5.847    i_scheduler_core/i_round_engine/i_transition_eval/c2_endpoint_q[dma3_end][12]_i_9_n_0
                         LUT5 (Prop_LUT5_I4_O)        0.051     5.898 r  i_scheduler_core/i_round_engine/i_transition_eval/c2_endpoint_q[dma3_end][12]_i_7/O
                         net (fo=1, unplaced)         0.145     6.043    i_scheduler_core/i_round_engine/i_transition_eval/c2_endpoint_q[dma3_end][12]_i_7_n_0
                         LUT6 (Prop_LUT6_I5_O)        0.051     6.094 r  i_scheduler_core/i_round_engine/i_transition_eval/c2_endpoint_q[dma3_end][12]_i_3/O
                         net (fo=32, unplaced)        0.270     6.364    i_scheduler_core/i_round_engine/i_transition_eval/c2_endpoint_q[dma3_end][12]_i_3_n_0
                         LUT6 (Prop_LUT6_I1_O)        0.088     6.452 r  i_scheduler_core/i_round_engine/i_transition_eval/c2_endpoint_q[dma3_end][10]_i_1/O
                         net (fo=2, unplaced)         0.062     6.514    i_scheduler_core/i_round_engine/i_transition_eval/c2_endpoint_q[dma3_end][10]_i_1_n_0
                         FDCE                                         r  i_scheduler_core/i_round_engine/i_transition_eval/c2_endpoint_q_reg[dma3_end][10]/D
  -------------------------------------------------------------------    -------------------

                         (clock scheduler_clk rise edge)
                                                     25.000    25.000 r  
                                                      0.000    25.000 r  clk_i (IN)
                         net (fo=1834, unset)         0.080    25.080    i_scheduler_core/i_round_engine/i_transition_eval/clk_i
                         FDCE                                         r  i_scheduler_core/i_round_engine/i_transition_eval/c2_endpoint_q_reg[dma3_end][10]/C
                         clock pessimism              0.000    25.080    
                         clock uncertainty           -0.300    24.780    
                         FDCE (Setup_FDCE_C_D)        0.007    24.787    i_scheduler_core/i_round_engine/i_transition_eval/c2_endpoint_q_reg[dma3_end][10]
  -------------------------------------------------------------------
                         required time                         24.787    
                         arrival time                          -6.514    
  -------------------------------------------------------------------
                         slack                                 18.273    

Slack (MET) :             18.273ns  (required time - arrival time)
  Source:                 i_scheduler_core/i_round_engine/FSM_onehot_st_q_reg[14]/C
                            (rising edge-triggered cell FDCE clocked by scheduler_clk  {rise@0.000ns fall@12.500ns period=25.000ns})
  Destination:            i_scheduler_core/i_round_engine/i_transition_eval/c2_endpoint_q_reg[dma3_end][11]/D
                            (rising edge-triggered cell FDCE clocked by scheduler_clk  {rise@0.000ns fall@12.500ns period=25.000ns})
  Path Group:             scheduler_clk
  Path Type:              Setup (Max at Slow Process Corner)
  Requirement:            25.000ns  (scheduler_clk rise@25.000ns - scheduler_clk rise@0.000ns)
  Data Path Delay:        6.394ns  (logic 2.226ns (34.814%)  route 4.168ns (65.186%))
  Logic Levels:           28  (LOOKAHEAD8=4 LUT2=1 LUT3=1 LUT4=1 LUT5=5 LUT6=8 LUTCY1=4 LUTCY2=4)
  Clock Path Skew:        -0.040ns (DCD - SCD + CPR)
    Destination Clock Delay (DCD):    0.080ns = ( 25.080 - 25.000 ) 
    Source Clock Delay      (SCD):    0.120ns
    Clock Pessimism Removal (CPR):    0.000ns
  Clock Uncertainty:      0.300ns  (CJ)/2 + PE + PJ
    Clock Jitter             (CJ):    0.600ns
    Phase Error              (PE):    0.000ns
    Phase Jitter             (PJ):    0.000ns

    Location             Delay type                Incr(ns)  Path(ns)    Netlist Resource(s)
  -------------------------------------------------------------------    -------------------
                         (clock scheduler_clk rise edge)
                                                      0.000     0.000 r  
                                                      0.000     0.000 r  clk_i (IN)
                         net (fo=1834, unset)         0.120     0.120    i_scheduler_core/i_round_engine/clk_i
                         FDCE                                         r  i_scheduler_core/i_round_engine/FSM_onehot_st_q_reg[14]/C
  -------------------------------------------------------------------    -------------------
                         FDCE (Prop_FDCE_C_Q)         0.090     0.210 r  i_scheduler_core/i_round_engine/FSM_onehot_st_q_reg[14]/Q
                         net (fo=120, unplaced)       0.255     0.465    i_scheduler_core/i_round_engine/i_transition_eval/global_token_q_reg[profile_addr][0][13]
                         LUT3 (Prop_LUT3_I0_O)        0.096     0.561 r  i_scheduler_core/i_round_engine/i_transition_eval/g0_b0_i_8/O
                         net (fo=43, unplaced)        0.194     0.755    i_scheduler_core/i_round_engine/i_transition_eval/target_phase
                         LUT6 (Prop_LUT6_I3_O)        0.074     0.829 f  i_scheduler_core/i_round_engine/i_transition_eval/g0_b0_i_3/O
                         net (fo=74, unplaced)        0.207     1.036    i_scheduler_core/i_round_engine/i_transition_eval/decode_address[2]
                         LUT5 (Prop_LUT5_I1_O)        0.074     1.110 r  i_scheduler_core/i_round_engine/i_transition_eval/commit_task_q[1][tok_start][7]_i_4/O
                         net (fo=48, unplaced)        0.279     1.389    i_scheduler_core/i_round_engine/i_start_iter/decoded_profile[selector_a][1]
                         LUT6 (Prop_LUT6_I2_O)        0.088     1.477 r  i_scheduler_core/i_round_engine/i_start_iter/s2_offset_q[2]_i_6/O
                         net (fo=4, unplaced)         0.140     1.617    i_scheduler_core/i_round_engine/i_start_iter/hot_q_reg[3][ntok][0]
                         LUT6 (Prop_LUT6_I0_O)        0.074     1.691 f  i_scheduler_core/i_round_engine/i_start_iter/s2_offset_q[1]_i_2/O
                         net (fo=26, unplaced)        0.265     1.956    i_scheduler_core/i_round_engine/commit_task_q_reg[1][ntok][0]_i_2/I2
                         LUTCY2 (Prop_LUTCY2_I2_O)    0.088     2.044 r  i_scheduler_core/i_round_engine/commit_task_q_reg[1][ntok][0]_i_2/LUTCY2_INST/O
                         net (fo=3, unplaced)         0.016     2.060    i_scheduler_core/i_round_engine/commit_task_q_reg[1][ntok][1]_i_3/I4
                         LUTCY2 (Prop_LUTCY2_I4_O)    0.050     2.110 r  i_scheduler_core/i_round_engine/commit_task_q_reg[1][ntok][1]_i_3/LUTCY2_INST/O
                         net (fo=1, unplaced)         0.000     2.110    i_scheduler_core/i_round_engine/commit_task_q_reg[1][ntok][1]_i_3_n_2
                         LOOKAHEAD8 (Prop_LOOKAHEAD8_CYB_COUTD)
                                                      0.113     2.223 r  i_scheduler_core/i_round_engine/commit_task_q_reg[1][ntok][8]_i_7/COUTD
                         net (fo=2, unplaced)         0.014     2.237    i_scheduler_core/i_round_engine/commit_task_q_reg[1][ntok][4]_i_2/I4
                         LUTCY2 (Prop_LUTCY2_I4_O)    0.048     2.285 r  i_scheduler_core/i_round_engine/commit_task_q_reg[1][ntok][4]_i_2/LUTCY2_INST/O
                         net (fo=3, unplaced)         0.022     2.307    i_scheduler_core/i_round_engine/commit_task_q_reg[1][ntok][5]_i_5/I4
                         LUTCY1 (Prop_LUTCY1_I4_O)    0.056     2.363 r  i_scheduler_core/i_round_engine/commit_task_q_reg[1][ntok][5]_i_5/LUTCY1_INST/O
                         net (fo=1, unplaced)         0.206     2.569    i_scheduler_core/i_round_engine/i_pair_compare/commit_task_q_reg[1][ntok][5]
                         LUT5 (Prop_LUT5_I0_O)        0.074     2.643 r  i_scheduler_core/i_round_engine/i_pair_compare/commit_task_q[1][ntok][5]_i_2/O
                         net (fo=2, unplaced)         0.145     2.788    i_scheduler_core/i_round_engine/i_pair_compare/profile_addr_q_reg[4]_1
                         LUT6 (Prop_LUT6_I5_O)        0.051     2.839 f  i_scheduler_core/i_round_engine/i_pair_compare/global_score_q[selected_max][5]_i_3/O
                         net (fo=7, unplaced)         0.153     2.992    i_scheduler_core/i_round_engine/i_transition_eval/c2_endpoint_q_reg[task_end][4]_bret__6_0
                         LUT5 (Prop_LUT5_I0_O)        0.074     3.066 f  i_scheduler_core/i_round_engine/i_transition_eval/c2_endpoint_q[task_end][4]_bret__6_i_3/O
                         net (fo=13, unplaced)        0.167     3.233    i_scheduler_core/i_round_engine/i_transition_eval/c2_endpoint_q[task_end][4]_bret__6_i_3_n_0
                         LUT6 (Prop_LUT6_I0_O)        0.074     3.307 r  i_scheduler_core/i_round_engine/i_transition_eval/c2_endpoint_q[task_end][9]_bret__4_i_5/O
                         net (fo=9, unplaced)         0.176     3.483    i_scheduler_core/i_round_engine/i_transition_eval/c2_endpoint_q[task_end][9]_bret__4_i_5_n_0
                         LUT2 (Prop_LUT2_I0_O)        0.082     3.565 r  i_scheduler_core/i_round_engine/i_transition_eval/c2_endpoint_q[task_end][1]_bret__4_i_34/O
                         net (fo=4, unplaced)         0.222     3.787    i_scheduler_core/i_round_engine/i_transition_eval/c2_endpoint_q_reg[task_end][1]_bret__4_i_32/I2
                         LUTCY1 (Prop_LUTCY1_I2_PROP)
                                                      0.082     3.869 r  i_scheduler_core/i_round_engine/i_transition_eval/c2_endpoint_q_reg[task_end][1]_bret__4_i_32/LUTCY1_INST/PROP
                         net (fo=1, unplaced)         0.001     3.870    i_scheduler_core/i_round_engine/i_transition_eval/c2_endpoint_q_reg[task_end][1]_bret__4_i_32_n_3
                         LOOKAHEAD8 (Prop_LOOKAHEAD8_PROPH_COUTH)
                                                      0.129     3.999 f  i_scheduler_core/i_round_engine/i_transition_eval/c2_endpoint_q_reg[task_end][1]_bret__4_i_14/COUTH
                         net (fo=3, unplaced)         0.002     4.001    i_scheduler_core/i_round_engine/i_transition_eval/c2_endpoint_q_reg[task_end][1]_bret__4_i_14_n_3
                         LOOKAHEAD8 (Prop_LOOKAHEAD8_CIN_COUTB)
                                                      0.051     4.052 f  i_scheduler_core/i_round_engine/i_transition_eval/c2_endpoint_q_reg[task_end][1]_bret__4_i_10/COUTB
                         net (fo=10, unplaced)        0.253     4.305    i_scheduler_core/i_round_engine/i_target_s4pf/s2_duration2
                         LUT6 (Prop_LUT6_I5_O)        0.051     4.356 r  i_scheduler_core/i_round_engine/i_target_s4pf/c2_endpoint_q[task_end][9]_bret__4_i_4/O
                         net (fo=18, unplaced)        0.257     4.613    i_scheduler_core/i_round_engine/i_start_iter/c2_endpoint_q_reg[s2_end][1]_i_2/I2
                         LUTCY1 (Prop_LUTCY1_I2_PROP)
                                                      0.086     4.699 r  i_scheduler_core/i_round_engine/i_start_iter/c2_endpoint_q_reg[s2_end][1]_i_2/LUTCY1_INST/PROP
                         net (fo=1, unplaced)         0.002     4.701    i_scheduler_core/i_round_engine/i_start_iter/c2_endpoint_q_reg[s2_end][1]_i_2_n_3
                         LOOKAHEAD8 (Prop_LOOKAHEAD8_PROPB_COUTH)
                                                      0.177     4.878 r  i_scheduler_core/i_round_engine/i_start_iter/c2_endpoint_q_reg[s2_end][8]_i_4/COUTH
                         net (fo=3, unplaced)         0.198     5.076    i_scheduler_core/i_round_engine/i_start_iter/c2_endpoint_q_reg[s2_end][8]_i_2/I4
                         LUTCY2 (Prop_LUTCY2_I4_O)    0.051     5.127 r  i_scheduler_core/i_round_engine/i_start_iter/c2_endpoint_q_reg[s2_end][8]_i_2/LUTCY2_INST/O
                         net (fo=3, unplaced)         0.016     5.143    i_scheduler_core/i_round_engine/i_start_iter/c2_endpoint_q_reg[s2_end][9]_i_2/I4
                         LUTCY1 (Prop_LUTCY1_I4_O)    0.055     5.198 r  i_scheduler_core/i_round_engine/i_start_iter/c2_endpoint_q_reg[s2_end][9]_i_2/LUTCY1_INST/O
                         net (fo=6, unplaced)         0.228     5.426    i_scheduler_core/i_round_engine/i_transition_eval/built_timeline[s2_end][9]
                         LUT4 (Prop_LUT4_I1_O)        0.074     5.500 r  i_scheduler_core/i_round_engine/i_transition_eval/c2_endpoint_q[dma3_end][12]_i_10/O
                         net (fo=1, unplaced)         0.128     5.628    i_scheduler_core/i_round_engine/i_transition_eval/c2_endpoint_q[dma3_end][12]_i_10_n_0
                         LUT5 (Prop_LUT5_I0_O)        0.074     5.702 f  i_scheduler_core/i_round_engine/i_transition_eval/c2_endpoint_q[dma3_end][12]_i_9/O
                         net (fo=1, unplaced)         0.145     5.847    i_scheduler_core/i_round_engine/i_transition_eval/c2_endpoint_q[dma3_end][12]_i_9_n_0
                         LUT5 (Prop_LUT5_I4_O)        0.051     5.898 r  i_scheduler_core/i_round_engine/i_transition_eval/c2_endpoint_q[dma3_end][12]_i_7/O
                         net (fo=1, unplaced)         0.145     6.043    i_scheduler_core/i_round_engine/i_transition_eval/c2_endpoint_q[dma3_end][12]_i_7_n_0
                         LUT6 (Prop_LUT6_I5_O)        0.051     6.094 r  i_scheduler_core/i_round_engine/i_transition_eval/c2_endpoint_q[dma3_end][12]_i_3/O
                         net (fo=32, unplaced)        0.270     6.364    i_scheduler_core/i_round_engine/i_transition_eval/c2_endpoint_q[dma3_end][12]_i_3_n_0
                         LUT6 (Prop_LUT6_I1_O)        0.088     6.452 r  i_scheduler_core/i_round_engine/i_transition_eval/c2_endpoint_q[dma3_end][11]_i_1/O
                         net (fo=2, unplaced)         0.062     6.514    i_scheduler_core/i_round_engine/i_transition_eval/c2_endpoint_q[dma3_end][11]_i_1_n_0
                         FDCE                                         r  i_scheduler_core/i_round_engine/i_transition_eval/c2_endpoint_q_reg[dma3_end][11]/D
  -------------------------------------------------------------------    -------------------

                         (clock scheduler_clk rise edge)
                                                     25.000    25.000 r  
                                                      0.000    25.000 r  clk_i (IN)
                         net (fo=1834, unset)         0.080    25.080    i_scheduler_core/i_round_engine/i_transition_eval/clk_i
                         FDCE                                         r  i_scheduler_core/i_round_engine/i_transition_eval/c2_endpoint_q_reg[dma3_end][11]/C
                         clock pessimism              0.000    25.080    
                         clock uncertainty           -0.300    24.780    
                         FDCE (Setup_FDCE_C_D)        0.007    24.787    i_scheduler_core/i_round_engine/i_transition_eval/c2_endpoint_q_reg[dma3_end][11]
  -------------------------------------------------------------------
                         required time                         24.787    
                         arrival time                          -6.514    
  -------------------------------------------------------------------
                         slack                                 18.273    

Slack (MET) :             18.273ns  (required time - arrival time)
  Source:                 i_scheduler_core/i_round_engine/FSM_onehot_st_q_reg[14]/C
                            (rising edge-triggered cell FDCE clocked by scheduler_clk  {rise@0.000ns fall@12.500ns period=25.000ns})
  Destination:            i_scheduler_core/i_round_engine/i_transition_eval/c2_endpoint_q_reg[dma3_end][12]/D
                            (rising edge-triggered cell FDCE clocked by scheduler_clk  {rise@0.000ns fall@12.500ns period=25.000ns})
  Path Group:             scheduler_clk
  Path Type:              Setup (Max at Slow Process Corner)
  Requirement:            25.000ns  (scheduler_clk rise@25.000ns - scheduler_clk rise@0.000ns)
  Data Path Delay:        6.394ns  (logic 2.226ns (34.814%)  route 4.168ns (65.186%))
  Logic Levels:           28  (LOOKAHEAD8=4 LUT2=1 LUT3=1 LUT4=1 LUT5=5 LUT6=8 LUTCY1=4 LUTCY2=4)
  Clock Path Skew:        -0.040ns (DCD - SCD + CPR)
    Destination Clock Delay (DCD):    0.080ns = ( 25.080 - 25.000 ) 
    Source Clock Delay      (SCD):    0.120ns
    Clock Pessimism Removal (CPR):    0.000ns
  Clock Uncertainty:      0.300ns  (CJ)/2 + PE + PJ
    Clock Jitter             (CJ):    0.600ns
    Phase Error              (PE):    0.000ns
    Phase Jitter             (PJ):    0.000ns

    Location             Delay type                Incr(ns)  Path(ns)    Netlist Resource(s)
  -------------------------------------------------------------------    -------------------
                         (clock scheduler_clk rise edge)
                                                      0.000     0.000 r  
                                                      0.000     0.000 r  clk_i (IN)
                         net (fo=1834, unset)         0.120     0.120    i_scheduler_core/i_round_engine/clk_i
                         FDCE                                         r  i_scheduler_core/i_round_engine/FSM_onehot_st_q_reg[14]/C
  -------------------------------------------------------------------    -------------------
                         FDCE (Prop_FDCE_C_Q)         0.090     0.210 r  i_scheduler_core/i_round_engine/FSM_onehot_st_q_reg[14]/Q
                         net (fo=120, unplaced)       0.255     0.465    i_scheduler_core/i_round_engine/i_transition_eval/global_token_q_reg[profile_addr][0][13]
                         LUT3 (Prop_LUT3_I0_O)        0.096     0.561 r  i_scheduler_core/i_round_engine/i_transition_eval/g0_b0_i_8/O
                         net (fo=43, unplaced)        0.194     0.755    i_scheduler_core/i_round_engine/i_transition_eval/target_phase
                         LUT6 (Prop_LUT6_I3_O)        0.074     0.829 f  i_scheduler_core/i_round_engine/i_transition_eval/g0_b0_i_3/O
                         net (fo=74, unplaced)        0.207     1.036    i_scheduler_core/i_round_engine/i_transition_eval/decode_address[2]
                         LUT5 (Prop_LUT5_I1_O)        0.074     1.110 r  i_scheduler_core/i_round_engine/i_transition_eval/commit_task_q[1][tok_start][7]_i_4/O
                         net (fo=48, unplaced)        0.279     1.389    i_scheduler_core/i_round_engine/i_start_iter/decoded_profile[selector_a][1]
                         LUT6 (Prop_LUT6_I2_O)        0.088     1.477 r  i_scheduler_core/i_round_engine/i_start_iter/s2_offset_q[2]_i_6/O
                         net (fo=4, unplaced)         0.140     1.617    i_scheduler_core/i_round_engine/i_start_iter/hot_q_reg[3][ntok][0]
                         LUT6 (Prop_LUT6_I0_O)        0.074     1.691 f  i_scheduler_core/i_round_engine/i_start_iter/s2_offset_q[1]_i_2/O
                         net (fo=26, unplaced)        0.265     1.956    i_scheduler_core/i_round_engine/commit_task_q_reg[1][ntok][0]_i_2/I2
                         LUTCY2 (Prop_LUTCY2_I2_O)    0.088     2.044 r  i_scheduler_core/i_round_engine/commit_task_q_reg[1][ntok][0]_i_2/LUTCY2_INST/O
                         net (fo=3, unplaced)         0.016     2.060    i_scheduler_core/i_round_engine/commit_task_q_reg[1][ntok][1]_i_3/I4
                         LUTCY2 (Prop_LUTCY2_I4_O)    0.050     2.110 r  i_scheduler_core/i_round_engine/commit_task_q_reg[1][ntok][1]_i_3/LUTCY2_INST/O
                         net (fo=1, unplaced)         0.000     2.110    i_scheduler_core/i_round_engine/commit_task_q_reg[1][ntok][1]_i_3_n_2
                         LOOKAHEAD8 (Prop_LOOKAHEAD8_CYB_COUTD)
                                                      0.113     2.223 r  i_scheduler_core/i_round_engine/commit_task_q_reg[1][ntok][8]_i_7/COUTD
                         net (fo=2, unplaced)         0.014     2.237    i_scheduler_core/i_round_engine/commit_task_q_reg[1][ntok][4]_i_2/I4
                         LUTCY2 (Prop_LUTCY2_I4_O)    0.048     2.285 r  i_scheduler_core/i_round_engine/commit_task_q_reg[1][ntok][4]_i_2/LUTCY2_INST/O
                         net (fo=3, unplaced)         0.022     2.307    i_scheduler_core/i_round_engine/commit_task_q_reg[1][ntok][5]_i_5/I4
                         LUTCY1 (Prop_LUTCY1_I4_O)    0.056     2.363 r  i_scheduler_core/i_round_engine/commit_task_q_reg[1][ntok][5]_i_5/LUTCY1_INST/O
                         net (fo=1, unplaced)         0.206     2.569    i_scheduler_core/i_round_engine/i_pair_compare/commit_task_q_reg[1][ntok][5]
                         LUT5 (Prop_LUT5_I0_O)        0.074     2.643 r  i_scheduler_core/i_round_engine/i_pair_compare/commit_task_q[1][ntok][5]_i_2/O
                         net (fo=2, unplaced)         0.145     2.788    i_scheduler_core/i_round_engine/i_pair_compare/profile_addr_q_reg[4]_1
                         LUT6 (Prop_LUT6_I5_O)        0.051     2.839 f  i_scheduler_core/i_round_engine/i_pair_compare/global_score_q[selected_max][5]_i_3/O
                         net (fo=7, unplaced)         0.153     2.992    i_scheduler_core/i_round_engine/i_transition_eval/c2_endpoint_q_reg[task_end][4]_bret__6_0
                         LUT5 (Prop_LUT5_I0_O)        0.074     3.066 f  i_scheduler_core/i_round_engine/i_transition_eval/c2_endpoint_q[task_end][4]_bret__6_i_3/O
                         net (fo=13, unplaced)        0.167     3.233    i_scheduler_core/i_round_engine/i_transition_eval/c2_endpoint_q[task_end][4]_bret__6_i_3_n_0
                         LUT6 (Prop_LUT6_I0_O)        0.074     3.307 r  i_scheduler_core/i_round_engine/i_transition_eval/c2_endpoint_q[task_end][9]_bret__4_i_5/O
                         net (fo=9, unplaced)         0.176     3.483    i_scheduler_core/i_round_engine/i_transition_eval/c2_endpoint_q[task_end][9]_bret__4_i_5_n_0
                         LUT2 (Prop_LUT2_I0_O)        0.082     3.565 r  i_scheduler_core/i_round_engine/i_transition_eval/c2_endpoint_q[task_end][1]_bret__4_i_34/O
                         net (fo=4, unplaced)         0.222     3.787    i_scheduler_core/i_round_engine/i_transition_eval/c2_endpoint_q_reg[task_end][1]_bret__4_i_32/I2
                         LUTCY1 (Prop_LUTCY1_I2_PROP)
                                                      0.082     3.869 r  i_scheduler_core/i_round_engine/i_transition_eval/c2_endpoint_q_reg[task_end][1]_bret__4_i_32/LUTCY1_INST/PROP
                         net (fo=1, unplaced)         0.001     3.870    i_scheduler_core/i_round_engine/i_transition_eval/c2_endpoint_q_reg[task_end][1]_bret__4_i_32_n_3
                         LOOKAHEAD8 (Prop_LOOKAHEAD8_PROPH_COUTH)
                                                      0.129     3.999 f  i_scheduler_core/i_round_engine/i_transition_eval/c2_endpoint_q_reg[task_end][1]_bret__4_i_14/COUTH
                         net (fo=3, unplaced)         0.002     4.001    i_scheduler_core/i_round_engine/i_transition_eval/c2_endpoint_q_reg[task_end][1]_bret__4_i_14_n_3
                         LOOKAHEAD8 (Prop_LOOKAHEAD8_CIN_COUTB)
                                                      0.051     4.052 f  i_scheduler_core/i_round_engine/i_transition_eval/c2_endpoint_q_reg[task_end][1]_bret__4_i_10/COUTB
                         net (fo=10, unplaced)        0.253     4.305    i_scheduler_core/i_round_engine/i_target_s4pf/s2_duration2
                         LUT6 (Prop_LUT6_I5_O)        0.051     4.356 r  i_scheduler_core/i_round_engine/i_target_s4pf/c2_endpoint_q[task_end][9]_bret__4_i_4/O
                         net (fo=18, unplaced)        0.257     4.613    i_scheduler_core/i_round_engine/i_start_iter/c2_endpoint_q_reg[s2_end][1]_i_2/I2
                         LUTCY1 (Prop_LUTCY1_I2_PROP)
                                                      0.086     4.699 r  i_scheduler_core/i_round_engine/i_start_iter/c2_endpoint_q_reg[s2_end][1]_i_2/LUTCY1_INST/PROP
                         net (fo=1, unplaced)         0.002     4.701    i_scheduler_core/i_round_engine/i_start_iter/c2_endpoint_q_reg[s2_end][1]_i_2_n_3
                         LOOKAHEAD8 (Prop_LOOKAHEAD8_PROPB_COUTH)
                                                      0.177     4.878 r  i_scheduler_core/i_round_engine/i_start_iter/c2_endpoint_q_reg[s2_end][8]_i_4/COUTH
                         net (fo=3, unplaced)         0.198     5.076    i_scheduler_core/i_round_engine/i_start_iter/c2_endpoint_q_reg[s2_end][8]_i_2/I4
                         LUTCY2 (Prop_LUTCY2_I4_O)    0.051     5.127 r  i_scheduler_core/i_round_engine/i_start_iter/c2_endpoint_q_reg[s2_end][8]_i_2/LUTCY2_INST/O
                         net (fo=3, unplaced)         0.016     5.143    i_scheduler_core/i_round_engine/i_start_iter/c2_endpoint_q_reg[s2_end][9]_i_2/I4
                         LUTCY1 (Prop_LUTCY1_I4_O)    0.055     5.198 r  i_scheduler_core/i_round_engine/i_start_iter/c2_endpoint_q_reg[s2_end][9]_i_2/LUTCY1_INST/O
                         net (fo=6, unplaced)         0.228     5.426    i_scheduler_core/i_round_engine/i_transition_eval/built_timeline[s2_end][9]
                         LUT4 (Prop_LUT4_I1_O)        0.074     5.500 r  i_scheduler_core/i_round_engine/i_transition_eval/c2_endpoint_q[dma3_end][12]_i_10/O
                         net (fo=1, unplaced)         0.128     5.628    i_scheduler_core/i_round_engine/i_transition_eval/c2_endpoint_q[dma3_end][12]_i_10_n_0
                         LUT5 (Prop_LUT5_I0_O)        0.074     5.702 f  i_scheduler_core/i_round_engine/i_transition_eval/c2_endpoint_q[dma3_end][12]_i_9/O
                         net (fo=1, unplaced)         0.145     5.847    i_scheduler_core/i_round_engine/i_transition_eval/c2_endpoint_q[dma3_end][12]_i_9_n_0
                         LUT5 (Prop_LUT5_I4_O)        0.051     5.898 r  i_scheduler_core/i_round_engine/i_transition_eval/c2_endpoint_q[dma3_end][12]_i_7/O
                         net (fo=1, unplaced)         0.145     6.043    i_scheduler_core/i_round_engine/i_transition_eval/c2_endpoint_q[dma3_end][12]_i_7_n_0
                         LUT6 (Prop_LUT6_I5_O)        0.051     6.094 r  i_scheduler_core/i_round_engine/i_transition_eval/c2_endpoint_q[dma3_end][12]_i_3/O
                         net (fo=32, unplaced)        0.270     6.364    i_scheduler_core/i_round_engine/i_transition_eval/c2_endpoint_q[dma3_end][12]_i_3_n_0
                         LUT6 (Prop_LUT6_I1_O)        0.088     6.452 r  i_scheduler_core/i_round_engine/i_transition_eval/c2_endpoint_q[dma3_end][12]_i_1/O
                         net (fo=2, unplaced)         0.062     6.514    i_scheduler_core/i_round_engine/i_transition_eval/c2_endpoint_q[dma3_end][12]_i_1_n_0
                         FDCE                                         r  i_scheduler_core/i_round_engine/i_transition_eval/c2_endpoint_q_reg[dma3_end][12]/D
  -------------------------------------------------------------------    -------------------

                         (clock scheduler_clk rise edge)
                                                     25.000    25.000 r  
                                                      0.000    25.000 r  clk_i (IN)
                         net (fo=1834, unset)         0.080    25.080    i_scheduler_core/i_round_engine/i_transition_eval/clk_i
                         FDCE                                         r  i_scheduler_core/i_round_engine/i_transition_eval/c2_endpoint_q_reg[dma3_end][12]/C
                         clock pessimism              0.000    25.080    
                         clock uncertainty           -0.300    24.780    
                         FDCE (Setup_FDCE_C_D)        0.007    24.787    i_scheduler_core/i_round_engine/i_transition_eval/c2_endpoint_q_reg[dma3_end][12]
  -------------------------------------------------------------------
                         required time                         24.787    
                         arrival time                          -6.514    
  -------------------------------------------------------------------
                         slack                                 18.273    

Slack (MET) :             18.273ns  (required time - arrival time)
  Source:                 i_scheduler_core/i_round_engine/FSM_onehot_st_q_reg[14]/C
                            (rising edge-triggered cell FDCE clocked by scheduler_clk  {rise@0.000ns fall@12.500ns period=25.000ns})
  Destination:            i_scheduler_core/i_round_engine/i_transition_eval/c2_endpoint_q_reg[dma3_end][1]/D
                            (rising edge-triggered cell FDCE clocked by scheduler_clk  {rise@0.000ns fall@12.500ns period=25.000ns})
  Path Group:             scheduler_clk
  Path Type:              Setup (Max at Slow Process Corner)
  Requirement:            25.000ns  (scheduler_clk rise@25.000ns - scheduler_clk rise@0.000ns)
  Data Path Delay:        6.394ns  (logic 2.226ns (34.814%)  route 4.168ns (65.186%))
  Logic Levels:           28  (LOOKAHEAD8=4 LUT2=1 LUT3=1 LUT4=1 LUT5=5 LUT6=8 LUTCY1=4 LUTCY2=4)
  Clock Path Skew:        -0.040ns (DCD - SCD + CPR)
    Destination Clock Delay (DCD):    0.080ns = ( 25.080 - 25.000 ) 
    Source Clock Delay      (SCD):    0.120ns
    Clock Pessimism Removal (CPR):    0.000ns
  Clock Uncertainty:      0.300ns  (CJ)/2 + PE + PJ
    Clock Jitter             (CJ):    0.600ns
    Phase Error              (PE):    0.000ns
    Phase Jitter             (PJ):    0.000ns

    Location             Delay type                Incr(ns)  Path(ns)    Netlist Resource(s)
  -------------------------------------------------------------------    -------------------
                         (clock scheduler_clk rise edge)
                                                      0.000     0.000 r  
                                                      0.000     0.000 r  clk_i (IN)
                         net (fo=1834, unset)         0.120     0.120    i_scheduler_core/i_round_engine/clk_i
                         FDCE                                         r  i_scheduler_core/i_round_engine/FSM_onehot_st_q_reg[14]/C
  -------------------------------------------------------------------    -------------------
                         FDCE (Prop_FDCE_C_Q)         0.090     0.210 r  i_scheduler_core/i_round_engine/FSM_onehot_st_q_reg[14]/Q
                         net (fo=120, unplaced)       0.255     0.465    i_scheduler_core/i_round_engine/i_transition_eval/global_token_q_reg[profile_addr][0][13]
                         LUT3 (Prop_LUT3_I0_O)        0.096     0.561 r  i_scheduler_core/i_round_engine/i_transition_eval/g0_b0_i_8/O
                         net (fo=43, unplaced)        0.194     0.755    i_scheduler_core/i_round_engine/i_transition_eval/target_phase
                         LUT6 (Prop_LUT6_I3_O)        0.074     0.829 f  i_scheduler_core/i_round_engine/i_transition_eval/g0_b0_i_3/O
                         net (fo=74, unplaced)        0.207     1.036    i_scheduler_core/i_round_engine/i_transition_eval/decode_address[2]
                         LUT5 (Prop_LUT5_I1_O)        0.074     1.110 r  i_scheduler_core/i_round_engine/i_transition_eval/commit_task_q[1][tok_start][7]_i_4/O
                         net (fo=48, unplaced)        0.279     1.389    i_scheduler_core/i_round_engine/i_start_iter/decoded_profile[selector_a][1]
                         LUT6 (Prop_LUT6_I2_O)        0.088     1.477 r  i_scheduler_core/i_round_engine/i_start_iter/s2_offset_q[2]_i_6/O
                         net (fo=4, unplaced)         0.140     1.617    i_scheduler_core/i_round_engine/i_start_iter/hot_q_reg[3][ntok][0]
                         LUT6 (Prop_LUT6_I0_O)        0.074     1.691 f  i_scheduler_core/i_round_engine/i_start_iter/s2_offset_q[1]_i_2/O
                         net (fo=26, unplaced)        0.265     1.956    i_scheduler_core/i_round_engine/commit_task_q_reg[1][ntok][0]_i_2/I2
                         LUTCY2 (Prop_LUTCY2_I2_O)    0.088     2.044 r  i_scheduler_core/i_round_engine/commit_task_q_reg[1][ntok][0]_i_2/LUTCY2_INST/O
                         net (fo=3, unplaced)         0.016     2.060    i_scheduler_core/i_round_engine/commit_task_q_reg[1][ntok][1]_i_3/I4
                         LUTCY2 (Prop_LUTCY2_I4_O)    0.050     2.110 r  i_scheduler_core/i_round_engine/commit_task_q_reg[1][ntok][1]_i_3/LUTCY2_INST/O
                         net (fo=1, unplaced)         0.000     2.110    i_scheduler_core/i_round_engine/commit_task_q_reg[1][ntok][1]_i_3_n_2
                         LOOKAHEAD8 (Prop_LOOKAHEAD8_CYB_COUTD)
                                                      0.113     2.223 r  i_scheduler_core/i_round_engine/commit_task_q_reg[1][ntok][8]_i_7/COUTD
                         net (fo=2, unplaced)         0.014     2.237    i_scheduler_core/i_round_engine/commit_task_q_reg[1][ntok][4]_i_2/I4
                         LUTCY2 (Prop_LUTCY2_I4_O)    0.048     2.285 r  i_scheduler_core/i_round_engine/commit_task_q_reg[1][ntok][4]_i_2/LUTCY2_INST/O
                         net (fo=3, unplaced)         0.022     2.307    i_scheduler_core/i_round_engine/commit_task_q_reg[1][ntok][5]_i_5/I4
                         LUTCY1 (Prop_LUTCY1_I4_O)    0.056     2.363 r  i_scheduler_core/i_round_engine/commit_task_q_reg[1][ntok][5]_i_5/LUTCY1_INST/O
                         net (fo=1, unplaced)         0.206     2.569    i_scheduler_core/i_round_engine/i_pair_compare/commit_task_q_reg[1][ntok][5]
                         LUT5 (Prop_LUT5_I0_O)        0.074     2.643 r  i_scheduler_core/i_round_engine/i_pair_compare/commit_task_q[1][ntok][5]_i_2/O
                         net (fo=2, unplaced)         0.145     2.788    i_scheduler_core/i_round_engine/i_pair_compare/profile_addr_q_reg[4]_1
                         LUT6 (Prop_LUT6_I5_O)        0.051     2.839 f  i_scheduler_core/i_round_engine/i_pair_compare/global_score_q[selected_max][5]_i_3/O
                         net (fo=7, unplaced)         0.153     2.992    i_scheduler_core/i_round_engine/i_transition_eval/c2_endpoint_q_reg[task_end][4]_bret__6_0
                         LUT5 (Prop_LUT5_I0_O)        0.074     3.066 f  i_scheduler_core/i_round_engine/i_transition_eval/c2_endpoint_q[task_end][4]_bret__6_i_3/O
                         net (fo=13, unplaced)        0.167     3.233    i_scheduler_core/i_round_engine/i_transition_eval/c2_endpoint_q[task_end][4]_bret__6_i_3_n_0
                         LUT6 (Prop_LUT6_I0_O)        0.074     3.307 r  i_scheduler_core/i_round_engine/i_transition_eval/c2_endpoint_q[task_end][9]_bret__4_i_5/O
                         net (fo=9, unplaced)         0.176     3.483    i_scheduler_core/i_round_engine/i_transition_eval/c2_endpoint_q[task_end][9]_bret__4_i_5_n_0
                         LUT2 (Prop_LUT2_I0_O)        0.082     3.565 r  i_scheduler_core/i_round_engine/i_transition_eval/c2_endpoint_q[task_end][1]_bret__4_i_34/O
                         net (fo=4, unplaced)         0.222     3.787    i_scheduler_core/i_round_engine/i_transition_eval/c2_endpoint_q_reg[task_end][1]_bret__4_i_32/I2
                         LUTCY1 (Prop_LUTCY1_I2_PROP)
                                                      0.082     3.869 r  i_scheduler_core/i_round_engine/i_transition_eval/c2_endpoint_q_reg[task_end][1]_bret__4_i_32/LUTCY1_INST/PROP
                         net (fo=1, unplaced)         0.001     3.870    i_scheduler_core/i_round_engine/i_transition_eval/c2_endpoint_q_reg[task_end][1]_bret__4_i_32_n_3
                         LOOKAHEAD8 (Prop_LOOKAHEAD8_PROPH_COUTH)
                                                      0.129     3.999 f  i_scheduler_core/i_round_engine/i_transition_eval/c2_endpoint_q_reg[task_end][1]_bret__4_i_14/COUTH
                         net (fo=3, unplaced)         0.002     4.001    i_scheduler_core/i_round_engine/i_transition_eval/c2_endpoint_q_reg[task_end][1]_bret__4_i_14_n_3
                         LOOKAHEAD8 (Prop_LOOKAHEAD8_CIN_COUTB)
                                                      0.051     4.052 f  i_scheduler_core/i_round_engine/i_transition_eval/c2_endpoint_q_reg[task_end][1]_bret__4_i_10/COUTB
                         net (fo=10, unplaced)        0.253     4.305    i_scheduler_core/i_round_engine/i_target_s4pf/s2_duration2
                         LUT6 (Prop_LUT6_I5_O)        0.051     4.356 r  i_scheduler_core/i_round_engine/i_target_s4pf/c2_endpoint_q[task_end][9]_bret__4_i_4/O
                         net (fo=18, unplaced)        0.257     4.613    i_scheduler_core/i_round_engine/i_start_iter/c2_endpoint_q_reg[s2_end][1]_i_2/I2
                         LUTCY1 (Prop_LUTCY1_I2_PROP)
                                                      0.086     4.699 r  i_scheduler_core/i_round_engine/i_start_iter/c2_endpoint_q_reg[s2_end][1]_i_2/LUTCY1_INST/PROP
                         net (fo=1, unplaced)         0.002     4.701    i_scheduler_core/i_round_engine/i_start_iter/c2_endpoint_q_reg[s2_end][1]_i_2_n_3
                         LOOKAHEAD8 (Prop_LOOKAHEAD8_PROPB_COUTH)
                                                      0.177     4.878 r  i_scheduler_core/i_round_engine/i_start_iter/c2_endpoint_q_reg[s2_end][8]_i_4/COUTH
                         net (fo=3, unplaced)         0.198     5.076    i_scheduler_core/i_round_engine/i_start_iter/c2_endpoint_q_reg[s2_end][8]_i_2/I4
                         LUTCY2 (Prop_LUTCY2_I4_O)    0.051     5.127 r  i_scheduler_core/i_round_engine/i_start_iter/c2_endpoint_q_reg[s2_end][8]_i_2/LUTCY2_INST/O
                         net (fo=3, unplaced)         0.016     5.143    i_scheduler_core/i_round_engine/i_start_iter/c2_endpoint_q_reg[s2_end][9]_i_2/I4
                         LUTCY1 (Prop_LUTCY1_I4_O)    0.055     5.198 r  i_scheduler_core/i_round_engine/i_start_iter/c2_endpoint_q_reg[s2_end][9]_i_2/LUTCY1_INST/O
                         net (fo=6, unplaced)         0.228     5.426    i_scheduler_core/i_round_engine/i_transition_eval/built_timeline[s2_end][9]
                         LUT4 (Prop_LUT4_I1_O)        0.074     5.500 r  i_scheduler_core/i_round_engine/i_transition_eval/c2_endpoint_q[dma3_end][12]_i_10/O
                         net (fo=1, unplaced)         0.128     5.628    i_scheduler_core/i_round_engine/i_transition_eval/c2_endpoint_q[dma3_end][12]_i_10_n_0
                         LUT5 (Prop_LUT5_I0_O)        0.074     5.702 f  i_scheduler_core/i_round_engine/i_transition_eval/c2_endpoint_q[dma3_end][12]_i_9/O
                         net (fo=1, unplaced)         0.145     5.847    i_scheduler_core/i_round_engine/i_transition_eval/c2_endpoint_q[dma3_end][12]_i_9_n_0
                         LUT5 (Prop_LUT5_I4_O)        0.051     5.898 r  i_scheduler_core/i_round_engine/i_transition_eval/c2_endpoint_q[dma3_end][12]_i_7/O
                         net (fo=1, unplaced)         0.145     6.043    i_scheduler_core/i_round_engine/i_transition_eval/c2_endpoint_q[dma3_end][12]_i_7_n_0
                         LUT6 (Prop_LUT6_I5_O)        0.051     6.094 r  i_scheduler_core/i_round_engine/i_transition_eval/c2_endpoint_q[dma3_end][12]_i_3/O
                         net (fo=32, unplaced)        0.270     6.364    i_scheduler_core/i_round_engine/i_transition_eval/c2_endpoint_q[dma3_end][12]_i_3_n_0
                         LUT6 (Prop_LUT6_I1_O)        0.088     6.452 r  i_scheduler_core/i_round_engine/i_transition_eval/c2_endpoint_q[dma3_end][1]_i_1/O
                         net (fo=2, unplaced)         0.062     6.514    i_scheduler_core/i_round_engine/i_transition_eval/c2_endpoint_q[dma3_end][1]_i_1_n_0
                         FDCE                                         r  i_scheduler_core/i_round_engine/i_transition_eval/c2_endpoint_q_reg[dma3_end][1]/D
  -------------------------------------------------------------------    -------------------

                         (clock scheduler_clk rise edge)
                                                     25.000    25.000 r  
                                                      0.000    25.000 r  clk_i (IN)
                         net (fo=1834, unset)         0.080    25.080    i_scheduler_core/i_round_engine/i_transition_eval/clk_i
                         FDCE                                         r  i_scheduler_core/i_round_engine/i_transition_eval/c2_endpoint_q_reg[dma3_end][1]/C
                         clock pessimism              0.000    25.080    
                         clock uncertainty           -0.300    24.780    
                         FDCE (Setup_FDCE_C_D)        0.007    24.787    i_scheduler_core/i_round_engine/i_transition_eval/c2_endpoint_q_reg[dma3_end][1]
  -------------------------------------------------------------------
                         required time                         24.787    
                         arrival time                          -6.514    
  -------------------------------------------------------------------
                         slack                                 18.273    

Slack (MET) :             18.273ns  (required time - arrival time)
  Source:                 i_scheduler_core/i_round_engine/FSM_onehot_st_q_reg[14]/C
                            (rising edge-triggered cell FDCE clocked by scheduler_clk  {rise@0.000ns fall@12.500ns period=25.000ns})
  Destination:            i_scheduler_core/i_round_engine/i_transition_eval/c2_endpoint_q_reg[dma3_end][2]/D
                            (rising edge-triggered cell FDCE clocked by scheduler_clk  {rise@0.000ns fall@12.500ns period=25.000ns})
  Path Group:             scheduler_clk
  Path Type:              Setup (Max at Slow Process Corner)
  Requirement:            25.000ns  (scheduler_clk rise@25.000ns - scheduler_clk rise@0.000ns)
  Data Path Delay:        6.394ns  (logic 2.226ns (34.814%)  route 4.168ns (65.186%))
  Logic Levels:           28  (LOOKAHEAD8=4 LUT2=1 LUT3=1 LUT4=1 LUT5=5 LUT6=8 LUTCY1=4 LUTCY2=4)
  Clock Path Skew:        -0.040ns (DCD - SCD + CPR)
    Destination Clock Delay (DCD):    0.080ns = ( 25.080 - 25.000 ) 
    Source Clock Delay      (SCD):    0.120ns
    Clock Pessimism Removal (CPR):    0.000ns
  Clock Uncertainty:      0.300ns  (CJ)/2 + PE + PJ
    Clock Jitter             (CJ):    0.600ns
    Phase Error              (PE):    0.000ns
    Phase Jitter             (PJ):    0.000ns

    Location             Delay type                Incr(ns)  Path(ns)    Netlist Resource(s)
  -------------------------------------------------------------------    -------------------
                         (clock scheduler_clk rise edge)
                                                      0.000     0.000 r  
                                                      0.000     0.000 r  clk_i (IN)
                         net (fo=1834, unset)         0.120     0.120    i_scheduler_core/i_round_engine/clk_i
                         FDCE                                         r  i_scheduler_core/i_round_engine/FSM_onehot_st_q_reg[14]/C
  -------------------------------------------------------------------    -------------------
                         FDCE (Prop_FDCE_C_Q)         0.090     0.210 r  i_scheduler_core/i_round_engine/FSM_onehot_st_q_reg[14]/Q
                         net (fo=120, unplaced)       0.255     0.465    i_scheduler_core/i_round_engine/i_transition_eval/global_token_q_reg[profile_addr][0][13]
                         LUT3 (Prop_LUT3_I0_O)        0.096     0.561 r  i_scheduler_core/i_round_engine/i_transition_eval/g0_b0_i_8/O
                         net (fo=43, unplaced)        0.194     0.755    i_scheduler_core/i_round_engine/i_transition_eval/target_phase
                         LUT6 (Prop_LUT6_I3_O)        0.074     0.829 f  i_scheduler_core/i_round_engine/i_transition_eval/g0_b0_i_3/O
                         net (fo=74, unplaced)        0.207     1.036    i_scheduler_core/i_round_engine/i_transition_eval/decode_address[2]
                         LUT5 (Prop_LUT5_I1_O)        0.074     1.110 r  i_scheduler_core/i_round_engine/i_transition_eval/commit_task_q[1][tok_start][7]_i_4/O
                         net (fo=48, unplaced)        0.279     1.389    i_scheduler_core/i_round_engine/i_start_iter/decoded_profile[selector_a][1]
                         LUT6 (Prop_LUT6_I2_O)        0.088     1.477 r  i_scheduler_core/i_round_engine/i_start_iter/s2_offset_q[2]_i_6/O
                         net (fo=4, unplaced)         0.140     1.617    i_scheduler_core/i_round_engine/i_start_iter/hot_q_reg[3][ntok][0]
                         LUT6 (Prop_LUT6_I0_O)        0.074     1.691 f  i_scheduler_core/i_round_engine/i_start_iter/s2_offset_q[1]_i_2/O
                         net (fo=26, unplaced)        0.265     1.956    i_scheduler_core/i_round_engine/commit_task_q_reg[1][ntok][0]_i_2/I2
                         LUTCY2 (Prop_LUTCY2_I2_O)    0.088     2.044 r  i_scheduler_core/i_round_engine/commit_task_q_reg[1][ntok][0]_i_2/LUTCY2_INST/O
                         net (fo=3, unplaced)         0.016     2.060    i_scheduler_core/i_round_engine/commit_task_q_reg[1][ntok][1]_i_3/I4
                         LUTCY2 (Prop_LUTCY2_I4_O)    0.050     2.110 r  i_scheduler_core/i_round_engine/commit_task_q_reg[1][ntok][1]_i_3/LUTCY2_INST/O
                         net (fo=1, unplaced)         0.000     2.110    i_scheduler_core/i_round_engine/commit_task_q_reg[1][ntok][1]_i_3_n_2
                         LOOKAHEAD8 (Prop_LOOKAHEAD8_CYB_COUTD)
                                                      0.113     2.223 r  i_scheduler_core/i_round_engine/commit_task_q_reg[1][ntok][8]_i_7/COUTD
                         net (fo=2, unplaced)         0.014     2.237    i_scheduler_core/i_round_engine/commit_task_q_reg[1][ntok][4]_i_2/I4
                         LUTCY2 (Prop_LUTCY2_I4_O)    0.048     2.285 r  i_scheduler_core/i_round_engine/commit_task_q_reg[1][ntok][4]_i_2/LUTCY2_INST/O
                         net (fo=3, unplaced)         0.022     2.307    i_scheduler_core/i_round_engine/commit_task_q_reg[1][ntok][5]_i_5/I4
                         LUTCY1 (Prop_LUTCY1_I4_O)    0.056     2.363 r  i_scheduler_core/i_round_engine/commit_task_q_reg[1][ntok][5]_i_5/LUTCY1_INST/O
                         net (fo=1, unplaced)         0.206     2.569    i_scheduler_core/i_round_engine/i_pair_compare/commit_task_q_reg[1][ntok][5]
                         LUT5 (Prop_LUT5_I0_O)        0.074     2.643 r  i_scheduler_core/i_round_engine/i_pair_compare/commit_task_q[1][ntok][5]_i_2/O
                         net (fo=2, unplaced)         0.145     2.788    i_scheduler_core/i_round_engine/i_pair_compare/profile_addr_q_reg[4]_1
                         LUT6 (Prop_LUT6_I5_O)        0.051     2.839 f  i_scheduler_core/i_round_engine/i_pair_compare/global_score_q[selected_max][5]_i_3/O
                         net (fo=7, unplaced)         0.153     2.992    i_scheduler_core/i_round_engine/i_transition_eval/c2_endpoint_q_reg[task_end][4]_bret__6_0
                         LUT5 (Prop_LUT5_I0_O)        0.074     3.066 f  i_scheduler_core/i_round_engine/i_transition_eval/c2_endpoint_q[task_end][4]_bret__6_i_3/O
                         net (fo=13, unplaced)        0.167     3.233    i_scheduler_core/i_round_engine/i_transition_eval/c2_endpoint_q[task_end][4]_bret__6_i_3_n_0
                         LUT6 (Prop_LUT6_I0_O)        0.074     3.307 r  i_scheduler_core/i_round_engine/i_transition_eval/c2_endpoint_q[task_end][9]_bret__4_i_5/O
                         net (fo=9, unplaced)         0.176     3.483    i_scheduler_core/i_round_engine/i_transition_eval/c2_endpoint_q[task_end][9]_bret__4_i_5_n_0
                         LUT2 (Prop_LUT2_I0_O)        0.082     3.565 r  i_scheduler_core/i_round_engine/i_transition_eval/c2_endpoint_q[task_end][1]_bret__4_i_34/O
                         net (fo=4, unplaced)         0.222     3.787    i_scheduler_core/i_round_engine/i_transition_eval/c2_endpoint_q_reg[task_end][1]_bret__4_i_32/I2
                         LUTCY1 (Prop_LUTCY1_I2_PROP)
                                                      0.082     3.869 r  i_scheduler_core/i_round_engine/i_transition_eval/c2_endpoint_q_reg[task_end][1]_bret__4_i_32/LUTCY1_INST/PROP
                         net (fo=1, unplaced)         0.001     3.870    i_scheduler_core/i_round_engine/i_transition_eval/c2_endpoint_q_reg[task_end][1]_bret__4_i_32_n_3
                         LOOKAHEAD8 (Prop_LOOKAHEAD8_PROPH_COUTH)
                                                      0.129     3.999 f  i_scheduler_core/i_round_engine/i_transition_eval/c2_endpoint_q_reg[task_end][1]_bret__4_i_14/COUTH
                         net (fo=3, unplaced)         0.002     4.001    i_scheduler_core/i_round_engine/i_transition_eval/c2_endpoint_q_reg[task_end][1]_bret__4_i_14_n_3
                         LOOKAHEAD8 (Prop_LOOKAHEAD8_CIN_COUTB)
                                                      0.051     4.052 f  i_scheduler_core/i_round_engine/i_transition_eval/c2_endpoint_q_reg[task_end][1]_bret__4_i_10/COUTB
                         net (fo=10, unplaced)        0.253     4.305    i_scheduler_core/i_round_engine/i_target_s4pf/s2_duration2
                         LUT6 (Prop_LUT6_I5_O)        0.051     4.356 r  i_scheduler_core/i_round_engine/i_target_s4pf/c2_endpoint_q[task_end][9]_bret__4_i_4/O
                         net (fo=18, unplaced)        0.257     4.613    i_scheduler_core/i_round_engine/i_start_iter/c2_endpoint_q_reg[s2_end][1]_i_2/I2
                         LUTCY1 (Prop_LUTCY1_I2_PROP)
                                                      0.086     4.699 r  i_scheduler_core/i_round_engine/i_start_iter/c2_endpoint_q_reg[s2_end][1]_i_2/LUTCY1_INST/PROP
                         net (fo=1, unplaced)         0.002     4.701    i_scheduler_core/i_round_engine/i_start_iter/c2_endpoint_q_reg[s2_end][1]_i_2_n_3
                         LOOKAHEAD8 (Prop_LOOKAHEAD8_PROPB_COUTH)
                                                      0.177     4.878 r  i_scheduler_core/i_round_engine/i_start_iter/c2_endpoint_q_reg[s2_end][8]_i_4/COUTH
                         net (fo=3, unplaced)         0.198     5.076    i_scheduler_core/i_round_engine/i_start_iter/c2_endpoint_q_reg[s2_end][8]_i_2/I4
                         LUTCY2 (Prop_LUTCY2_I4_O)    0.051     5.127 r  i_scheduler_core/i_round_engine/i_start_iter/c2_endpoint_q_reg[s2_end][8]_i_2/LUTCY2_INST/O
                         net (fo=3, unplaced)         0.016     5.143    i_scheduler_core/i_round_engine/i_start_iter/c2_endpoint_q_reg[s2_end][9]_i_2/I4
                         LUTCY1 (Prop_LUTCY1_I4_O)    0.055     5.198 r  i_scheduler_core/i_round_engine/i_start_iter/c2_endpoint_q_reg[s2_end][9]_i_2/LUTCY1_INST/O
                         net (fo=6, unplaced)         0.228     5.426    i_scheduler_core/i_round_engine/i_transition_eval/built_timeline[s2_end][9]
                         LUT4 (Prop_LUT4_I1_O)        0.074     5.500 r  i_scheduler_core/i_round_engine/i_transition_eval/c2_endpoint_q[dma3_end][12]_i_10/O
                         net (fo=1, unplaced)         0.128     5.628    i_scheduler_core/i_round_engine/i_transition_eval/c2_endpoint_q[dma3_end][12]_i_10_n_0
                         LUT5 (Prop_LUT5_I0_O)        0.074     5.702 f  i_scheduler_core/i_round_engine/i_transition_eval/c2_endpoint_q[dma3_end][12]_i_9/O
                         net (fo=1, unplaced)         0.145     5.847    i_scheduler_core/i_round_engine/i_transition_eval/c2_endpoint_q[dma3_end][12]_i_9_n_0
                         LUT5 (Prop_LUT5_I4_O)        0.051     5.898 r  i_scheduler_core/i_round_engine/i_transition_eval/c2_endpoint_q[dma3_end][12]_i_7/O
                         net (fo=1, unplaced)         0.145     6.043    i_scheduler_core/i_round_engine/i_transition_eval/c2_endpoint_q[dma3_end][12]_i_7_n_0
                         LUT6 (Prop_LUT6_I5_O)        0.051     6.094 r  i_scheduler_core/i_round_engine/i_transition_eval/c2_endpoint_q[dma3_end][12]_i_3/O
                         net (fo=32, unplaced)        0.270     6.364    i_scheduler_core/i_round_engine/i_transition_eval/c2_endpoint_q[dma3_end][12]_i_3_n_0
                         LUT6 (Prop_LUT6_I1_O)        0.088     6.452 r  i_scheduler_core/i_round_engine/i_transition_eval/c2_endpoint_q[dma3_end][2]_i_1/O
                         net (fo=2, unplaced)         0.062     6.514    i_scheduler_core/i_round_engine/i_transition_eval/c2_endpoint_q[dma3_end][2]_i_1_n_0
                         FDCE                                         r  i_scheduler_core/i_round_engine/i_transition_eval/c2_endpoint_q_reg[dma3_end][2]/D
  -------------------------------------------------------------------    -------------------

                         (clock scheduler_clk rise edge)
                                                     25.000    25.000 r  
                                                      0.000    25.000 r  clk_i (IN)
                         net (fo=1834, unset)         0.080    25.080    i_scheduler_core/i_round_engine/i_transition_eval/clk_i
                         FDCE                                         r  i_scheduler_core/i_round_engine/i_transition_eval/c2_endpoint_q_reg[dma3_end][2]/C
                         clock pessimism              0.000    25.080    
                         clock uncertainty           -0.300    24.780    
                         FDCE (Setup_FDCE_C_D)        0.007    24.787    i_scheduler_core/i_round_engine/i_transition_eval/c2_endpoint_q_reg[dma3_end][2]
  -------------------------------------------------------------------
                         required time                         24.787    
                         arrival time                          -6.514    
  -------------------------------------------------------------------
                         slack                                 18.273    

Slack (MET) :             18.273ns  (required time - arrival time)
  Source:                 i_scheduler_core/i_round_engine/FSM_onehot_st_q_reg[14]/C
                            (rising edge-triggered cell FDCE clocked by scheduler_clk  {rise@0.000ns fall@12.500ns period=25.000ns})
  Destination:            i_scheduler_core/i_round_engine/i_transition_eval/c2_endpoint_q_reg[dma3_end][3]/D
                            (rising edge-triggered cell FDCE clocked by scheduler_clk  {rise@0.000ns fall@12.500ns period=25.000ns})
  Path Group:             scheduler_clk
  Path Type:              Setup (Max at Slow Process Corner)
  Requirement:            25.000ns  (scheduler_clk rise@25.000ns - scheduler_clk rise@0.000ns)
  Data Path Delay:        6.394ns  (logic 2.226ns (34.814%)  route 4.168ns (65.186%))
  Logic Levels:           28  (LOOKAHEAD8=4 LUT2=1 LUT3=1 LUT4=1 LUT5=5 LUT6=8 LUTCY1=4 LUTCY2=4)
  Clock Path Skew:        -0.040ns (DCD - SCD + CPR)
    Destination Clock Delay (DCD):    0.080ns = ( 25.080 - 25.000 ) 
    Source Clock Delay      (SCD):    0.120ns
    Clock Pessimism Removal (CPR):    0.000ns
  Clock Uncertainty:      0.300ns  (CJ)/2 + PE + PJ
    Clock Jitter             (CJ):    0.600ns
    Phase Error              (PE):    0.000ns
    Phase Jitter             (PJ):    0.000ns

    Location             Delay type                Incr(ns)  Path(ns)    Netlist Resource(s)
  -------------------------------------------------------------------    -------------------
                         (clock scheduler_clk rise edge)
                                                      0.000     0.000 r  
                                                      0.000     0.000 r  clk_i (IN)
                         net (fo=1834, unset)         0.120     0.120    i_scheduler_core/i_round_engine/clk_i
                         FDCE                                         r  i_scheduler_core/i_round_engine/FSM_onehot_st_q_reg[14]/C
  -------------------------------------------------------------------    -------------------
                         FDCE (Prop_FDCE_C_Q)         0.090     0.210 r  i_scheduler_core/i_round_engine/FSM_onehot_st_q_reg[14]/Q
                         net (fo=120, unplaced)       0.255     0.465    i_scheduler_core/i_round_engine/i_transition_eval/global_token_q_reg[profile_addr][0][13]
                         LUT3 (Prop_LUT3_I0_O)        0.096     0.561 r  i_scheduler_core/i_round_engine/i_transition_eval/g0_b0_i_8/O
                         net (fo=43, unplaced)        0.194     0.755    i_scheduler_core/i_round_engine/i_transition_eval/target_phase
                         LUT6 (Prop_LUT6_I3_O)        0.074     0.829 f  i_scheduler_core/i_round_engine/i_transition_eval/g0_b0_i_3/O
                         net (fo=74, unplaced)        0.207     1.036    i_scheduler_core/i_round_engine/i_transition_eval/decode_address[2]
                         LUT5 (Prop_LUT5_I1_O)        0.074     1.110 r  i_scheduler_core/i_round_engine/i_transition_eval/commit_task_q[1][tok_start][7]_i_4/O
                         net (fo=48, unplaced)        0.279     1.389    i_scheduler_core/i_round_engine/i_start_iter/decoded_profile[selector_a][1]
                         LUT6 (Prop_LUT6_I2_O)        0.088     1.477 r  i_scheduler_core/i_round_engine/i_start_iter/s2_offset_q[2]_i_6/O
                         net (fo=4, unplaced)         0.140     1.617    i_scheduler_core/i_round_engine/i_start_iter/hot_q_reg[3][ntok][0]
                         LUT6 (Prop_LUT6_I0_O)        0.074     1.691 f  i_scheduler_core/i_round_engine/i_start_iter/s2_offset_q[1]_i_2/O
                         net (fo=26, unplaced)        0.265     1.956    i_scheduler_core/i_round_engine/commit_task_q_reg[1][ntok][0]_i_2/I2
                         LUTCY2 (Prop_LUTCY2_I2_O)    0.088     2.044 r  i_scheduler_core/i_round_engine/commit_task_q_reg[1][ntok][0]_i_2/LUTCY2_INST/O
                         net (fo=3, unplaced)         0.016     2.060    i_scheduler_core/i_round_engine/commit_task_q_reg[1][ntok][1]_i_3/I4
                         LUTCY2 (Prop_LUTCY2_I4_O)    0.050     2.110 r  i_scheduler_core/i_round_engine/commit_task_q_reg[1][ntok][1]_i_3/LUTCY2_INST/O
                         net (fo=1, unplaced)         0.000     2.110    i_scheduler_core/i_round_engine/commit_task_q_reg[1][ntok][1]_i_3_n_2
                         LOOKAHEAD8 (Prop_LOOKAHEAD8_CYB_COUTD)
                                                      0.113     2.223 r  i_scheduler_core/i_round_engine/commit_task_q_reg[1][ntok][8]_i_7/COUTD
                         net (fo=2, unplaced)         0.014     2.237    i_scheduler_core/i_round_engine/commit_task_q_reg[1][ntok][4]_i_2/I4
                         LUTCY2 (Prop_LUTCY2_I4_O)    0.048     2.285 r  i_scheduler_core/i_round_engine/commit_task_q_reg[1][ntok][4]_i_2/LUTCY2_INST/O
                         net (fo=3, unplaced)         0.022     2.307    i_scheduler_core/i_round_engine/commit_task_q_reg[1][ntok][5]_i_5/I4
                         LUTCY1 (Prop_LUTCY1_I4_O)    0.056     2.363 r  i_scheduler_core/i_round_engine/commit_task_q_reg[1][ntok][5]_i_5/LUTCY1_INST/O
                         net (fo=1, unplaced)         0.206     2.569    i_scheduler_core/i_round_engine/i_pair_compare/commit_task_q_reg[1][ntok][5]
                         LUT5 (Prop_LUT5_I0_O)        0.074     2.643 r  i_scheduler_core/i_round_engine/i_pair_compare/commit_task_q[1][ntok][5]_i_2/O
                         net (fo=2, unplaced)         0.145     2.788    i_scheduler_core/i_round_engine/i_pair_compare/profile_addr_q_reg[4]_1
                         LUT6 (Prop_LUT6_I5_O)        0.051     2.839 f  i_scheduler_core/i_round_engine/i_pair_compare/global_score_q[selected_max][5]_i_3/O
                         net (fo=7, unplaced)         0.153     2.992    i_scheduler_core/i_round_engine/i_transition_eval/c2_endpoint_q_reg[task_end][4]_bret__6_0
                         LUT5 (Prop_LUT5_I0_O)        0.074     3.066 f  i_scheduler_core/i_round_engine/i_transition_eval/c2_endpoint_q[task_end][4]_bret__6_i_3/O
                         net (fo=13, unplaced)        0.167     3.233    i_scheduler_core/i_round_engine/i_transition_eval/c2_endpoint_q[task_end][4]_bret__6_i_3_n_0
                         LUT6 (Prop_LUT6_I0_O)        0.074     3.307 r  i_scheduler_core/i_round_engine/i_transition_eval/c2_endpoint_q[task_end][9]_bret__4_i_5/O
                         net (fo=9, unplaced)         0.176     3.483    i_scheduler_core/i_round_engine/i_transition_eval/c2_endpoint_q[task_end][9]_bret__4_i_5_n_0
                         LUT2 (Prop_LUT2_I0_O)        0.082     3.565 r  i_scheduler_core/i_round_engine/i_transition_eval/c2_endpoint_q[task_end][1]_bret__4_i_34/O
                         net (fo=4, unplaced)         0.222     3.787    i_scheduler_core/i_round_engine/i_transition_eval/c2_endpoint_q_reg[task_end][1]_bret__4_i_32/I2
                         LUTCY1 (Prop_LUTCY1_I2_PROP)
                                                      0.082     3.869 r  i_scheduler_core/i_round_engine/i_transition_eval/c2_endpoint_q_reg[task_end][1]_bret__4_i_32/LUTCY1_INST/PROP
                         net (fo=1, unplaced)         0.001     3.870    i_scheduler_core/i_round_engine/i_transition_eval/c2_endpoint_q_reg[task_end][1]_bret__4_i_32_n_3
                         LOOKAHEAD8 (Prop_LOOKAHEAD8_PROPH_COUTH)
                                                      0.129     3.999 f  i_scheduler_core/i_round_engine/i_transition_eval/c2_endpoint_q_reg[task_end][1]_bret__4_i_14/COUTH
                         net (fo=3, unplaced)         0.002     4.001    i_scheduler_core/i_round_engine/i_transition_eval/c2_endpoint_q_reg[task_end][1]_bret__4_i_14_n_3
                         LOOKAHEAD8 (Prop_LOOKAHEAD8_CIN_COUTB)
                                                      0.051     4.052 f  i_scheduler_core/i_round_engine/i_transition_eval/c2_endpoint_q_reg[task_end][1]_bret__4_i_10/COUTB
                         net (fo=10, unplaced)        0.253     4.305    i_scheduler_core/i_round_engine/i_target_s4pf/s2_duration2
                         LUT6 (Prop_LUT6_I5_O)        0.051     4.356 r  i_scheduler_core/i_round_engine/i_target_s4pf/c2_endpoint_q[task_end][9]_bret__4_i_4/O
                         net (fo=18, unplaced)        0.257     4.613    i_scheduler_core/i_round_engine/i_start_iter/c2_endpoint_q_reg[s2_end][1]_i_2/I2
                         LUTCY1 (Prop_LUTCY1_I2_PROP)
                                                      0.086     4.699 r  i_scheduler_core/i_round_engine/i_start_iter/c2_endpoint_q_reg[s2_end][1]_i_2/LUTCY1_INST/PROP
                         net (fo=1, unplaced)         0.002     4.701    i_scheduler_core/i_round_engine/i_start_iter/c2_endpoint_q_reg[s2_end][1]_i_2_n_3
                         LOOKAHEAD8 (Prop_LOOKAHEAD8_PROPB_COUTH)
                                                      0.177     4.878 r  i_scheduler_core/i_round_engine/i_start_iter/c2_endpoint_q_reg[s2_end][8]_i_4/COUTH
                         net (fo=3, unplaced)         0.198     5.076    i_scheduler_core/i_round_engine/i_start_iter/c2_endpoint_q_reg[s2_end][8]_i_2/I4
                         LUTCY2 (Prop_LUTCY2_I4_O)    0.051     5.127 r  i_scheduler_core/i_round_engine/i_start_iter/c2_endpoint_q_reg[s2_end][8]_i_2/LUTCY2_INST/O
                         net (fo=3, unplaced)         0.016     5.143    i_scheduler_core/i_round_engine/i_start_iter/c2_endpoint_q_reg[s2_end][9]_i_2/I4
                         LUTCY1 (Prop_LUTCY1_I4_O)    0.055     5.198 r  i_scheduler_core/i_round_engine/i_start_iter/c2_endpoint_q_reg[s2_end][9]_i_2/LUTCY1_INST/O
                         net (fo=6, unplaced)         0.228     5.426    i_scheduler_core/i_round_engine/i_transition_eval/built_timeline[s2_end][9]
                         LUT4 (Prop_LUT4_I1_O)        0.074     5.500 r  i_scheduler_core/i_round_engine/i_transition_eval/c2_endpoint_q[dma3_end][12]_i_10/O
                         net (fo=1, unplaced)         0.128     5.628    i_scheduler_core/i_round_engine/i_transition_eval/c2_endpoint_q[dma3_end][12]_i_10_n_0
                         LUT5 (Prop_LUT5_I0_O)        0.074     5.702 f  i_scheduler_core/i_round_engine/i_transition_eval/c2_endpoint_q[dma3_end][12]_i_9/O
                         net (fo=1, unplaced)         0.145     5.847    i_scheduler_core/i_round_engine/i_transition_eval/c2_endpoint_q[dma3_end][12]_i_9_n_0
                         LUT5 (Prop_LUT5_I4_O)        0.051     5.898 r  i_scheduler_core/i_round_engine/i_transition_eval/c2_endpoint_q[dma3_end][12]_i_7/O
                         net (fo=1, unplaced)         0.145     6.043    i_scheduler_core/i_round_engine/i_transition_eval/c2_endpoint_q[dma3_end][12]_i_7_n_0
                         LUT6 (Prop_LUT6_I5_O)        0.051     6.094 r  i_scheduler_core/i_round_engine/i_transition_eval/c2_endpoint_q[dma3_end][12]_i_3/O
                         net (fo=32, unplaced)        0.270     6.364    i_scheduler_core/i_round_engine/i_transition_eval/c2_endpoint_q[dma3_end][12]_i_3_n_0
                         LUT6 (Prop_LUT6_I1_O)        0.088     6.452 r  i_scheduler_core/i_round_engine/i_transition_eval/c2_endpoint_q[dma3_end][3]_i_1/O
                         net (fo=2, unplaced)         0.062     6.514    i_scheduler_core/i_round_engine/i_transition_eval/c2_endpoint_q[dma3_end][3]_i_1_n_0
                         FDCE                                         r  i_scheduler_core/i_round_engine/i_transition_eval/c2_endpoint_q_reg[dma3_end][3]/D
  -------------------------------------------------------------------    -------------------

                         (clock scheduler_clk rise edge)
                                                     25.000    25.000 r  
                                                      0.000    25.000 r  clk_i (IN)
                         net (fo=1834, unset)         0.080    25.080    i_scheduler_core/i_round_engine/i_transition_eval/clk_i
                         FDCE                                         r  i_scheduler_core/i_round_engine/i_transition_eval/c2_endpoint_q_reg[dma3_end][3]/C
                         clock pessimism              0.000    25.080    
                         clock uncertainty           -0.300    24.780    
                         FDCE (Setup_FDCE_C_D)        0.007    24.787    i_scheduler_core/i_round_engine/i_transition_eval/c2_endpoint_q_reg[dma3_end][3]
  -------------------------------------------------------------------
                         required time                         24.787    
                         arrival time                          -6.514    
  -------------------------------------------------------------------
                         slack                                 18.273    





Pulse Width Checks
--------------------------------------------------------------------------------------
Clock Name:         scheduler_clk
Waveform(ns):       { 0.000 12.500 }
Period(ns):         25.000
Sources:            { clk_i }

Check Type        Corner  Lib Pin  Reference Pin  Required(ns)  Actual(ns)  Slack(ns)  Location  Pin
Min Period        n/a     FDCE/C   n/a            0.550         25.000      24.450               active_count_q_reg[0]/C
Min Period        n/a     FDCE/C   n/a            0.550         25.000      24.450               active_count_q_reg[1]/C
Min Period        n/a     FDCE/C   n/a            0.550         25.000      24.450               active_count_q_reg[2]/C
Min Period        n/a     FDCE/C   n/a            0.550         25.000      24.450               active_count_q_reg[3]/C
Min Period        n/a     FDCE/C   n/a            0.550         25.000      24.450               active_count_q_reg[4]/C
Min Period        n/a     FDCE/C   n/a            0.550         25.000      24.450               active_count_q_reg[5]/C
Min Period        n/a     FDCE/C   n/a            0.550         25.000      24.450               active_count_q_reg[6]/C
Min Period        n/a     FDCE/C   n/a            0.550         25.000      24.450               auto_run_q_reg/C
Min Period        n/a     FDCE/C   n/a            0.550         25.000      24.450               cold_count_q_reg[0]/C
Min Period        n/a     FDCE/C   n/a            0.550         25.000      24.450               cold_count_q_reg[1]/C
Min Period        n/a     FDCE/C   n/a            0.550         25.000      24.450               cold_count_q_reg[2]/C
Min Period        n/a     FDCE/C   n/a            0.550         25.000      24.450               cold_q_reg[0][eid][0]/C
Min Period        n/a     FDCE/C   n/a            0.550         25.000      24.450               cold_q_reg[0][eid][1]/C
Min Period        n/a     FDCE/C   n/a            0.550         25.000      24.450               cold_q_reg[0][eid][2]/C
Min Period        n/a     FDCE/C   n/a            0.550         25.000      24.450               cold_q_reg[0][eid][3]/C
Min Period        n/a     FDCE/C   n/a            0.550         25.000      24.450               cold_q_reg[0][eid][4]/C
Min Period        n/a     FDCE/C   n/a            0.550         25.000      24.450               cold_q_reg[0][eid][5]/C
Min Period        n/a     FDCE/C   n/a            0.550         25.000      24.450               cold_q_reg[0][ntok][0]/C
Min Period        n/a     FDCE/C   n/a            0.550         25.000      24.450               cold_q_reg[0][ntok][1]/C
Min Period        n/a     FDCE/C   n/a            0.550         25.000      24.450               cold_q_reg[0][ntok][2]/C
Low Pulse Width   Slow    FDCE/C   n/a            0.275         12.500      12.225               active_count_q_reg[0]/C
Low Pulse Width   Fast    FDCE/C   n/a            0.275         12.500      12.225               active_count_q_reg[0]/C
Low Pulse Width   Slow    FDCE/C   n/a            0.275         12.500      12.225               active_count_q_reg[1]/C
Low Pulse Width   Fast    FDCE/C   n/a            0.275         12.500      12.225               active_count_q_reg[1]/C
Low Pulse Width   Slow    FDCE/C   n/a            0.275         12.500      12.225               active_count_q_reg[2]/C
Low Pulse Width   Fast    FDCE/C   n/a            0.275         12.500      12.225               active_count_q_reg[2]/C
Low Pulse Width   Slow    FDCE/C   n/a            0.275         12.500      12.225               active_count_q_reg[3]/C
Low Pulse Width   Fast    FDCE/C   n/a            0.275         12.500      12.225               active_count_q_reg[3]/C
Low Pulse Width   Slow    FDCE/C   n/a            0.275         12.500      12.225               active_count_q_reg[4]/C
Low Pulse Width   Fast    FDCE/C   n/a            0.275         12.500      12.225               active_count_q_reg[4]/C
Low Pulse Width   Slow    FDCE/C   n/a            0.275         12.500      12.225               active_count_q_reg[5]/C
Low Pulse Width   Fast    FDCE/C   n/a            0.275         12.500      12.225               active_count_q_reg[5]/C
Low Pulse Width   Slow    FDCE/C   n/a            0.275         12.500      12.225               active_count_q_reg[6]/C
Low Pulse Width   Fast    FDCE/C   n/a            0.275         12.500      12.225               active_count_q_reg[6]/C
Low Pulse Width   Slow    FDCE/C   n/a            0.275         12.500      12.225               auto_run_q_reg/C
Low Pulse Width   Fast    FDCE/C   n/a            0.275         12.500      12.225               auto_run_q_reg/C
Low Pulse Width   Slow    FDCE/C   n/a            0.275         12.500      12.225               cold_count_q_reg[0]/C
Low Pulse Width   Fast    FDCE/C   n/a            0.275         12.500      12.225               cold_count_q_reg[0]/C
Low Pulse Width   Slow    FDCE/C   n/a            0.275         12.500      12.225               cold_count_q_reg[1]/C
Low Pulse Width   Fast    FDCE/C   n/a            0.275         12.500      12.225               cold_count_q_reg[1]/C
High Pulse Width  Slow    FDCE/C   n/a            0.275         12.500      12.225               active_count_q_reg[0]/C
High Pulse Width  Fast    FDCE/C   n/a            0.275         12.500      12.225               active_count_q_reg[0]/C
High Pulse Width  Slow    FDCE/C   n/a            0.275         12.500      12.225               active_count_q_reg[1]/C
High Pulse Width  Fast    FDCE/C   n/a            0.275         12.500      12.225               active_count_q_reg[1]/C
High Pulse Width  Slow    FDCE/C   n/a            0.275         12.500      12.225               active_count_q_reg[2]/C
High Pulse Width  Fast    FDCE/C   n/a            0.275         12.500      12.225               active_count_q_reg[2]/C
High Pulse Width  Slow    FDCE/C   n/a            0.275         12.500      12.225               active_count_q_reg[3]/C
High Pulse Width  Fast    FDCE/C   n/a            0.275         12.500      12.225               active_count_q_reg[3]/C
High Pulse Width  Slow    FDCE/C   n/a            0.275         12.500      12.225               active_count_q_reg[4]/C
High Pulse Width  Fast    FDCE/C   n/a            0.275         12.500      12.225               active_count_q_reg[4]/C
High Pulse Width  Slow    FDCE/C   n/a            0.275         12.500      12.225               active_count_q_reg[5]/C
High Pulse Width  Fast    FDCE/C   n/a            0.275         12.500      12.225               active_count_q_reg[5]/C
High Pulse Width  Slow    FDCE/C   n/a            0.275         12.500      12.225               active_count_q_reg[6]/C
High Pulse Width  Fast    FDCE/C   n/a            0.275         12.500      12.225               active_count_q_reg[6]/C
High Pulse Width  Slow    FDCE/C   n/a            0.275         12.500      12.225               auto_run_q_reg/C
High Pulse Width  Fast    FDCE/C   n/a            0.275         12.500      12.225               auto_run_q_reg/C
High Pulse Width  Slow    FDCE/C   n/a            0.275         12.500      12.225               cold_count_q_reg[0]/C
High Pulse Width  Fast    FDCE/C   n/a            0.275         12.500      12.225               cold_count_q_reg[0]/C
High Pulse Width  Slow    FDCE/C   n/a            0.275         12.500      12.225               cold_count_q_reg[1]/C
High Pulse Width  Fast    FDCE/C   n/a            0.275         12.500      12.225               cold_count_q_reg[1]/C



