Copyright 1986-2022 Xilinx, Inc. All Rights Reserved. Copyright 2022-2025 Advanced Micro Devices, Inc. All Rights Reserved.
--------------------------------------------------------------------------------------------------------------------------------------------------
| Tool Version      : Vivado v.2025.2 (lin64) Build 6299465 Fri Nov 14 12:34:56 MST 2025
| Date              : Tue Aug 18 18:46:07 2026
| Host              : amazone.esat.kuleuven.be running 64-bit Rocky Linux 9.8 (Blue Onyx)
| Command           : report_timing_summary -delay_type max -max_paths 20 -file .gen/ooc_iterA_200mhz/timing_summary.rpt
| Design            : moe_scheduler_reg_wrapper
| Device            : xcvp1802-lsvc4072
| Speed File        : -2MP  PRODUCTION 2.08 2024-04-16
| Design State      : Synthesized
| Temperature Grade : E
--------------------------------------------------------------------------------------------------------------------------------------------------

Timing Summary Report

------------------------------------------------------------------------------------------------
| Timer Settings
| --------------
------------------------------------------------------------------------------------------------

  Enable Multi Corner Analysis               :  Yes
  Enable Pessimism Removal                   :  Yes
  Pessimism Removal Resolution               :  Nearest Common Node
  Enable Input Delay Default Clock           :  No
  Enable Preset / Clear Arcs                 :  No
  Disable Flight Delays                      :  No
  Ignore I/O Paths                           :  No
  Timing Early Launch at Borrowing Latches   :  No
  Borrow Time for Max Delay Exceptions       :  Yes
  Merge Timing Exceptions                    :  Yes
  Inter-SLR Compensation                     :  Conservative

  Corner  Analyze    Analyze    
  Name    Max Paths  Min Paths  
  ------  ---------  ---------  
  Slow    Yes        Yes        
  Fast    Yes        Yes        


------------------------------------------------------------------------------------------------
| Report Methodology
| ------------------
------------------------------------------------------------------------------------------------

No report available as report_methodology has not been run prior. Run report_methodology on the current design for the summary of methodology violations.



check_timing report

Table of Contents
-----------------
1. checking no_clock (0)
2. checking constant_clock (0)
3. checking pulse_width_clock (0)
4. checking unconstrained_internal_endpoints (0)
5. checking no_input_delay (71)
6. checking no_output_delay (64)
7. checking multiple_clock (0)
8. checking generated_clocks (0)
9. checking loops (0)
10. checking partial_input_delay (0)
11. checking partial_output_delay (0)
12. checking latch_loops (0)

1. checking no_clock (0)
------------------------
 There are 0 register/latch pins with no clock.


2. checking constant_clock (0)
------------------------------
 There are 0 register/latch pins with constant_clock.


3. checking pulse_width_clock (0)
---------------------------------
 There are 0 register/latch pins which need pulse_width check


4. checking unconstrained_internal_endpoints (0)
------------------------------------------------
 There are 0 pins that are not constrained for maximum delay.

 There are 0 pins that are not constrained for maximum delay due to constant clock.


5. checking no_input_delay (71)
-------------------------------
 There are 71 input ports with no input delay specified. (HIGH)

 There are 0 input ports with no input delay but user has a false path constraint.


6. checking no_output_delay (64)
--------------------------------
 There are 64 ports with no output delay specified. (HIGH)

 There are 0 ports with no output delay but user has a false path constraint

 There are 0 ports with no output delay but with a timing clock defined on it or propagating through it


7. checking multiple_clock (0)
------------------------------
 There are 0 register/latch pins with multiple clocks.


8. checking generated_clocks (0)
--------------------------------
 There are 0 generated clocks that are not connected to a clock source.


9. checking loops (0)
---------------------
 There are 0 combinational loops in the design.


10. checking partial_input_delay (0)
------------------------------------
 There are 0 input ports with partial input delay specified.


11. checking partial_output_delay (0)
-------------------------------------
 There are 0 ports with partial output delay specified.


12. checking latch_loops (0)
----------------------------
 There are 0 combinational latch loops in the design through latch input



------------------------------------------------------------------------------------------------
| Design Timing Summary
| ---------------------
------------------------------------------------------------------------------------------------

    WNS(ns)      TNS(ns)  TNS Failing Endpoints  TNS Total Endpoints     WPWS(ns)     TPWS(ns)  TPWS Failing Endpoints  TPWS Total Endpoints  
    -------      -------  ---------------------  -------------------     --------     --------  ----------------------  --------------------  
     -1.565     -355.216                    520                 3679        2.225        0.000                       0                  1979  


Timing constraints are not met.


------------------------------------------------------------------------------------------------
| Clock Summary
| -------------
------------------------------------------------------------------------------------------------

Clock          Waveform(ns)         Period(ns)      Frequency(MHz)
-----          ------------         ----------      --------------
scheduler_clk  {0.000 2.500}        5.000           200.000         


------------------------------------------------------------------------------------------------
| Intra Clock Table
| -----------------
------------------------------------------------------------------------------------------------

Clock              WNS(ns)      TNS(ns)  TNS Failing Endpoints  TNS Total Endpoints     WPWS(ns)     TPWS(ns)  TPWS Failing Endpoints  TPWS Total Endpoints  
-----              -------      -------  ---------------------  -------------------     --------     --------  ----------------------  --------------------  
scheduler_clk       -1.565     -355.216                    520                 3679        2.225        0.000                       0                  1979  


------------------------------------------------------------------------------------------------
| Inter Clock Table
| -----------------
------------------------------------------------------------------------------------------------

From Clock    To Clock          WNS(ns)      TNS(ns)  TNS Failing Endpoints  TNS Total Endpoints  
----------    --------          -------      -------  ---------------------  -------------------  


------------------------------------------------------------------------------------------------
| Other Path Groups Table
| -----------------------
------------------------------------------------------------------------------------------------

Path Group    From Clock    To Clock          WNS(ns)      TNS(ns)  TNS Failing Endpoints  TNS Total Endpoints  
----------    ----------    --------          -------      -------  ---------------------  -------------------  


------------------------------------------------------------------------------------------------
| Timing Details
| --------------
------------------------------------------------------------------------------------------------


---------------------------------------------------------------------------------------------------
From Clock:  scheduler_clk
  To Clock:  scheduler_clk

Setup :          520  Failing Endpoints,  Worst Slack       -1.565ns,  Total Violation     -355.216ns
Hold  :           NA  Failing Endpoints,  Worst Slack           NA  ,  Total Violation           NA
PW    :            0  Failing Endpoints,  Worst Slack        2.225ns,  Total Violation        0.000ns
---------------------------------------------------------------------------------------------------


Max Delay Paths
--------------------------------------------------------------------------------------
Slack (VIOLATED) :        -1.565ns  (required time - arrival time)
  Source:                 i_scheduler_core/i_round_engine/FSM_onehot_st_q_reg[6]/C
                            (rising edge-triggered cell FDCE clocked by scheduler_clk  {rise@0.000ns fall@2.500ns period=5.000ns})
  Destination:            i_scheduler_core/i_round_engine/i_bound_score/dma_q_reg[0]_bret__0/D
                            (rising edge-triggered cell FDCE clocked by scheduler_clk  {rise@0.000ns fall@2.500ns period=5.000ns})
  Path Group:             scheduler_clk
  Path Type:              Setup (Max at Slow Process Corner)
  Requirement:            5.000ns  (scheduler_clk rise@5.000ns - scheduler_clk rise@0.000ns)
  Data Path Delay:        6.232ns  (logic 2.350ns (37.709%)  route 3.882ns (62.291%))
  Logic Levels:           27  (LOOKAHEAD8=6 LUT3=1 LUT4=2 LUT5=2 LUT6=10 LUTCY1=1 LUTCY2=5)
  Clock Path Skew:        -0.040ns (DCD - SCD + CPR)
    Destination Clock Delay (DCD):    0.080ns = ( 5.080 - 5.000 ) 
    Source Clock Delay      (SCD):    0.120ns
    Clock Pessimism Removal (CPR):    0.000ns
  Clock Uncertainty:      0.300ns  (CJ)/2 + PE + PJ
    Clock Jitter             (CJ):    0.600ns
    Phase Error              (PE):    0.000ns
    Phase Jitter             (PJ):    0.000ns

    Location             Delay type                Incr(ns)  Path(ns)    Netlist Resource(s)
  -------------------------------------------------------------------    -------------------
                         (clock scheduler_clk rise edge)
                                                      0.000     0.000 r  
                                                      0.000     0.000 r  clk_i (IN)
                         net (fo=1978, unset)         0.120     0.120    i_scheduler_core/i_round_engine/clk_i
                         FDCE                                         r  i_scheduler_core/i_round_engine/FSM_onehot_st_q_reg[6]/C
  -------------------------------------------------------------------    -------------------
                         FDCE (Prop_FDCE_C_Q)         0.090     0.210 r  i_scheduler_core/i_round_engine/FSM_onehot_st_q_reg[6]/Q
                         net (fo=27, unplaced)        0.309     0.519    i_scheduler_core/i_round_engine/i_transition_eval/c2_endpoint_q_reg[task_end][11]_bret__4_bret__7_0[6]
                         LUT6 (Prop_LUT6_I1_O)        0.088     0.607 r  i_scheduler_core/i_round_engine/i_transition_eval/g0_b0_i_10/O
                         net (fo=3, unplaced)         0.151     0.758    i_scheduler_core/i_round_engine/i_transition_eval/g0_b0_i_10_n_0
                         LUT6 (Prop_LUT6_I5_O)        0.051     0.809 f  i_scheduler_core/i_round_engine/i_transition_eval/c2_endpoint_q[task_end][11]_bret__4_bret__7_i_4/O
                         net (fo=2, unplaced)         0.145     0.954    i_scheduler_core/i_round_engine/i_transition_eval/c2_endpoint_q[task_end][11]_bret__4_bret__7_i_4_n_0
                         LUT4 (Prop_LUT4_I3_O)        0.051     1.005 r  i_scheduler_core/i_round_engine/i_transition_eval/g0_b0_i_7/O
                         net (fo=40, unplaced)        0.275     1.280    i_scheduler_core/i_round_engine/i_transition_eval/FSM_onehot_st_q_reg[4]_1
                         LUT6 (Prop_LUT6_I2_O)        0.088     1.368 r  i_scheduler_core/i_round_engine/i_transition_eval/g0_b0_i_3/O
                         net (fo=67, unplaced)        0.204     1.572    i_scheduler_core/i_round_engine/i_bound_score/decode_address[2]
                         LUT5 (Prop_LUT5_I2_O)        0.074     1.646 f  i_scheduler_core/i_round_engine/i_bound_score/assignment_swap_q_i_2/O
                         net (fo=72, unplaced)        0.288     1.934    i_scheduler_core/i_round_engine/i_transition_eval/commit_task_q_reg[1][ntok][0]
                         LUT6 (Prop_LUT6_I2_O)        0.088     2.022 f  i_scheduler_core/i_round_engine/i_transition_eval/commit_task_q[1][ntok][8]_i_5/O
                         net (fo=57, unplaced)        0.283     2.305    i_scheduler_core/i_round_engine/i_target_s4pf/eval_assignment_swap
                         LUT6 (Prop_LUT6_I1_O)        0.088     2.393 r  i_scheduler_core/i_round_engine/i_target_s4pf/FSM_sequential_st_q[3]_i_106/O
                         net (fo=1, unplaced)         0.128     2.521    i_scheduler_core/i_round_engine/i_target_s4pf/FSM_sequential_st_q[3]_i_106_n_0
                         LUT6 (Prop_LUT6_I3_O)        0.074     2.595 r  i_scheduler_core/i_round_engine/i_target_s4pf/FSM_sequential_st_q[3]_i_73/O
                         net (fo=1, unplaced)         0.210     2.805    i_scheduler_core/i_round_engine/i_target_s4pf/FSM_sequential_st_q[3]_i_73_n_0
                         LUT6 (Prop_LUT6_I2_O)        0.088     2.893 f  i_scheduler_core/i_round_engine/i_target_s4pf/FSM_sequential_st_q[3]_i_38/O
                         net (fo=4, unplaced)         0.140     3.033    i_scheduler_core/i_round_engine/i_bound_score/ptr_b_q[2]_i_48
                         LUT6 (Prop_LUT6_I3_O)        0.074     3.107 r  i_scheduler_core/i_round_engine/i_bound_score/dma_q[13]_bret__2_bret__4_i_15/O
                         net (fo=28, unplaced)        0.267     3.374    i_scheduler_core/i_round_engine/i_transition_eval/dma_q[7]_bret__1_bret__4_i_2_0
                         LUT6 (Prop_LUT6_I2_O)        0.088     3.462 f  i_scheduler_core/i_round_engine/i_transition_eval/dma_q[1]_bret__1_i_7/O
                         net (fo=2, unplaced)         0.128     3.590    i_scheduler_core/i_round_engine/i_transition_eval/dma_q[1]_bret__1_i_7_n_0
                         LUT6 (Prop_LUT6_I0_O)        0.074     3.664 r  i_scheduler_core/i_round_engine/i_transition_eval/dma_q[1]_bret__1_i_13/O
                         net (fo=7, unplaced)         0.153     3.817    i_scheduler_core/i_round_engine/i_bound_score/dma_q_reg[13]_bret__2_bret_i_95/I3
                         LUTCY2 (Prop_LUTCY2_I3_GE)
                                                      0.074     3.891 r  i_scheduler_core/i_round_engine/i_bound_score/dma_q_reg[13]_bret__2_bret_i_95/LUTCY2_INST/GE
                         net (fo=1, unplaced)         0.036     3.927    i_scheduler_core/i_round_engine/i_bound_score/dma_q_reg[13]_bret__2_bret_i_95_n_0
                         LOOKAHEAD8 (Prop_LOOKAHEAD8_GEA_COUTH)
                                                      0.242     4.169 r  i_scheduler_core/i_round_engine/i_bound_score/dma_q_reg[13]_bret__2_bret_i_57/COUTH
                         net (fo=3, unplaced)         0.002     4.171    i_scheduler_core/i_round_engine/i_bound_score/dma_q_reg[13]_bret__2_bret_i_57_n_3
                         LOOKAHEAD8 (Prop_LOOKAHEAD8_CIN_COUTD)
                                                      0.042     4.213 r  i_scheduler_core/i_round_engine/i_bound_score/dma_q_reg[13]_bret__2_bret_i_36/COUTD
                         net (fo=2, unplaced)         0.014     4.227    i_scheduler_core/i_round_engine/i_bound_score/dma_q_reg[13]_bret__2_bret_i_16/I4
                         LUTCY2 (Prop_LUTCY2_I4_O)    0.048     4.275 r  i_scheduler_core/i_round_engine/i_bound_score/dma_q_reg[13]_bret__2_bret_i_16/LUTCY2_INST/O
                         net (fo=20, unplaced)        0.194     4.469    i_scheduler_core/i_round_engine/i_transition_eval/next_valid6
                         LUT3 (Prop_LUT3_I1_O)        0.051     4.520 r  i_scheduler_core/i_round_engine/i_transition_eval/dma_q[4]_bret__2_bret_i_3/O
                         net (fo=5, unplaced)         0.228     4.748    i_scheduler_core/i_round_engine/i_bound_score/dma_q_reg[13]_bret__2_bret_i_52/I2
                         LUTCY1 (Prop_LUTCY1_I2_PROP)
                                                      0.079     4.827 r  i_scheduler_core/i_round_engine/i_bound_score/dma_q_reg[13]_bret__2_bret_i_52/LUTCY1_INST/PROP
                         net (fo=1, unplaced)         0.000     4.827    i_scheduler_core/i_round_engine/i_bound_score/dma_q_reg[13]_bret__2_bret_i_52_n_3
                         LOOKAHEAD8 (Prop_LOOKAHEAD8_PROPD_COUTH)
                                                      0.163     4.990 f  i_scheduler_core/i_round_engine/i_bound_score/dma_q_reg[13]_bret__2_bret_i_31/COUTH
                         net (fo=3, unplaced)         0.002     4.992    i_scheduler_core/i_round_engine/i_bound_score/dma_q_reg[13]_bret__2_bret_i_31_n_3
                         LOOKAHEAD8 (Prop_LOOKAHEAD8_CIN_COUTD)
                                                      0.042     5.034 f  i_scheduler_core/i_round_engine/i_bound_score/dma_q_reg[13]_bret__2_bret_i_14/COUTD
                         net (fo=2, unplaced)         0.014     5.048    i_scheduler_core/i_round_engine/i_bound_score/dma_q_reg[13]_bret__2_bret_i_5/I4
                         LUTCY2 (Prop_LUTCY2_I4_O)    0.048     5.096 f  i_scheduler_core/i_round_engine/i_bound_score/dma_q_reg[13]_bret__2_bret_i_5/LUTCY2_INST/O
                         net (fo=16, unplaced)        0.189     5.285    i_scheduler_core/i_round_engine/i_bound_score/next_valid3
                         LUT4 (Prop_LUT4_I3_O)        0.051     5.336 r  i_scheduler_core/i_round_engine/i_bound_score/dma_q[6]_bret__2_bret__3_i_1/O
                         net (fo=30, unplaced)        0.268     5.604    i_scheduler_core/i_round_engine/i_bound_score/dma_q_reg[6]_bret__2_bret__1_i_9/I2
                         LUTCY2 (Prop_LUTCY2_I2_GE)
                                                      0.088     5.692 r  i_scheduler_core/i_round_engine/i_bound_score/dma_q_reg[6]_bret__2_bret__1_i_9/LUTCY2_INST/GE
                         net (fo=1, unplaced)         0.036     5.728    i_scheduler_core/i_round_engine/i_bound_score/dma_q_reg[6]_bret__2_bret__1_i_9_n_0
                         LOOKAHEAD8 (Prop_LOOKAHEAD8_GEA_COUTH)
                                                      0.242     5.970 r  i_scheduler_core/i_round_engine/i_bound_score/dma_q_reg[6]_bret__2_bret__1_i_3/COUTH
                         net (fo=3, unplaced)         0.002     5.972    i_scheduler_core/i_round_engine/i_bound_score/dma_q_reg[6]_bret__2_bret__1_i_3_n_3
                         LOOKAHEAD8 (Prop_LOOKAHEAD8_CIN_COUTD)
                                                      0.042     6.014 r  i_scheduler_core/i_round_engine/i_bound_score/dma_q_reg[6]_bret__2_bret__1_i_2/COUTD
                         net (fo=2, unplaced)         0.014     6.028    i_scheduler_core/i_round_engine/i_bound_score/dma_q_reg[6]_bret__2_bret__1_i_1/I4
                         LUTCY2 (Prop_LUTCY2_I4_O)    0.048     6.076 r  i_scheduler_core/i_round_engine/i_bound_score/dma_q_reg[6]_bret__2_bret__1_i_1/LUTCY2_INST/O
                         net (fo=4, unplaced)         0.140     6.216    i_scheduler_core/i_round_engine/i_bound_score/next_event3
                         LUT5 (Prop_LUT5_I1_O)        0.074     6.290 r  i_scheduler_core/i_round_engine/i_bound_score/dma_q[0]_bret__0_i_1/O
                         net (fo=1, unplaced)         0.062     6.352    i_scheduler_core/i_round_engine/i_bound_score/dma_q[0]_bret__0_i_1_n_0
                         FDCE                                         r  i_scheduler_core/i_round_engine/i_bound_score/dma_q_reg[0]_bret__0/D
  -------------------------------------------------------------------    -------------------

                         (clock scheduler_clk rise edge)
                                                      5.000     5.000 r  
                                                      0.000     5.000 r  clk_i (IN)
                         net (fo=1978, unset)         0.080     5.080    i_scheduler_core/i_round_engine/i_bound_score/clk_i
                         FDCE                                         r  i_scheduler_core/i_round_engine/i_bound_score/dma_q_reg[0]_bret__0/C
                         clock pessimism              0.000     5.080    
                         clock uncertainty           -0.300     4.780    
                         FDCE (Setup_FDCE_C_D)        0.007     4.787    i_scheduler_core/i_round_engine/i_bound_score/dma_q_reg[0]_bret__0
  -------------------------------------------------------------------
                         required time                          4.787    
                         arrival time                          -6.352    
  -------------------------------------------------------------------
                         slack                                 -1.565    

Slack (VIOLATED) :        -1.565ns  (required time - arrival time)
  Source:                 i_scheduler_core/i_round_engine/FSM_onehot_st_q_reg[6]/C
                            (rising edge-triggered cell FDCE clocked by scheduler_clk  {rise@0.000ns fall@2.500ns period=5.000ns})
  Destination:            i_scheduler_core/i_round_engine/i_bound_score/dma_q_reg[1]_bret__1/D
                            (rising edge-triggered cell FDCE clocked by scheduler_clk  {rise@0.000ns fall@2.500ns period=5.000ns})
  Path Group:             scheduler_clk
  Path Type:              Setup (Max at Slow Process Corner)
  Requirement:            5.000ns  (scheduler_clk rise@5.000ns - scheduler_clk rise@0.000ns)
  Data Path Delay:        6.232ns  (logic 2.350ns (37.709%)  route 3.882ns (62.291%))
  Logic Levels:           27  (LOOKAHEAD8=6 LUT3=1 LUT4=2 LUT5=1 LUT6=11 LUTCY1=1 LUTCY2=5)
  Clock Path Skew:        -0.040ns (DCD - SCD + CPR)
    Destination Clock Delay (DCD):    0.080ns = ( 5.080 - 5.000 ) 
    Source Clock Delay      (SCD):    0.120ns
    Clock Pessimism Removal (CPR):    0.000ns
  Clock Uncertainty:      0.300ns  (CJ)/2 + PE + PJ
    Clock Jitter             (CJ):    0.600ns
    Phase Error              (PE):    0.000ns
    Phase Jitter             (PJ):    0.000ns

    Location             Delay type                Incr(ns)  Path(ns)    Netlist Resource(s)
  -------------------------------------------------------------------    -------------------
                         (clock scheduler_clk rise edge)
                                                      0.000     0.000 r  
                                                      0.000     0.000 r  clk_i (IN)
                         net (fo=1978, unset)         0.120     0.120    i_scheduler_core/i_round_engine/clk_i
                         FDCE                                         r  i_scheduler_core/i_round_engine/FSM_onehot_st_q_reg[6]/C
  -------------------------------------------------------------------    -------------------
                         FDCE (Prop_FDCE_C_Q)         0.090     0.210 r  i_scheduler_core/i_round_engine/FSM_onehot_st_q_reg[6]/Q
                         net (fo=27, unplaced)        0.309     0.519    i_scheduler_core/i_round_engine/i_transition_eval/c2_endpoint_q_reg[task_end][11]_bret__4_bret__7_0[6]
                         LUT6 (Prop_LUT6_I1_O)        0.088     0.607 r  i_scheduler_core/i_round_engine/i_transition_eval/g0_b0_i_10/O
                         net (fo=3, unplaced)         0.151     0.758    i_scheduler_core/i_round_engine/i_transition_eval/g0_b0_i_10_n_0
                         LUT6 (Prop_LUT6_I5_O)        0.051     0.809 f  i_scheduler_core/i_round_engine/i_transition_eval/c2_endpoint_q[task_end][11]_bret__4_bret__7_i_4/O
                         net (fo=2, unplaced)         0.145     0.954    i_scheduler_core/i_round_engine/i_transition_eval/c2_endpoint_q[task_end][11]_bret__4_bret__7_i_4_n_0
                         LUT4 (Prop_LUT4_I3_O)        0.051     1.005 r  i_scheduler_core/i_round_engine/i_transition_eval/g0_b0_i_7/O
                         net (fo=40, unplaced)        0.275     1.280    i_scheduler_core/i_round_engine/i_transition_eval/FSM_onehot_st_q_reg[4]_1
                         LUT6 (Prop_LUT6_I2_O)        0.088     1.368 r  i_scheduler_core/i_round_engine/i_transition_eval/g0_b0_i_3/O
                         net (fo=67, unplaced)        0.204     1.572    i_scheduler_core/i_round_engine/i_bound_score/decode_address[2]
                         LUT5 (Prop_LUT5_I2_O)        0.074     1.646 f  i_scheduler_core/i_round_engine/i_bound_score/assignment_swap_q_i_2/O
                         net (fo=72, unplaced)        0.288     1.934    i_scheduler_core/i_round_engine/i_transition_eval/commit_task_q_reg[1][ntok][0]
                         LUT6 (Prop_LUT6_I2_O)        0.088     2.022 f  i_scheduler_core/i_round_engine/i_transition_eval/commit_task_q[1][ntok][8]_i_5/O
                         net (fo=57, unplaced)        0.283     2.305    i_scheduler_core/i_round_engine/i_target_s4pf/eval_assignment_swap
                         LUT6 (Prop_LUT6_I1_O)        0.088     2.393 r  i_scheduler_core/i_round_engine/i_target_s4pf/FSM_sequential_st_q[3]_i_106/O
                         net (fo=1, unplaced)         0.128     2.521    i_scheduler_core/i_round_engine/i_target_s4pf/FSM_sequential_st_q[3]_i_106_n_0
                         LUT6 (Prop_LUT6_I3_O)        0.074     2.595 r  i_scheduler_core/i_round_engine/i_target_s4pf/FSM_sequential_st_q[3]_i_73/O
                         net (fo=1, unplaced)         0.210     2.805    i_scheduler_core/i_round_engine/i_target_s4pf/FSM_sequential_st_q[3]_i_73_n_0
                         LUT6 (Prop_LUT6_I2_O)        0.088     2.893 f  i_scheduler_core/i_round_engine/i_target_s4pf/FSM_sequential_st_q[3]_i_38/O
                         net (fo=4, unplaced)         0.140     3.033    i_scheduler_core/i_round_engine/i_bound_score/ptr_b_q[2]_i_48
                         LUT6 (Prop_LUT6_I3_O)        0.074     3.107 r  i_scheduler_core/i_round_engine/i_bound_score/dma_q[13]_bret__2_bret__4_i_15/O
                         net (fo=28, unplaced)        0.267     3.374    i_scheduler_core/i_round_engine/i_transition_eval/dma_q[7]_bret__1_bret__4_i_2_0
                         LUT6 (Prop_LUT6_I2_O)        0.088     3.462 f  i_scheduler_core/i_round_engine/i_transition_eval/dma_q[1]_bret__1_i_7/O
                         net (fo=2, unplaced)         0.128     3.590    i_scheduler_core/i_round_engine/i_transition_eval/dma_q[1]_bret__1_i_7_n_0
                         LUT6 (Prop_LUT6_I0_O)        0.074     3.664 r  i_scheduler_core/i_round_engine/i_transition_eval/dma_q[1]_bret__1_i_13/O
                         net (fo=7, unplaced)         0.153     3.817    i_scheduler_core/i_round_engine/i_bound_score/dma_q_reg[13]_bret__2_bret_i_95/I3
                         LUTCY2 (Prop_LUTCY2_I3_GE)
                                                      0.074     3.891 r  i_scheduler_core/i_round_engine/i_bound_score/dma_q_reg[13]_bret__2_bret_i_95/LUTCY2_INST/GE
                         net (fo=1, unplaced)         0.036     3.927    i_scheduler_core/i_round_engine/i_bound_score/dma_q_reg[13]_bret__2_bret_i_95_n_0
                         LOOKAHEAD8 (Prop_LOOKAHEAD8_GEA_COUTH)
                                                      0.242     4.169 r  i_scheduler_core/i_round_engine/i_bound_score/dma_q_reg[13]_bret__2_bret_i_57/COUTH
                         net (fo=3, unplaced)         0.002     4.171    i_scheduler_core/i_round_engine/i_bound_score/dma_q_reg[13]_bret__2_bret_i_57_n_3
                         LOOKAHEAD8 (Prop_LOOKAHEAD8_CIN_COUTD)
                                                      0.042     4.213 r  i_scheduler_core/i_round_engine/i_bound_score/dma_q_reg[13]_bret__2_bret_i_36/COUTD
                         net (fo=2, unplaced)         0.014     4.227    i_scheduler_core/i_round_engine/i_bound_score/dma_q_reg[13]_bret__2_bret_i_16/I4
                         LUTCY2 (Prop_LUTCY2_I4_O)    0.048     4.275 r  i_scheduler_core/i_round_engine/i_bound_score/dma_q_reg[13]_bret__2_bret_i_16/LUTCY2_INST/O
                         net (fo=20, unplaced)        0.194     4.469    i_scheduler_core/i_round_engine/i_transition_eval/next_valid6
                         LUT3 (Prop_LUT3_I1_O)        0.051     4.520 r  i_scheduler_core/i_round_engine/i_transition_eval/dma_q[4]_bret__2_bret_i_3/O
                         net (fo=5, unplaced)         0.228     4.748    i_scheduler_core/i_round_engine/i_bound_score/dma_q_reg[13]_bret__2_bret_i_52/I2
                         LUTCY1 (Prop_LUTCY1_I2_PROP)
                                                      0.079     4.827 r  i_scheduler_core/i_round_engine/i_bound_score/dma_q_reg[13]_bret__2_bret_i_52/LUTCY1_INST/PROP
                         net (fo=1, unplaced)         0.000     4.827    i_scheduler_core/i_round_engine/i_bound_score/dma_q_reg[13]_bret__2_bret_i_52_n_3
                         LOOKAHEAD8 (Prop_LOOKAHEAD8_PROPD_COUTH)
                                                      0.163     4.990 f  i_scheduler_core/i_round_engine/i_bound_score/dma_q_reg[13]_bret__2_bret_i_31/COUTH
                         net (fo=3, unplaced)         0.002     4.992    i_scheduler_core/i_round_engine/i_bound_score/dma_q_reg[13]_bret__2_bret_i_31_n_3
                         LOOKAHEAD8 (Prop_LOOKAHEAD8_CIN_COUTD)
                                                      0.042     5.034 f  i_scheduler_core/i_round_engine/i_bound_score/dma_q_reg[13]_bret__2_bret_i_14/COUTD
                         net (fo=2, unplaced)         0.014     5.048    i_scheduler_core/i_round_engine/i_bound_score/dma_q_reg[13]_bret__2_bret_i_5/I4
                         LUTCY2 (Prop_LUTCY2_I4_O)    0.048     5.096 f  i_scheduler_core/i_round_engine/i_bound_score/dma_q_reg[13]_bret__2_bret_i_5/LUTCY2_INST/O
                         net (fo=16, unplaced)        0.189     5.285    i_scheduler_core/i_round_engine/i_bound_score/next_valid3
                         LUT4 (Prop_LUT4_I3_O)        0.051     5.336 r  i_scheduler_core/i_round_engine/i_bound_score/dma_q[6]_bret__2_bret__3_i_1/O
                         net (fo=30, unplaced)        0.268     5.604    i_scheduler_core/i_round_engine/i_bound_score/dma_q_reg[6]_bret__2_bret__1_i_9/I2
                         LUTCY2 (Prop_LUTCY2_I2_GE)
                                                      0.088     5.692 r  i_scheduler_core/i_round_engine/i_bound_score/dma_q_reg[6]_bret__2_bret__1_i_9/LUTCY2_INST/GE
                         net (fo=1, unplaced)         0.036     5.728    i_scheduler_core/i_round_engine/i_bound_score/dma_q_reg[6]_bret__2_bret__1_i_9_n_0
                         LOOKAHEAD8 (Prop_LOOKAHEAD8_GEA_COUTH)
                                                      0.242     5.970 r  i_scheduler_core/i_round_engine/i_bound_score/dma_q_reg[6]_bret__2_bret__1_i_3/COUTH
                         net (fo=3, unplaced)         0.002     5.972    i_scheduler_core/i_round_engine/i_bound_score/dma_q_reg[6]_bret__2_bret__1_i_3_n_3
                         LOOKAHEAD8 (Prop_LOOKAHEAD8_CIN_COUTD)
                                                      0.042     6.014 r  i_scheduler_core/i_round_engine/i_bound_score/dma_q_reg[6]_bret__2_bret__1_i_2/COUTD
                         net (fo=2, unplaced)         0.014     6.028    i_scheduler_core/i_round_engine/i_bound_score/dma_q_reg[6]_bret__2_bret__1_i_1/I4
                         LUTCY2 (Prop_LUTCY2_I4_O)    0.048     6.076 r  i_scheduler_core/i_round_engine/i_bound_score/dma_q_reg[6]_bret__2_bret__1_i_1/LUTCY2_INST/O
                         net (fo=4, unplaced)         0.140     6.216    i_scheduler_core/i_round_engine/i_transition_eval/next_event3
                         LUT6 (Prop_LUT6_I3_O)        0.074     6.290 r  i_scheduler_core/i_round_engine/i_transition_eval/dma_q[1]_bret__1_i_1/O
                         net (fo=1, unplaced)         0.062     6.352    i_scheduler_core/i_round_engine/i_bound_score/dma_q_reg[1]_bret__1_0
                         FDCE                                         r  i_scheduler_core/i_round_engine/i_bound_score/dma_q_reg[1]_bret__1/D
  -------------------------------------------------------------------    -------------------

                         (clock scheduler_clk rise edge)
                                                      5.000     5.000 r  
                                                      0.000     5.000 r  clk_i (IN)
                         net (fo=1978, unset)         0.080     5.080    i_scheduler_core/i_round_engine/i_bound_score/clk_i
                         FDCE                                         r  i_scheduler_core/i_round_engine/i_bound_score/dma_q_reg[1]_bret__1/C
                         clock pessimism              0.000     5.080    
                         clock uncertainty           -0.300     4.780    
                         FDCE (Setup_FDCE_C_D)        0.007     4.787    i_scheduler_core/i_round_engine/i_bound_score/dma_q_reg[1]_bret__1
  -------------------------------------------------------------------
                         required time                          4.787    
                         arrival time                          -6.352    
  -------------------------------------------------------------------
                         slack                                 -1.565    

Slack (VIOLATED) :        -1.359ns  (required time - arrival time)
  Source:                 i_scheduler_core/i_round_engine/FSM_onehot_st_q_reg[6]/C
                            (rising edge-triggered cell FDCE clocked by scheduler_clk  {rise@0.000ns fall@2.500ns period=5.000ns})
  Destination:            i_scheduler_core/i_round_engine/i_bound_score/dma_q_reg[6]_bret__2_bret__1/D
                            (rising edge-triggered cell FDCE clocked by scheduler_clk  {rise@0.000ns fall@2.500ns period=5.000ns})
  Path Group:             scheduler_clk
  Path Type:              Setup (Max at Slow Process Corner)
  Requirement:            5.000ns  (scheduler_clk rise@5.000ns - scheduler_clk rise@0.000ns)
  Data Path Delay:        6.022ns  (logic 2.276ns (37.795%)  route 3.746ns (62.205%))
  Logic Levels:           26  (LOOKAHEAD8=6 LUT3=1 LUT4=2 LUT5=1 LUT6=10 LUTCY1=1 LUTCY2=5)
  Clock Path Skew:        -0.044ns (DCD - SCD + CPR)
    Destination Clock Delay (DCD):    0.076ns = ( 5.076 - 5.000 ) 
    Source Clock Delay      (SCD):    0.120ns
    Clock Pessimism Removal (CPR):    0.000ns
  Clock Uncertainty:      0.300ns  (CJ)/2 + PE + PJ
    Clock Jitter             (CJ):    0.600ns
    Phase Error              (PE):    0.000ns
    Phase Jitter             (PJ):    0.000ns

    Location             Delay type                Incr(ns)  Path(ns)    Netlist Resource(s)
  -------------------------------------------------------------------    -------------------
                         (clock scheduler_clk rise edge)
                                                      0.000     0.000 r  
                                                      0.000     0.000 r  clk_i (IN)
                         net (fo=1978, unset)         0.120     0.120    i_scheduler_core/i_round_engine/clk_i
                         FDCE                                         r  i_scheduler_core/i_round_engine/FSM_onehot_st_q_reg[6]/C
  -------------------------------------------------------------------    -------------------
                         FDCE (Prop_FDCE_C_Q)         0.090     0.210 r  i_scheduler_core/i_round_engine/FSM_onehot_st_q_reg[6]/Q
                         net (fo=27, unplaced)        0.309     0.519    i_scheduler_core/i_round_engine/i_transition_eval/c2_endpoint_q_reg[task_end][11]_bret__4_bret__7_0[6]
                         LUT6 (Prop_LUT6_I1_O)        0.088     0.607 r  i_scheduler_core/i_round_engine/i_transition_eval/g0_b0_i_10/O
                         net (fo=3, unplaced)         0.151     0.758    i_scheduler_core/i_round_engine/i_transition_eval/g0_b0_i_10_n_0
                         LUT6 (Prop_LUT6_I5_O)        0.051     0.809 f  i_scheduler_core/i_round_engine/i_transition_eval/c2_endpoint_q[task_end][11]_bret__4_bret__7_i_4/O
                         net (fo=2, unplaced)         0.145     0.954    i_scheduler_core/i_round_engine/i_transition_eval/c2_endpoint_q[task_end][11]_bret__4_bret__7_i_4_n_0
                         LUT4 (Prop_LUT4_I3_O)        0.051     1.005 r  i_scheduler_core/i_round_engine/i_transition_eval/g0_b0_i_7/O
                         net (fo=40, unplaced)        0.275     1.280    i_scheduler_core/i_round_engine/i_transition_eval/FSM_onehot_st_q_reg[4]_1
                         LUT6 (Prop_LUT6_I2_O)        0.088     1.368 r  i_scheduler_core/i_round_engine/i_transition_eval/g0_b0_i_3/O
                         net (fo=67, unplaced)        0.204     1.572    i_scheduler_core/i_round_engine/i_bound_score/decode_address[2]
                         LUT5 (Prop_LUT5_I2_O)        0.074     1.646 f  i_scheduler_core/i_round_engine/i_bound_score/assignment_swap_q_i_2/O
                         net (fo=72, unplaced)        0.288     1.934    i_scheduler_core/i_round_engine/i_transition_eval/commit_task_q_reg[1][ntok][0]
                         LUT6 (Prop_LUT6_I2_O)        0.088     2.022 f  i_scheduler_core/i_round_engine/i_transition_eval/commit_task_q[1][ntok][8]_i_5/O
                         net (fo=57, unplaced)        0.283     2.305    i_scheduler_core/i_round_engine/i_target_s4pf/eval_assignment_swap
                         LUT6 (Prop_LUT6_I1_O)        0.088     2.393 r  i_scheduler_core/i_round_engine/i_target_s4pf/FSM_sequential_st_q[3]_i_106/O
                         net (fo=1, unplaced)         0.128     2.521    i_scheduler_core/i_round_engine/i_target_s4pf/FSM_sequential_st_q[3]_i_106_n_0
                         LUT6 (Prop_LUT6_I3_O)        0.074     2.595 r  i_scheduler_core/i_round_engine/i_target_s4pf/FSM_sequential_st_q[3]_i_73/O
                         net (fo=1, unplaced)         0.210     2.805    i_scheduler_core/i_round_engine/i_target_s4pf/FSM_sequential_st_q[3]_i_73_n_0
                         LUT6 (Prop_LUT6_I2_O)        0.088     2.893 f  i_scheduler_core/i_round_engine/i_target_s4pf/FSM_sequential_st_q[3]_i_38/O
                         net (fo=4, unplaced)         0.140     3.033    i_scheduler_core/i_round_engine/i_bound_score/ptr_b_q[2]_i_48
                         LUT6 (Prop_LUT6_I3_O)        0.074     3.107 r  i_scheduler_core/i_round_engine/i_bound_score/dma_q[13]_bret__2_bret__4_i_15/O
                         net (fo=28, unplaced)        0.267     3.374    i_scheduler_core/i_round_engine/i_transition_eval/dma_q[7]_bret__1_bret__4_i_2_0
                         LUT6 (Prop_LUT6_I2_O)        0.088     3.462 f  i_scheduler_core/i_round_engine/i_transition_eval/dma_q[1]_bret__1_i_7/O
                         net (fo=2, unplaced)         0.128     3.590    i_scheduler_core/i_round_engine/i_transition_eval/dma_q[1]_bret__1_i_7_n_0
                         LUT6 (Prop_LUT6_I0_O)        0.074     3.664 r  i_scheduler_core/i_round_engine/i_transition_eval/dma_q[1]_bret__1_i_13/O
                         net (fo=7, unplaced)         0.153     3.817    i_scheduler_core/i_round_engine/i_bound_score/dma_q_reg[13]_bret__2_bret_i_95/I3
                         LUTCY2 (Prop_LUTCY2_I3_GE)
                                                      0.074     3.891 r  i_scheduler_core/i_round_engine/i_bound_score/dma_q_reg[13]_bret__2_bret_i_95/LUTCY2_INST/GE
                         net (fo=1, unplaced)         0.036     3.927    i_scheduler_core/i_round_engine/i_bound_score/dma_q_reg[13]_bret__2_bret_i_95_n_0
                         LOOKAHEAD8 (Prop_LOOKAHEAD8_GEA_COUTH)
                                                      0.242     4.169 r  i_scheduler_core/i_round_engine/i_bound_score/dma_q_reg[13]_bret__2_bret_i_57/COUTH
                         net (fo=3, unplaced)         0.002     4.171    i_scheduler_core/i_round_engine/i_bound_score/dma_q_reg[13]_bret__2_bret_i_57_n_3
                         LOOKAHEAD8 (Prop_LOOKAHEAD8_CIN_COUTD)
                                                      0.042     4.213 r  i_scheduler_core/i_round_engine/i_bound_score/dma_q_reg[13]_bret__2_bret_i_36/COUTD
                         net (fo=2, unplaced)         0.014     4.227    i_scheduler_core/i_round_engine/i_bound_score/dma_q_reg[13]_bret__2_bret_i_16/I4
                         LUTCY2 (Prop_LUTCY2_I4_O)    0.048     4.275 r  i_scheduler_core/i_round_engine/i_bound_score/dma_q_reg[13]_bret__2_bret_i_16/LUTCY2_INST/O
                         net (fo=20, unplaced)        0.194     4.469    i_scheduler_core/i_round_engine/i_transition_eval/next_valid6
                         LUT3 (Prop_LUT3_I1_O)        0.051     4.520 r  i_scheduler_core/i_round_engine/i_transition_eval/dma_q[4]_bret__2_bret_i_3/O
                         net (fo=5, unplaced)         0.228     4.748    i_scheduler_core/i_round_engine/i_bound_score/dma_q_reg[13]_bret__2_bret_i_52/I2
                         LUTCY1 (Prop_LUTCY1_I2_PROP)
                                                      0.079     4.827 r  i_scheduler_core/i_round_engine/i_bound_score/dma_q_reg[13]_bret__2_bret_i_52/LUTCY1_INST/PROP
                         net (fo=1, unplaced)         0.000     4.827    i_scheduler_core/i_round_engine/i_bound_score/dma_q_reg[13]_bret__2_bret_i_52_n_3
                         LOOKAHEAD8 (Prop_LOOKAHEAD8_PROPD_COUTH)
                                                      0.163     4.990 f  i_scheduler_core/i_round_engine/i_bound_score/dma_q_reg[13]_bret__2_bret_i_31/COUTH
                         net (fo=3, unplaced)         0.002     4.992    i_scheduler_core/i_round_engine/i_bound_score/dma_q_reg[13]_bret__2_bret_i_31_n_3
                         LOOKAHEAD8 (Prop_LOOKAHEAD8_CIN_COUTD)
                                                      0.042     5.034 f  i_scheduler_core/i_round_engine/i_bound_score/dma_q_reg[13]_bret__2_bret_i_14/COUTD
                         net (fo=2, unplaced)         0.014     5.048    i_scheduler_core/i_round_engine/i_bound_score/dma_q_reg[13]_bret__2_bret_i_5/I4
                         LUTCY2 (Prop_LUTCY2_I4_O)    0.048     5.096 f  i_scheduler_core/i_round_engine/i_bound_score/dma_q_reg[13]_bret__2_bret_i_5/LUTCY2_INST/O
                         net (fo=16, unplaced)        0.189     5.285    i_scheduler_core/i_round_engine/i_bound_score/next_valid3
                         LUT4 (Prop_LUT4_I3_O)        0.051     5.336 r  i_scheduler_core/i_round_engine/i_bound_score/dma_q[6]_bret__2_bret__3_i_1/O
                         net (fo=30, unplaced)        0.268     5.604    i_scheduler_core/i_round_engine/i_bound_score/dma_q_reg[6]_bret__2_bret__1_i_9/I2
                         LUTCY2 (Prop_LUTCY2_I2_GE)
                                                      0.088     5.692 r  i_scheduler_core/i_round_engine/i_bound_score/dma_q_reg[6]_bret__2_bret__1_i_9/LUTCY2_INST/GE
                         net (fo=1, unplaced)         0.036     5.728    i_scheduler_core/i_round_engine/i_bound_score/dma_q_reg[6]_bret__2_bret__1_i_9_n_0
                         LOOKAHEAD8 (Prop_LOOKAHEAD8_GEA_COUTH)
                                                      0.242     5.970 r  i_scheduler_core/i_round_engine/i_bound_score/dma_q_reg[6]_bret__2_bret__1_i_3/COUTH
                         net (fo=3, unplaced)         0.002     5.972    i_scheduler_core/i_round_engine/i_bound_score/dma_q_reg[6]_bret__2_bret__1_i_3_n_3
                         LOOKAHEAD8 (Prop_LOOKAHEAD8_CIN_COUTD)
                                                      0.042     6.014 r  i_scheduler_core/i_round_engine/i_bound_score/dma_q_reg[6]_bret__2_bret__1_i_2/COUTD
                         net (fo=2, unplaced)         0.014     6.028    i_scheduler_core/i_round_engine/i_bound_score/dma_q_reg[6]_bret__2_bret__1_i_1/I4
                         LUTCY2 (Prop_LUTCY2_I4_O)    0.048     6.076 r  i_scheduler_core/i_round_engine/i_bound_score/dma_q_reg[6]_bret__2_bret__1_i_1/LUTCY2_INST/O
                         net (fo=4, unplaced)         0.066     6.142    i_scheduler_core/i_round_engine/i_bound_score/next_event3
                         FDCE                                         r  i_scheduler_core/i_round_engine/i_bound_score/dma_q_reg[6]_bret__2_bret__1/D
  -------------------------------------------------------------------    -------------------

                         (clock scheduler_clk rise edge)
                                                      5.000     5.000 r  
                                                      0.000     5.000 r  clk_i (IN)
                         net (fo=1978, unset)         0.076     5.076    i_scheduler_core/i_round_engine/i_bound_score/clk_i
                         FDCE                                         r  i_scheduler_core/i_round_engine/i_bound_score/dma_q_reg[6]_bret__2_bret__1/C
                         clock pessimism              0.000     5.076    
                         clock uncertainty           -0.300     4.776    
                         FDCE (Setup_FDCE_C_D)        0.007     4.783    i_scheduler_core/i_round_engine/i_bound_score/dma_q_reg[6]_bret__2_bret__1
  -------------------------------------------------------------------
                         required time                          4.783    
                         arrival time                          -6.142    
  -------------------------------------------------------------------
                         slack                                 -1.359    

Slack (VIOLATED) :        -1.334ns  (required time - arrival time)
  Source:                 i_scheduler_core/i_round_engine/FSM_onehot_st_q_reg[6]/C
                            (rising edge-triggered cell FDCE clocked by scheduler_clk  {rise@0.000ns fall@2.500ns period=5.000ns})
  Destination:            i_scheduler_core/i_round_engine/i_transition_eval/c2_endpoint_q_reg[task_end][1]_bret__6_bret__30_bret_bret__0_bret/D
                            (rising edge-triggered cell FDCE clocked by scheduler_clk  {rise@0.000ns fall@2.500ns period=5.000ns})
  Path Group:             scheduler_clk
  Path Type:              Setup (Max at Slow Process Corner)
  Requirement:            5.000ns  (scheduler_clk rise@5.000ns - scheduler_clk rise@0.000ns)
  Data Path Delay:        6.001ns  (logic 1.993ns (33.211%)  route 4.008ns (66.789%))
  Logic Levels:           26  (LOOKAHEAD8=4 LUT3=1 LUT4=2 LUT5=3 LUT6=8 LUTCY1=4 LUTCY2=4)
  Clock Path Skew:        -0.040ns (DCD - SCD + CPR)
    Destination Clock Delay (DCD):    0.080ns = ( 5.080 - 5.000 ) 
    Source Clock Delay      (SCD):    0.120ns
    Clock Pessimism Removal (CPR):    0.000ns
  Clock Uncertainty:      0.300ns  (CJ)/2 + PE + PJ
    Clock Jitter             (CJ):    0.600ns
    Phase Error              (PE):    0.000ns
    Phase Jitter             (PJ):    0.000ns

    Location             Delay type                Incr(ns)  Path(ns)    Netlist Resource(s)
  -------------------------------------------------------------------    -------------------
                         (clock scheduler_clk rise edge)
                                                      0.000     0.000 r  
                                                      0.000     0.000 r  clk_i (IN)
                         net (fo=1978, unset)         0.120     0.120    i_scheduler_core/i_round_engine/clk_i
                         FDCE                                         r  i_scheduler_core/i_round_engine/FSM_onehot_st_q_reg[6]/C
  -------------------------------------------------------------------    -------------------
                         FDCE (Prop_FDCE_C_Q)         0.090     0.210 r  i_scheduler_core/i_round_engine/FSM_onehot_st_q_reg[6]/Q
                         net (fo=27, unplaced)        0.309     0.519    i_scheduler_core/i_round_engine/i_transition_eval/c2_endpoint_q_reg[task_end][11]_bret__4_bret__7_0[6]
                         LUT6 (Prop_LUT6_I1_O)        0.088     0.607 r  i_scheduler_core/i_round_engine/i_transition_eval/g0_b0_i_10/O
                         net (fo=3, unplaced)         0.151     0.758    i_scheduler_core/i_round_engine/i_transition_eval/g0_b0_i_10_n_0
                         LUT6 (Prop_LUT6_I5_O)        0.051     0.809 f  i_scheduler_core/i_round_engine/i_transition_eval/c2_endpoint_q[task_end][11]_bret__4_bret__7_i_4/O
                         net (fo=2, unplaced)         0.145     0.954    i_scheduler_core/i_round_engine/i_transition_eval/c2_endpoint_q[task_end][11]_bret__4_bret__7_i_4_n_0
                         LUT4 (Prop_LUT4_I3_O)        0.051     1.005 r  i_scheduler_core/i_round_engine/i_transition_eval/g0_b0_i_7/O
                         net (fo=40, unplaced)        0.275     1.280    i_scheduler_core/i_round_engine/i_transition_eval/FSM_onehot_st_q_reg[4]_1
                         LUT6 (Prop_LUT6_I2_O)        0.088     1.368 r  i_scheduler_core/i_round_engine/i_transition_eval/g0_b0_i_1/O
                         net (fo=66, unplaced)        0.204     1.572    i_scheduler_core/i_round_engine/i_transition_eval/decode_address[0]
                         LUT5 (Prop_LUT5_I2_O)        0.074     1.646 r  i_scheduler_core/i_round_engine/i_transition_eval/commit_task_q[1][tok_start][7]_i_5/O
                         net (fo=59, unplaced)        0.283     1.929    i_scheduler_core/i_round_engine/i_bound_score/decoded_profile[selector_a][1]
                         LUT6 (Prop_LUT6_I2_O)        0.088     2.017 r  i_scheduler_core/i_round_engine/i_bound_score/s2_offset_q[1]_i_5/O
                         net (fo=8, unplaced)         0.156     2.173    i_scheduler_core/i_round_engine/i_bound_score/hot_q_reg[3][ntok][0]_0
                         LUT6 (Prop_LUT6_I0_O)        0.074     2.247 f  i_scheduler_core/i_round_engine/i_bound_score/s2_offset_q[1]_i_2/O
                         net (fo=47, unplaced)        0.278     2.525    i_scheduler_core/i_round_engine/commit_task_q_reg[1][ntok][1]_i_5/I2
                         LUTCY2 (Prop_LUTCY2_I2_O)    0.088     2.613 r  i_scheduler_core/i_round_engine/commit_task_q_reg[1][ntok][1]_i_5/LUTCY2_INST/O
                         net (fo=3, unplaced)         0.016     2.629    i_scheduler_core/i_round_engine/commit_task_q_reg[1][ntok][1]_i_3/I4
                         LUTCY2 (Prop_LUTCY2_I4_O)    0.050     2.679 r  i_scheduler_core/i_round_engine/commit_task_q_reg[1][ntok][1]_i_3/LUTCY2_INST/O
                         net (fo=1, unplaced)         0.000     2.679    i_scheduler_core/i_round_engine/commit_task_q_reg[1][ntok][1]_i_3_n_2
                         LOOKAHEAD8 (Prop_LOOKAHEAD8_CYB_COUTB)
                                                      0.053     2.732 r  i_scheduler_core/i_round_engine/commit_task_q_reg[1][ntok][8]_i_7/COUTB
                         net (fo=2, unplaced)         0.013     2.745    i_scheduler_core/i_round_engine/commit_task_q_reg[1][ntok][2]_i_2/I4
                         LUTCY2 (Prop_LUTCY2_I4_O)    0.049     2.794 r  i_scheduler_core/i_round_engine/commit_task_q_reg[1][ntok][2]_i_2/LUTCY2_INST/O
                         net (fo=3, unplaced)         0.015     2.809    i_scheduler_core/i_round_engine/commit_task_q_reg[1][ntok][3]_i_2/I4
                         LUTCY1 (Prop_LUTCY1_I4_O)    0.055     2.864 r  i_scheduler_core/i_round_engine/commit_task_q_reg[1][ntok][3]_i_2/LUTCY1_INST/O
                         net (fo=2, unplaced)         0.206     3.070    i_scheduler_core/i_round_engine/i_pair_compare/c2_endpoint_q[task_end][1]_bret__6_bret__22_i_2_0
                         LUT5 (Prop_LUT5_I0_O)        0.074     3.144 r  i_scheduler_core/i_round_engine/i_pair_compare/c2_endpoint_q[task_end][1]_bret__6_bret__22_i_4/O
                         net (fo=1, unplaced)         0.145     3.289    i_scheduler_core/i_round_engine/i_pair_compare/c2_endpoint_q[task_end][1]_bret__6_bret__22_i_4_n_0
                         LUT6 (Prop_LUT6_I5_O)        0.051     3.340 f  i_scheduler_core/i_round_engine/i_pair_compare/c2_endpoint_q[task_end][1]_bret__6_bret__22_i_2/O
                         net (fo=9, unplaced)         0.159     3.499    i_scheduler_core/i_round_engine/i_transition_eval/c2_endpoint_q_reg[task_end][1]_bret__6_bret__22_0
                         LUT5 (Prop_LUT5_I0_O)        0.074     3.573 r  i_scheduler_core/i_round_engine/i_transition_eval/c2_endpoint_q[task_end][1]_bret__6_bret__22_i_1/O
                         net (fo=10, unplaced)        0.243     3.816    i_scheduler_core/i_round_engine/i_transition_eval/timeline_req[ntok][3]
                         LUT6 (Prop_LUT6_I1_O)        0.088     3.904 r  i_scheduler_core/i_round_engine/i_transition_eval/c2_endpoint_q[task_end][11]_bret__4_bret__4_i_2/O
                         net (fo=15, unplaced)        0.187     4.091    i_scheduler_core/i_round_engine/i_transition_eval/c2_endpoint_q[task_end][11]_bret__4_bret__4_i_2_n_0
                         LUT3 (Prop_LUT3_I1_O)        0.051     4.142 r  i_scheduler_core/i_round_engine/i_transition_eval/c2_endpoint_q[task_end][11]_bret__4_bret__3_i_15/O
                         net (fo=4, unplaced)         0.222     4.364    i_scheduler_core/i_round_engine/i_transition_eval/c2_endpoint_q_reg[task_end][11]_bret__4_bret__3_i_14/I2
                         LUTCY1 (Prop_LUTCY1_I2_PROP)
                                                      0.082     4.446 r  i_scheduler_core/i_round_engine/i_transition_eval/c2_endpoint_q_reg[task_end][11]_bret__4_bret__3_i_14/LUTCY1_INST/PROP
                         net (fo=1, unplaced)         0.001     4.447    i_scheduler_core/i_round_engine/i_transition_eval/c2_endpoint_q_reg[task_end][11]_bret__4_bret__3_i_14_n_3
                         LOOKAHEAD8 (Prop_LOOKAHEAD8_PROPH_COUTH)
                                                      0.129     4.576 f  i_scheduler_core/i_round_engine/i_transition_eval/c2_endpoint_q_reg[task_end][11]_bret__4_bret__3_i_4/COUTH
                         net (fo=3, unplaced)         0.002     4.578    i_scheduler_core/i_round_engine/i_transition_eval/c2_endpoint_q_reg[task_end][11]_bret__4_bret__3_i_4_n_3
                         LOOKAHEAD8 (Prop_LOOKAHEAD8_CIN_COUTB)
                                                      0.051     4.629 f  i_scheduler_core/i_round_engine/i_transition_eval/c2_endpoint_q_reg[task_end][11]_bret__4_bret__3_i_3/COUTB
                         net (fo=10, unplaced)        0.253     4.882    i_scheduler_core/i_round_engine/i_target_s4pf/s2_duration2
                         LUT6 (Prop_LUT6_I5_O)        0.051     4.933 r  i_scheduler_core/i_round_engine/i_target_s4pf/c2_endpoint_q[task_end][11]_bret__4_bret__3_i_1/O
                         net (fo=17, unplaced)        0.255     5.188    i_scheduler_core/i_round_engine/i_start_iter/c2_endpoint_q_reg[task_end][1]_bret__6_bret__33_i_1/I2
                         LUTCY1 (Prop_LUTCY1_I2_PROP)
                                                      0.086     5.274 r  i_scheduler_core/i_round_engine/i_start_iter/c2_endpoint_q_reg[task_end][1]_bret__6_bret__33_i_1/LUTCY1_INST/PROP
                         net (fo=1, unplaced)         0.002     5.276    i_scheduler_core/i_round_engine/i_start_iter/c2_endpoint_q_reg[task_end][1]_bret__6_bret__33_i_1_n_3
                         LOOKAHEAD8 (Prop_LOOKAHEAD8_PROPB_COUTH)
                                                      0.177     5.453 r  i_scheduler_core/i_round_engine/i_start_iter/c2_endpoint_q_reg[dma3_end][6]_bret__6_i_2/COUTH
                         net (fo=3, unplaced)         0.198     5.651    i_scheduler_core/i_round_engine/i_start_iter/c2_endpoint_q_reg[task_end][1]_bret__6_bret__8_i_1/I4
                         LUTCY2 (Prop_LUTCY2_I4_O)    0.051     5.702 r  i_scheduler_core/i_round_engine/i_start_iter/c2_endpoint_q_reg[task_end][1]_bret__6_bret__8_i_1/LUTCY2_INST/O
                         net (fo=3, unplaced)         0.016     5.718    i_scheduler_core/i_round_engine/i_start_iter/c2_endpoint_q_reg[task_end][1]_bret__6_bret__11_i_1/I4
                         LUTCY1 (Prop_LUTCY1_I4_O)    0.055     5.773 f  i_scheduler_core/i_round_engine/i_start_iter/c2_endpoint_q_reg[task_end][1]_bret__6_bret__11_i_1/LUTCY1_INST/O
                         net (fo=3, unplaced)         0.212     5.985    i_scheduler_core/i_round_engine/i_start_iter/built_timeline[s2_end][9]
                         LUT4 (Prop_LUT4_I0_O)        0.074     6.059 r  i_scheduler_core/i_round_engine/i_start_iter/c2_endpoint_q[task_end][1]_bret__6_bret__30_bret_bret__0_bret_i_1/O
                         net (fo=1, unplaced)         0.062     6.121    i_scheduler_core/i_round_engine/i_transition_eval/c2_endpoint_q_reg[task_end][1]_bret__6_bret__30_bret_bret__0_bret_0
                         FDCE                                         r  i_scheduler_core/i_round_engine/i_transition_eval/c2_endpoint_q_reg[task_end][1]_bret__6_bret__30_bret_bret__0_bret/D
  -------------------------------------------------------------------    -------------------

                         (clock scheduler_clk rise edge)
                                                      5.000     5.000 r  
                                                      0.000     5.000 r  clk_i (IN)
                         net (fo=1978, unset)         0.080     5.080    i_scheduler_core/i_round_engine/i_transition_eval/clk_i
                         FDCE                                         r  i_scheduler_core/i_round_engine/i_transition_eval/c2_endpoint_q_reg[task_end][1]_bret__6_bret__30_bret_bret__0_bret/C
                         clock pessimism              0.000     5.080    
                         clock uncertainty           -0.300     4.780    
                         FDCE (Setup_FDCE_C_D)        0.007     4.787    i_scheduler_core/i_round_engine/i_transition_eval/c2_endpoint_q_reg[task_end][1]_bret__6_bret__30_bret_bret__0_bret
  -------------------------------------------------------------------
                         required time                          4.787    
                         arrival time                          -6.121    
  -------------------------------------------------------------------
                         slack                                 -1.334    

Slack (VIOLATED) :        -1.328ns  (required time - arrival time)
  Source:                 i_scheduler_core/i_round_engine/FSM_onehot_st_q_reg[6]/C
                            (rising edge-triggered cell FDCE clocked by scheduler_clk  {rise@0.000ns fall@2.500ns period=5.000ns})
  Destination:            i_scheduler_core/i_round_engine/i_transition_eval/c2_endpoint_q_reg[task_end][1]_bret__6_bret__30_bret_bret__0_bret__2/D
                            (rising edge-triggered cell FDCE clocked by scheduler_clk  {rise@0.000ns fall@2.500ns period=5.000ns})
  Path Group:             scheduler_clk
  Path Type:              Setup (Max at Slow Process Corner)
  Requirement:            5.000ns  (scheduler_clk rise@5.000ns - scheduler_clk rise@0.000ns)
  Data Path Delay:        5.995ns  (logic 1.970ns (32.861%)  route 4.025ns (67.139%))
  Logic Levels:           26  (LOOKAHEAD8=4 LUT3=1 LUT4=2 LUT5=3 LUT6=8 LUTCY1=4 LUTCY2=4)
  Clock Path Skew:        -0.040ns (DCD - SCD + CPR)
    Destination Clock Delay (DCD):    0.080ns = ( 5.080 - 5.000 ) 
    Source Clock Delay      (SCD):    0.120ns
    Clock Pessimism Removal (CPR):    0.000ns
  Clock Uncertainty:      0.300ns  (CJ)/2 + PE + PJ
    Clock Jitter             (CJ):    0.600ns
    Phase Error              (PE):    0.000ns
    Phase Jitter             (PJ):    0.000ns

    Location             Delay type                Incr(ns)  Path(ns)    Netlist Resource(s)
  -------------------------------------------------------------------    -------------------
                         (clock scheduler_clk rise edge)
                                                      0.000     0.000 r  
                                                      0.000     0.000 r  clk_i (IN)
                         net (fo=1978, unset)         0.120     0.120    i_scheduler_core/i_round_engine/clk_i
                         FDCE                                         r  i_scheduler_core/i_round_engine/FSM_onehot_st_q_reg[6]/C
  -------------------------------------------------------------------    -------------------
                         FDCE (Prop_FDCE_C_Q)         0.090     0.210 r  i_scheduler_core/i_round_engine/FSM_onehot_st_q_reg[6]/Q
                         net (fo=27, unplaced)        0.309     0.519    i_scheduler_core/i_round_engine/i_transition_eval/c2_endpoint_q_reg[task_end][11]_bret__4_bret__7_0[6]
                         LUT6 (Prop_LUT6_I1_O)        0.088     0.607 r  i_scheduler_core/i_round_engine/i_transition_eval/g0_b0_i_10/O
                         net (fo=3, unplaced)         0.151     0.758    i_scheduler_core/i_round_engine/i_transition_eval/g0_b0_i_10_n_0
                         LUT6 (Prop_LUT6_I5_O)        0.051     0.809 f  i_scheduler_core/i_round_engine/i_transition_eval/c2_endpoint_q[task_end][11]_bret__4_bret__7_i_4/O
                         net (fo=2, unplaced)         0.145     0.954    i_scheduler_core/i_round_engine/i_transition_eval/c2_endpoint_q[task_end][11]_bret__4_bret__7_i_4_n_0
                         LUT4 (Prop_LUT4_I3_O)        0.051     1.005 r  i_scheduler_core/i_round_engine/i_transition_eval/g0_b0_i_7/O
                         net (fo=40, unplaced)        0.275     1.280    i_scheduler_core/i_round_engine/i_transition_eval/FSM_onehot_st_q_reg[4]_1
                         LUT6 (Prop_LUT6_I2_O)        0.088     1.368 r  i_scheduler_core/i_round_engine/i_transition_eval/g0_b0_i_1/O
                         net (fo=66, unplaced)        0.204     1.572    i_scheduler_core/i_round_engine/i_transition_eval/decode_address[0]
                         LUT5 (Prop_LUT5_I2_O)        0.074     1.646 r  i_scheduler_core/i_round_engine/i_transition_eval/commit_task_q[1][tok_start][7]_i_5/O
                         net (fo=59, unplaced)        0.283     1.929    i_scheduler_core/i_round_engine/i_bound_score/decoded_profile[selector_a][1]
                         LUT6 (Prop_LUT6_I2_O)        0.088     2.017 r  i_scheduler_core/i_round_engine/i_bound_score/s2_offset_q[1]_i_5/O
                         net (fo=8, unplaced)         0.156     2.173    i_scheduler_core/i_round_engine/i_bound_score/hot_q_reg[3][ntok][0]_0
                         LUT6 (Prop_LUT6_I0_O)        0.074     2.247 f  i_scheduler_core/i_round_engine/i_bound_score/s2_offset_q[1]_i_2/O
                         net (fo=47, unplaced)        0.278     2.525    i_scheduler_core/i_round_engine/commit_task_q_reg[1][ntok][1]_i_5/I2
                         LUTCY2 (Prop_LUTCY2_I2_O)    0.088     2.613 r  i_scheduler_core/i_round_engine/commit_task_q_reg[1][ntok][1]_i_5/LUTCY2_INST/O
                         net (fo=3, unplaced)         0.016     2.629    i_scheduler_core/i_round_engine/commit_task_q_reg[1][ntok][1]_i_3/I4
                         LUTCY2 (Prop_LUTCY2_I4_O)    0.050     2.679 r  i_scheduler_core/i_round_engine/commit_task_q_reg[1][ntok][1]_i_3/LUTCY2_INST/O
                         net (fo=1, unplaced)         0.000     2.679    i_scheduler_core/i_round_engine/commit_task_q_reg[1][ntok][1]_i_3_n_2
                         LOOKAHEAD8 (Prop_LOOKAHEAD8_CYB_COUTB)
                                                      0.053     2.732 r  i_scheduler_core/i_round_engine/commit_task_q_reg[1][ntok][8]_i_7/COUTB
                         net (fo=2, unplaced)         0.013     2.745    i_scheduler_core/i_round_engine/commit_task_q_reg[1][ntok][2]_i_2/I4
                         LUTCY2 (Prop_LUTCY2_I4_O)    0.049     2.794 r  i_scheduler_core/i_round_engine/commit_task_q_reg[1][ntok][2]_i_2/LUTCY2_INST/O
                         net (fo=3, unplaced)         0.015     2.809    i_scheduler_core/i_round_engine/commit_task_q_reg[1][ntok][3]_i_2/I4
                         LUTCY1 (Prop_LUTCY1_I4_O)    0.055     2.864 r  i_scheduler_core/i_round_engine/commit_task_q_reg[1][ntok][3]_i_2/LUTCY1_INST/O
                         net (fo=2, unplaced)         0.206     3.070    i_scheduler_core/i_round_engine/i_pair_compare/c2_endpoint_q[task_end][1]_bret__6_bret__22_i_2_0
                         LUT5 (Prop_LUT5_I0_O)        0.074     3.144 r  i_scheduler_core/i_round_engine/i_pair_compare/c2_endpoint_q[task_end][1]_bret__6_bret__22_i_4/O
                         net (fo=1, unplaced)         0.145     3.289    i_scheduler_core/i_round_engine/i_pair_compare/c2_endpoint_q[task_end][1]_bret__6_bret__22_i_4_n_0
                         LUT6 (Prop_LUT6_I5_O)        0.051     3.340 f  i_scheduler_core/i_round_engine/i_pair_compare/c2_endpoint_q[task_end][1]_bret__6_bret__22_i_2/O
                         net (fo=9, unplaced)         0.159     3.499    i_scheduler_core/i_round_engine/i_transition_eval/c2_endpoint_q_reg[task_end][1]_bret__6_bret__22_0
                         LUT5 (Prop_LUT5_I0_O)        0.074     3.573 r  i_scheduler_core/i_round_engine/i_transition_eval/c2_endpoint_q[task_end][1]_bret__6_bret__22_i_1/O
                         net (fo=10, unplaced)        0.243     3.816    i_scheduler_core/i_round_engine/i_transition_eval/timeline_req[ntok][3]
                         LUT6 (Prop_LUT6_I1_O)        0.088     3.904 r  i_scheduler_core/i_round_engine/i_transition_eval/c2_endpoint_q[task_end][11]_bret__4_bret__4_i_2/O
                         net (fo=15, unplaced)        0.187     4.091    i_scheduler_core/i_round_engine/i_transition_eval/c2_endpoint_q[task_end][11]_bret__4_bret__4_i_2_n_0
                         LUT3 (Prop_LUT3_I1_O)        0.051     4.142 r  i_scheduler_core/i_round_engine/i_transition_eval/c2_endpoint_q[task_end][11]_bret__4_bret__3_i_15/O
                         net (fo=4, unplaced)         0.222     4.364    i_scheduler_core/i_round_engine/i_transition_eval/c2_endpoint_q_reg[task_end][11]_bret__4_bret__3_i_14/I2
                         LUTCY1 (Prop_LUTCY1_I2_PROP)
                                                      0.082     4.446 r  i_scheduler_core/i_round_engine/i_transition_eval/c2_endpoint_q_reg[task_end][11]_bret__4_bret__3_i_14/LUTCY1_INST/PROP
                         net (fo=1, unplaced)         0.001     4.447    i_scheduler_core/i_round_engine/i_transition_eval/c2_endpoint_q_reg[task_end][11]_bret__4_bret__3_i_14_n_3
                         LOOKAHEAD8 (Prop_LOOKAHEAD8_PROPH_COUTH)
                                                      0.129     4.576 f  i_scheduler_core/i_round_engine/i_transition_eval/c2_endpoint_q_reg[task_end][11]_bret__4_bret__3_i_4/COUTH
                         net (fo=3, unplaced)         0.002     4.578    i_scheduler_core/i_round_engine/i_transition_eval/c2_endpoint_q_reg[task_end][11]_bret__4_bret__3_i_4_n_3
                         LOOKAHEAD8 (Prop_LOOKAHEAD8_CIN_COUTB)
                                                      0.051     4.629 f  i_scheduler_core/i_round_engine/i_transition_eval/c2_endpoint_q_reg[task_end][11]_bret__4_bret__3_i_3/COUTB
                         net (fo=10, unplaced)        0.253     4.882    i_scheduler_core/i_round_engine/i_target_s4pf/s2_duration2
                         LUT6 (Prop_LUT6_I5_O)        0.051     4.933 r  i_scheduler_core/i_round_engine/i_target_s4pf/c2_endpoint_q[task_end][11]_bret__4_bret__3_i_1/O
                         net (fo=17, unplaced)        0.255     5.188    i_scheduler_core/i_round_engine/i_start_iter/c2_endpoint_q_reg[task_end][1]_bret__6_bret__33_i_1/I2
                         LUTCY1 (Prop_LUTCY1_I2_PROP)
                                                      0.086     5.274 r  i_scheduler_core/i_round_engine/i_start_iter/c2_endpoint_q_reg[task_end][1]_bret__6_bret__33_i_1/LUTCY1_INST/PROP
                         net (fo=1, unplaced)         0.002     5.276    i_scheduler_core/i_round_engine/i_start_iter/c2_endpoint_q_reg[task_end][1]_bret__6_bret__33_i_1_n_3
                         LOOKAHEAD8 (Prop_LOOKAHEAD8_PROPB_COUTH)
                                                      0.177     5.453 r  i_scheduler_core/i_round_engine/i_start_iter/c2_endpoint_q_reg[dma3_end][6]_bret__6_i_2/COUTH
                         net (fo=3, unplaced)         0.198     5.651    i_scheduler_core/i_round_engine/i_start_iter/c2_endpoint_q_reg[task_end][1]_bret__6_bret__8_i_1/I4
                         LUTCY2 (Prop_LUTCY2_I4_O)    0.051     5.702 r  i_scheduler_core/i_round_engine/i_start_iter/c2_endpoint_q_reg[task_end][1]_bret__6_bret__8_i_1/LUTCY2_INST/O
                         net (fo=3, unplaced)         0.016     5.718    i_scheduler_core/i_round_engine/i_start_iter/c2_endpoint_q_reg[task_end][1]_bret__6_bret__11_i_1/I4
                         LUTCY1 (Prop_LUTCY1_I4_O)    0.055     5.773 r  i_scheduler_core/i_round_engine/i_start_iter/c2_endpoint_q_reg[task_end][1]_bret__6_bret__11_i_1/LUTCY1_INST/O
                         net (fo=3, unplaced)         0.229     6.002    i_scheduler_core/i_round_engine/i_transition_eval/built_timeline[s2_end][9]
                         LUT4 (Prop_LUT4_I3_O)        0.051     6.053 r  i_scheduler_core/i_round_engine/i_transition_eval/c2_endpoint_q[task_end][1]_bret__6_bret__30_bret_bret__0_bret__2_i_1/O
                         net (fo=1, unplaced)         0.062     6.115    i_scheduler_core/i_round_engine/i_transition_eval/c2_endpoint_q[task_end][1]_bret__6_bret__30_bret_bret__0_bret__2_i_1_n_0
                         FDCE                                         r  i_scheduler_core/i_round_engine/i_transition_eval/c2_endpoint_q_reg[task_end][1]_bret__6_bret__30_bret_bret__0_bret__2/D
  -------------------------------------------------------------------    -------------------

                         (clock scheduler_clk rise edge)
                                                      5.000     5.000 r  
                                                      0.000     5.000 r  clk_i (IN)
                         net (fo=1978, unset)         0.080     5.080    i_scheduler_core/i_round_engine/i_transition_eval/clk_i
                         FDCE                                         r  i_scheduler_core/i_round_engine/i_transition_eval/c2_endpoint_q_reg[task_end][1]_bret__6_bret__30_bret_bret__0_bret__2/C
                         clock pessimism              0.000     5.080    
                         clock uncertainty           -0.300     4.780    
                         FDCE (Setup_FDCE_C_D)        0.007     4.787    i_scheduler_core/i_round_engine/i_transition_eval/c2_endpoint_q_reg[task_end][1]_bret__6_bret__30_bret_bret__0_bret__2
  -------------------------------------------------------------------
                         required time                          4.787    
                         arrival time                          -6.115    
  -------------------------------------------------------------------
                         slack                                 -1.328    

Slack (VIOLATED) :        -1.269ns  (required time - arrival time)
  Source:                 i_scheduler_core/i_round_engine/FSM_onehot_st_q_reg[6]/C
                            (rising edge-triggered cell FDCE clocked by scheduler_clk  {rise@0.000ns fall@2.500ns period=5.000ns})
  Destination:            i_scheduler_core/i_round_engine/i_transition_eval/c2_endpoint_q_reg[task_end][1]_bret__6_bret__30_bret_bret__0_bret__1/D
                            (rising edge-triggered cell FDCE clocked by scheduler_clk  {rise@0.000ns fall@2.500ns period=5.000ns})
  Path Group:             scheduler_clk
  Path Type:              Setup (Max at Slow Process Corner)
  Requirement:            5.000ns  (scheduler_clk rise@5.000ns - scheduler_clk rise@0.000ns)
  Data Path Delay:        5.936ns  (logic 1.944ns (32.749%)  route 3.992ns (67.251%))
  Logic Levels:           25  (LOOKAHEAD8=4 LUT3=1 LUT4=2 LUT5=3 LUT6=8 LUTCY1=4 LUTCY2=3)
  Clock Path Skew:        -0.040ns (DCD - SCD + CPR)
    Destination Clock Delay (DCD):    0.080ns = ( 5.080 - 5.000 ) 
    Source Clock Delay      (SCD):    0.120ns
    Clock Pessimism Removal (CPR):    0.000ns
  Clock Uncertainty:      0.300ns  (CJ)/2 + PE + PJ
    Clock Jitter             (CJ):    0.600ns
    Phase Error              (PE):    0.000ns
    Phase Jitter             (PJ):    0.000ns

    Location             Delay type                Incr(ns)  Path(ns)    Netlist Resource(s)
  -------------------------------------------------------------------    -------------------
                         (clock scheduler_clk rise edge)
                                                      0.000     0.000 r  
                                                      0.000     0.000 r  clk_i (IN)
                         net (fo=1978, unset)         0.120     0.120    i_scheduler_core/i_round_engine/clk_i
                         FDCE                                         r  i_scheduler_core/i_round_engine/FSM_onehot_st_q_reg[6]/C
  -------------------------------------------------------------------    -------------------
                         FDCE (Prop_FDCE_C_Q)         0.090     0.210 r  i_scheduler_core/i_round_engine/FSM_onehot_st_q_reg[6]/Q
                         net (fo=27, unplaced)        0.309     0.519    i_scheduler_core/i_round_engine/i_transition_eval/c2_endpoint_q_reg[task_end][11]_bret__4_bret__7_0[6]
                         LUT6 (Prop_LUT6_I1_O)        0.088     0.607 r  i_scheduler_core/i_round_engine/i_transition_eval/g0_b0_i_10/O
                         net (fo=3, unplaced)         0.151     0.758    i_scheduler_core/i_round_engine/i_transition_eval/g0_b0_i_10_n_0
                         LUT6 (Prop_LUT6_I5_O)        0.051     0.809 f  i_scheduler_core/i_round_engine/i_transition_eval/c2_endpoint_q[task_end][11]_bret__4_bret__7_i_4/O
                         net (fo=2, unplaced)         0.145     0.954    i_scheduler_core/i_round_engine/i_transition_eval/c2_endpoint_q[task_end][11]_bret__4_bret__7_i_4_n_0
                         LUT4 (Prop_LUT4_I3_O)        0.051     1.005 r  i_scheduler_core/i_round_engine/i_transition_eval/g0_b0_i_7/O
                         net (fo=40, unplaced)        0.275     1.280    i_scheduler_core/i_round_engine/i_transition_eval/FSM_onehot_st_q_reg[4]_1
                         LUT6 (Prop_LUT6_I2_O)        0.088     1.368 r  i_scheduler_core/i_round_engine/i_transition_eval/g0_b0_i_1/O
                         net (fo=66, unplaced)        0.204     1.572    i_scheduler_core/i_round_engine/i_transition_eval/decode_address[0]
                         LUT5 (Prop_LUT5_I2_O)        0.074     1.646 r  i_scheduler_core/i_round_engine/i_transition_eval/commit_task_q[1][tok_start][7]_i_5/O
                         net (fo=59, unplaced)        0.283     1.929    i_scheduler_core/i_round_engine/i_bound_score/decoded_profile[selector_a][1]
                         LUT6 (Prop_LUT6_I2_O)        0.088     2.017 r  i_scheduler_core/i_round_engine/i_bound_score/s2_offset_q[1]_i_5/O
                         net (fo=8, unplaced)         0.156     2.173    i_scheduler_core/i_round_engine/i_bound_score/hot_q_reg[3][ntok][0]_0
                         LUT6 (Prop_LUT6_I0_O)        0.074     2.247 f  i_scheduler_core/i_round_engine/i_bound_score/s2_offset_q[1]_i_2/O
                         net (fo=47, unplaced)        0.278     2.525    i_scheduler_core/i_round_engine/commit_task_q_reg[1][ntok][1]_i_5/I2
                         LUTCY2 (Prop_LUTCY2_I2_O)    0.088     2.613 r  i_scheduler_core/i_round_engine/commit_task_q_reg[1][ntok][1]_i_5/LUTCY2_INST/O
                         net (fo=3, unplaced)         0.016     2.629    i_scheduler_core/i_round_engine/commit_task_q_reg[1][ntok][1]_i_3/I4
                         LUTCY2 (Prop_LUTCY2_I4_O)    0.050     2.679 r  i_scheduler_core/i_round_engine/commit_task_q_reg[1][ntok][1]_i_3/LUTCY2_INST/O
                         net (fo=1, unplaced)         0.000     2.679    i_scheduler_core/i_round_engine/commit_task_q_reg[1][ntok][1]_i_3_n_2
                         LOOKAHEAD8 (Prop_LOOKAHEAD8_CYB_COUTB)
                                                      0.053     2.732 r  i_scheduler_core/i_round_engine/commit_task_q_reg[1][ntok][8]_i_7/COUTB
                         net (fo=2, unplaced)         0.013     2.745    i_scheduler_core/i_round_engine/commit_task_q_reg[1][ntok][2]_i_2/I4
                         LUTCY2 (Prop_LUTCY2_I4_O)    0.049     2.794 r  i_scheduler_core/i_round_engine/commit_task_q_reg[1][ntok][2]_i_2/LUTCY2_INST/O
                         net (fo=3, unplaced)         0.015     2.809    i_scheduler_core/i_round_engine/commit_task_q_reg[1][ntok][3]_i_2/I4
                         LUTCY1 (Prop_LUTCY1_I4_O)    0.055     2.864 r  i_scheduler_core/i_round_engine/commit_task_q_reg[1][ntok][3]_i_2/LUTCY1_INST/O
                         net (fo=2, unplaced)         0.206     3.070    i_scheduler_core/i_round_engine/i_pair_compare/c2_endpoint_q[task_end][1]_bret__6_bret__22_i_2_0
                         LUT5 (Prop_LUT5_I0_O)        0.074     3.144 r  i_scheduler_core/i_round_engine/i_pair_compare/c2_endpoint_q[task_end][1]_bret__6_bret__22_i_4/O
                         net (fo=1, unplaced)         0.145     3.289    i_scheduler_core/i_round_engine/i_pair_compare/c2_endpoint_q[task_end][1]_bret__6_bret__22_i_4_n_0
                         LUT6 (Prop_LUT6_I5_O)        0.051     3.340 f  i_scheduler_core/i_round_engine/i_pair_compare/c2_endpoint_q[task_end][1]_bret__6_bret__22_i_2/O
                         net (fo=9, unplaced)         0.159     3.499    i_scheduler_core/i_round_engine/i_transition_eval/c2_endpoint_q_reg[task_end][1]_bret__6_bret__22_0
                         LUT5 (Prop_LUT5_I0_O)        0.074     3.573 r  i_scheduler_core/i_round_engine/i_transition_eval/c2_endpoint_q[task_end][1]_bret__6_bret__22_i_1/O
                         net (fo=10, unplaced)        0.243     3.816    i_scheduler_core/i_round_engine/i_transition_eval/timeline_req[ntok][3]
                         LUT6 (Prop_LUT6_I1_O)        0.088     3.904 r  i_scheduler_core/i_round_engine/i_transition_eval/c2_endpoint_q[task_end][11]_bret__4_bret__4_i_2/O
                         net (fo=15, unplaced)        0.187     4.091    i_scheduler_core/i_round_engine/i_transition_eval/c2_endpoint_q[task_end][11]_bret__4_bret__4_i_2_n_0
                         LUT3 (Prop_LUT3_I1_O)        0.051     4.142 r  i_scheduler_core/i_round_engine/i_transition_eval/c2_endpoint_q[task_end][11]_bret__4_bret__3_i_15/O
                         net (fo=4, unplaced)         0.222     4.364    i_scheduler_core/i_round_engine/i_transition_eval/c2_endpoint_q_reg[task_end][11]_bret__4_bret__3_i_14/I2
                         LUTCY1 (Prop_LUTCY1_I2_PROP)
                                                      0.082     4.446 r  i_scheduler_core/i_round_engine/i_transition_eval/c2_endpoint_q_reg[task_end][11]_bret__4_bret__3_i_14/LUTCY1_INST/PROP
                         net (fo=1, unplaced)         0.001     4.447    i_scheduler_core/i_round_engine/i_transition_eval/c2_endpoint_q_reg[task_end][11]_bret__4_bret__3_i_14_n_3
                         LOOKAHEAD8 (Prop_LOOKAHEAD8_PROPH_COUTH)
                                                      0.129     4.576 f  i_scheduler_core/i_round_engine/i_transition_eval/c2_endpoint_q_reg[task_end][11]_bret__4_bret__3_i_4/COUTH
                         net (fo=3, unplaced)         0.002     4.578    i_scheduler_core/i_round_engine/i_transition_eval/c2_endpoint_q_reg[task_end][11]_bret__4_bret__3_i_4_n_3
                         LOOKAHEAD8 (Prop_LOOKAHEAD8_CIN_COUTB)
                                                      0.051     4.629 f  i_scheduler_core/i_round_engine/i_transition_eval/c2_endpoint_q_reg[task_end][11]_bret__4_bret__3_i_3/COUTB
                         net (fo=10, unplaced)        0.253     4.882    i_scheduler_core/i_round_engine/i_target_s4pf/s2_duration2
                         LUT6 (Prop_LUT6_I5_O)        0.051     4.933 r  i_scheduler_core/i_round_engine/i_target_s4pf/c2_endpoint_q[task_end][11]_bret__4_bret__3_i_1/O
                         net (fo=17, unplaced)        0.255     5.188    i_scheduler_core/i_round_engine/i_start_iter/c2_endpoint_q_reg[task_end][1]_bret__6_bret__33_i_1/I2
                         LUTCY1 (Prop_LUTCY1_I2_PROP)
                                                      0.086     5.274 r  i_scheduler_core/i_round_engine/i_start_iter/c2_endpoint_q_reg[task_end][1]_bret__6_bret__33_i_1/LUTCY1_INST/PROP
                         net (fo=1, unplaced)         0.002     5.276    i_scheduler_core/i_round_engine/i_start_iter/c2_endpoint_q_reg[task_end][1]_bret__6_bret__33_i_1_n_3
                         LOOKAHEAD8 (Prop_LOOKAHEAD8_PROPB_COUTH)
                                                      0.177     5.453 r  i_scheduler_core/i_round_engine/i_start_iter/c2_endpoint_q_reg[dma3_end][6]_bret__6_i_2/COUTH
                         net (fo=3, unplaced)         0.198     5.651    i_scheduler_core/i_round_engine/i_start_iter/c2_endpoint_q_reg[task_end][1]_bret__6_bret__8_i_1/I4
                         LUTCY1 (Prop_LUTCY1_I4_O)    0.057     5.708 r  i_scheduler_core/i_round_engine/i_start_iter/c2_endpoint_q_reg[task_end][1]_bret__6_bret__8_i_1/LUTCY1_INST/O
                         net (fo=3, unplaced)         0.212     5.920    i_scheduler_core/i_round_engine/i_transition_eval/built_timeline[s2_end][8]
                         LUT4 (Prop_LUT4_I1_O)        0.074     5.994 r  i_scheduler_core/i_round_engine/i_transition_eval/c2_endpoint_q[task_end][1]_bret__6_bret__30_bret_bret__0_bret__1_i_1/O
                         net (fo=1, unplaced)         0.062     6.056    i_scheduler_core/i_round_engine/i_transition_eval/c2_endpoint_q[task_end][1]_bret__6_bret__30_bret_bret__0_bret__1_i_1_n_0
                         FDCE                                         r  i_scheduler_core/i_round_engine/i_transition_eval/c2_endpoint_q_reg[task_end][1]_bret__6_bret__30_bret_bret__0_bret__1/D
  -------------------------------------------------------------------    -------------------

                         (clock scheduler_clk rise edge)
                                                      5.000     5.000 r  
                                                      0.000     5.000 r  clk_i (IN)
                         net (fo=1978, unset)         0.080     5.080    i_scheduler_core/i_round_engine/i_transition_eval/clk_i
                         FDCE                                         r  i_scheduler_core/i_round_engine/i_transition_eval/c2_endpoint_q_reg[task_end][1]_bret__6_bret__30_bret_bret__0_bret__1/C
                         clock pessimism              0.000     5.080    
                         clock uncertainty           -0.300     4.780    
                         FDCE (Setup_FDCE_C_D)        0.007     4.787    i_scheduler_core/i_round_engine/i_transition_eval/c2_endpoint_q_reg[task_end][1]_bret__6_bret__30_bret_bret__0_bret__1
  -------------------------------------------------------------------
                         required time                          4.787    
                         arrival time                          -6.056    
  -------------------------------------------------------------------
                         slack                                 -1.269    

Slack (VIOLATED) :        -1.221ns  (required time - arrival time)
  Source:                 i_scheduler_core/i_round_engine/i_transition_eval/c2_endpoint_q_reg[task_end][1]_bret__6_bret__30_bret_bret__0_bret__0_bret__2/C
                            (rising edge-triggered cell FDCE clocked by scheduler_clk  {rise@0.000ns fall@2.500ns period=5.000ns})
  Destination:            i_scheduler_core/i_round_engine/i_pair_compare/rhs_wins_q_reg_bret__3/D
                            (rising edge-triggered cell FDCE clocked by scheduler_clk  {rise@0.000ns fall@2.500ns period=5.000ns})
  Path Group:             scheduler_clk
  Path Type:              Setup (Max at Slow Process Corner)
  Requirement:            5.000ns  (scheduler_clk rise@5.000ns - scheduler_clk rise@0.000ns)
  Data Path Delay:        5.888ns  (logic 2.064ns (35.054%)  route 3.824ns (64.946%))
  Logic Levels:           24  (LOOKAHEAD8=3 LUT3=3 LUT4=2 LUT5=4 LUT6=6 LUTCY1=4 LUTCY2=2)
  Clock Path Skew:        -0.040ns (DCD - SCD + CPR)
    Destination Clock Delay (DCD):    0.080ns = ( 5.080 - 5.000 ) 
    Source Clock Delay      (SCD):    0.120ns
    Clock Pessimism Removal (CPR):    0.000ns
  Clock Uncertainty:      0.300ns  (CJ)/2 + PE + PJ
    Clock Jitter             (CJ):    0.600ns
    Phase Error              (PE):    0.000ns
    Phase Jitter             (PJ):    0.000ns

    Location             Delay type                Incr(ns)  Path(ns)    Netlist Resource(s)
  -------------------------------------------------------------------    -------------------
                         (clock scheduler_clk rise edge)
                                                      0.000     0.000 r  
                                                      0.000     0.000 r  clk_i (IN)
                         net (fo=1978, unset)         0.120     0.120    i_scheduler_core/i_round_engine/i_transition_eval/clk_i
                         FDCE                                         r  i_scheduler_core/i_round_engine/i_transition_eval/c2_endpoint_q_reg[task_end][1]_bret__6_bret__30_bret_bret__0_bret__0_bret__2/C
  -------------------------------------------------------------------    -------------------
                         FDCE (Prop_FDCE_C_Q)         0.090     0.210 f  i_scheduler_core/i_round_engine/i_transition_eval/c2_endpoint_q_reg[task_end][1]_bret__6_bret__30_bret_bret__0_bret__0_bret__2/Q
                         net (fo=1, unplaced)         0.253     0.463    i_scheduler_core/i_round_engine/i_transition_eval/c2_endpoint_q_reg[task_end][1]_bret__6_bret__30_bret_bret__0_bret__0_bret__2_n_0
                         LUT6 (Prop_LUT6_I2_O)        0.088     0.551 f  i_scheduler_core/i_round_engine/i_transition_eval/c2_endpoint_q[dma3_end][11]_bret_i_6/O
                         net (fo=1, unplaced)         0.145     0.696    i_scheduler_core/i_round_engine/i_transition_eval/c2_endpoint_q[dma3_end][11]_bret_i_6_n_0
                         LUT5 (Prop_LUT5_I3_O)        0.051     0.747 r  i_scheduler_core/i_round_engine/i_transition_eval/c2_endpoint_q[dma3_end][11]_bret_i_5/O
                         net (fo=1, unplaced)         0.128     0.875    i_scheduler_core/i_round_engine/i_transition_eval/c2_endpoint_q[dma3_end][11]_bret_i_5_n_0
                         LUT5 (Prop_LUT5_I2_O)        0.074     0.949 r  i_scheduler_core/i_round_engine/i_transition_eval/c2_endpoint_q[dma3_end][11]_bret_i_4/O
                         net (fo=1, unplaced)         0.145     1.094    i_scheduler_core/i_round_engine/i_transition_eval/c2_endpoint_q[dma3_end][11]_bret_i_4_n_0
                         LUT6 (Prop_LUT6_I5_O)        0.051     1.145 r  i_scheduler_core/i_round_engine/i_transition_eval/c2_endpoint_q[dma3_end][11]_bret_i_3/O
                         net (fo=31, unplaced)        0.204     1.349    i_scheduler_core/i_round_engine/i_transition_eval/c2_endpoint_q[dma3_end][11]_bret_i_3_n_0
                         LUT3 (Prop_LUT3_I1_O)        0.051     1.400 r  i_scheduler_core/i_round_engine/i_transition_eval/c2_endpoint_q[task_end][3]_bret_i_4/O
                         net (fo=2, unplaced)         0.210     1.610    i_scheduler_core/i_round_engine/i_transition_eval/c2_endpoint_q_reg[task_end][3]_bret_i_2/I2
                         LUTCY1 (Prop_LUTCY1_I2_PROP)
                                                      0.079     1.689 r  i_scheduler_core/i_round_engine/i_transition_eval/c2_endpoint_q_reg[task_end][3]_bret_i_2/LUTCY1_INST/PROP
                         net (fo=1, unplaced)         0.000     1.689    i_scheduler_core/i_round_engine/i_transition_eval/c2_endpoint_q_reg[task_end][3]_bret_i_2_n_3
                         LOOKAHEAD8 (Prop_LOOKAHEAD8_PROPD_COUTH)
                                                      0.163     1.852 r  i_scheduler_core/i_round_engine/i_transition_eval/c2_endpoint_q_reg[task_end][3]_bret_i_7/COUTH
                         net (fo=3, unplaced)         0.198     2.050    i_scheduler_core/i_round_engine/i_transition_eval/c2_endpoint_q_reg[task_end][8]_bret_i_3/I4
                         LUTCY2 (Prop_LUTCY2_I4_O)    0.051     2.101 r  i_scheduler_core/i_round_engine/i_transition_eval/c2_endpoint_q_reg[task_end][8]_bret_i_3/LUTCY2_INST/O
                         net (fo=3, unplaced)         0.016     2.117    i_scheduler_core/i_round_engine/i_transition_eval/c2_endpoint_q_reg[task_end][9]_bret_i_3/I4
                         LUTCY1 (Prop_LUTCY1_I4_O)    0.055     2.172 r  i_scheduler_core/i_round_engine/i_transition_eval/c2_endpoint_q_reg[task_end][9]_bret_i_3/LUTCY1_INST/O
                         net (fo=1, unplaced)         0.206     2.378    i_scheduler_core/i_round_engine/i_transition_eval/timeline_o[task_end]10_in[9]
                         LUT4 (Prop_LUT4_I0_O)        0.074     2.452 r  i_scheduler_core/i_round_engine/i_transition_eval/c2_endpoint_q[task_end][9]_bret_i_2/O
                         net (fo=3, unplaced)         0.151     2.603    i_scheduler_core/i_round_engine/i_transition_eval/c2_endpoint_q[9]
                         LUT3 (Prop_LUT3_I2_O)        0.051     2.654 r  i_scheduler_core/i_round_engine/i_transition_eval/c2_endpoint_q[task_end][9]_bret__1_i_1/O
                         net (fo=14, unplaced)        0.186     2.840    i_scheduler_core/i_round_engine/i_transition_eval/c2_endpoint_q[task_end][9]_bret__1_i_1_n_0
                         LUT3 (Prop_LUT3_I2_O)        0.051     2.891 r  i_scheduler_core/i_round_engine/i_transition_eval/h_load_c3_q[9]_i_2/O
                         net (fo=16, unplaced)        0.280     3.171    i_scheduler_core/i_round_engine/i_transition_eval/global_score_q_reg[early_end][12]_i_7/I1
                         LUTCY1 (Prop_LUTCY1_I1_PROP)
                                                      0.117     3.288 r  i_scheduler_core/i_round_engine/i_transition_eval/global_score_q_reg[early_end][12]_i_7/LUTCY1_INST/PROP
                         net (fo=1, unplaced)         0.002     3.290    i_scheduler_core/i_round_engine/i_transition_eval/global_score_q_reg[early_end][12]_i_7_n_3
                         LOOKAHEAD8 (Prop_LOOKAHEAD8_PROPE_COUTH)
                                                      0.130     3.420 r  i_scheduler_core/i_round_engine/i_transition_eval/global_score_q_reg[early_end][12]_i_2/COUTH
                         net (fo=142, unplaced)       0.358     3.778    i_scheduler_core/i_round_engine/i_transition_eval/current_score1
                         LUT5 (Prop_LUT5_I1_O)        0.074     3.852 r  i_scheduler_core/i_round_engine/i_transition_eval/rhs_wins_q_bret__2_i_202/O
                         net (fo=11, unplaced)        0.245     4.097    i_scheduler_core/i_round_engine/i_transition_eval/global_score_q_reg[late_end][8]_1[1]
                         LUT6 (Prop_LUT6_I2_O)        0.088     4.185 r  i_scheduler_core/i_round_engine/i_transition_eval/rhs_wins_q_bret__3_i_74/O
                         net (fo=8, unplaced)         0.238     4.423    i_scheduler_core/i_round_engine/i_transition_eval/global_score_q_reg[late_end][6]
                         LUT6 (Prop_LUT6_I1_O)        0.088     4.511 r  i_scheduler_core/i_round_engine/i_transition_eval/rhs_wins_q_bret__3_i_84/O
                         net (fo=2, unplaced)         0.187     4.698    i_scheduler_core/i_round_engine/i_pair_compare/rhs_wins_q_reg_bret__3_i_63/I0
                         LUTCY1 (Prop_LUTCY1_I0_PROP)
                                                      0.131     4.829 r  i_scheduler_core/i_round_engine/i_pair_compare/rhs_wins_q_reg_bret__3_i_63/LUTCY1_INST/PROP
                         net (fo=1, unplaced)         0.002     4.831    i_scheduler_core/i_round_engine/i_pair_compare/rhs_wins_q_reg_bret__3_i_63_n_3
                         LOOKAHEAD8 (Prop_LOOKAHEAD8_PROPB_COUTD)
                                                      0.149     4.980 r  i_scheduler_core/i_round_engine/i_pair_compare/rhs_wins_q_reg_bret__3_i_32/COUTD
                         net (fo=2, unplaced)         0.014     4.994    i_scheduler_core/i_round_engine/i_pair_compare/rhs_wins_q_reg_bret__3_i_15/I4
                         LUTCY2 (Prop_LUTCY2_I4_O)    0.048     5.042 r  i_scheduler_core/i_round_engine/i_pair_compare/rhs_wins_q_reg_bret__3_i_15/LUTCY2_INST/O
                         net (fo=2, unplaced)         0.210     5.252    i_scheduler_core/i_round_engine/i_transition_eval/rhs_wins_q_bret__3_i_4
                         LUT6 (Prop_LUT6_I2_O)        0.088     5.340 f  i_scheduler_core/i_round_engine/i_transition_eval/rhs_wins_q_bret__3_i_6/O
                         net (fo=1, unplaced)         0.128     5.468    i_scheduler_core/i_round_engine/i_pair_compare/rhs_wins_q_bret__3_i_2_0
                         LUT6 (Prop_LUT6_I0_O)        0.074     5.542 r  i_scheduler_core/i_round_engine/i_pair_compare/rhs_wins_q_bret__3_i_4/O
                         net (fo=1, unplaced)         0.128     5.670    i_scheduler_core/i_round_engine/i_pair_compare/rhs_wins_q_bret__3_i_4_n_0
                         LUT5 (Prop_LUT5_I1_O)        0.074     5.744 r  i_scheduler_core/i_round_engine/i_pair_compare/rhs_wins_q_bret__3_i_2/O
                         net (fo=1, unplaced)         0.128     5.872    i_scheduler_core/i_round_engine/i_pair_compare/rhs_wins_q_bret__3_i_2_n_0
                         LUT4 (Prop_LUT4_I1_O)        0.074     5.946 r  i_scheduler_core/i_round_engine/i_pair_compare/rhs_wins_q_bret__3_i_1/O
                         net (fo=1, unplaced)         0.062     6.008    i_scheduler_core/i_round_engine/i_pair_compare/rhs_wins_q_bret__3_i_1_n_0
                         FDCE                                         r  i_scheduler_core/i_round_engine/i_pair_compare/rhs_wins_q_reg_bret__3/D
  -------------------------------------------------------------------    -------------------

                         (clock scheduler_clk rise edge)
                                                      5.000     5.000 r  
                                                      0.000     5.000 r  clk_i (IN)
                         net (fo=1978, unset)         0.080     5.080    i_scheduler_core/i_round_engine/i_pair_compare/clk_i
                         FDCE                                         r  i_scheduler_core/i_round_engine/i_pair_compare/rhs_wins_q_reg_bret__3/C
                         clock pessimism              0.000     5.080    
                         clock uncertainty           -0.300     4.780    
                         FDCE (Setup_FDCE_C_D)        0.007     4.787    i_scheduler_core/i_round_engine/i_pair_compare/rhs_wins_q_reg_bret__3
  -------------------------------------------------------------------
                         required time                          4.787    
                         arrival time                          -6.008    
  -------------------------------------------------------------------
                         slack                                 -1.221    

Slack (VIOLATED) :        -1.215ns  (required time - arrival time)
  Source:                 i_scheduler_core/i_round_engine/i_transition_eval/c2_endpoint_q_reg[task_end][1]_bret__6_bret__30_bret_bret__0_bret__0_bret__2/C
                            (rising edge-triggered cell FDCE clocked by scheduler_clk  {rise@0.000ns fall@2.500ns period=5.000ns})
  Destination:            i_scheduler_core/i_round_engine/i_bound_score/scratch_q_reg[2]/D
                            (rising edge-triggered cell FDCE clocked by scheduler_clk  {rise@0.000ns fall@2.500ns period=5.000ns})
  Path Group:             scheduler_clk
  Path Type:              Setup (Max at Slow Process Corner)
  Requirement:            5.000ns  (scheduler_clk rise@5.000ns - scheduler_clk rise@0.000ns)
  Data Path Delay:        5.882ns  (logic 2.245ns (38.167%)  route 3.637ns (61.833%))
  Logic Levels:           23  (LOOKAHEAD8=6 LUT3=3 LUT4=1 LUT5=2 LUT6=5 LUTCY1=3 LUTCY2=3)
  Clock Path Skew:        -0.040ns (DCD - SCD + CPR)
    Destination Clock Delay (DCD):    0.080ns = ( 5.080 - 5.000 ) 
    Source Clock Delay      (SCD):    0.120ns
    Clock Pessimism Removal (CPR):    0.000ns
  Clock Uncertainty:      0.300ns  (CJ)/2 + PE + PJ
    Clock Jitter             (CJ):    0.600ns
    Phase Error              (PE):    0.000ns
    Phase Jitter             (PJ):    0.000ns

    Location             Delay type                Incr(ns)  Path(ns)    Netlist Resource(s)
  -------------------------------------------------------------------    -------------------
                         (clock scheduler_clk rise edge)
                                                      0.000     0.000 r  
                                                      0.000     0.000 r  clk_i (IN)
                         net (fo=1978, unset)         0.120     0.120    i_scheduler_core/i_round_engine/i_transition_eval/clk_i
                         FDCE                                         r  i_scheduler_core/i_round_engine/i_transition_eval/c2_endpoint_q_reg[task_end][1]_bret__6_bret__30_bret_bret__0_bret__0_bret__2/C
  -------------------------------------------------------------------    -------------------
                         FDCE (Prop_FDCE_C_Q)         0.090     0.210 f  i_scheduler_core/i_round_engine/i_transition_eval/c2_endpoint_q_reg[task_end][1]_bret__6_bret__30_bret_bret__0_bret__0_bret__2/Q
                         net (fo=1, unplaced)         0.253     0.463    i_scheduler_core/i_round_engine/i_transition_eval/c2_endpoint_q_reg[task_end][1]_bret__6_bret__30_bret_bret__0_bret__0_bret__2_n_0
                         LUT6 (Prop_LUT6_I2_O)        0.088     0.551 f  i_scheduler_core/i_round_engine/i_transition_eval/c2_endpoint_q[dma3_end][11]_bret_i_6/O
                         net (fo=1, unplaced)         0.145     0.696    i_scheduler_core/i_round_engine/i_transition_eval/c2_endpoint_q[dma3_end][11]_bret_i_6_n_0
                         LUT5 (Prop_LUT5_I3_O)        0.051     0.747 r  i_scheduler_core/i_round_engine/i_transition_eval/c2_endpoint_q[dma3_end][11]_bret_i_5/O
                         net (fo=1, unplaced)         0.128     0.875    i_scheduler_core/i_round_engine/i_transition_eval/c2_endpoint_q[dma3_end][11]_bret_i_5_n_0
                         LUT5 (Prop_LUT5_I2_O)        0.074     0.949 r  i_scheduler_core/i_round_engine/i_transition_eval/c2_endpoint_q[dma3_end][11]_bret_i_4/O
                         net (fo=1, unplaced)         0.145     1.094    i_scheduler_core/i_round_engine/i_transition_eval/c2_endpoint_q[dma3_end][11]_bret_i_4_n_0
                         LUT6 (Prop_LUT6_I5_O)        0.051     1.145 r  i_scheduler_core/i_round_engine/i_transition_eval/c2_endpoint_q[dma3_end][11]_bret_i_3/O
                         net (fo=31, unplaced)        0.204     1.349    i_scheduler_core/i_round_engine/i_transition_eval/c2_endpoint_q[dma3_end][11]_bret_i_3_n_0
                         LUT3 (Prop_LUT3_I1_O)        0.051     1.400 r  i_scheduler_core/i_round_engine/i_transition_eval/c2_endpoint_q[task_end][3]_bret_i_4/O
                         net (fo=2, unplaced)         0.210     1.610    i_scheduler_core/i_round_engine/i_transition_eval/c2_endpoint_q_reg[task_end][3]_bret_i_2/I2
                         LUTCY1 (Prop_LUTCY1_I2_PROP)
                                                      0.079     1.689 r  i_scheduler_core/i_round_engine/i_transition_eval/c2_endpoint_q_reg[task_end][3]_bret_i_2/LUTCY1_INST/PROP
                         net (fo=1, unplaced)         0.000     1.689    i_scheduler_core/i_round_engine/i_transition_eval/c2_endpoint_q_reg[task_end][3]_bret_i_2_n_3
                         LOOKAHEAD8 (Prop_LOOKAHEAD8_PROPD_COUTH)
                                                      0.163     1.852 r  i_scheduler_core/i_round_engine/i_transition_eval/c2_endpoint_q_reg[task_end][3]_bret_i_7/COUTH
                         net (fo=3, unplaced)         0.198     2.050    i_scheduler_core/i_round_engine/i_transition_eval/c2_endpoint_q_reg[task_end][8]_bret_i_3/I4
                         LUTCY2 (Prop_LUTCY2_I4_O)    0.051     2.101 r  i_scheduler_core/i_round_engine/i_transition_eval/c2_endpoint_q_reg[task_end][8]_bret_i_3/LUTCY2_INST/O
                         net (fo=3, unplaced)         0.016     2.117    i_scheduler_core/i_round_engine/i_transition_eval/c2_endpoint_q_reg[task_end][9]_bret_i_3/I4
                         LUTCY1 (Prop_LUTCY1_I4_O)    0.055     2.172 r  i_scheduler_core/i_round_engine/i_transition_eval/c2_endpoint_q_reg[task_end][9]_bret_i_3/LUTCY1_INST/O
                         net (fo=1, unplaced)         0.206     2.378    i_scheduler_core/i_round_engine/i_transition_eval/timeline_o[task_end]10_in[9]
                         LUT4 (Prop_LUT4_I0_O)        0.074     2.452 r  i_scheduler_core/i_round_engine/i_transition_eval/c2_endpoint_q[task_end][9]_bret_i_2/O
                         net (fo=3, unplaced)         0.151     2.603    i_scheduler_core/i_round_engine/i_transition_eval/c2_endpoint_q[9]
                         LUT3 (Prop_LUT3_I2_O)        0.051     2.654 r  i_scheduler_core/i_round_engine/i_transition_eval/c2_endpoint_q[task_end][9]_bret__1_i_1/O
                         net (fo=14, unplaced)        0.186     2.840    i_scheduler_core/i_round_engine/i_transition_eval/c2_endpoint_q[task_end][9]_bret__1_i_1_n_0
                         LUT3 (Prop_LUT3_I2_O)        0.051     2.891 r  i_scheduler_core/i_round_engine/i_transition_eval/h_load_c3_q[9]_i_2/O
                         net (fo=16, unplaced)        0.280     3.171    i_scheduler_core/i_round_engine/i_transition_eval/scratch_q_reg[13]_i_57/I1
                         LUTCY1 (Prop_LUTCY1_I1_PROP)
                                                      0.117     3.288 r  i_scheduler_core/i_round_engine/i_transition_eval/scratch_q_reg[13]_i_57/LUTCY1_INST/PROP
                         net (fo=1, unplaced)         0.002     3.290    i_scheduler_core/i_round_engine/i_transition_eval/scratch_q_reg[13]_i_57_n_3
                         LOOKAHEAD8 (Prop_LOOKAHEAD8_PROPE_COUTH)
                                                      0.130     3.420 r  i_scheduler_core/i_round_engine/i_transition_eval/scratch_q_reg[13]_i_42/COUTH
                         net (fo=39, unplaced)        0.342     3.762    i_scheduler_core/i_round_engine/i_transition_eval/scratch_q_reg[13]_i_43/I1
                         LUTCY2 (Prop_LUTCY2_I1_GE)
                                                      0.120     3.882 r  i_scheduler_core/i_round_engine/i_transition_eval/scratch_q_reg[13]_i_43/LUTCY2_INST/GE
                         net (fo=1, unplaced)         0.036     3.918    i_scheduler_core/i_round_engine/i_transition_eval/scratch_q_reg[13]_i_43_n_0
                         LOOKAHEAD8 (Prop_LOOKAHEAD8_GEA_COUTH)
                                                      0.242     4.160 r  i_scheduler_core/i_round_engine/i_transition_eval/scratch_q_reg[13]_i_35/COUTH
                         net (fo=3, unplaced)         0.002     4.162    i_scheduler_core/i_round_engine/i_transition_eval/scratch_q_reg[13]_i_35_n_3
                         LOOKAHEAD8 (Prop_LOOKAHEAD8_CIN_COUTF)
                                                      0.053     4.215 r  i_scheduler_core/i_round_engine/i_transition_eval/scratch_q_reg[13]_i_25/COUTF
                         net (fo=13, unplaced)        0.308     4.523    i_scheduler_core/i_round_engine/i_transition_eval/scratch_q_reg[13]_i_25_n_2
                         LUT6 (Prop_LUT6_I4_O)        0.051     4.574 f  i_scheduler_core/i_round_engine/i_transition_eval/scratch_q[1]_i_5/O
                         net (fo=3, unplaced)         0.193     4.767    i_scheduler_core/i_round_engine/i_transition_eval/scratch_q_reg[13]_i_27/I0
                         LUTCY2 (Prop_LUTCY2_I0_GE)
                                                      0.132     4.899 r  i_scheduler_core/i_round_engine/i_transition_eval/scratch_q_reg[13]_i_27/LUTCY2_INST/GE
                         net (fo=1, unplaced)         0.036     4.935    i_scheduler_core/i_round_engine/i_transition_eval/scratch_q_reg[13]_i_27_n_0
                         LOOKAHEAD8 (Prop_LOOKAHEAD8_GEA_COUTH)
                                                      0.242     5.177 r  i_scheduler_core/i_round_engine/i_transition_eval/scratch_q_reg[13]_i_18/COUTH
                         net (fo=3, unplaced)         0.002     5.179    i_scheduler_core/i_round_engine/i_transition_eval/scratch_q_reg[13]_i_18_n_3
                         LOOKAHEAD8 (Prop_LOOKAHEAD8_CIN_COUTF)
                                                      0.053     5.232 r  i_scheduler_core/i_round_engine/i_transition_eval/scratch_q_reg[13]_i_9/COUTF
                         net (fo=13, unplaced)        0.322     5.554    i_scheduler_core/i_round_engine/i_transition_eval/i_bound_score/min_t_return1
                         LUT6 (Prop_LUT6_I1_O)        0.088     5.642 r  i_scheduler_core/i_round_engine/i_transition_eval/scratch_q[2]_i_3/O
                         net (fo=1, unplaced)         0.210     5.852    i_scheduler_core/i_round_engine/i_bound_score/scratch_q_reg[2]_0
                         LUT6 (Prop_LUT6_I2_O)        0.088     5.940 r  i_scheduler_core/i_round_engine/i_bound_score/scratch_q[2]_i_1/O
                         net (fo=1, unplaced)         0.062     6.002    i_scheduler_core/i_round_engine/i_bound_score/scratch_q[2]_i_1_n_0
                         FDCE                                         r  i_scheduler_core/i_round_engine/i_bound_score/scratch_q_reg[2]/D
  -------------------------------------------------------------------    -------------------

                         (clock scheduler_clk rise edge)
                                                      5.000     5.000 r  
                                                      0.000     5.000 r  clk_i (IN)
                         net (fo=1978, unset)         0.080     5.080    i_scheduler_core/i_round_engine/i_bound_score/clk_i
                         FDCE                                         r  i_scheduler_core/i_round_engine/i_bound_score/scratch_q_reg[2]/C
                         clock pessimism              0.000     5.080    
                         clock uncertainty           -0.300     4.780    
                         FDCE (Setup_FDCE_C_D)        0.007     4.787    i_scheduler_core/i_round_engine/i_bound_score/scratch_q_reg[2]
  -------------------------------------------------------------------
                         required time                          4.787    
                         arrival time                          -6.002    
  -------------------------------------------------------------------
                         slack                                 -1.215    

Slack (VIOLATED) :        -1.215ns  (required time - arrival time)
  Source:                 i_scheduler_core/i_round_engine/i_transition_eval/c2_endpoint_q_reg[task_end][1]_bret__6_bret__30_bret_bret__0_bret__0_bret__2/C
                            (rising edge-triggered cell FDCE clocked by scheduler_clk  {rise@0.000ns fall@2.500ns period=5.000ns})
  Destination:            i_scheduler_core/i_round_engine/i_bound_score/scratch_q_reg[9]/D
                            (rising edge-triggered cell FDCE clocked by scheduler_clk  {rise@0.000ns fall@2.500ns period=5.000ns})
  Path Group:             scheduler_clk
  Path Type:              Setup (Max at Slow Process Corner)
  Requirement:            5.000ns  (scheduler_clk rise@5.000ns - scheduler_clk rise@0.000ns)
  Data Path Delay:        5.882ns  (logic 2.245ns (38.167%)  route 3.637ns (61.833%))
  Logic Levels:           23  (LOOKAHEAD8=6 LUT3=3 LUT4=1 LUT5=2 LUT6=5 LUTCY1=3 LUTCY2=3)
  Clock Path Skew:        -0.040ns (DCD - SCD + CPR)
    Destination Clock Delay (DCD):    0.080ns = ( 5.080 - 5.000 ) 
    Source Clock Delay      (SCD):    0.120ns
    Clock Pessimism Removal (CPR):    0.000ns
  Clock Uncertainty:      0.300ns  (CJ)/2 + PE + PJ
    Clock Jitter             (CJ):    0.600ns
    Phase Error              (PE):    0.000ns
    Phase Jitter             (PJ):    0.000ns

    Location             Delay type                Incr(ns)  Path(ns)    Netlist Resource(s)
  -------------------------------------------------------------------    -------------------
                         (clock scheduler_clk rise edge)
                                                      0.000     0.000 r  
                                                      0.000     0.000 r  clk_i (IN)
                         net (fo=1978, unset)         0.120     0.120    i_scheduler_core/i_round_engine/i_transition_eval/clk_i
                         FDCE                                         r  i_scheduler_core/i_round_engine/i_transition_eval/c2_endpoint_q_reg[task_end][1]_bret__6_bret__30_bret_bret__0_bret__0_bret__2/C
  -------------------------------------------------------------------    -------------------
                         FDCE (Prop_FDCE_C_Q)         0.090     0.210 f  i_scheduler_core/i_round_engine/i_transition_eval/c2_endpoint_q_reg[task_end][1]_bret__6_bret__30_bret_bret__0_bret__0_bret__2/Q
                         net (fo=1, unplaced)         0.253     0.463    i_scheduler_core/i_round_engine/i_transition_eval/c2_endpoint_q_reg[task_end][1]_bret__6_bret__30_bret_bret__0_bret__0_bret__2_n_0
                         LUT6 (Prop_LUT6_I2_O)        0.088     0.551 f  i_scheduler_core/i_round_engine/i_transition_eval/c2_endpoint_q[dma3_end][11]_bret_i_6/O
                         net (fo=1, unplaced)         0.145     0.696    i_scheduler_core/i_round_engine/i_transition_eval/c2_endpoint_q[dma3_end][11]_bret_i_6_n_0
                         LUT5 (Prop_LUT5_I3_O)        0.051     0.747 r  i_scheduler_core/i_round_engine/i_transition_eval/c2_endpoint_q[dma3_end][11]_bret_i_5/O
                         net (fo=1, unplaced)         0.128     0.875    i_scheduler_core/i_round_engine/i_transition_eval/c2_endpoint_q[dma3_end][11]_bret_i_5_n_0
                         LUT5 (Prop_LUT5_I2_O)        0.074     0.949 r  i_scheduler_core/i_round_engine/i_transition_eval/c2_endpoint_q[dma3_end][11]_bret_i_4/O
                         net (fo=1, unplaced)         0.145     1.094    i_scheduler_core/i_round_engine/i_transition_eval/c2_endpoint_q[dma3_end][11]_bret_i_4_n_0
                         LUT6 (Prop_LUT6_I5_O)        0.051     1.145 r  i_scheduler_core/i_round_engine/i_transition_eval/c2_endpoint_q[dma3_end][11]_bret_i_3/O
                         net (fo=31, unplaced)        0.204     1.349    i_scheduler_core/i_round_engine/i_transition_eval/c2_endpoint_q[dma3_end][11]_bret_i_3_n_0
                         LUT3 (Prop_LUT3_I1_O)        0.051     1.400 r  i_scheduler_core/i_round_engine/i_transition_eval/c2_endpoint_q[task_end][3]_bret_i_4/O
                         net (fo=2, unplaced)         0.210     1.610    i_scheduler_core/i_round_engine/i_transition_eval/c2_endpoint_q_reg[task_end][3]_bret_i_2/I2
                         LUTCY1 (Prop_LUTCY1_I2_PROP)
                                                      0.079     1.689 r  i_scheduler_core/i_round_engine/i_transition_eval/c2_endpoint_q_reg[task_end][3]_bret_i_2/LUTCY1_INST/PROP
                         net (fo=1, unplaced)         0.000     1.689    i_scheduler_core/i_round_engine/i_transition_eval/c2_endpoint_q_reg[task_end][3]_bret_i_2_n_3
                         LOOKAHEAD8 (Prop_LOOKAHEAD8_PROPD_COUTH)
                                                      0.163     1.852 r  i_scheduler_core/i_round_engine/i_transition_eval/c2_endpoint_q_reg[task_end][3]_bret_i_7/COUTH
                         net (fo=3, unplaced)         0.198     2.050    i_scheduler_core/i_round_engine/i_transition_eval/c2_endpoint_q_reg[task_end][8]_bret_i_3/I4
                         LUTCY2 (Prop_LUTCY2_I4_O)    0.051     2.101 r  i_scheduler_core/i_round_engine/i_transition_eval/c2_endpoint_q_reg[task_end][8]_bret_i_3/LUTCY2_INST/O
                         net (fo=3, unplaced)         0.016     2.117    i_scheduler_core/i_round_engine/i_transition_eval/c2_endpoint_q_reg[task_end][9]_bret_i_3/I4
                         LUTCY1 (Prop_LUTCY1_I4_O)    0.055     2.172 r  i_scheduler_core/i_round_engine/i_transition_eval/c2_endpoint_q_reg[task_end][9]_bret_i_3/LUTCY1_INST/O
                         net (fo=1, unplaced)         0.206     2.378    i_scheduler_core/i_round_engine/i_transition_eval/timeline_o[task_end]10_in[9]
                         LUT4 (Prop_LUT4_I0_O)        0.074     2.452 r  i_scheduler_core/i_round_engine/i_transition_eval/c2_endpoint_q[task_end][9]_bret_i_2/O
                         net (fo=3, unplaced)         0.151     2.603    i_scheduler_core/i_round_engine/i_transition_eval/c2_endpoint_q[9]
                         LUT3 (Prop_LUT3_I2_O)        0.051     2.654 r  i_scheduler_core/i_round_engine/i_transition_eval/c2_endpoint_q[task_end][9]_bret__1_i_1/O
                         net (fo=14, unplaced)        0.186     2.840    i_scheduler_core/i_round_engine/i_transition_eval/c2_endpoint_q[task_end][9]_bret__1_i_1_n_0
                         LUT3 (Prop_LUT3_I2_O)        0.051     2.891 r  i_scheduler_core/i_round_engine/i_transition_eval/h_load_c3_q[9]_i_2/O
                         net (fo=16, unplaced)        0.280     3.171    i_scheduler_core/i_round_engine/i_transition_eval/scratch_q_reg[13]_i_57/I1
                         LUTCY1 (Prop_LUTCY1_I1_PROP)
                                                      0.117     3.288 r  i_scheduler_core/i_round_engine/i_transition_eval/scratch_q_reg[13]_i_57/LUTCY1_INST/PROP
                         net (fo=1, unplaced)         0.002     3.290    i_scheduler_core/i_round_engine/i_transition_eval/scratch_q_reg[13]_i_57_n_3
                         LOOKAHEAD8 (Prop_LOOKAHEAD8_PROPE_COUTH)
                                                      0.130     3.420 r  i_scheduler_core/i_round_engine/i_transition_eval/scratch_q_reg[13]_i_42/COUTH
                         net (fo=39, unplaced)        0.342     3.762    i_scheduler_core/i_round_engine/i_transition_eval/scratch_q_reg[13]_i_43/I1
                         LUTCY2 (Prop_LUTCY2_I1_GE)
                                                      0.120     3.882 r  i_scheduler_core/i_round_engine/i_transition_eval/scratch_q_reg[13]_i_43/LUTCY2_INST/GE
                         net (fo=1, unplaced)         0.036     3.918    i_scheduler_core/i_round_engine/i_transition_eval/scratch_q_reg[13]_i_43_n_0
                         LOOKAHEAD8 (Prop_LOOKAHEAD8_GEA_COUTH)
                                                      0.242     4.160 r  i_scheduler_core/i_round_engine/i_transition_eval/scratch_q_reg[13]_i_35/COUTH
                         net (fo=3, unplaced)         0.002     4.162    i_scheduler_core/i_round_engine/i_transition_eval/scratch_q_reg[13]_i_35_n_3
                         LOOKAHEAD8 (Prop_LOOKAHEAD8_CIN_COUTF)
                                                      0.053     4.215 r  i_scheduler_core/i_round_engine/i_transition_eval/scratch_q_reg[13]_i_25/COUTF
                         net (fo=13, unplaced)        0.308     4.523    i_scheduler_core/i_round_engine/i_transition_eval/scratch_q_reg[13]_i_25_n_2
                         LUT6 (Prop_LUT6_I4_O)        0.051     4.574 f  i_scheduler_core/i_round_engine/i_transition_eval/scratch_q[1]_i_5/O
                         net (fo=3, unplaced)         0.193     4.767    i_scheduler_core/i_round_engine/i_transition_eval/scratch_q_reg[13]_i_27/I0
                         LUTCY2 (Prop_LUTCY2_I0_GE)
                                                      0.132     4.899 r  i_scheduler_core/i_round_engine/i_transition_eval/scratch_q_reg[13]_i_27/LUTCY2_INST/GE
                         net (fo=1, unplaced)         0.036     4.935    i_scheduler_core/i_round_engine/i_transition_eval/scratch_q_reg[13]_i_27_n_0
                         LOOKAHEAD8 (Prop_LOOKAHEAD8_GEA_COUTH)
                                                      0.242     5.177 r  i_scheduler_core/i_round_engine/i_transition_eval/scratch_q_reg[13]_i_18/COUTH
                         net (fo=3, unplaced)         0.002     5.179    i_scheduler_core/i_round_engine/i_transition_eval/scratch_q_reg[13]_i_18_n_3
                         LOOKAHEAD8 (Prop_LOOKAHEAD8_CIN_COUTF)
                                                      0.053     5.232 r  i_scheduler_core/i_round_engine/i_transition_eval/scratch_q_reg[13]_i_9/COUTF
                         net (fo=13, unplaced)        0.322     5.554    i_scheduler_core/i_round_engine/i_transition_eval/i_bound_score/min_t_return1
                         LUT6 (Prop_LUT6_I1_O)        0.088     5.642 r  i_scheduler_core/i_round_engine/i_transition_eval/scratch_q[9]_i_3/O
                         net (fo=1, unplaced)         0.210     5.852    i_scheduler_core/i_round_engine/i_bound_score/scratch_q_reg[9]_0
                         LUT6 (Prop_LUT6_I2_O)        0.088     5.940 r  i_scheduler_core/i_round_engine/i_bound_score/scratch_q[9]_i_1/O
                         net (fo=1, unplaced)         0.062     6.002    i_scheduler_core/i_round_engine/i_bound_score/scratch_q[9]_i_1_n_0
                         FDCE                                         r  i_scheduler_core/i_round_engine/i_bound_score/scratch_q_reg[9]/D
  -------------------------------------------------------------------    -------------------

                         (clock scheduler_clk rise edge)
                                                      5.000     5.000 r  
                                                      0.000     5.000 r  clk_i (IN)
                         net (fo=1978, unset)         0.080     5.080    i_scheduler_core/i_round_engine/i_bound_score/clk_i
                         FDCE                                         r  i_scheduler_core/i_round_engine/i_bound_score/scratch_q_reg[9]/C
                         clock pessimism              0.000     5.080    
                         clock uncertainty           -0.300     4.780    
                         FDCE (Setup_FDCE_C_D)        0.007     4.787    i_scheduler_core/i_round_engine/i_bound_score/scratch_q_reg[9]
  -------------------------------------------------------------------
                         required time                          4.787    
                         arrival time                          -6.002    
  -------------------------------------------------------------------
                         slack                                 -1.215    

Slack (VIOLATED) :        -1.187ns  (required time - arrival time)
  Source:                 i_scheduler_core/i_round_engine/FSM_onehot_st_q_reg[6]/C
                            (rising edge-triggered cell FDCE clocked by scheduler_clk  {rise@0.000ns fall@2.500ns period=5.000ns})
  Destination:            i_scheduler_core/i_round_engine/i_transition_eval/c2_endpoint_q_reg[task_end][1]_bret__6_bret__30_bret_bret__0_bret__3/D
                            (rising edge-triggered cell FDCE clocked by scheduler_clk  {rise@0.000ns fall@2.500ns period=5.000ns})
  Path Group:             scheduler_clk
  Path Type:              Setup (Max at Slow Process Corner)
  Requirement:            5.000ns  (scheduler_clk rise@5.000ns - scheduler_clk rise@0.000ns)
  Data Path Delay:        5.854ns  (logic 2.019ns (34.489%)  route 3.835ns (65.511%))
  Logic Levels:           27  (LOOKAHEAD8=5 LUT3=1 LUT4=2 LUT5=3 LUT6=8 LUTCY1=4 LUTCY2=4)
  Clock Path Skew:        -0.040ns (DCD - SCD + CPR)
    Destination Clock Delay (DCD):    0.080ns = ( 5.080 - 5.000 ) 
    Source Clock Delay      (SCD):    0.120ns
    Clock Pessimism Removal (CPR):    0.000ns
  Clock Uncertainty:      0.300ns  (CJ)/2 + PE + PJ
    Clock Jitter             (CJ):    0.600ns
    Phase Error              (PE):    0.000ns
    Phase Jitter             (PJ):    0.000ns

    Location             Delay type                Incr(ns)  Path(ns)    Netlist Resource(s)
  -------------------------------------------------------------------    -------------------
                         (clock scheduler_clk rise edge)
                                                      0.000     0.000 r  
                                                      0.000     0.000 r  clk_i (IN)
                         net (fo=1978, unset)         0.120     0.120    i_scheduler_core/i_round_engine/clk_i
                         FDCE                                         r  i_scheduler_core/i_round_engine/FSM_onehot_st_q_reg[6]/C
  -------------------------------------------------------------------    -------------------
                         FDCE (Prop_FDCE_C_Q)         0.090     0.210 r  i_scheduler_core/i_round_engine/FSM_onehot_st_q_reg[6]/Q
                         net (fo=27, unplaced)        0.309     0.519    i_scheduler_core/i_round_engine/i_transition_eval/c2_endpoint_q_reg[task_end][11]_bret__4_bret__7_0[6]
                         LUT6 (Prop_LUT6_I1_O)        0.088     0.607 r  i_scheduler_core/i_round_engine/i_transition_eval/g0_b0_i_10/O
                         net (fo=3, unplaced)         0.151     0.758    i_scheduler_core/i_round_engine/i_transition_eval/g0_b0_i_10_n_0
                         LUT6 (Prop_LUT6_I5_O)        0.051     0.809 f  i_scheduler_core/i_round_engine/i_transition_eval/c2_endpoint_q[task_end][11]_bret__4_bret__7_i_4/O
                         net (fo=2, unplaced)         0.145     0.954    i_scheduler_core/i_round_engine/i_transition_eval/c2_endpoint_q[task_end][11]_bret__4_bret__7_i_4_n_0
                         LUT4 (Prop_LUT4_I3_O)        0.051     1.005 r  i_scheduler_core/i_round_engine/i_transition_eval/g0_b0_i_7/O
                         net (fo=40, unplaced)        0.275     1.280    i_scheduler_core/i_round_engine/i_transition_eval/FSM_onehot_st_q_reg[4]_1
                         LUT6 (Prop_LUT6_I2_O)        0.088     1.368 r  i_scheduler_core/i_round_engine/i_transition_eval/g0_b0_i_1/O
                         net (fo=66, unplaced)        0.204     1.572    i_scheduler_core/i_round_engine/i_transition_eval/decode_address[0]
                         LUT5 (Prop_LUT5_I2_O)        0.074     1.646 r  i_scheduler_core/i_round_engine/i_transition_eval/commit_task_q[1][tok_start][7]_i_5/O
                         net (fo=59, unplaced)        0.283     1.929    i_scheduler_core/i_round_engine/i_bound_score/decoded_profile[selector_a][1]
                         LUT6 (Prop_LUT6_I2_O)        0.088     2.017 r  i_scheduler_core/i_round_engine/i_bound_score/s2_offset_q[1]_i_5/O
                         net (fo=8, unplaced)         0.156     2.173    i_scheduler_core/i_round_engine/i_bound_score/hot_q_reg[3][ntok][0]_0
                         LUT6 (Prop_LUT6_I0_O)        0.074     2.247 f  i_scheduler_core/i_round_engine/i_bound_score/s2_offset_q[1]_i_2/O
                         net (fo=47, unplaced)        0.278     2.525    i_scheduler_core/i_round_engine/commit_task_q_reg[1][ntok][1]_i_5/I2
                         LUTCY2 (Prop_LUTCY2_I2_O)    0.088     2.613 r  i_scheduler_core/i_round_engine/commit_task_q_reg[1][ntok][1]_i_5/LUTCY2_INST/O
                         net (fo=3, unplaced)         0.016     2.629    i_scheduler_core/i_round_engine/commit_task_q_reg[1][ntok][1]_i_3/I4
                         LUTCY2 (Prop_LUTCY2_I4_O)    0.050     2.679 r  i_scheduler_core/i_round_engine/commit_task_q_reg[1][ntok][1]_i_3/LUTCY2_INST/O
                         net (fo=1, unplaced)         0.000     2.679    i_scheduler_core/i_round_engine/commit_task_q_reg[1][ntok][1]_i_3_n_2
                         LOOKAHEAD8 (Prop_LOOKAHEAD8_CYB_COUTB)
                                                      0.053     2.732 r  i_scheduler_core/i_round_engine/commit_task_q_reg[1][ntok][8]_i_7/COUTB
                         net (fo=2, unplaced)         0.013     2.745    i_scheduler_core/i_round_engine/commit_task_q_reg[1][ntok][2]_i_2/I4
                         LUTCY2 (Prop_LUTCY2_I4_O)    0.049     2.794 r  i_scheduler_core/i_round_engine/commit_task_q_reg[1][ntok][2]_i_2/LUTCY2_INST/O
                         net (fo=3, unplaced)         0.015     2.809    i_scheduler_core/i_round_engine/commit_task_q_reg[1][ntok][3]_i_2/I4
                         LUTCY1 (Prop_LUTCY1_I4_O)    0.055     2.864 r  i_scheduler_core/i_round_engine/commit_task_q_reg[1][ntok][3]_i_2/LUTCY1_INST/O
                         net (fo=2, unplaced)         0.206     3.070    i_scheduler_core/i_round_engine/i_pair_compare/c2_endpoint_q[task_end][1]_bret__6_bret__22_i_2_0
                         LUT5 (Prop_LUT5_I0_O)        0.074     3.144 r  i_scheduler_core/i_round_engine/i_pair_compare/c2_endpoint_q[task_end][1]_bret__6_bret__22_i_4/O
                         net (fo=1, unplaced)         0.145     3.289    i_scheduler_core/i_round_engine/i_pair_compare/c2_endpoint_q[task_end][1]_bret__6_bret__22_i_4_n_0
                         LUT6 (Prop_LUT6_I5_O)        0.051     3.340 f  i_scheduler_core/i_round_engine/i_pair_compare/c2_endpoint_q[task_end][1]_bret__6_bret__22_i_2/O
                         net (fo=9, unplaced)         0.159     3.499    i_scheduler_core/i_round_engine/i_transition_eval/c2_endpoint_q_reg[task_end][1]_bret__6_bret__22_0
                         LUT5 (Prop_LUT5_I0_O)        0.074     3.573 r  i_scheduler_core/i_round_engine/i_transition_eval/c2_endpoint_q[task_end][1]_bret__6_bret__22_i_1/O
                         net (fo=10, unplaced)        0.243     3.816    i_scheduler_core/i_round_engine/i_transition_eval/timeline_req[ntok][3]
                         LUT6 (Prop_LUT6_I1_O)        0.088     3.904 r  i_scheduler_core/i_round_engine/i_transition_eval/c2_endpoint_q[task_end][11]_bret__4_bret__4_i_2/O
                         net (fo=15, unplaced)        0.187     4.091    i_scheduler_core/i_round_engine/i_transition_eval/c2_endpoint_q[task_end][11]_bret__4_bret__4_i_2_n_0
                         LUT3 (Prop_LUT3_I1_O)        0.051     4.142 r  i_scheduler_core/i_round_engine/i_transition_eval/c2_endpoint_q[task_end][11]_bret__4_bret__3_i_15/O
                         net (fo=4, unplaced)         0.222     4.364    i_scheduler_core/i_round_engine/i_transition_eval/c2_endpoint_q_reg[task_end][11]_bret__4_bret__3_i_14/I2
                         LUTCY1 (Prop_LUTCY1_I2_PROP)
                                                      0.082     4.446 r  i_scheduler_core/i_round_engine/i_transition_eval/c2_endpoint_q_reg[task_end][11]_bret__4_bret__3_i_14/LUTCY1_INST/PROP
                         net (fo=1, unplaced)         0.001     4.447    i_scheduler_core/i_round_engine/i_transition_eval/c2_endpoint_q_reg[task_end][11]_bret__4_bret__3_i_14_n_3
                         LOOKAHEAD8 (Prop_LOOKAHEAD8_PROPH_COUTH)
                                                      0.129     4.576 f  i_scheduler_core/i_round_engine/i_transition_eval/c2_endpoint_q_reg[task_end][11]_bret__4_bret__3_i_4/COUTH
                         net (fo=3, unplaced)         0.002     4.578    i_scheduler_core/i_round_engine/i_transition_eval/c2_endpoint_q_reg[task_end][11]_bret__4_bret__3_i_4_n_3
                         LOOKAHEAD8 (Prop_LOOKAHEAD8_CIN_COUTB)
                                                      0.051     4.629 f  i_scheduler_core/i_round_engine/i_transition_eval/c2_endpoint_q_reg[task_end][11]_bret__4_bret__3_i_3/COUTB
                         net (fo=10, unplaced)        0.253     4.882    i_scheduler_core/i_round_engine/i_target_s4pf/s2_duration2
                         LUT6 (Prop_LUT6_I5_O)        0.051     4.933 r  i_scheduler_core/i_round_engine/i_target_s4pf/c2_endpoint_q[task_end][11]_bret__4_bret__3_i_1/O
                         net (fo=17, unplaced)        0.255     5.188    i_scheduler_core/i_round_engine/i_start_iter/c2_endpoint_q_reg[task_end][1]_bret__6_bret__33_i_1/I2
                         LUTCY1 (Prop_LUTCY1_I2_PROP)
                                                      0.086     5.274 r  i_scheduler_core/i_round_engine/i_start_iter/c2_endpoint_q_reg[task_end][1]_bret__6_bret__33_i_1/LUTCY1_INST/PROP
                         net (fo=1, unplaced)         0.002     5.276    i_scheduler_core/i_round_engine/i_start_iter/c2_endpoint_q_reg[task_end][1]_bret__6_bret__33_i_1_n_3
                         LOOKAHEAD8 (Prop_LOOKAHEAD8_PROPB_COUTH)
                                                      0.177     5.453 r  i_scheduler_core/i_round_engine/i_start_iter/c2_endpoint_q_reg[dma3_end][6]_bret__6_i_2/COUTH
                         net (fo=3, unplaced)         0.002     5.455    i_scheduler_core/i_round_engine/i_start_iter/c2_endpoint_q_reg[dma3_end][6]_bret__6_i_2_n_3
                         LOOKAHEAD8 (Prop_LOOKAHEAD8_CIN_COUTB)
                                                      0.051     5.506 r  i_scheduler_core/i_round_engine/i_start_iter/c2_endpoint_q_reg[task_end][1]_bret__6_bret_i_2/COUTB
                         net (fo=2, unplaced)         0.013     5.519    i_scheduler_core/i_round_engine/i_start_iter/c2_endpoint_q_reg[task_end][1]_bret__6_bret__2_i_1/I4
                         LUTCY2 (Prop_LUTCY2_I4_O)    0.049     5.568 r  i_scheduler_core/i_round_engine/i_start_iter/c2_endpoint_q_reg[task_end][1]_bret__6_bret__2_i_1/LUTCY2_INST/O
                         net (fo=3, unplaced)         0.015     5.583    i_scheduler_core/i_round_engine/i_start_iter/c2_endpoint_q_reg[task_end][1]_bret__6_bret__5_i_1/I4
                         LUTCY1 (Prop_LUTCY1_I4_O)    0.055     5.638 r  i_scheduler_core/i_round_engine/i_start_iter/c2_endpoint_q_reg[task_end][1]_bret__6_bret__5_i_1/LUTCY1_INST/O
                         net (fo=2, unplaced)         0.223     5.861    i_scheduler_core/i_round_engine/i_transition_eval/built_timeline[s2_end][11]
                         LUT4 (Prop_LUT4_I2_O)        0.051     5.912 r  i_scheduler_core/i_round_engine/i_transition_eval/c2_endpoint_q[task_end][1]_bret__6_bret__30_bret_bret__0_bret__3_i_1/O
                         net (fo=1, unplaced)         0.062     5.974    i_scheduler_core/i_round_engine/i_transition_eval/c2_endpoint_q[task_end][1]_bret__6_bret__30_bret_bret__0_bret__3_i_1_n_0
                         FDCE                                         r  i_scheduler_core/i_round_engine/i_transition_eval/c2_endpoint_q_reg[task_end][1]_bret__6_bret__30_bret_bret__0_bret__3/D
  -------------------------------------------------------------------    -------------------

                         (clock scheduler_clk rise edge)
                                                      5.000     5.000 r  
                                                      0.000     5.000 r  clk_i (IN)
                         net (fo=1978, unset)         0.080     5.080    i_scheduler_core/i_round_engine/i_transition_eval/clk_i
                         FDCE                                         r  i_scheduler_core/i_round_engine/i_transition_eval/c2_endpoint_q_reg[task_end][1]_bret__6_bret__30_bret_bret__0_bret__3/C
                         clock pessimism              0.000     5.080    
                         clock uncertainty           -0.300     4.780    
                         FDCE (Setup_FDCE_C_D)        0.007     4.787    i_scheduler_core/i_round_engine/i_transition_eval/c2_endpoint_q_reg[task_end][1]_bret__6_bret__30_bret_bret__0_bret__3
  -------------------------------------------------------------------
                         required time                          4.787    
                         arrival time                          -5.974    
  -------------------------------------------------------------------
                         slack                                 -1.187    

Slack (VIOLATED) :        -1.173ns  (required time - arrival time)
  Source:                 refill_top_remaining_q_reg[2]/C
                            (rising edge-triggered cell FDCE clocked by scheduler_clk  {rise@0.000ns fall@2.500ns period=5.000ns})
  Destination:            hot_q_reg[4][eid][0]/CE
                            (rising edge-triggered cell FDCE clocked by scheduler_clk  {rise@0.000ns fall@2.500ns period=5.000ns})
  Path Group:             scheduler_clk
  Path Type:              Setup (Max at Slow Process Corner)
  Requirement:            5.000ns  (scheduler_clk rise@5.000ns - scheduler_clk rise@0.000ns)
  Data Path Delay:        5.746ns  (logic 1.461ns (25.426%)  route 4.285ns (74.574%))
  Logic Levels:           18  (LUT4=2 LUT6=16)
  Clock Path Skew:        -0.040ns (DCD - SCD + CPR)
    Destination Clock Delay (DCD):    0.080ns = ( 5.080 - 5.000 ) 
    Source Clock Delay      (SCD):    0.120ns
    Clock Pessimism Removal (CPR):    0.000ns
  Clock Uncertainty:      0.300ns  (CJ)/2 + PE + PJ
    Clock Jitter             (CJ):    0.600ns
    Phase Error              (PE):    0.000ns
    Phase Jitter             (PJ):    0.000ns

    Location             Delay type                Incr(ns)  Path(ns)    Netlist Resource(s)
  -------------------------------------------------------------------    -------------------
                         (clock scheduler_clk rise edge)
                                                      0.000     0.000 r  
                                                      0.000     0.000 r  clk_i (IN)
                         net (fo=1978, unset)         0.120     0.120    clk_i
                         FDCE                                         r  refill_top_remaining_q_reg[2]/C
  -------------------------------------------------------------------    -------------------
                         FDCE (Prop_FDCE_C_Q)         0.090     0.210 f  refill_top_remaining_q_reg[2]/Q
                         net (fo=17, unplaced)        0.298     0.508    i_scheduler_core/reg_rsp_o[rdata][4][2]
                         LUT6 (Prop_LUT6_I1_O)        0.088     0.596 f  i_scheduler_core/cold_count_q[0]_i_13/O
                         net (fo=23, unplaced)        0.262     0.858    i_scheduler_core/cold_q[1][eid][5]_i_27/I2
                         LUT6 (Prop_LUT6_I2_O)        0.088     0.946 r  i_scheduler_core/cold_q[1][eid][5]_i_27/LUT6/O
                         net (fo=3, unplaced)         0.216     1.162    i_scheduler_core/cold_q[1][eid][5]_i_27_n_1
                         LUT6 (Prop_LUT6_I1_O)        0.088     1.250 r  i_scheduler_core/hot_count_q[1]_i_23/O
                         net (fo=7, unplaced)         0.235     1.485    i_scheduler_core/hot_count_q[1]_i_23_n_0
                         LUT6 (Prop_LUT6_I1_O)        0.088     1.573 r  i_scheduler_core/hot_q[3][eid][3]_i_41/O
                         net (fo=4, unplaced)         0.157     1.730    i_scheduler_core/hot_q[3][eid][3]_i_41_n_0
                         LUT6 (Prop_LUT6_I4_O)        0.051     1.781 f  i_scheduler_core/hot_q[8][eid][5]_i_42/O
                         net (fo=11, unplaced)        0.245     2.026    i_scheduler_core/hot_q[8][eid][5]_i_42_n_0
                         LUT6 (Prop_LUT6_I1_O)        0.088     2.114 r  i_scheduler_core/cold_q[4][eid][5]_i_26/O
                         net (fo=59, unplaced)        0.201     2.315    i_scheduler_core/cold_q[4][eid][5]_i_26_n_0
                         LUT4 (Prop_LUT4_I0_O)        0.074     2.389 r  i_scheduler_core/hot_q[3][eid][3]_i_22/O
                         net (fo=32, unplaced)        0.270     2.659    i_scheduler_core/hot_q[3][eid][3]_i_22_n_0
                         LUT6 (Prop_LUT6_I2_O)        0.088     2.747 f  i_scheduler_core/hot_q[3][eid][3]_i_21/O
                         net (fo=9, unplaced)         0.176     2.923    i_scheduler_core/hot_q[3][eid][3]_i_21_n_0
                         LUT6 (Prop_LUT6_I4_O)        0.051     2.974 f  i_scheduler_core/hot_count_q[1]_i_25/O
                         net (fo=9, unplaced)         0.176     3.150    i_scheduler_core/hot_count_q[1]_i_25_n_0
                         LUT6 (Prop_LUT6_I5_O)        0.051     3.201 r  i_scheduler_core/cold_q[4][eid][5]_i_18/O
                         net (fo=50, unplaced)        0.198     3.399    i_scheduler_core/cold_q[4][eid][5]_i_18_n_0
                         LUT6 (Prop_LUT6_I0_O)        0.074     3.473 f  i_scheduler_core/cold_q[2][eid][5]_i_36/O
                         net (fo=8, unplaced)         0.238     3.711    i_scheduler_core/cold_q[2][eid][5]_i_36_n_0
                         LUT6 (Prop_LUT6_I2_O)        0.088     3.799 f  i_scheduler_core/cold_q[2][eid][5]_i_28/O
                         net (fo=28, unplaced)        0.202     4.001    i_scheduler_core/cold_q[2][eid][5]_i_28_n_0
                         LUT4 (Prop_LUT4_I3_O)        0.051     4.052 r  i_scheduler_core/hot_count_q[1]_i_17/O
                         net (fo=26, unplaced)        0.200     4.252    i_scheduler_core/hot_count_q[1]_i_17_n_0
                         LUT6 (Prop_LUT6_I4_O)        0.051     4.303 r  i_scheduler_core/hot_count_q[1]_i_7/O
                         net (fo=4, unplaced)         0.222     4.525    i_scheduler_core/hot_count_q[1]_i_7_n_0
                         LUT6 (Prop_LUT6_I1_O)        0.088     4.613 r  i_scheduler_core/cold_q[1][eid][5]_i_16/O
                         net (fo=45, unplaced)        0.277     4.890    i_scheduler_core/cold_q[1][eid][5]_i_16_n_0
                         LUT6 (Prop_LUT6_I2_O)        0.088     4.978 f  i_scheduler_core/hot_q[4][eid][5]_i_14/O
                         net (fo=17, unplaced)        0.255     5.233    i_scheduler_core/hot_q[4][eid][5]_i_14_n_0
                         LUT6 (Prop_LUT6_I2_O)        0.088     5.321 f  i_scheduler_core/hot_q[4][eid][5]_i_5/O
                         net (fo=1, unplaced)         0.210     5.531    i_scheduler_core/hot_q[4][eid][5]_i_5_n_0
                         LUT6 (Prop_LUT6_I2_O)        0.088     5.619 r  i_scheduler_core/hot_q[4][eid][5]_i_1/O
                         net (fo=16, unplaced)        0.247     5.866    i_scheduler_core_n_87
                         FDCE                                         r  hot_q_reg[4][eid][0]/CE
  -------------------------------------------------------------------    -------------------

                         (clock scheduler_clk rise edge)
                                                      5.000     5.000 r  
                                                      0.000     5.000 r  clk_i (IN)
                         net (fo=1978, unset)         0.080     5.080    clk_i
                         FDCE                                         r  hot_q_reg[4][eid][0]/C
                         clock pessimism              0.000     5.080    
                         clock uncertainty           -0.300     4.780    
                         FDCE (Setup_FDCE_C_CE)      -0.087     4.693    hot_q_reg[4][eid][0]
  -------------------------------------------------------------------
                         required time                          4.693    
                         arrival time                          -5.866    
  -------------------------------------------------------------------
                         slack                                 -1.173    

Slack (VIOLATED) :        -1.173ns  (required time - arrival time)
  Source:                 refill_top_remaining_q_reg[2]/C
                            (rising edge-triggered cell FDCE clocked by scheduler_clk  {rise@0.000ns fall@2.500ns period=5.000ns})
  Destination:            hot_q_reg[4][eid][1]/CE
                            (rising edge-triggered cell FDCE clocked by scheduler_clk  {rise@0.000ns fall@2.500ns period=5.000ns})
  Path Group:             scheduler_clk
  Path Type:              Setup (Max at Slow Process Corner)
  Requirement:            5.000ns  (scheduler_clk rise@5.000ns - scheduler_clk rise@0.000ns)
  Data Path Delay:        5.746ns  (logic 1.461ns (25.426%)  route 4.285ns (74.574%))
  Logic Levels:           18  (LUT4=2 LUT6=16)
  Clock Path Skew:        -0.040ns (DCD - SCD + CPR)
    Destination Clock Delay (DCD):    0.080ns = ( 5.080 - 5.000 ) 
    Source Clock Delay      (SCD):    0.120ns
    Clock Pessimism Removal (CPR):    0.000ns
  Clock Uncertainty:      0.300ns  (CJ)/2 + PE + PJ
    Clock Jitter             (CJ):    0.600ns
    Phase Error              (PE):    0.000ns
    Phase Jitter             (PJ):    0.000ns

    Location             Delay type                Incr(ns)  Path(ns)    Netlist Resource(s)
  -------------------------------------------------------------------    -------------------
                         (clock scheduler_clk rise edge)
                                                      0.000     0.000 r  
                                                      0.000     0.000 r  clk_i (IN)
                         net (fo=1978, unset)         0.120     0.120    clk_i
                         FDCE                                         r  refill_top_remaining_q_reg[2]/C
  -------------------------------------------------------------------    -------------------
                         FDCE (Prop_FDCE_C_Q)         0.090     0.210 f  refill_top_remaining_q_reg[2]/Q
                         net (fo=17, unplaced)        0.298     0.508    i_scheduler_core/reg_rsp_o[rdata][4][2]
                         LUT6 (Prop_LUT6_I1_O)        0.088     0.596 f  i_scheduler_core/cold_count_q[0]_i_13/O
                         net (fo=23, unplaced)        0.262     0.858    i_scheduler_core/cold_q[1][eid][5]_i_27/I2
                         LUT6 (Prop_LUT6_I2_O)        0.088     0.946 r  i_scheduler_core/cold_q[1][eid][5]_i_27/LUT6/O
                         net (fo=3, unplaced)         0.216     1.162    i_scheduler_core/cold_q[1][eid][5]_i_27_n_1
                         LUT6 (Prop_LUT6_I1_O)        0.088     1.250 r  i_scheduler_core/hot_count_q[1]_i_23/O
                         net (fo=7, unplaced)         0.235     1.485    i_scheduler_core/hot_count_q[1]_i_23_n_0
                         LUT6 (Prop_LUT6_I1_O)        0.088     1.573 r  i_scheduler_core/hot_q[3][eid][3]_i_41/O
                         net (fo=4, unplaced)         0.157     1.730    i_scheduler_core/hot_q[3][eid][3]_i_41_n_0
                         LUT6 (Prop_LUT6_I4_O)        0.051     1.781 f  i_scheduler_core/hot_q[8][eid][5]_i_42/O
                         net (fo=11, unplaced)        0.245     2.026    i_scheduler_core/hot_q[8][eid][5]_i_42_n_0
                         LUT6 (Prop_LUT6_I1_O)        0.088     2.114 r  i_scheduler_core/cold_q[4][eid][5]_i_26/O
                         net (fo=59, unplaced)        0.201     2.315    i_scheduler_core/cold_q[4][eid][5]_i_26_n_0
                         LUT4 (Prop_LUT4_I0_O)        0.074     2.389 r  i_scheduler_core/hot_q[3][eid][3]_i_22/O
                         net (fo=32, unplaced)        0.270     2.659    i_scheduler_core/hot_q[3][eid][3]_i_22_n_0
                         LUT6 (Prop_LUT6_I2_O)        0.088     2.747 f  i_scheduler_core/hot_q[3][eid][3]_i_21/O
                         net (fo=9, unplaced)         0.176     2.923    i_scheduler_core/hot_q[3][eid][3]_i_21_n_0
                         LUT6 (Prop_LUT6_I4_O)        0.051     2.974 f  i_scheduler_core/hot_count_q[1]_i_25/O
                         net (fo=9, unplaced)         0.176     3.150    i_scheduler_core/hot_count_q[1]_i_25_n_0
                         LUT6 (Prop_LUT6_I5_O)        0.051     3.201 r  i_scheduler_core/cold_q[4][eid][5]_i_18/O
                         net (fo=50, unplaced)        0.198     3.399    i_scheduler_core/cold_q[4][eid][5]_i_18_n_0
                         LUT6 (Prop_LUT6_I0_O)        0.074     3.473 f  i_scheduler_core/cold_q[2][eid][5]_i_36/O
                         net (fo=8, unplaced)         0.238     3.711    i_scheduler_core/cold_q[2][eid][5]_i_36_n_0
                         LUT6 (Prop_LUT6_I2_O)        0.088     3.799 f  i_scheduler_core/cold_q[2][eid][5]_i_28/O
                         net (fo=28, unplaced)        0.202     4.001    i_scheduler_core/cold_q[2][eid][5]_i_28_n_0
                         LUT4 (Prop_LUT4_I3_O)        0.051     4.052 r  i_scheduler_core/hot_count_q[1]_i_17/O
                         net (fo=26, unplaced)        0.200     4.252    i_scheduler_core/hot_count_q[1]_i_17_n_0
                         LUT6 (Prop_LUT6_I4_O)        0.051     4.303 r  i_scheduler_core/hot_count_q[1]_i_7/O
                         net (fo=4, unplaced)         0.222     4.525    i_scheduler_core/hot_count_q[1]_i_7_n_0
                         LUT6 (Prop_LUT6_I1_O)        0.088     4.613 r  i_scheduler_core/cold_q[1][eid][5]_i_16/O
                         net (fo=45, unplaced)        0.277     4.890    i_scheduler_core/cold_q[1][eid][5]_i_16_n_0
                         LUT6 (Prop_LUT6_I2_O)        0.088     4.978 f  i_scheduler_core/hot_q[4][eid][5]_i_14/O
                         net (fo=17, unplaced)        0.255     5.233    i_scheduler_core/hot_q[4][eid][5]_i_14_n_0
                         LUT6 (Prop_LUT6_I2_O)        0.088     5.321 f  i_scheduler_core/hot_q[4][eid][5]_i_5/O
                         net (fo=1, unplaced)         0.210     5.531    i_scheduler_core/hot_q[4][eid][5]_i_5_n_0
                         LUT6 (Prop_LUT6_I2_O)        0.088     5.619 r  i_scheduler_core/hot_q[4][eid][5]_i_1/O
                         net (fo=16, unplaced)        0.247     5.866    i_scheduler_core_n_87
                         FDCE                                         r  hot_q_reg[4][eid][1]/CE
  -------------------------------------------------------------------    -------------------

                         (clock scheduler_clk rise edge)
                                                      5.000     5.000 r  
                                                      0.000     5.000 r  clk_i (IN)
                         net (fo=1978, unset)         0.080     5.080    clk_i
                         FDCE                                         r  hot_q_reg[4][eid][1]/C
                         clock pessimism              0.000     5.080    
                         clock uncertainty           -0.300     4.780    
                         FDCE (Setup_FDCE_C_CE)      -0.087     4.693    hot_q_reg[4][eid][1]
  -------------------------------------------------------------------
                         required time                          4.693    
                         arrival time                          -5.866    
  -------------------------------------------------------------------
                         slack                                 -1.173    

Slack (VIOLATED) :        -1.173ns  (required time - arrival time)
  Source:                 refill_top_remaining_q_reg[2]/C
                            (rising edge-triggered cell FDCE clocked by scheduler_clk  {rise@0.000ns fall@2.500ns period=5.000ns})
  Destination:            hot_q_reg[4][eid][2]/CE
                            (rising edge-triggered cell FDCE clocked by scheduler_clk  {rise@0.000ns fall@2.500ns period=5.000ns})
  Path Group:             scheduler_clk
  Path Type:              Setup (Max at Slow Process Corner)
  Requirement:            5.000ns  (scheduler_clk rise@5.000ns - scheduler_clk rise@0.000ns)
  Data Path Delay:        5.746ns  (logic 1.461ns (25.426%)  route 4.285ns (74.574%))
  Logic Levels:           18  (LUT4=2 LUT6=16)
  Clock Path Skew:        -0.040ns (DCD - SCD + CPR)
    Destination Clock Delay (DCD):    0.080ns = ( 5.080 - 5.000 ) 
    Source Clock Delay      (SCD):    0.120ns
    Clock Pessimism Removal (CPR):    0.000ns
  Clock Uncertainty:      0.300ns  (CJ)/2 + PE + PJ
    Clock Jitter             (CJ):    0.600ns
    Phase Error              (PE):    0.000ns
    Phase Jitter             (PJ):    0.000ns

    Location             Delay type                Incr(ns)  Path(ns)    Netlist Resource(s)
  -------------------------------------------------------------------    -------------------
                         (clock scheduler_clk rise edge)
                                                      0.000     0.000 r  
                                                      0.000     0.000 r  clk_i (IN)
                         net (fo=1978, unset)         0.120     0.120    clk_i
                         FDCE                                         r  refill_top_remaining_q_reg[2]/C
  -------------------------------------------------------------------    -------------------
                         FDCE (Prop_FDCE_C_Q)         0.090     0.210 f  refill_top_remaining_q_reg[2]/Q
                         net (fo=17, unplaced)        0.298     0.508    i_scheduler_core/reg_rsp_o[rdata][4][2]
                         LUT6 (Prop_LUT6_I1_O)        0.088     0.596 f  i_scheduler_core/cold_count_q[0]_i_13/O
                         net (fo=23, unplaced)        0.262     0.858    i_scheduler_core/cold_q[1][eid][5]_i_27/I2
                         LUT6 (Prop_LUT6_I2_O)        0.088     0.946 r  i_scheduler_core/cold_q[1][eid][5]_i_27/LUT6/O
                         net (fo=3, unplaced)         0.216     1.162    i_scheduler_core/cold_q[1][eid][5]_i_27_n_1
                         LUT6 (Prop_LUT6_I1_O)        0.088     1.250 r  i_scheduler_core/hot_count_q[1]_i_23/O
                         net (fo=7, unplaced)         0.235     1.485    i_scheduler_core/hot_count_q[1]_i_23_n_0
                         LUT6 (Prop_LUT6_I1_O)        0.088     1.573 r  i_scheduler_core/hot_q[3][eid][3]_i_41/O
                         net (fo=4, unplaced)         0.157     1.730    i_scheduler_core/hot_q[3][eid][3]_i_41_n_0
                         LUT6 (Prop_LUT6_I4_O)        0.051     1.781 f  i_scheduler_core/hot_q[8][eid][5]_i_42/O
                         net (fo=11, unplaced)        0.245     2.026    i_scheduler_core/hot_q[8][eid][5]_i_42_n_0
                         LUT6 (Prop_LUT6_I1_O)        0.088     2.114 r  i_scheduler_core/cold_q[4][eid][5]_i_26/O
                         net (fo=59, unplaced)        0.201     2.315    i_scheduler_core/cold_q[4][eid][5]_i_26_n_0
                         LUT4 (Prop_LUT4_I0_O)        0.074     2.389 r  i_scheduler_core/hot_q[3][eid][3]_i_22/O
                         net (fo=32, unplaced)        0.270     2.659    i_scheduler_core/hot_q[3][eid][3]_i_22_n_0
                         LUT6 (Prop_LUT6_I2_O)        0.088     2.747 f  i_scheduler_core/hot_q[3][eid][3]_i_21/O
                         net (fo=9, unplaced)         0.176     2.923    i_scheduler_core/hot_q[3][eid][3]_i_21_n_0
                         LUT6 (Prop_LUT6_I4_O)        0.051     2.974 f  i_scheduler_core/hot_count_q[1]_i_25/O
                         net (fo=9, unplaced)         0.176     3.150    i_scheduler_core/hot_count_q[1]_i_25_n_0
                         LUT6 (Prop_LUT6_I5_O)        0.051     3.201 r  i_scheduler_core/cold_q[4][eid][5]_i_18/O
                         net (fo=50, unplaced)        0.198     3.399    i_scheduler_core/cold_q[4][eid][5]_i_18_n_0
                         LUT6 (Prop_LUT6_I0_O)        0.074     3.473 f  i_scheduler_core/cold_q[2][eid][5]_i_36/O
                         net (fo=8, unplaced)         0.238     3.711    i_scheduler_core/cold_q[2][eid][5]_i_36_n_0
                         LUT6 (Prop_LUT6_I2_O)        0.088     3.799 f  i_scheduler_core/cold_q[2][eid][5]_i_28/O
                         net (fo=28, unplaced)        0.202     4.001    i_scheduler_core/cold_q[2][eid][5]_i_28_n_0
                         LUT4 (Prop_LUT4_I3_O)        0.051     4.052 r  i_scheduler_core/hot_count_q[1]_i_17/O
                         net (fo=26, unplaced)        0.200     4.252    i_scheduler_core/hot_count_q[1]_i_17_n_0
                         LUT6 (Prop_LUT6_I4_O)        0.051     4.303 r  i_scheduler_core/hot_count_q[1]_i_7/O
                         net (fo=4, unplaced)         0.222     4.525    i_scheduler_core/hot_count_q[1]_i_7_n_0
                         LUT6 (Prop_LUT6_I1_O)        0.088     4.613 r  i_scheduler_core/cold_q[1][eid][5]_i_16/O
                         net (fo=45, unplaced)        0.277     4.890    i_scheduler_core/cold_q[1][eid][5]_i_16_n_0
                         LUT6 (Prop_LUT6_I2_O)        0.088     4.978 f  i_scheduler_core/hot_q[4][eid][5]_i_14/O
                         net (fo=17, unplaced)        0.255     5.233    i_scheduler_core/hot_q[4][eid][5]_i_14_n_0
                         LUT6 (Prop_LUT6_I2_O)        0.088     5.321 f  i_scheduler_core/hot_q[4][eid][5]_i_5/O
                         net (fo=1, unplaced)         0.210     5.531    i_scheduler_core/hot_q[4][eid][5]_i_5_n_0
                         LUT6 (Prop_LUT6_I2_O)        0.088     5.619 r  i_scheduler_core/hot_q[4][eid][5]_i_1/O
                         net (fo=16, unplaced)        0.247     5.866    i_scheduler_core_n_87
                         FDCE                                         r  hot_q_reg[4][eid][2]/CE
  -------------------------------------------------------------------    -------------------

                         (clock scheduler_clk rise edge)
                                                      5.000     5.000 r  
                                                      0.000     5.000 r  clk_i (IN)
                         net (fo=1978, unset)         0.080     5.080    clk_i
                         FDCE                                         r  hot_q_reg[4][eid][2]/C
                         clock pessimism              0.000     5.080    
                         clock uncertainty           -0.300     4.780    
                         FDCE (Setup_FDCE_C_CE)      -0.087     4.693    hot_q_reg[4][eid][2]
  -------------------------------------------------------------------
                         required time                          4.693    
                         arrival time                          -5.866    
  -------------------------------------------------------------------
                         slack                                 -1.173    

Slack (VIOLATED) :        -1.173ns  (required time - arrival time)
  Source:                 refill_top_remaining_q_reg[2]/C
                            (rising edge-triggered cell FDCE clocked by scheduler_clk  {rise@0.000ns fall@2.500ns period=5.000ns})
  Destination:            hot_q_reg[4][eid][3]/CE
                            (rising edge-triggered cell FDCE clocked by scheduler_clk  {rise@0.000ns fall@2.500ns period=5.000ns})
  Path Group:             scheduler_clk
  Path Type:              Setup (Max at Slow Process Corner)
  Requirement:            5.000ns  (scheduler_clk rise@5.000ns - scheduler_clk rise@0.000ns)
  Data Path Delay:        5.746ns  (logic 1.461ns (25.426%)  route 4.285ns (74.574%))
  Logic Levels:           18  (LUT4=2 LUT6=16)
  Clock Path Skew:        -0.040ns (DCD - SCD + CPR)
    Destination Clock Delay (DCD):    0.080ns = ( 5.080 - 5.000 ) 
    Source Clock Delay      (SCD):    0.120ns
    Clock Pessimism Removal (CPR):    0.000ns
  Clock Uncertainty:      0.300ns  (CJ)/2 + PE + PJ
    Clock Jitter             (CJ):    0.600ns
    Phase Error              (PE):    0.000ns
    Phase Jitter             (PJ):    0.000ns

    Location             Delay type                Incr(ns)  Path(ns)    Netlist Resource(s)
  -------------------------------------------------------------------    -------------------
                         (clock scheduler_clk rise edge)
                                                      0.000     0.000 r  
                                                      0.000     0.000 r  clk_i (IN)
                         net (fo=1978, unset)         0.120     0.120    clk_i
                         FDCE                                         r  refill_top_remaining_q_reg[2]/C
  -------------------------------------------------------------------    -------------------
                         FDCE (Prop_FDCE_C_Q)         0.090     0.210 f  refill_top_remaining_q_reg[2]/Q
                         net (fo=17, unplaced)        0.298     0.508    i_scheduler_core/reg_rsp_o[rdata][4][2]
                         LUT6 (Prop_LUT6_I1_O)        0.088     0.596 f  i_scheduler_core/cold_count_q[0]_i_13/O
                         net (fo=23, unplaced)        0.262     0.858    i_scheduler_core/cold_q[1][eid][5]_i_27/I2
                         LUT6 (Prop_LUT6_I2_O)        0.088     0.946 r  i_scheduler_core/cold_q[1][eid][5]_i_27/LUT6/O
                         net (fo=3, unplaced)         0.216     1.162    i_scheduler_core/cold_q[1][eid][5]_i_27_n_1
                         LUT6 (Prop_LUT6_I1_O)        0.088     1.250 r  i_scheduler_core/hot_count_q[1]_i_23/O
                         net (fo=7, unplaced)         0.235     1.485    i_scheduler_core/hot_count_q[1]_i_23_n_0
                         LUT6 (Prop_LUT6_I1_O)        0.088     1.573 r  i_scheduler_core/hot_q[3][eid][3]_i_41/O
                         net (fo=4, unplaced)         0.157     1.730    i_scheduler_core/hot_q[3][eid][3]_i_41_n_0
                         LUT6 (Prop_LUT6_I4_O)        0.051     1.781 f  i_scheduler_core/hot_q[8][eid][5]_i_42/O
                         net (fo=11, unplaced)        0.245     2.026    i_scheduler_core/hot_q[8][eid][5]_i_42_n_0
                         LUT6 (Prop_LUT6_I1_O)        0.088     2.114 r  i_scheduler_core/cold_q[4][eid][5]_i_26/O
                         net (fo=59, unplaced)        0.201     2.315    i_scheduler_core/cold_q[4][eid][5]_i_26_n_0
                         LUT4 (Prop_LUT4_I0_O)        0.074     2.389 r  i_scheduler_core/hot_q[3][eid][3]_i_22/O
                         net (fo=32, unplaced)        0.270     2.659    i_scheduler_core/hot_q[3][eid][3]_i_22_n_0
                         LUT6 (Prop_LUT6_I2_O)        0.088     2.747 f  i_scheduler_core/hot_q[3][eid][3]_i_21/O
                         net (fo=9, unplaced)         0.176     2.923    i_scheduler_core/hot_q[3][eid][3]_i_21_n_0
                         LUT6 (Prop_LUT6_I4_O)        0.051     2.974 f  i_scheduler_core/hot_count_q[1]_i_25/O
                         net (fo=9, unplaced)         0.176     3.150    i_scheduler_core/hot_count_q[1]_i_25_n_0
                         LUT6 (Prop_LUT6_I5_O)        0.051     3.201 r  i_scheduler_core/cold_q[4][eid][5]_i_18/O
                         net (fo=50, unplaced)        0.198     3.399    i_scheduler_core/cold_q[4][eid][5]_i_18_n_0
                         LUT6 (Prop_LUT6_I0_O)        0.074     3.473 f  i_scheduler_core/cold_q[2][eid][5]_i_36/O
                         net (fo=8, unplaced)         0.238     3.711    i_scheduler_core/cold_q[2][eid][5]_i_36_n_0
                         LUT6 (Prop_LUT6_I2_O)        0.088     3.799 f  i_scheduler_core/cold_q[2][eid][5]_i_28/O
                         net (fo=28, unplaced)        0.202     4.001    i_scheduler_core/cold_q[2][eid][5]_i_28_n_0
                         LUT4 (Prop_LUT4_I3_O)        0.051     4.052 r  i_scheduler_core/hot_count_q[1]_i_17/O
                         net (fo=26, unplaced)        0.200     4.252    i_scheduler_core/hot_count_q[1]_i_17_n_0
                         LUT6 (Prop_LUT6_I4_O)        0.051     4.303 r  i_scheduler_core/hot_count_q[1]_i_7/O
                         net (fo=4, unplaced)         0.222     4.525    i_scheduler_core/hot_count_q[1]_i_7_n_0
                         LUT6 (Prop_LUT6_I1_O)        0.088     4.613 r  i_scheduler_core/cold_q[1][eid][5]_i_16/O
                         net (fo=45, unplaced)        0.277     4.890    i_scheduler_core/cold_q[1][eid][5]_i_16_n_0
                         LUT6 (Prop_LUT6_I2_O)        0.088     4.978 f  i_scheduler_core/hot_q[4][eid][5]_i_14/O
                         net (fo=17, unplaced)        0.255     5.233    i_scheduler_core/hot_q[4][eid][5]_i_14_n_0
                         LUT6 (Prop_LUT6_I2_O)        0.088     5.321 f  i_scheduler_core/hot_q[4][eid][5]_i_5/O
                         net (fo=1, unplaced)         0.210     5.531    i_scheduler_core/hot_q[4][eid][5]_i_5_n_0
                         LUT6 (Prop_LUT6_I2_O)        0.088     5.619 r  i_scheduler_core/hot_q[4][eid][5]_i_1/O
                         net (fo=16, unplaced)        0.247     5.866    i_scheduler_core_n_87
                         FDCE                                         r  hot_q_reg[4][eid][3]/CE
  -------------------------------------------------------------------    -------------------

                         (clock scheduler_clk rise edge)
                                                      5.000     5.000 r  
                                                      0.000     5.000 r  clk_i (IN)
                         net (fo=1978, unset)         0.080     5.080    clk_i
                         FDCE                                         r  hot_q_reg[4][eid][3]/C
                         clock pessimism              0.000     5.080    
                         clock uncertainty           -0.300     4.780    
                         FDCE (Setup_FDCE_C_CE)      -0.087     4.693    hot_q_reg[4][eid][3]
  -------------------------------------------------------------------
                         required time                          4.693    
                         arrival time                          -5.866    
  -------------------------------------------------------------------
                         slack                                 -1.173    

Slack (VIOLATED) :        -1.173ns  (required time - arrival time)
  Source:                 refill_top_remaining_q_reg[2]/C
                            (rising edge-triggered cell FDCE clocked by scheduler_clk  {rise@0.000ns fall@2.500ns period=5.000ns})
  Destination:            hot_q_reg[4][eid][4]/CE
                            (rising edge-triggered cell FDCE clocked by scheduler_clk  {rise@0.000ns fall@2.500ns period=5.000ns})
  Path Group:             scheduler_clk
  Path Type:              Setup (Max at Slow Process Corner)
  Requirement:            5.000ns  (scheduler_clk rise@5.000ns - scheduler_clk rise@0.000ns)
  Data Path Delay:        5.746ns  (logic 1.461ns (25.426%)  route 4.285ns (74.574%))
  Logic Levels:           18  (LUT4=2 LUT6=16)
  Clock Path Skew:        -0.040ns (DCD - SCD + CPR)
    Destination Clock Delay (DCD):    0.080ns = ( 5.080 - 5.000 ) 
    Source Clock Delay      (SCD):    0.120ns
    Clock Pessimism Removal (CPR):    0.000ns
  Clock Uncertainty:      0.300ns  (CJ)/2 + PE + PJ
    Clock Jitter             (CJ):    0.600ns
    Phase Error              (PE):    0.000ns
    Phase Jitter             (PJ):    0.000ns

    Location             Delay type                Incr(ns)  Path(ns)    Netlist Resource(s)
  -------------------------------------------------------------------    -------------------
                         (clock scheduler_clk rise edge)
                                                      0.000     0.000 r  
                                                      0.000     0.000 r  clk_i (IN)
                         net (fo=1978, unset)         0.120     0.120    clk_i
                         FDCE                                         r  refill_top_remaining_q_reg[2]/C
  -------------------------------------------------------------------    -------------------
                         FDCE (Prop_FDCE_C_Q)         0.090     0.210 f  refill_top_remaining_q_reg[2]/Q
                         net (fo=17, unplaced)        0.298     0.508    i_scheduler_core/reg_rsp_o[rdata][4][2]
                         LUT6 (Prop_LUT6_I1_O)        0.088     0.596 f  i_scheduler_core/cold_count_q[0]_i_13/O
                         net (fo=23, unplaced)        0.262     0.858    i_scheduler_core/cold_q[1][eid][5]_i_27/I2
                         LUT6 (Prop_LUT6_I2_O)        0.088     0.946 r  i_scheduler_core/cold_q[1][eid][5]_i_27/LUT6/O
                         net (fo=3, unplaced)         0.216     1.162    i_scheduler_core/cold_q[1][eid][5]_i_27_n_1
                         LUT6 (Prop_LUT6_I1_O)        0.088     1.250 r  i_scheduler_core/hot_count_q[1]_i_23/O
                         net (fo=7, unplaced)         0.235     1.485    i_scheduler_core/hot_count_q[1]_i_23_n_0
                         LUT6 (Prop_LUT6_I1_O)        0.088     1.573 r  i_scheduler_core/hot_q[3][eid][3]_i_41/O
                         net (fo=4, unplaced)         0.157     1.730    i_scheduler_core/hot_q[3][eid][3]_i_41_n_0
                         LUT6 (Prop_LUT6_I4_O)        0.051     1.781 f  i_scheduler_core/hot_q[8][eid][5]_i_42/O
                         net (fo=11, unplaced)        0.245     2.026    i_scheduler_core/hot_q[8][eid][5]_i_42_n_0
                         LUT6 (Prop_LUT6_I1_O)        0.088     2.114 r  i_scheduler_core/cold_q[4][eid][5]_i_26/O
                         net (fo=59, unplaced)        0.201     2.315    i_scheduler_core/cold_q[4][eid][5]_i_26_n_0
                         LUT4 (Prop_LUT4_I0_O)        0.074     2.389 r  i_scheduler_core/hot_q[3][eid][3]_i_22/O
                         net (fo=32, unplaced)        0.270     2.659    i_scheduler_core/hot_q[3][eid][3]_i_22_n_0
                         LUT6 (Prop_LUT6_I2_O)        0.088     2.747 f  i_scheduler_core/hot_q[3][eid][3]_i_21/O
                         net (fo=9, unplaced)         0.176     2.923    i_scheduler_core/hot_q[3][eid][3]_i_21_n_0
                         LUT6 (Prop_LUT6_I4_O)        0.051     2.974 f  i_scheduler_core/hot_count_q[1]_i_25/O
                         net (fo=9, unplaced)         0.176     3.150    i_scheduler_core/hot_count_q[1]_i_25_n_0
                         LUT6 (Prop_LUT6_I5_O)        0.051     3.201 r  i_scheduler_core/cold_q[4][eid][5]_i_18/O
                         net (fo=50, unplaced)        0.198     3.399    i_scheduler_core/cold_q[4][eid][5]_i_18_n_0
                         LUT6 (Prop_LUT6_I0_O)        0.074     3.473 f  i_scheduler_core/cold_q[2][eid][5]_i_36/O
                         net (fo=8, unplaced)         0.238     3.711    i_scheduler_core/cold_q[2][eid][5]_i_36_n_0
                         LUT6 (Prop_LUT6_I2_O)        0.088     3.799 f  i_scheduler_core/cold_q[2][eid][5]_i_28/O
                         net (fo=28, unplaced)        0.202     4.001    i_scheduler_core/cold_q[2][eid][5]_i_28_n_0
                         LUT4 (Prop_LUT4_I3_O)        0.051     4.052 r  i_scheduler_core/hot_count_q[1]_i_17/O
                         net (fo=26, unplaced)        0.200     4.252    i_scheduler_core/hot_count_q[1]_i_17_n_0
                         LUT6 (Prop_LUT6_I4_O)        0.051     4.303 r  i_scheduler_core/hot_count_q[1]_i_7/O
                         net (fo=4, unplaced)         0.222     4.525    i_scheduler_core/hot_count_q[1]_i_7_n_0
                         LUT6 (Prop_LUT6_I1_O)        0.088     4.613 r  i_scheduler_core/cold_q[1][eid][5]_i_16/O
                         net (fo=45, unplaced)        0.277     4.890    i_scheduler_core/cold_q[1][eid][5]_i_16_n_0
                         LUT6 (Prop_LUT6_I2_O)        0.088     4.978 f  i_scheduler_core/hot_q[4][eid][5]_i_14/O
                         net (fo=17, unplaced)        0.255     5.233    i_scheduler_core/hot_q[4][eid][5]_i_14_n_0
                         LUT6 (Prop_LUT6_I2_O)        0.088     5.321 f  i_scheduler_core/hot_q[4][eid][5]_i_5/O
                         net (fo=1, unplaced)         0.210     5.531    i_scheduler_core/hot_q[4][eid][5]_i_5_n_0
                         LUT6 (Prop_LUT6_I2_O)        0.088     5.619 r  i_scheduler_core/hot_q[4][eid][5]_i_1/O
                         net (fo=16, unplaced)        0.247     5.866    i_scheduler_core_n_87
                         FDCE                                         r  hot_q_reg[4][eid][4]/CE
  -------------------------------------------------------------------    -------------------

                         (clock scheduler_clk rise edge)
                                                      5.000     5.000 r  
                                                      0.000     5.000 r  clk_i (IN)
                         net (fo=1978, unset)         0.080     5.080    clk_i
                         FDCE                                         r  hot_q_reg[4][eid][4]/C
                         clock pessimism              0.000     5.080    
                         clock uncertainty           -0.300     4.780    
                         FDCE (Setup_FDCE_C_CE)      -0.087     4.693    hot_q_reg[4][eid][4]
  -------------------------------------------------------------------
                         required time                          4.693    
                         arrival time                          -5.866    
  -------------------------------------------------------------------
                         slack                                 -1.173    

Slack (VIOLATED) :        -1.173ns  (required time - arrival time)
  Source:                 refill_top_remaining_q_reg[2]/C
                            (rising edge-triggered cell FDCE clocked by scheduler_clk  {rise@0.000ns fall@2.500ns period=5.000ns})
  Destination:            hot_q_reg[4][eid][5]/CE
                            (rising edge-triggered cell FDCE clocked by scheduler_clk  {rise@0.000ns fall@2.500ns period=5.000ns})
  Path Group:             scheduler_clk
  Path Type:              Setup (Max at Slow Process Corner)
  Requirement:            5.000ns  (scheduler_clk rise@5.000ns - scheduler_clk rise@0.000ns)
  Data Path Delay:        5.746ns  (logic 1.461ns (25.426%)  route 4.285ns (74.574%))
  Logic Levels:           18  (LUT4=2 LUT6=16)
  Clock Path Skew:        -0.040ns (DCD - SCD + CPR)
    Destination Clock Delay (DCD):    0.080ns = ( 5.080 - 5.000 ) 
    Source Clock Delay      (SCD):    0.120ns
    Clock Pessimism Removal (CPR):    0.000ns
  Clock Uncertainty:      0.300ns  (CJ)/2 + PE + PJ
    Clock Jitter             (CJ):    0.600ns
    Phase Error              (PE):    0.000ns
    Phase Jitter             (PJ):    0.000ns

    Location             Delay type                Incr(ns)  Path(ns)    Netlist Resource(s)
  -------------------------------------------------------------------    -------------------
                         (clock scheduler_clk rise edge)
                                                      0.000     0.000 r  
                                                      0.000     0.000 r  clk_i (IN)
                         net (fo=1978, unset)         0.120     0.120    clk_i
                         FDCE                                         r  refill_top_remaining_q_reg[2]/C
  -------------------------------------------------------------------    -------------------
                         FDCE (Prop_FDCE_C_Q)         0.090     0.210 f  refill_top_remaining_q_reg[2]/Q
                         net (fo=17, unplaced)        0.298     0.508    i_scheduler_core/reg_rsp_o[rdata][4][2]
                         LUT6 (Prop_LUT6_I1_O)        0.088     0.596 f  i_scheduler_core/cold_count_q[0]_i_13/O
                         net (fo=23, unplaced)        0.262     0.858    i_scheduler_core/cold_q[1][eid][5]_i_27/I2
                         LUT6 (Prop_LUT6_I2_O)        0.088     0.946 r  i_scheduler_core/cold_q[1][eid][5]_i_27/LUT6/O
                         net (fo=3, unplaced)         0.216     1.162    i_scheduler_core/cold_q[1][eid][5]_i_27_n_1
                         LUT6 (Prop_LUT6_I1_O)        0.088     1.250 r  i_scheduler_core/hot_count_q[1]_i_23/O
                         net (fo=7, unplaced)         0.235     1.485    i_scheduler_core/hot_count_q[1]_i_23_n_0
                         LUT6 (Prop_LUT6_I1_O)        0.088     1.573 r  i_scheduler_core/hot_q[3][eid][3]_i_41/O
                         net (fo=4, unplaced)         0.157     1.730    i_scheduler_core/hot_q[3][eid][3]_i_41_n_0
                         LUT6 (Prop_LUT6_I4_O)        0.051     1.781 f  i_scheduler_core/hot_q[8][eid][5]_i_42/O
                         net (fo=11, unplaced)        0.245     2.026    i_scheduler_core/hot_q[8][eid][5]_i_42_n_0
                         LUT6 (Prop_LUT6_I1_O)        0.088     2.114 r  i_scheduler_core/cold_q[4][eid][5]_i_26/O
                         net (fo=59, unplaced)        0.201     2.315    i_scheduler_core/cold_q[4][eid][5]_i_26_n_0
                         LUT4 (Prop_LUT4_I0_O)        0.074     2.389 r  i_scheduler_core/hot_q[3][eid][3]_i_22/O
                         net (fo=32, unplaced)        0.270     2.659    i_scheduler_core/hot_q[3][eid][3]_i_22_n_0
                         LUT6 (Prop_LUT6_I2_O)        0.088     2.747 f  i_scheduler_core/hot_q[3][eid][3]_i_21/O
                         net (fo=9, unplaced)         0.176     2.923    i_scheduler_core/hot_q[3][eid][3]_i_21_n_0
                         LUT6 (Prop_LUT6_I4_O)        0.051     2.974 f  i_scheduler_core/hot_count_q[1]_i_25/O
                         net (fo=9, unplaced)         0.176     3.150    i_scheduler_core/hot_count_q[1]_i_25_n_0
                         LUT6 (Prop_LUT6_I5_O)        0.051     3.201 r  i_scheduler_core/cold_q[4][eid][5]_i_18/O
                         net (fo=50, unplaced)        0.198     3.399    i_scheduler_core/cold_q[4][eid][5]_i_18_n_0
                         LUT6 (Prop_LUT6_I0_O)        0.074     3.473 f  i_scheduler_core/cold_q[2][eid][5]_i_36/O
                         net (fo=8, unplaced)         0.238     3.711    i_scheduler_core/cold_q[2][eid][5]_i_36_n_0
                         LUT6 (Prop_LUT6_I2_O)        0.088     3.799 f  i_scheduler_core/cold_q[2][eid][5]_i_28/O
                         net (fo=28, unplaced)        0.202     4.001    i_scheduler_core/cold_q[2][eid][5]_i_28_n_0
                         LUT4 (Prop_LUT4_I3_O)        0.051     4.052 r  i_scheduler_core/hot_count_q[1]_i_17/O
                         net (fo=26, unplaced)        0.200     4.252    i_scheduler_core/hot_count_q[1]_i_17_n_0
                         LUT6 (Prop_LUT6_I4_O)        0.051     4.303 r  i_scheduler_core/hot_count_q[1]_i_7/O
                         net (fo=4, unplaced)         0.222     4.525    i_scheduler_core/hot_count_q[1]_i_7_n_0
                         LUT6 (Prop_LUT6_I1_O)        0.088     4.613 r  i_scheduler_core/cold_q[1][eid][5]_i_16/O
                         net (fo=45, unplaced)        0.277     4.890    i_scheduler_core/cold_q[1][eid][5]_i_16_n_0
                         LUT6 (Prop_LUT6_I2_O)        0.088     4.978 f  i_scheduler_core/hot_q[4][eid][5]_i_14/O
                         net (fo=17, unplaced)        0.255     5.233    i_scheduler_core/hot_q[4][eid][5]_i_14_n_0
                         LUT6 (Prop_LUT6_I2_O)        0.088     5.321 f  i_scheduler_core/hot_q[4][eid][5]_i_5/O
                         net (fo=1, unplaced)         0.210     5.531    i_scheduler_core/hot_q[4][eid][5]_i_5_n_0
                         LUT6 (Prop_LUT6_I2_O)        0.088     5.619 r  i_scheduler_core/hot_q[4][eid][5]_i_1/O
                         net (fo=16, unplaced)        0.247     5.866    i_scheduler_core_n_87
                         FDCE                                         r  hot_q_reg[4][eid][5]/CE
  -------------------------------------------------------------------    -------------------

                         (clock scheduler_clk rise edge)
                                                      5.000     5.000 r  
                                                      0.000     5.000 r  clk_i (IN)
                         net (fo=1978, unset)         0.080     5.080    clk_i
                         FDCE                                         r  hot_q_reg[4][eid][5]/C
                         clock pessimism              0.000     5.080    
                         clock uncertainty           -0.300     4.780    
                         FDCE (Setup_FDCE_C_CE)      -0.087     4.693    hot_q_reg[4][eid][5]
  -------------------------------------------------------------------
                         required time                          4.693    
                         arrival time                          -5.866    
  -------------------------------------------------------------------
                         slack                                 -1.173    

Slack (VIOLATED) :        -1.173ns  (required time - arrival time)
  Source:                 refill_top_remaining_q_reg[2]/C
                            (rising edge-triggered cell FDCE clocked by scheduler_clk  {rise@0.000ns fall@2.500ns period=5.000ns})
  Destination:            hot_q_reg[4][ntok][0]/CE
                            (rising edge-triggered cell FDCE clocked by scheduler_clk  {rise@0.000ns fall@2.500ns period=5.000ns})
  Path Group:             scheduler_clk
  Path Type:              Setup (Max at Slow Process Corner)
  Requirement:            5.000ns  (scheduler_clk rise@5.000ns - scheduler_clk rise@0.000ns)
  Data Path Delay:        5.746ns  (logic 1.461ns (25.426%)  route 4.285ns (74.574%))
  Logic Levels:           18  (LUT4=2 LUT6=16)
  Clock Path Skew:        -0.040ns (DCD - SCD + CPR)
    Destination Clock Delay (DCD):    0.080ns = ( 5.080 - 5.000 ) 
    Source Clock Delay      (SCD):    0.120ns
    Clock Pessimism Removal (CPR):    0.000ns
  Clock Uncertainty:      0.300ns  (CJ)/2 + PE + PJ
    Clock Jitter             (CJ):    0.600ns
    Phase Error              (PE):    0.000ns
    Phase Jitter             (PJ):    0.000ns

    Location             Delay type                Incr(ns)  Path(ns)    Netlist Resource(s)
  -------------------------------------------------------------------    -------------------
                         (clock scheduler_clk rise edge)
                                                      0.000     0.000 r  
                                                      0.000     0.000 r  clk_i (IN)
                         net (fo=1978, unset)         0.120     0.120    clk_i
                         FDCE                                         r  refill_top_remaining_q_reg[2]/C
  -------------------------------------------------------------------    -------------------
                         FDCE (Prop_FDCE_C_Q)         0.090     0.210 f  refill_top_remaining_q_reg[2]/Q
                         net (fo=17, unplaced)        0.298     0.508    i_scheduler_core/reg_rsp_o[rdata][4][2]
                         LUT6 (Prop_LUT6_I1_O)        0.088     0.596 f  i_scheduler_core/cold_count_q[0]_i_13/O
                         net (fo=23, unplaced)        0.262     0.858    i_scheduler_core/cold_q[1][eid][5]_i_27/I2
                         LUT6 (Prop_LUT6_I2_O)        0.088     0.946 r  i_scheduler_core/cold_q[1][eid][5]_i_27/LUT6/O
                         net (fo=3, unplaced)         0.216     1.162    i_scheduler_core/cold_q[1][eid][5]_i_27_n_1
                         LUT6 (Prop_LUT6_I1_O)        0.088     1.250 r  i_scheduler_core/hot_count_q[1]_i_23/O
                         net (fo=7, unplaced)         0.235     1.485    i_scheduler_core/hot_count_q[1]_i_23_n_0
                         LUT6 (Prop_LUT6_I1_O)        0.088     1.573 r  i_scheduler_core/hot_q[3][eid][3]_i_41/O
                         net (fo=4, unplaced)         0.157     1.730    i_scheduler_core/hot_q[3][eid][3]_i_41_n_0
                         LUT6 (Prop_LUT6_I4_O)        0.051     1.781 f  i_scheduler_core/hot_q[8][eid][5]_i_42/O
                         net (fo=11, unplaced)        0.245     2.026    i_scheduler_core/hot_q[8][eid][5]_i_42_n_0
                         LUT6 (Prop_LUT6_I1_O)        0.088     2.114 r  i_scheduler_core/cold_q[4][eid][5]_i_26/O
                         net (fo=59, unplaced)        0.201     2.315    i_scheduler_core/cold_q[4][eid][5]_i_26_n_0
                         LUT4 (Prop_LUT4_I0_O)        0.074     2.389 r  i_scheduler_core/hot_q[3][eid][3]_i_22/O
                         net (fo=32, unplaced)        0.270     2.659    i_scheduler_core/hot_q[3][eid][3]_i_22_n_0
                         LUT6 (Prop_LUT6_I2_O)        0.088     2.747 f  i_scheduler_core/hot_q[3][eid][3]_i_21/O
                         net (fo=9, unplaced)         0.176     2.923    i_scheduler_core/hot_q[3][eid][3]_i_21_n_0
                         LUT6 (Prop_LUT6_I4_O)        0.051     2.974 f  i_scheduler_core/hot_count_q[1]_i_25/O
                         net (fo=9, unplaced)         0.176     3.150    i_scheduler_core/hot_count_q[1]_i_25_n_0
                         LUT6 (Prop_LUT6_I5_O)        0.051     3.201 r  i_scheduler_core/cold_q[4][eid][5]_i_18/O
                         net (fo=50, unplaced)        0.198     3.399    i_scheduler_core/cold_q[4][eid][5]_i_18_n_0
                         LUT6 (Prop_LUT6_I0_O)        0.074     3.473 f  i_scheduler_core/cold_q[2][eid][5]_i_36/O
                         net (fo=8, unplaced)         0.238     3.711    i_scheduler_core/cold_q[2][eid][5]_i_36_n_0
                         LUT6 (Prop_LUT6_I2_O)        0.088     3.799 f  i_scheduler_core/cold_q[2][eid][5]_i_28/O
                         net (fo=28, unplaced)        0.202     4.001    i_scheduler_core/cold_q[2][eid][5]_i_28_n_0
                         LUT4 (Prop_LUT4_I3_O)        0.051     4.052 r  i_scheduler_core/hot_count_q[1]_i_17/O
                         net (fo=26, unplaced)        0.200     4.252    i_scheduler_core/hot_count_q[1]_i_17_n_0
                         LUT6 (Prop_LUT6_I4_O)        0.051     4.303 r  i_scheduler_core/hot_count_q[1]_i_7/O
                         net (fo=4, unplaced)         0.222     4.525    i_scheduler_core/hot_count_q[1]_i_7_n_0
                         LUT6 (Prop_LUT6_I1_O)        0.088     4.613 r  i_scheduler_core/cold_q[1][eid][5]_i_16/O
                         net (fo=45, unplaced)        0.277     4.890    i_scheduler_core/cold_q[1][eid][5]_i_16_n_0
                         LUT6 (Prop_LUT6_I2_O)        0.088     4.978 f  i_scheduler_core/hot_q[4][eid][5]_i_14/O
                         net (fo=17, unplaced)        0.255     5.233    i_scheduler_core/hot_q[4][eid][5]_i_14_n_0
                         LUT6 (Prop_LUT6_I2_O)        0.088     5.321 f  i_scheduler_core/hot_q[4][eid][5]_i_5/O
                         net (fo=1, unplaced)         0.210     5.531    i_scheduler_core/hot_q[4][eid][5]_i_5_n_0
                         LUT6 (Prop_LUT6_I2_O)        0.088     5.619 r  i_scheduler_core/hot_q[4][eid][5]_i_1/O
                         net (fo=16, unplaced)        0.247     5.866    i_scheduler_core_n_87
                         FDCE                                         r  hot_q_reg[4][ntok][0]/CE
  -------------------------------------------------------------------    -------------------

                         (clock scheduler_clk rise edge)
                                                      5.000     5.000 r  
                                                      0.000     5.000 r  clk_i (IN)
                         net (fo=1978, unset)         0.080     5.080    clk_i
                         FDCE                                         r  hot_q_reg[4][ntok][0]/C
                         clock pessimism              0.000     5.080    
                         clock uncertainty           -0.300     4.780    
                         FDCE (Setup_FDCE_C_CE)      -0.087     4.693    hot_q_reg[4][ntok][0]
  -------------------------------------------------------------------
                         required time                          4.693    
                         arrival time                          -5.866    
  -------------------------------------------------------------------
                         slack                                 -1.173    

Slack (VIOLATED) :        -1.173ns  (required time - arrival time)
  Source:                 refill_top_remaining_q_reg[2]/C
                            (rising edge-triggered cell FDCE clocked by scheduler_clk  {rise@0.000ns fall@2.500ns period=5.000ns})
  Destination:            hot_q_reg[4][ntok][1]/CE
                            (rising edge-triggered cell FDCE clocked by scheduler_clk  {rise@0.000ns fall@2.500ns period=5.000ns})
  Path Group:             scheduler_clk
  Path Type:              Setup (Max at Slow Process Corner)
  Requirement:            5.000ns  (scheduler_clk rise@5.000ns - scheduler_clk rise@0.000ns)
  Data Path Delay:        5.746ns  (logic 1.461ns (25.426%)  route 4.285ns (74.574%))
  Logic Levels:           18  (LUT4=2 LUT6=16)
  Clock Path Skew:        -0.040ns (DCD - SCD + CPR)
    Destination Clock Delay (DCD):    0.080ns = ( 5.080 - 5.000 ) 
    Source Clock Delay      (SCD):    0.120ns
    Clock Pessimism Removal (CPR):    0.000ns
  Clock Uncertainty:      0.300ns  (CJ)/2 + PE + PJ
    Clock Jitter             (CJ):    0.600ns
    Phase Error              (PE):    0.000ns
    Phase Jitter             (PJ):    0.000ns

    Location             Delay type                Incr(ns)  Path(ns)    Netlist Resource(s)
  -------------------------------------------------------------------    -------------------
                         (clock scheduler_clk rise edge)
                                                      0.000     0.000 r  
                                                      0.000     0.000 r  clk_i (IN)
                         net (fo=1978, unset)         0.120     0.120    clk_i
                         FDCE                                         r  refill_top_remaining_q_reg[2]/C
  -------------------------------------------------------------------    -------------------
                         FDCE (Prop_FDCE_C_Q)         0.090     0.210 f  refill_top_remaining_q_reg[2]/Q
                         net (fo=17, unplaced)        0.298     0.508    i_scheduler_core/reg_rsp_o[rdata][4][2]
                         LUT6 (Prop_LUT6_I1_O)        0.088     0.596 f  i_scheduler_core/cold_count_q[0]_i_13/O
                         net (fo=23, unplaced)        0.262     0.858    i_scheduler_core/cold_q[1][eid][5]_i_27/I2
                         LUT6 (Prop_LUT6_I2_O)        0.088     0.946 r  i_scheduler_core/cold_q[1][eid][5]_i_27/LUT6/O
                         net (fo=3, unplaced)         0.216     1.162    i_scheduler_core/cold_q[1][eid][5]_i_27_n_1
                         LUT6 (Prop_LUT6_I1_O)        0.088     1.250 r  i_scheduler_core/hot_count_q[1]_i_23/O
                         net (fo=7, unplaced)         0.235     1.485    i_scheduler_core/hot_count_q[1]_i_23_n_0
                         LUT6 (Prop_LUT6_I1_O)        0.088     1.573 r  i_scheduler_core/hot_q[3][eid][3]_i_41/O
                         net (fo=4, unplaced)         0.157     1.730    i_scheduler_core/hot_q[3][eid][3]_i_41_n_0
                         LUT6 (Prop_LUT6_I4_O)        0.051     1.781 f  i_scheduler_core/hot_q[8][eid][5]_i_42/O
                         net (fo=11, unplaced)        0.245     2.026    i_scheduler_core/hot_q[8][eid][5]_i_42_n_0
                         LUT6 (Prop_LUT6_I1_O)        0.088     2.114 r  i_scheduler_core/cold_q[4][eid][5]_i_26/O
                         net (fo=59, unplaced)        0.201     2.315    i_scheduler_core/cold_q[4][eid][5]_i_26_n_0
                         LUT4 (Prop_LUT4_I0_O)        0.074     2.389 r  i_scheduler_core/hot_q[3][eid][3]_i_22/O
                         net (fo=32, unplaced)        0.270     2.659    i_scheduler_core/hot_q[3][eid][3]_i_22_n_0
                         LUT6 (Prop_LUT6_I2_O)        0.088     2.747 f  i_scheduler_core/hot_q[3][eid][3]_i_21/O
                         net (fo=9, unplaced)         0.176     2.923    i_scheduler_core/hot_q[3][eid][3]_i_21_n_0
                         LUT6 (Prop_LUT6_I4_O)        0.051     2.974 f  i_scheduler_core/hot_count_q[1]_i_25/O
                         net (fo=9, unplaced)         0.176     3.150    i_scheduler_core/hot_count_q[1]_i_25_n_0
                         LUT6 (Prop_LUT6_I5_O)        0.051     3.201 r  i_scheduler_core/cold_q[4][eid][5]_i_18/O
                         net (fo=50, unplaced)        0.198     3.399    i_scheduler_core/cold_q[4][eid][5]_i_18_n_0
                         LUT6 (Prop_LUT6_I0_O)        0.074     3.473 f  i_scheduler_core/cold_q[2][eid][5]_i_36/O
                         net (fo=8, unplaced)         0.238     3.711    i_scheduler_core/cold_q[2][eid][5]_i_36_n_0
                         LUT6 (Prop_LUT6_I2_O)        0.088     3.799 f  i_scheduler_core/cold_q[2][eid][5]_i_28/O
                         net (fo=28, unplaced)        0.202     4.001    i_scheduler_core/cold_q[2][eid][5]_i_28_n_0
                         LUT4 (Prop_LUT4_I3_O)        0.051     4.052 r  i_scheduler_core/hot_count_q[1]_i_17/O
                         net (fo=26, unplaced)        0.200     4.252    i_scheduler_core/hot_count_q[1]_i_17_n_0
                         LUT6 (Prop_LUT6_I4_O)        0.051     4.303 r  i_scheduler_core/hot_count_q[1]_i_7/O
                         net (fo=4, unplaced)         0.222     4.525    i_scheduler_core/hot_count_q[1]_i_7_n_0
                         LUT6 (Prop_LUT6_I1_O)        0.088     4.613 r  i_scheduler_core/cold_q[1][eid][5]_i_16/O
                         net (fo=45, unplaced)        0.277     4.890    i_scheduler_core/cold_q[1][eid][5]_i_16_n_0
                         LUT6 (Prop_LUT6_I2_O)        0.088     4.978 f  i_scheduler_core/hot_q[4][eid][5]_i_14/O
                         net (fo=17, unplaced)        0.255     5.233    i_scheduler_core/hot_q[4][eid][5]_i_14_n_0
                         LUT6 (Prop_LUT6_I2_O)        0.088     5.321 f  i_scheduler_core/hot_q[4][eid][5]_i_5/O
                         net (fo=1, unplaced)         0.210     5.531    i_scheduler_core/hot_q[4][eid][5]_i_5_n_0
                         LUT6 (Prop_LUT6_I2_O)        0.088     5.619 r  i_scheduler_core/hot_q[4][eid][5]_i_1/O
                         net (fo=16, unplaced)        0.247     5.866    i_scheduler_core_n_87
                         FDCE                                         r  hot_q_reg[4][ntok][1]/CE
  -------------------------------------------------------------------    -------------------

                         (clock scheduler_clk rise edge)
                                                      5.000     5.000 r  
                                                      0.000     5.000 r  clk_i (IN)
                         net (fo=1978, unset)         0.080     5.080    clk_i
                         FDCE                                         r  hot_q_reg[4][ntok][1]/C
                         clock pessimism              0.000     5.080    
                         clock uncertainty           -0.300     4.780    
                         FDCE (Setup_FDCE_C_CE)      -0.087     4.693    hot_q_reg[4][ntok][1]
  -------------------------------------------------------------------
                         required time                          4.693    
                         arrival time                          -5.866    
  -------------------------------------------------------------------
                         slack                                 -1.173    

Slack (VIOLATED) :        -1.173ns  (required time - arrival time)
  Source:                 refill_top_remaining_q_reg[2]/C
                            (rising edge-triggered cell FDCE clocked by scheduler_clk  {rise@0.000ns fall@2.500ns period=5.000ns})
  Destination:            hot_q_reg[4][ntok][2]/CE
                            (rising edge-triggered cell FDCE clocked by scheduler_clk  {rise@0.000ns fall@2.500ns period=5.000ns})
  Path Group:             scheduler_clk
  Path Type:              Setup (Max at Slow Process Corner)
  Requirement:            5.000ns  (scheduler_clk rise@5.000ns - scheduler_clk rise@0.000ns)
  Data Path Delay:        5.746ns  (logic 1.461ns (25.426%)  route 4.285ns (74.574%))
  Logic Levels:           18  (LUT4=2 LUT6=16)
  Clock Path Skew:        -0.040ns (DCD - SCD + CPR)
    Destination Clock Delay (DCD):    0.080ns = ( 5.080 - 5.000 ) 
    Source Clock Delay      (SCD):    0.120ns
    Clock Pessimism Removal (CPR):    0.000ns
  Clock Uncertainty:      0.300ns  (CJ)/2 + PE + PJ
    Clock Jitter             (CJ):    0.600ns
    Phase Error              (PE):    0.000ns
    Phase Jitter             (PJ):    0.000ns

    Location             Delay type                Incr(ns)  Path(ns)    Netlist Resource(s)
  -------------------------------------------------------------------    -------------------
                         (clock scheduler_clk rise edge)
                                                      0.000     0.000 r  
                                                      0.000     0.000 r  clk_i (IN)
                         net (fo=1978, unset)         0.120     0.120    clk_i
                         FDCE                                         r  refill_top_remaining_q_reg[2]/C
  -------------------------------------------------------------------    -------------------
                         FDCE (Prop_FDCE_C_Q)         0.090     0.210 f  refill_top_remaining_q_reg[2]/Q
                         net (fo=17, unplaced)        0.298     0.508    i_scheduler_core/reg_rsp_o[rdata][4][2]
                         LUT6 (Prop_LUT6_I1_O)        0.088     0.596 f  i_scheduler_core/cold_count_q[0]_i_13/O
                         net (fo=23, unplaced)        0.262     0.858    i_scheduler_core/cold_q[1][eid][5]_i_27/I2
                         LUT6 (Prop_LUT6_I2_O)        0.088     0.946 r  i_scheduler_core/cold_q[1][eid][5]_i_27/LUT6/O
                         net (fo=3, unplaced)         0.216     1.162    i_scheduler_core/cold_q[1][eid][5]_i_27_n_1
                         LUT6 (Prop_LUT6_I1_O)        0.088     1.250 r  i_scheduler_core/hot_count_q[1]_i_23/O
                         net (fo=7, unplaced)         0.235     1.485    i_scheduler_core/hot_count_q[1]_i_23_n_0
                         LUT6 (Prop_LUT6_I1_O)        0.088     1.573 r  i_scheduler_core/hot_q[3][eid][3]_i_41/O
                         net (fo=4, unplaced)         0.157     1.730    i_scheduler_core/hot_q[3][eid][3]_i_41_n_0
                         LUT6 (Prop_LUT6_I4_O)        0.051     1.781 f  i_scheduler_core/hot_q[8][eid][5]_i_42/O
                         net (fo=11, unplaced)        0.245     2.026    i_scheduler_core/hot_q[8][eid][5]_i_42_n_0
                         LUT6 (Prop_LUT6_I1_O)        0.088     2.114 r  i_scheduler_core/cold_q[4][eid][5]_i_26/O
                         net (fo=59, unplaced)        0.201     2.315    i_scheduler_core/cold_q[4][eid][5]_i_26_n_0
                         LUT4 (Prop_LUT4_I0_O)        0.074     2.389 r  i_scheduler_core/hot_q[3][eid][3]_i_22/O
                         net (fo=32, unplaced)        0.270     2.659    i_scheduler_core/hot_q[3][eid][3]_i_22_n_0
                         LUT6 (Prop_LUT6_I2_O)        0.088     2.747 f  i_scheduler_core/hot_q[3][eid][3]_i_21/O
                         net (fo=9, unplaced)         0.176     2.923    i_scheduler_core/hot_q[3][eid][3]_i_21_n_0
                         LUT6 (Prop_LUT6_I4_O)        0.051     2.974 f  i_scheduler_core/hot_count_q[1]_i_25/O
                         net (fo=9, unplaced)         0.176     3.150    i_scheduler_core/hot_count_q[1]_i_25_n_0
                         LUT6 (Prop_LUT6_I5_O)        0.051     3.201 r  i_scheduler_core/cold_q[4][eid][5]_i_18/O
                         net (fo=50, unplaced)        0.198     3.399    i_scheduler_core/cold_q[4][eid][5]_i_18_n_0
                         LUT6 (Prop_LUT6_I0_O)        0.074     3.473 f  i_scheduler_core/cold_q[2][eid][5]_i_36/O
                         net (fo=8, unplaced)         0.238     3.711    i_scheduler_core/cold_q[2][eid][5]_i_36_n_0
                         LUT6 (Prop_LUT6_I2_O)        0.088     3.799 f  i_scheduler_core/cold_q[2][eid][5]_i_28/O
                         net (fo=28, unplaced)        0.202     4.001    i_scheduler_core/cold_q[2][eid][5]_i_28_n_0
                         LUT4 (Prop_LUT4_I3_O)        0.051     4.052 r  i_scheduler_core/hot_count_q[1]_i_17/O
                         net (fo=26, unplaced)        0.200     4.252    i_scheduler_core/hot_count_q[1]_i_17_n_0
                         LUT6 (Prop_LUT6_I4_O)        0.051     4.303 r  i_scheduler_core/hot_count_q[1]_i_7/O
                         net (fo=4, unplaced)         0.222     4.525    i_scheduler_core/hot_count_q[1]_i_7_n_0
                         LUT6 (Prop_LUT6_I1_O)        0.088     4.613 r  i_scheduler_core/cold_q[1][eid][5]_i_16/O
                         net (fo=45, unplaced)        0.277     4.890    i_scheduler_core/cold_q[1][eid][5]_i_16_n_0
                         LUT6 (Prop_LUT6_I2_O)        0.088     4.978 f  i_scheduler_core/hot_q[4][eid][5]_i_14/O
                         net (fo=17, unplaced)        0.255     5.233    i_scheduler_core/hot_q[4][eid][5]_i_14_n_0
                         LUT6 (Prop_LUT6_I2_O)        0.088     5.321 f  i_scheduler_core/hot_q[4][eid][5]_i_5/O
                         net (fo=1, unplaced)         0.210     5.531    i_scheduler_core/hot_q[4][eid][5]_i_5_n_0
                         LUT6 (Prop_LUT6_I2_O)        0.088     5.619 r  i_scheduler_core/hot_q[4][eid][5]_i_1/O
                         net (fo=16, unplaced)        0.247     5.866    i_scheduler_core_n_87
                         FDCE                                         r  hot_q_reg[4][ntok][2]/CE
  -------------------------------------------------------------------    -------------------

                         (clock scheduler_clk rise edge)
                                                      5.000     5.000 r  
                                                      0.000     5.000 r  clk_i (IN)
                         net (fo=1978, unset)         0.080     5.080    clk_i
                         FDCE                                         r  hot_q_reg[4][ntok][2]/C
                         clock pessimism              0.000     5.080    
                         clock uncertainty           -0.300     4.780    
                         FDCE (Setup_FDCE_C_CE)      -0.087     4.693    hot_q_reg[4][ntok][2]
  -------------------------------------------------------------------
                         required time                          4.693    
                         arrival time                          -5.866    
  -------------------------------------------------------------------
                         slack                                 -1.173    

Slack (VIOLATED) :        -1.173ns  (required time - arrival time)
  Source:                 refill_top_remaining_q_reg[2]/C
                            (rising edge-triggered cell FDCE clocked by scheduler_clk  {rise@0.000ns fall@2.500ns period=5.000ns})
  Destination:            hot_q_reg[4][ntok][3]/CE
                            (rising edge-triggered cell FDCE clocked by scheduler_clk  {rise@0.000ns fall@2.500ns period=5.000ns})
  Path Group:             scheduler_clk
  Path Type:              Setup (Max at Slow Process Corner)
  Requirement:            5.000ns  (scheduler_clk rise@5.000ns - scheduler_clk rise@0.000ns)
  Data Path Delay:        5.746ns  (logic 1.461ns (25.426%)  route 4.285ns (74.574%))
  Logic Levels:           18  (LUT4=2 LUT6=16)
  Clock Path Skew:        -0.040ns (DCD - SCD + CPR)
    Destination Clock Delay (DCD):    0.080ns = ( 5.080 - 5.000 ) 
    Source Clock Delay      (SCD):    0.120ns
    Clock Pessimism Removal (CPR):    0.000ns
  Clock Uncertainty:      0.300ns  (CJ)/2 + PE + PJ
    Clock Jitter             (CJ):    0.600ns
    Phase Error              (PE):    0.000ns
    Phase Jitter             (PJ):    0.000ns

    Location             Delay type                Incr(ns)  Path(ns)    Netlist Resource(s)
  -------------------------------------------------------------------    -------------------
                         (clock scheduler_clk rise edge)
                                                      0.000     0.000 r  
                                                      0.000     0.000 r  clk_i (IN)
                         net (fo=1978, unset)         0.120     0.120    clk_i
                         FDCE                                         r  refill_top_remaining_q_reg[2]/C
  -------------------------------------------------------------------    -------------------
                         FDCE (Prop_FDCE_C_Q)         0.090     0.210 f  refill_top_remaining_q_reg[2]/Q
                         net (fo=17, unplaced)        0.298     0.508    i_scheduler_core/reg_rsp_o[rdata][4][2]
                         LUT6 (Prop_LUT6_I1_O)        0.088     0.596 f  i_scheduler_core/cold_count_q[0]_i_13/O
                         net (fo=23, unplaced)        0.262     0.858    i_scheduler_core/cold_q[1][eid][5]_i_27/I2
                         LUT6 (Prop_LUT6_I2_O)        0.088     0.946 r  i_scheduler_core/cold_q[1][eid][5]_i_27/LUT6/O
                         net (fo=3, unplaced)         0.216     1.162    i_scheduler_core/cold_q[1][eid][5]_i_27_n_1
                         LUT6 (Prop_LUT6_I1_O)        0.088     1.250 r  i_scheduler_core/hot_count_q[1]_i_23/O
                         net (fo=7, unplaced)         0.235     1.485    i_scheduler_core/hot_count_q[1]_i_23_n_0
                         LUT6 (Prop_LUT6_I1_O)        0.088     1.573 r  i_scheduler_core/hot_q[3][eid][3]_i_41/O
                         net (fo=4, unplaced)         0.157     1.730    i_scheduler_core/hot_q[3][eid][3]_i_41_n_0
                         LUT6 (Prop_LUT6_I4_O)        0.051     1.781 f  i_scheduler_core/hot_q[8][eid][5]_i_42/O
                         net (fo=11, unplaced)        0.245     2.026    i_scheduler_core/hot_q[8][eid][5]_i_42_n_0
                         LUT6 (Prop_LUT6_I1_O)        0.088     2.114 r  i_scheduler_core/cold_q[4][eid][5]_i_26/O
                         net (fo=59, unplaced)        0.201     2.315    i_scheduler_core/cold_q[4][eid][5]_i_26_n_0
                         LUT4 (Prop_LUT4_I0_O)        0.074     2.389 r  i_scheduler_core/hot_q[3][eid][3]_i_22/O
                         net (fo=32, unplaced)        0.270     2.659    i_scheduler_core/hot_q[3][eid][3]_i_22_n_0
                         LUT6 (Prop_LUT6_I2_O)        0.088     2.747 f  i_scheduler_core/hot_q[3][eid][3]_i_21/O
                         net (fo=9, unplaced)         0.176     2.923    i_scheduler_core/hot_q[3][eid][3]_i_21_n_0
                         LUT6 (Prop_LUT6_I4_O)        0.051     2.974 f  i_scheduler_core/hot_count_q[1]_i_25/O
                         net (fo=9, unplaced)         0.176     3.150    i_scheduler_core/hot_count_q[1]_i_25_n_0
                         LUT6 (Prop_LUT6_I5_O)        0.051     3.201 r  i_scheduler_core/cold_q[4][eid][5]_i_18/O
                         net (fo=50, unplaced)        0.198     3.399    i_scheduler_core/cold_q[4][eid][5]_i_18_n_0
                         LUT6 (Prop_LUT6_I0_O)        0.074     3.473 f  i_scheduler_core/cold_q[2][eid][5]_i_36/O
                         net (fo=8, unplaced)         0.238     3.711    i_scheduler_core/cold_q[2][eid][5]_i_36_n_0
                         LUT6 (Prop_LUT6_I2_O)        0.088     3.799 f  i_scheduler_core/cold_q[2][eid][5]_i_28/O
                         net (fo=28, unplaced)        0.202     4.001    i_scheduler_core/cold_q[2][eid][5]_i_28_n_0
                         LUT4 (Prop_LUT4_I3_O)        0.051     4.052 r  i_scheduler_core/hot_count_q[1]_i_17/O
                         net (fo=26, unplaced)        0.200     4.252    i_scheduler_core/hot_count_q[1]_i_17_n_0
                         LUT6 (Prop_LUT6_I4_O)        0.051     4.303 r  i_scheduler_core/hot_count_q[1]_i_7/O
                         net (fo=4, unplaced)         0.222     4.525    i_scheduler_core/hot_count_q[1]_i_7_n_0
                         LUT6 (Prop_LUT6_I1_O)        0.088     4.613 r  i_scheduler_core/cold_q[1][eid][5]_i_16/O
                         net (fo=45, unplaced)        0.277     4.890    i_scheduler_core/cold_q[1][eid][5]_i_16_n_0
                         LUT6 (Prop_LUT6_I2_O)        0.088     4.978 f  i_scheduler_core/hot_q[4][eid][5]_i_14/O
                         net (fo=17, unplaced)        0.255     5.233    i_scheduler_core/hot_q[4][eid][5]_i_14_n_0
                         LUT6 (Prop_LUT6_I2_O)        0.088     5.321 f  i_scheduler_core/hot_q[4][eid][5]_i_5/O
                         net (fo=1, unplaced)         0.210     5.531    i_scheduler_core/hot_q[4][eid][5]_i_5_n_0
                         LUT6 (Prop_LUT6_I2_O)        0.088     5.619 r  i_scheduler_core/hot_q[4][eid][5]_i_1/O
                         net (fo=16, unplaced)        0.247     5.866    i_scheduler_core_n_87
                         FDCE                                         r  hot_q_reg[4][ntok][3]/CE
  -------------------------------------------------------------------    -------------------

                         (clock scheduler_clk rise edge)
                                                      5.000     5.000 r  
                                                      0.000     5.000 r  clk_i (IN)
                         net (fo=1978, unset)         0.080     5.080    clk_i
                         FDCE                                         r  hot_q_reg[4][ntok][3]/C
                         clock pessimism              0.000     5.080    
                         clock uncertainty           -0.300     4.780    
                         FDCE (Setup_FDCE_C_CE)      -0.087     4.693    hot_q_reg[4][ntok][3]
  -------------------------------------------------------------------
                         required time                          4.693    
                         arrival time                          -5.866    
  -------------------------------------------------------------------
                         slack                                 -1.173    





Pulse Width Checks
--------------------------------------------------------------------------------------
Clock Name:         scheduler_clk
Waveform(ns):       { 0.000 2.500 }
Period(ns):         5.000
Sources:            { clk_i }

Check Type        Corner  Lib Pin  Reference Pin  Required(ns)  Actual(ns)  Slack(ns)  Location  Pin
Min Period        n/a     FDCE/C   n/a            0.550         5.000       4.450                active_count_q_reg[0]/C
Min Period        n/a     FDCE/C   n/a            0.550         5.000       4.450                active_count_q_reg[1]/C
Min Period        n/a     FDCE/C   n/a            0.550         5.000       4.450                active_count_q_reg[2]/C
Min Period        n/a     FDCE/C   n/a            0.550         5.000       4.450                active_count_q_reg[3]/C
Min Period        n/a     FDCE/C   n/a            0.550         5.000       4.450                active_count_q_reg[4]/C
Min Period        n/a     FDCE/C   n/a            0.550         5.000       4.450                active_count_q_reg[5]/C
Min Period        n/a     FDCE/C   n/a            0.550         5.000       4.450                active_count_q_reg[6]/C
Min Period        n/a     FDCE/C   n/a            0.550         5.000       4.450                auto_run_q_reg/C
Min Period        n/a     FDCE/C   n/a            0.550         5.000       4.450                cold_count_q_reg[0]/C
Min Period        n/a     FDCE/C   n/a            0.550         5.000       4.450                cold_count_q_reg[1]/C
Min Period        n/a     FDCE/C   n/a            0.550         5.000       4.450                cold_count_q_reg[2]/C
Min Period        n/a     FDCE/C   n/a            0.550         5.000       4.450                cold_q_reg[0][eid][0]/C
Min Period        n/a     FDCE/C   n/a            0.550         5.000       4.450                cold_q_reg[0][eid][1]/C
Min Period        n/a     FDCE/C   n/a            0.550         5.000       4.450                cold_q_reg[0][eid][2]/C
Min Period        n/a     FDCE/C   n/a            0.550         5.000       4.450                cold_q_reg[0][eid][3]/C
Min Period        n/a     FDCE/C   n/a            0.550         5.000       4.450                cold_q_reg[0][eid][4]/C
Min Period        n/a     FDCE/C   n/a            0.550         5.000       4.450                cold_q_reg[0][eid][5]/C
Min Period        n/a     FDCE/C   n/a            0.550         5.000       4.450                cold_q_reg[0][ntok][0]/C
Min Period        n/a     FDCE/C   n/a            0.550         5.000       4.450                cold_q_reg[0][ntok][1]/C
Min Period        n/a     FDCE/C   n/a            0.550         5.000       4.450                cold_q_reg[0][ntok][2]/C
Low Pulse Width   Slow    FDCE/C   n/a            0.275         2.500       2.225                active_count_q_reg[0]/C
Low Pulse Width   Fast    FDCE/C   n/a            0.275         2.500       2.225                active_count_q_reg[0]/C
Low Pulse Width   Slow    FDCE/C   n/a            0.275         2.500       2.225                active_count_q_reg[1]/C
Low Pulse Width   Fast    FDCE/C   n/a            0.275         2.500       2.225                active_count_q_reg[1]/C
Low Pulse Width   Slow    FDCE/C   n/a            0.275         2.500       2.225                active_count_q_reg[2]/C
Low Pulse Width   Fast    FDCE/C   n/a            0.275         2.500       2.225                active_count_q_reg[2]/C
Low Pulse Width   Slow    FDCE/C   n/a            0.275         2.500       2.225                active_count_q_reg[3]/C
Low Pulse Width   Fast    FDCE/C   n/a            0.275         2.500       2.225                active_count_q_reg[3]/C
Low Pulse Width   Slow    FDCE/C   n/a            0.275         2.500       2.225                active_count_q_reg[4]/C
Low Pulse Width   Fast    FDCE/C   n/a            0.275         2.500       2.225                active_count_q_reg[4]/C
Low Pulse Width   Slow    FDCE/C   n/a            0.275         2.500       2.225                active_count_q_reg[5]/C
Low Pulse Width   Fast    FDCE/C   n/a            0.275         2.500       2.225                active_count_q_reg[5]/C
Low Pulse Width   Slow    FDCE/C   n/a            0.275         2.500       2.225                active_count_q_reg[6]/C
Low Pulse Width   Fast    FDCE/C   n/a            0.275         2.500       2.225                active_count_q_reg[6]/C
Low Pulse Width   Slow    FDCE/C   n/a            0.275         2.500       2.225                auto_run_q_reg/C
Low Pulse Width   Fast    FDCE/C   n/a            0.275         2.500       2.225                auto_run_q_reg/C
Low Pulse Width   Slow    FDCE/C   n/a            0.275         2.500       2.225                cold_count_q_reg[0]/C
Low Pulse Width   Fast    FDCE/C   n/a            0.275         2.500       2.225                cold_count_q_reg[0]/C
Low Pulse Width   Slow    FDCE/C   n/a            0.275         2.500       2.225                cold_count_q_reg[1]/C
Low Pulse Width   Fast    FDCE/C   n/a            0.275         2.500       2.225                cold_count_q_reg[1]/C
High Pulse Width  Slow    FDCE/C   n/a            0.275         2.500       2.225                active_count_q_reg[0]/C
High Pulse Width  Fast    FDCE/C   n/a            0.275         2.500       2.225                active_count_q_reg[0]/C
High Pulse Width  Slow    FDCE/C   n/a            0.275         2.500       2.225                active_count_q_reg[1]/C
High Pulse Width  Fast    FDCE/C   n/a            0.275         2.500       2.225                active_count_q_reg[1]/C
High Pulse Width  Slow    FDCE/C   n/a            0.275         2.500       2.225                active_count_q_reg[2]/C
High Pulse Width  Fast    FDCE/C   n/a            0.275         2.500       2.225                active_count_q_reg[2]/C
High Pulse Width  Slow    FDCE/C   n/a            0.275         2.500       2.225                active_count_q_reg[3]/C
High Pulse Width  Fast    FDCE/C   n/a            0.275         2.500       2.225                active_count_q_reg[3]/C
High Pulse Width  Slow    FDCE/C   n/a            0.275         2.500       2.225                active_count_q_reg[4]/C
High Pulse Width  Fast    FDCE/C   n/a            0.275         2.500       2.225                active_count_q_reg[4]/C
High Pulse Width  Slow    FDCE/C   n/a            0.275         2.500       2.225                active_count_q_reg[5]/C
High Pulse Width  Fast    FDCE/C   n/a            0.275         2.500       2.225                active_count_q_reg[5]/C
High Pulse Width  Slow    FDCE/C   n/a            0.275         2.500       2.225                active_count_q_reg[6]/C
High Pulse Width  Fast    FDCE/C   n/a            0.275         2.500       2.225                active_count_q_reg[6]/C
High Pulse Width  Slow    FDCE/C   n/a            0.275         2.500       2.225                auto_run_q_reg/C
High Pulse Width  Fast    FDCE/C   n/a            0.275         2.500       2.225                auto_run_q_reg/C
High Pulse Width  Slow    FDCE/C   n/a            0.275         2.500       2.225                cold_count_q_reg[0]/C
High Pulse Width  Fast    FDCE/C   n/a            0.275         2.500       2.225                cold_count_q_reg[0]/C
High Pulse Width  Slow    FDCE/C   n/a            0.275         2.500       2.225                cold_count_q_reg[1]/C
High Pulse Width  Fast    FDCE/C   n/a            0.275         2.500       2.225                cold_count_q_reg[1]/C



