Copyright 1986-2022 Xilinx, Inc. All Rights Reserved. Copyright 2022-2025 Advanced Micro Devices, Inc. All Rights Reserved.
--------------------------------------------------------------------------------------------------------------------------------------------------
| Tool Version      : Vivado v.2025.2 (lin64) Build 6299465 Fri Nov 14 12:34:56 MST 2025
| Date              : Tue Aug 18 19:35:57 2026
| Host              : amazone.esat.kuleuven.be running 64-bit Rocky Linux 9.8 (Blue Onyx)
| Command           : report_timing_summary -delay_type max -max_paths 20 -file .gen/ooc_iterE_200mhz/timing_summary.rpt
| Design            : moe_scheduler_reg_wrapper
| Device            : xcvp1802-lsvc4072
| Speed File        : -2MP  PRODUCTION 2.08 2024-04-16
| Design State      : Synthesized
| Temperature Grade : E
--------------------------------------------------------------------------------------------------------------------------------------------------

Timing Summary Report

------------------------------------------------------------------------------------------------
| Timer Settings
| --------------
------------------------------------------------------------------------------------------------

  Enable Multi Corner Analysis               :  Yes
  Enable Pessimism Removal                   :  Yes
  Pessimism Removal Resolution               :  Nearest Common Node
  Enable Input Delay Default Clock           :  No
  Enable Preset / Clear Arcs                 :  No
  Disable Flight Delays                      :  No
  Ignore I/O Paths                           :  No
  Timing Early Launch at Borrowing Latches   :  No
  Borrow Time for Max Delay Exceptions       :  Yes
  Merge Timing Exceptions                    :  Yes
  Inter-SLR Compensation                     :  Conservative

  Corner  Analyze    Analyze    
  Name    Max Paths  Min Paths  
  ------  ---------  ---------  
  Slow    Yes        Yes        
  Fast    Yes        Yes        


------------------------------------------------------------------------------------------------
| Report Methodology
| ------------------
------------------------------------------------------------------------------------------------

No report available as report_methodology has not been run prior. Run report_methodology on the current design for the summary of methodology violations.



check_timing report

Table of Contents
-----------------
1. checking no_clock (0)
2. checking constant_clock (0)
3. checking pulse_width_clock (0)
4. checking unconstrained_internal_endpoints (0)
5. checking no_input_delay (71)
6. checking no_output_delay (64)
7. checking multiple_clock (0)
8. checking generated_clocks (0)
9. checking loops (0)
10. checking partial_input_delay (0)
11. checking partial_output_delay (0)
12. checking latch_loops (0)

1. checking no_clock (0)
------------------------
 There are 0 register/latch pins with no clock.


2. checking constant_clock (0)
------------------------------
 There are 0 register/latch pins with constant_clock.


3. checking pulse_width_clock (0)
---------------------------------
 There are 0 register/latch pins which need pulse_width check


4. checking unconstrained_internal_endpoints (0)
------------------------------------------------
 There are 0 pins that are not constrained for maximum delay.

 There are 0 pins that are not constrained for maximum delay due to constant clock.


5. checking no_input_delay (71)
-------------------------------
 There are 71 input ports with no input delay specified. (HIGH)

 There are 0 input ports with no input delay but user has a false path constraint.


6. checking no_output_delay (64)
--------------------------------
 There are 64 ports with no output delay specified. (HIGH)

 There are 0 ports with no output delay but user has a false path constraint

 There are 0 ports with no output delay but with a timing clock defined on it or propagating through it


7. checking multiple_clock (0)
------------------------------
 There are 0 register/latch pins with multiple clocks.


8. checking generated_clocks (0)
--------------------------------
 There are 0 generated clocks that are not connected to a clock source.


9. checking loops (0)
---------------------
 There are 0 combinational loops in the design.


10. checking partial_input_delay (0)
------------------------------------
 There are 0 input ports with partial input delay specified.


11. checking partial_output_delay (0)
-------------------------------------
 There are 0 ports with partial output delay specified.


12. checking latch_loops (0)
----------------------------
 There are 0 combinational latch loops in the design through latch input



------------------------------------------------------------------------------------------------
| Design Timing Summary
| ---------------------
------------------------------------------------------------------------------------------------

    WNS(ns)      TNS(ns)  TNS Failing Endpoints  TNS Total Endpoints     WPWS(ns)     TPWS(ns)  TPWS Failing Endpoints  TPWS Total Endpoints  
    -------      -------  ---------------------  -------------------     --------     --------  ----------------------  --------------------  
     -1.104      -88.015                    219                 3667        2.225        0.000                       0                  1960  


Timing constraints are not met.


------------------------------------------------------------------------------------------------
| Clock Summary
| -------------
------------------------------------------------------------------------------------------------

Clock          Waveform(ns)         Period(ns)      Frequency(MHz)
-----          ------------         ----------      --------------
scheduler_clk  {0.000 2.500}        5.000           200.000         


------------------------------------------------------------------------------------------------
| Intra Clock Table
| -----------------
------------------------------------------------------------------------------------------------

Clock              WNS(ns)      TNS(ns)  TNS Failing Endpoints  TNS Total Endpoints     WPWS(ns)     TPWS(ns)  TPWS Failing Endpoints  TPWS Total Endpoints  
-----              -------      -------  ---------------------  -------------------     --------     --------  ----------------------  --------------------  
scheduler_clk       -1.104      -88.015                    219                 3667        2.225        0.000                       0                  1960  


------------------------------------------------------------------------------------------------
| Inter Clock Table
| -----------------
------------------------------------------------------------------------------------------------

From Clock    To Clock          WNS(ns)      TNS(ns)  TNS Failing Endpoints  TNS Total Endpoints  
----------    --------          -------      -------  ---------------------  -------------------  


------------------------------------------------------------------------------------------------
| Other Path Groups Table
| -----------------------
------------------------------------------------------------------------------------------------

Path Group    From Clock    To Clock          WNS(ns)      TNS(ns)  TNS Failing Endpoints  TNS Total Endpoints  
----------    ----------    --------          -------      -------  ---------------------  -------------------  


------------------------------------------------------------------------------------------------
| Timing Details
| --------------
------------------------------------------------------------------------------------------------


---------------------------------------------------------------------------------------------------
From Clock:  scheduler_clk
  To Clock:  scheduler_clk

Setup :          219  Failing Endpoints,  Worst Slack       -1.104ns,  Total Violation      -88.015ns
Hold  :           NA  Failing Endpoints,  Worst Slack           NA  ,  Total Violation           NA
PW    :            0  Failing Endpoints,  Worst Slack        2.225ns,  Total Violation        0.000ns
---------------------------------------------------------------------------------------------------


Max Delay Paths
--------------------------------------------------------------------------------------
Slack (VIOLATED) :        -1.104ns  (required time - arrival time)
  Source:                 i_scheduler_core/i_round_engine/FSM_onehot_st_q_reg[4]/C
                            (rising edge-triggered cell FDCE clocked by scheduler_clk  {rise@0.000ns fall@2.500ns period=5.000ns})
  Destination:            i_scheduler_core/i_round_engine/i_bound_score/dma_q_reg[0]_bret__0/D
                            (rising edge-triggered cell FDCE clocked by scheduler_clk  {rise@0.000ns fall@2.500ns period=5.000ns})
  Path Group:             scheduler_clk
  Path Type:              Setup (Max at Slow Process Corner)
  Requirement:            5.000ns  (scheduler_clk rise@5.000ns - scheduler_clk rise@0.000ns)
  Data Path Delay:        5.771ns  (logic 2.225ns (38.555%)  route 3.546ns (61.445%))
  Logic Levels:           25  (LOOKAHEAD8=6 LUT3=1 LUT4=1 LUT5=2 LUT6=9 LUTCY1=1 LUTCY2=5)
  Clock Path Skew:        -0.040ns (DCD - SCD + CPR)
    Destination Clock Delay (DCD):    0.080ns = ( 5.080 - 5.000 ) 
    Source Clock Delay      (SCD):    0.120ns
    Clock Pessimism Removal (CPR):    0.000ns
  Clock Uncertainty:      0.300ns  (CJ)/2 + PE + PJ
    Clock Jitter             (CJ):    0.600ns
    Phase Error              (PE):    0.000ns
    Phase Jitter             (PJ):    0.000ns

    Location             Delay type                Incr(ns)  Path(ns)    Netlist Resource(s)
  -------------------------------------------------------------------    -------------------
                         (clock scheduler_clk rise edge)
                                                      0.000     0.000 r  
                                                      0.000     0.000 r  clk_i (IN)
                         net (fo=1959, unset)         0.120     0.120    i_scheduler_core/i_round_engine/clk_i
                         FDCE                                         r  i_scheduler_core/i_round_engine/FSM_onehot_st_q_reg[4]/C
  -------------------------------------------------------------------    -------------------
                         FDCE (Prop_FDCE_C_Q)         0.090     0.210 f  i_scheduler_core/i_round_engine/FSM_onehot_st_q_reg[4]/Q
                         net (fo=5, unplaced)         0.271     0.481    i_scheduler_core/i_round_engine/i_transition_eval/global_token_q_reg[profile_addr][4][4]
                         LUT6 (Prop_LUT6_I2_O)        0.088     0.569 r  i_scheduler_core/i_round_engine/i_transition_eval/g0_b0_i_6/O
                         net (fo=29, unplaced)        0.185     0.754    i_scheduler_core/i_round_engine/i_transition_eval/FSM_onehot_st_q_reg[0]
                         LUT6 (Prop_LUT6_I0_O)        0.074     0.828 r  i_scheduler_core/i_round_engine/i_transition_eval/g0_b0_i_1/O
                         net (fo=85, unplaced)        0.210     1.038    i_scheduler_core/i_round_engine/i_transition_eval/decode_address[0]
                         LUT5 (Prop_LUT5_I2_O)        0.074     1.112 r  i_scheduler_core/i_round_engine/i_transition_eval/commit_task_q[1][tok_start][7]_i_4/O
                         net (fo=48, unplaced)        0.279     1.391    i_scheduler_core/i_round_engine/i_transition_eval/decoded_profile[selector_a][1]
                         LUT6 (Prop_LUT6_I2_O)        0.088     1.479 f  i_scheduler_core/i_round_engine/i_transition_eval/commit_remove_eid_a_q[0]_i_3/O
                         net (fo=4, unplaced)         0.140     1.619    i_scheduler_core/i_round_engine/i_transition_eval/hot_q_reg[3][eid][0]_0
                         LUT6 (Prop_LUT6_I0_O)        0.074     1.693 r  i_scheduler_core/i_round_engine/i_transition_eval/commit_remove_eid_a_q[0]_i_2/O
                         net (fo=8, unplaced)         0.238     1.931    i_scheduler_core/i_round_engine/i_transition_eval/hot_q_reg[4][eid][0]_0
                         LUT6 (Prop_LUT6_I2_O)        0.088     2.019 f  i_scheduler_core/i_round_engine/i_transition_eval/commit_task_q[0][dma_late_both]_i_16/O
                         net (fo=1, unplaced)         0.210     2.229    i_scheduler_core/i_round_engine/i_transition_eval/commit_task_q[0][dma_late_both]_i_16_n_0
                         LUT6 (Prop_LUT6_I2_O)        0.088     2.317 f  i_scheduler_core/i_round_engine/i_transition_eval/commit_task_q[0][dma_late_both]_i_7/O
                         net (fo=7, unplaced)         0.170     2.487    i_scheduler_core/i_round_engine/i_bound_score/dma_q[11]_bret__1_bret__4_i_9
                         LUT6 (Prop_LUT6_I4_O)        0.051     2.538 r  i_scheduler_core/i_round_engine/i_bound_score/dma_q[13]_bret__2_bret__4_i_11/O
                         net (fo=28, unplaced)        0.267     2.805    i_scheduler_core/i_round_engine/i_transition_eval/dma_q[11]_bret__1_bret__4_i_3_0
                         LUT6 (Prop_LUT6_I2_O)        0.088     2.893 f  i_scheduler_core/i_round_engine/i_transition_eval/dma_q[1]_bret__1_i_8/O
                         net (fo=2, unplaced)         0.210     3.103    i_scheduler_core/i_round_engine/i_transition_eval/dma_q[1]_bret__1_i_8_n_0
                         LUT6 (Prop_LUT6_I1_O)        0.088     3.191 r  i_scheduler_core/i_round_engine/i_transition_eval/dma_q[1]_bret__1_i_13/O
                         net (fo=7, unplaced)         0.153     3.344    i_scheduler_core/i_round_engine/i_bound_score/dma_q_reg[13]_bret__2_bret_i_93/I3
                         LUTCY2 (Prop_LUTCY2_I3_GE)
                                                      0.074     3.418 r  i_scheduler_core/i_round_engine/i_bound_score/dma_q_reg[13]_bret__2_bret_i_93/LUTCY2_INST/GE
                         net (fo=1, unplaced)         0.036     3.454    i_scheduler_core/i_round_engine/i_bound_score/dma_q_reg[13]_bret__2_bret_i_93_n_0
                         LOOKAHEAD8 (Prop_LOOKAHEAD8_GEA_COUTH)
                                                      0.242     3.696 r  i_scheduler_core/i_round_engine/i_bound_score/dma_q_reg[13]_bret__2_bret_i_70/COUTH
                         net (fo=3, unplaced)         0.002     3.698    i_scheduler_core/i_round_engine/i_bound_score/dma_q_reg[13]_bret__2_bret_i_70_n_3
                         LOOKAHEAD8 (Prop_LOOKAHEAD8_CIN_COUTD)
                                                      0.042     3.740 r  i_scheduler_core/i_round_engine/i_bound_score/dma_q_reg[13]_bret__2_bret_i_35/COUTD
                         net (fo=2, unplaced)         0.014     3.754    i_scheduler_core/i_round_engine/i_bound_score/dma_q_reg[13]_bret__2_bret_i_16/I4
                         LUTCY2 (Prop_LUTCY2_I4_O)    0.048     3.802 r  i_scheduler_core/i_round_engine/i_bound_score/dma_q_reg[13]_bret__2_bret_i_16/LUTCY2_INST/O
                         net (fo=20, unplaced)        0.194     3.996    i_scheduler_core/i_round_engine/i_transition_eval/next_valid6
                         LUT3 (Prop_LUT3_I1_O)        0.051     4.047 r  i_scheduler_core/i_round_engine/i_transition_eval/dma_q[4]_bret__2_bret_i_3/O
                         net (fo=5, unplaced)         0.228     4.275    i_scheduler_core/i_round_engine/i_bound_score/dma_q_reg[13]_bret__2_bret_i_65/I2
                         LUTCY1 (Prop_LUTCY1_I2_PROP)
                                                      0.079     4.354 r  i_scheduler_core/i_round_engine/i_bound_score/dma_q_reg[13]_bret__2_bret_i_65/LUTCY1_INST/PROP
                         net (fo=1, unplaced)         0.000     4.354    i_scheduler_core/i_round_engine/i_bound_score/dma_q_reg[13]_bret__2_bret_i_65_n_3
                         LOOKAHEAD8 (Prop_LOOKAHEAD8_PROPD_COUTH)
                                                      0.163     4.517 f  i_scheduler_core/i_round_engine/i_bound_score/dma_q_reg[13]_bret__2_bret_i_30/COUTH
                         net (fo=3, unplaced)         0.002     4.519    i_scheduler_core/i_round_engine/i_bound_score/dma_q_reg[13]_bret__2_bret_i_30_n_3
                         LOOKAHEAD8 (Prop_LOOKAHEAD8_CIN_COUTD)
                                                      0.042     4.561 f  i_scheduler_core/i_round_engine/i_bound_score/dma_q_reg[13]_bret__2_bret_i_14/COUTD
                         net (fo=2, unplaced)         0.014     4.575    i_scheduler_core/i_round_engine/i_bound_score/dma_q_reg[13]_bret__2_bret_i_5/I4
                         LUTCY2 (Prop_LUTCY2_I4_O)    0.048     4.623 f  i_scheduler_core/i_round_engine/i_bound_score/dma_q_reg[13]_bret__2_bret_i_5/LUTCY2_INST/O
                         net (fo=16, unplaced)        0.189     4.812    i_scheduler_core/i_round_engine/i_bound_score/next_valid3
                         LUT4 (Prop_LUT4_I3_O)        0.051     4.863 r  i_scheduler_core/i_round_engine/i_bound_score/dma_q[6]_bret__2_bret__3_i_1/O
                         net (fo=32, unplaced)        0.270     5.133    i_scheduler_core/i_round_engine/i_bound_score/dma_q_reg[6]_bret__2_bret__1_i_9/I2
                         LUTCY2 (Prop_LUTCY2_I2_GE)
                                                      0.088     5.221 r  i_scheduler_core/i_round_engine/i_bound_score/dma_q_reg[6]_bret__2_bret__1_i_9/LUTCY2_INST/GE
                         net (fo=1, unplaced)         0.036     5.257    i_scheduler_core/i_round_engine/i_bound_score/dma_q_reg[6]_bret__2_bret__1_i_9_n_0
                         LOOKAHEAD8 (Prop_LOOKAHEAD8_GEA_COUTH)
                                                      0.242     5.499 r  i_scheduler_core/i_round_engine/i_bound_score/dma_q_reg[6]_bret__2_bret__1_i_3/COUTH
                         net (fo=3, unplaced)         0.002     5.501    i_scheduler_core/i_round_engine/i_bound_score/dma_q_reg[6]_bret__2_bret__1_i_3_n_3
                         LOOKAHEAD8 (Prop_LOOKAHEAD8_CIN_COUTD)
                                                      0.042     5.543 r  i_scheduler_core/i_round_engine/i_bound_score/dma_q_reg[6]_bret__2_bret__1_i_2/COUTD
                         net (fo=2, unplaced)         0.014     5.557    i_scheduler_core/i_round_engine/i_bound_score/dma_q_reg[6]_bret__2_bret__1_i_1/I4
                         LUTCY2 (Prop_LUTCY2_I4_O)    0.048     5.605 r  i_scheduler_core/i_round_engine/i_bound_score/dma_q_reg[6]_bret__2_bret__1_i_1/LUTCY2_INST/O
                         net (fo=6, unplaced)         0.150     5.755    i_scheduler_core/i_round_engine/i_bound_score/next_event3
                         LUT5 (Prop_LUT5_I1_O)        0.074     5.829 r  i_scheduler_core/i_round_engine/i_bound_score/dma_q[0]_bret__0_i_1/O
                         net (fo=1, unplaced)         0.062     5.891    i_scheduler_core/i_round_engine/i_bound_score/dma_q[0]_bret__0_i_1_n_0
                         FDCE                                         r  i_scheduler_core/i_round_engine/i_bound_score/dma_q_reg[0]_bret__0/D
  -------------------------------------------------------------------    -------------------

                         (clock scheduler_clk rise edge)
                                                      5.000     5.000 r  
                                                      0.000     5.000 r  clk_i (IN)
                         net (fo=1959, unset)         0.080     5.080    i_scheduler_core/i_round_engine/i_bound_score/clk_i
                         FDCE                                         r  i_scheduler_core/i_round_engine/i_bound_score/dma_q_reg[0]_bret__0/C
                         clock pessimism              0.000     5.080    
                         clock uncertainty           -0.300     4.780    
                         FDCE (Setup_FDCE_C_D)        0.007     4.787    i_scheduler_core/i_round_engine/i_bound_score/dma_q_reg[0]_bret__0
  -------------------------------------------------------------------
                         required time                          4.787    
                         arrival time                          -5.891    
  -------------------------------------------------------------------
                         slack                                 -1.104    

Slack (VIOLATED) :        -1.104ns  (required time - arrival time)
  Source:                 i_scheduler_core/i_round_engine/FSM_onehot_st_q_reg[4]/C
                            (rising edge-triggered cell FDCE clocked by scheduler_clk  {rise@0.000ns fall@2.500ns period=5.000ns})
  Destination:            i_scheduler_core/i_round_engine/i_bound_score/dma_q_reg[1]_bret__1/D
                            (rising edge-triggered cell FDCE clocked by scheduler_clk  {rise@0.000ns fall@2.500ns period=5.000ns})
  Path Group:             scheduler_clk
  Path Type:              Setup (Max at Slow Process Corner)
  Requirement:            5.000ns  (scheduler_clk rise@5.000ns - scheduler_clk rise@0.000ns)
  Data Path Delay:        5.771ns  (logic 2.225ns (38.555%)  route 3.546ns (61.445%))
  Logic Levels:           25  (LOOKAHEAD8=6 LUT3=1 LUT4=1 LUT5=1 LUT6=10 LUTCY1=1 LUTCY2=5)
  Clock Path Skew:        -0.040ns (DCD - SCD + CPR)
    Destination Clock Delay (DCD):    0.080ns = ( 5.080 - 5.000 ) 
    Source Clock Delay      (SCD):    0.120ns
    Clock Pessimism Removal (CPR):    0.000ns
  Clock Uncertainty:      0.300ns  (CJ)/2 + PE + PJ
    Clock Jitter             (CJ):    0.600ns
    Phase Error              (PE):    0.000ns
    Phase Jitter             (PJ):    0.000ns

    Location             Delay type                Incr(ns)  Path(ns)    Netlist Resource(s)
  -------------------------------------------------------------------    -------------------
                         (clock scheduler_clk rise edge)
                                                      0.000     0.000 r  
                                                      0.000     0.000 r  clk_i (IN)
                         net (fo=1959, unset)         0.120     0.120    i_scheduler_core/i_round_engine/clk_i
                         FDCE                                         r  i_scheduler_core/i_round_engine/FSM_onehot_st_q_reg[4]/C
  -------------------------------------------------------------------    -------------------
                         FDCE (Prop_FDCE_C_Q)         0.090     0.210 f  i_scheduler_core/i_round_engine/FSM_onehot_st_q_reg[4]/Q
                         net (fo=5, unplaced)         0.271     0.481    i_scheduler_core/i_round_engine/i_transition_eval/global_token_q_reg[profile_addr][4][4]
                         LUT6 (Prop_LUT6_I2_O)        0.088     0.569 r  i_scheduler_core/i_round_engine/i_transition_eval/g0_b0_i_6/O
                         net (fo=29, unplaced)        0.185     0.754    i_scheduler_core/i_round_engine/i_transition_eval/FSM_onehot_st_q_reg[0]
                         LUT6 (Prop_LUT6_I0_O)        0.074     0.828 r  i_scheduler_core/i_round_engine/i_transition_eval/g0_b0_i_1/O
                         net (fo=85, unplaced)        0.210     1.038    i_scheduler_core/i_round_engine/i_transition_eval/decode_address[0]
                         LUT5 (Prop_LUT5_I2_O)        0.074     1.112 r  i_scheduler_core/i_round_engine/i_transition_eval/commit_task_q[1][tok_start][7]_i_4/O
                         net (fo=48, unplaced)        0.279     1.391    i_scheduler_core/i_round_engine/i_transition_eval/decoded_profile[selector_a][1]
                         LUT6 (Prop_LUT6_I2_O)        0.088     1.479 f  i_scheduler_core/i_round_engine/i_transition_eval/commit_remove_eid_a_q[0]_i_3/O
                         net (fo=4, unplaced)         0.140     1.619    i_scheduler_core/i_round_engine/i_transition_eval/hot_q_reg[3][eid][0]_0
                         LUT6 (Prop_LUT6_I0_O)        0.074     1.693 r  i_scheduler_core/i_round_engine/i_transition_eval/commit_remove_eid_a_q[0]_i_2/O
                         net (fo=8, unplaced)         0.238     1.931    i_scheduler_core/i_round_engine/i_transition_eval/hot_q_reg[4][eid][0]_0
                         LUT6 (Prop_LUT6_I2_O)        0.088     2.019 f  i_scheduler_core/i_round_engine/i_transition_eval/commit_task_q[0][dma_late_both]_i_16/O
                         net (fo=1, unplaced)         0.210     2.229    i_scheduler_core/i_round_engine/i_transition_eval/commit_task_q[0][dma_late_both]_i_16_n_0
                         LUT6 (Prop_LUT6_I2_O)        0.088     2.317 f  i_scheduler_core/i_round_engine/i_transition_eval/commit_task_q[0][dma_late_both]_i_7/O
                         net (fo=7, unplaced)         0.170     2.487    i_scheduler_core/i_round_engine/i_bound_score/dma_q[11]_bret__1_bret__4_i_9
                         LUT6 (Prop_LUT6_I4_O)        0.051     2.538 r  i_scheduler_core/i_round_engine/i_bound_score/dma_q[13]_bret__2_bret__4_i_11/O
                         net (fo=28, unplaced)        0.267     2.805    i_scheduler_core/i_round_engine/i_transition_eval/dma_q[11]_bret__1_bret__4_i_3_0
                         LUT6 (Prop_LUT6_I2_O)        0.088     2.893 f  i_scheduler_core/i_round_engine/i_transition_eval/dma_q[1]_bret__1_i_8/O
                         net (fo=2, unplaced)         0.210     3.103    i_scheduler_core/i_round_engine/i_transition_eval/dma_q[1]_bret__1_i_8_n_0
                         LUT6 (Prop_LUT6_I1_O)        0.088     3.191 r  i_scheduler_core/i_round_engine/i_transition_eval/dma_q[1]_bret__1_i_13/O
                         net (fo=7, unplaced)         0.153     3.344    i_scheduler_core/i_round_engine/i_bound_score/dma_q_reg[13]_bret__2_bret_i_93/I3
                         LUTCY2 (Prop_LUTCY2_I3_GE)
                                                      0.074     3.418 r  i_scheduler_core/i_round_engine/i_bound_score/dma_q_reg[13]_bret__2_bret_i_93/LUTCY2_INST/GE
                         net (fo=1, unplaced)         0.036     3.454    i_scheduler_core/i_round_engine/i_bound_score/dma_q_reg[13]_bret__2_bret_i_93_n_0
                         LOOKAHEAD8 (Prop_LOOKAHEAD8_GEA_COUTH)
                                                      0.242     3.696 r  i_scheduler_core/i_round_engine/i_bound_score/dma_q_reg[13]_bret__2_bret_i_70/COUTH
                         net (fo=3, unplaced)         0.002     3.698    i_scheduler_core/i_round_engine/i_bound_score/dma_q_reg[13]_bret__2_bret_i_70_n_3
                         LOOKAHEAD8 (Prop_LOOKAHEAD8_CIN_COUTD)
                                                      0.042     3.740 r  i_scheduler_core/i_round_engine/i_bound_score/dma_q_reg[13]_bret__2_bret_i_35/COUTD
                         net (fo=2, unplaced)         0.014     3.754    i_scheduler_core/i_round_engine/i_bound_score/dma_q_reg[13]_bret__2_bret_i_16/I4
                         LUTCY2 (Prop_LUTCY2_I4_O)    0.048     3.802 r  i_scheduler_core/i_round_engine/i_bound_score/dma_q_reg[13]_bret__2_bret_i_16/LUTCY2_INST/O
                         net (fo=20, unplaced)        0.194     3.996    i_scheduler_core/i_round_engine/i_transition_eval/next_valid6
                         LUT3 (Prop_LUT3_I1_O)        0.051     4.047 r  i_scheduler_core/i_round_engine/i_transition_eval/dma_q[4]_bret__2_bret_i_3/O
                         net (fo=5, unplaced)         0.228     4.275    i_scheduler_core/i_round_engine/i_bound_score/dma_q_reg[13]_bret__2_bret_i_65/I2
                         LUTCY1 (Prop_LUTCY1_I2_PROP)
                                                      0.079     4.354 r  i_scheduler_core/i_round_engine/i_bound_score/dma_q_reg[13]_bret__2_bret_i_65/LUTCY1_INST/PROP
                         net (fo=1, unplaced)         0.000     4.354    i_scheduler_core/i_round_engine/i_bound_score/dma_q_reg[13]_bret__2_bret_i_65_n_3
                         LOOKAHEAD8 (Prop_LOOKAHEAD8_PROPD_COUTH)
                                                      0.163     4.517 f  i_scheduler_core/i_round_engine/i_bound_score/dma_q_reg[13]_bret__2_bret_i_30/COUTH
                         net (fo=3, unplaced)         0.002     4.519    i_scheduler_core/i_round_engine/i_bound_score/dma_q_reg[13]_bret__2_bret_i_30_n_3
                         LOOKAHEAD8 (Prop_LOOKAHEAD8_CIN_COUTD)
                                                      0.042     4.561 f  i_scheduler_core/i_round_engine/i_bound_score/dma_q_reg[13]_bret__2_bret_i_14/COUTD
                         net (fo=2, unplaced)         0.014     4.575    i_scheduler_core/i_round_engine/i_bound_score/dma_q_reg[13]_bret__2_bret_i_5/I4
                         LUTCY2 (Prop_LUTCY2_I4_O)    0.048     4.623 f  i_scheduler_core/i_round_engine/i_bound_score/dma_q_reg[13]_bret__2_bret_i_5/LUTCY2_INST/O
                         net (fo=16, unplaced)        0.189     4.812    i_scheduler_core/i_round_engine/i_bound_score/next_valid3
                         LUT4 (Prop_LUT4_I3_O)        0.051     4.863 r  i_scheduler_core/i_round_engine/i_bound_score/dma_q[6]_bret__2_bret__3_i_1/O
                         net (fo=32, unplaced)        0.270     5.133    i_scheduler_core/i_round_engine/i_bound_score/dma_q_reg[6]_bret__2_bret__1_i_9/I2
                         LUTCY2 (Prop_LUTCY2_I2_GE)
                                                      0.088     5.221 r  i_scheduler_core/i_round_engine/i_bound_score/dma_q_reg[6]_bret__2_bret__1_i_9/LUTCY2_INST/GE
                         net (fo=1, unplaced)         0.036     5.257    i_scheduler_core/i_round_engine/i_bound_score/dma_q_reg[6]_bret__2_bret__1_i_9_n_0
                         LOOKAHEAD8 (Prop_LOOKAHEAD8_GEA_COUTH)
                                                      0.242     5.499 r  i_scheduler_core/i_round_engine/i_bound_score/dma_q_reg[6]_bret__2_bret__1_i_3/COUTH
                         net (fo=3, unplaced)         0.002     5.501    i_scheduler_core/i_round_engine/i_bound_score/dma_q_reg[6]_bret__2_bret__1_i_3_n_3
                         LOOKAHEAD8 (Prop_LOOKAHEAD8_CIN_COUTD)
                                                      0.042     5.543 r  i_scheduler_core/i_round_engine/i_bound_score/dma_q_reg[6]_bret__2_bret__1_i_2/COUTD
                         net (fo=2, unplaced)         0.014     5.557    i_scheduler_core/i_round_engine/i_bound_score/dma_q_reg[6]_bret__2_bret__1_i_1/I4
                         LUTCY2 (Prop_LUTCY2_I4_O)    0.048     5.605 r  i_scheduler_core/i_round_engine/i_bound_score/dma_q_reg[6]_bret__2_bret__1_i_1/LUTCY2_INST/O
                         net (fo=6, unplaced)         0.150     5.755    i_scheduler_core/i_round_engine/i_transition_eval/next_event3
                         LUT6 (Prop_LUT6_I3_O)        0.074     5.829 r  i_scheduler_core/i_round_engine/i_transition_eval/dma_q[1]_bret__1_i_1/O
                         net (fo=1, unplaced)         0.062     5.891    i_scheduler_core/i_round_engine/i_bound_score/dma_q_reg[1]_bret__1_0
                         FDCE                                         r  i_scheduler_core/i_round_engine/i_bound_score/dma_q_reg[1]_bret__1/D
  -------------------------------------------------------------------    -------------------

                         (clock scheduler_clk rise edge)
                                                      5.000     5.000 r  
                                                      0.000     5.000 r  clk_i (IN)
                         net (fo=1959, unset)         0.080     5.080    i_scheduler_core/i_round_engine/i_bound_score/clk_i
                         FDCE                                         r  i_scheduler_core/i_round_engine/i_bound_score/dma_q_reg[1]_bret__1/C
                         clock pessimism              0.000     5.080    
                         clock uncertainty           -0.300     4.780    
                         FDCE (Setup_FDCE_C_D)        0.007     4.787    i_scheduler_core/i_round_engine/i_bound_score/dma_q_reg[1]_bret__1
  -------------------------------------------------------------------
                         required time                          4.787    
                         arrival time                          -5.891    
  -------------------------------------------------------------------
                         slack                                 -1.104    

Slack (VIOLATED) :        -1.104ns  (required time - arrival time)
  Source:                 i_scheduler_core/i_round_engine/FSM_onehot_st_q_reg[4]/C
                            (rising edge-triggered cell FDCE clocked by scheduler_clk  {rise@0.000ns fall@2.500ns period=5.000ns})
  Destination:            i_scheduler_core/i_round_engine/i_bound_score/dma_q_reg[2]_bret__1/D
                            (rising edge-triggered cell FDCE clocked by scheduler_clk  {rise@0.000ns fall@2.500ns period=5.000ns})
  Path Group:             scheduler_clk
  Path Type:              Setup (Max at Slow Process Corner)
  Requirement:            5.000ns  (scheduler_clk rise@5.000ns - scheduler_clk rise@0.000ns)
  Data Path Delay:        5.771ns  (logic 2.225ns (38.555%)  route 3.546ns (61.445%))
  Logic Levels:           25  (LOOKAHEAD8=6 LUT3=1 LUT4=1 LUT5=1 LUT6=10 LUTCY1=1 LUTCY2=5)
  Clock Path Skew:        -0.040ns (DCD - SCD + CPR)
    Destination Clock Delay (DCD):    0.080ns = ( 5.080 - 5.000 ) 
    Source Clock Delay      (SCD):    0.120ns
    Clock Pessimism Removal (CPR):    0.000ns
  Clock Uncertainty:      0.300ns  (CJ)/2 + PE + PJ
    Clock Jitter             (CJ):    0.600ns
    Phase Error              (PE):    0.000ns
    Phase Jitter             (PJ):    0.000ns

    Location             Delay type                Incr(ns)  Path(ns)    Netlist Resource(s)
  -------------------------------------------------------------------    -------------------
                         (clock scheduler_clk rise edge)
                                                      0.000     0.000 r  
                                                      0.000     0.000 r  clk_i (IN)
                         net (fo=1959, unset)         0.120     0.120    i_scheduler_core/i_round_engine/clk_i
                         FDCE                                         r  i_scheduler_core/i_round_engine/FSM_onehot_st_q_reg[4]/C
  -------------------------------------------------------------------    -------------------
                         FDCE (Prop_FDCE_C_Q)         0.090     0.210 f  i_scheduler_core/i_round_engine/FSM_onehot_st_q_reg[4]/Q
                         net (fo=5, unplaced)         0.271     0.481    i_scheduler_core/i_round_engine/i_transition_eval/global_token_q_reg[profile_addr][4][4]
                         LUT6 (Prop_LUT6_I2_O)        0.088     0.569 r  i_scheduler_core/i_round_engine/i_transition_eval/g0_b0_i_6/O
                         net (fo=29, unplaced)        0.185     0.754    i_scheduler_core/i_round_engine/i_transition_eval/FSM_onehot_st_q_reg[0]
                         LUT6 (Prop_LUT6_I0_O)        0.074     0.828 r  i_scheduler_core/i_round_engine/i_transition_eval/g0_b0_i_1/O
                         net (fo=85, unplaced)        0.210     1.038    i_scheduler_core/i_round_engine/i_transition_eval/decode_address[0]
                         LUT5 (Prop_LUT5_I2_O)        0.074     1.112 r  i_scheduler_core/i_round_engine/i_transition_eval/commit_task_q[1][tok_start][7]_i_4/O
                         net (fo=48, unplaced)        0.279     1.391    i_scheduler_core/i_round_engine/i_transition_eval/decoded_profile[selector_a][1]
                         LUT6 (Prop_LUT6_I2_O)        0.088     1.479 f  i_scheduler_core/i_round_engine/i_transition_eval/commit_remove_eid_a_q[0]_i_3/O
                         net (fo=4, unplaced)         0.140     1.619    i_scheduler_core/i_round_engine/i_transition_eval/hot_q_reg[3][eid][0]_0
                         LUT6 (Prop_LUT6_I0_O)        0.074     1.693 r  i_scheduler_core/i_round_engine/i_transition_eval/commit_remove_eid_a_q[0]_i_2/O
                         net (fo=8, unplaced)         0.238     1.931    i_scheduler_core/i_round_engine/i_transition_eval/hot_q_reg[4][eid][0]_0
                         LUT6 (Prop_LUT6_I2_O)        0.088     2.019 f  i_scheduler_core/i_round_engine/i_transition_eval/commit_task_q[0][dma_late_both]_i_16/O
                         net (fo=1, unplaced)         0.210     2.229    i_scheduler_core/i_round_engine/i_transition_eval/commit_task_q[0][dma_late_both]_i_16_n_0
                         LUT6 (Prop_LUT6_I2_O)        0.088     2.317 f  i_scheduler_core/i_round_engine/i_transition_eval/commit_task_q[0][dma_late_both]_i_7/O
                         net (fo=7, unplaced)         0.170     2.487    i_scheduler_core/i_round_engine/i_bound_score/dma_q[11]_bret__1_bret__4_i_9
                         LUT6 (Prop_LUT6_I4_O)        0.051     2.538 r  i_scheduler_core/i_round_engine/i_bound_score/dma_q[13]_bret__2_bret__4_i_11/O
                         net (fo=28, unplaced)        0.267     2.805    i_scheduler_core/i_round_engine/i_transition_eval/dma_q[11]_bret__1_bret__4_i_3_0
                         LUT6 (Prop_LUT6_I2_O)        0.088     2.893 f  i_scheduler_core/i_round_engine/i_transition_eval/dma_q[1]_bret__1_i_8/O
                         net (fo=2, unplaced)         0.210     3.103    i_scheduler_core/i_round_engine/i_transition_eval/dma_q[1]_bret__1_i_8_n_0
                         LUT6 (Prop_LUT6_I1_O)        0.088     3.191 r  i_scheduler_core/i_round_engine/i_transition_eval/dma_q[1]_bret__1_i_13/O
                         net (fo=7, unplaced)         0.153     3.344    i_scheduler_core/i_round_engine/i_bound_score/dma_q_reg[13]_bret__2_bret_i_93/I3
                         LUTCY2 (Prop_LUTCY2_I3_GE)
                                                      0.074     3.418 r  i_scheduler_core/i_round_engine/i_bound_score/dma_q_reg[13]_bret__2_bret_i_93/LUTCY2_INST/GE
                         net (fo=1, unplaced)         0.036     3.454    i_scheduler_core/i_round_engine/i_bound_score/dma_q_reg[13]_bret__2_bret_i_93_n_0
                         LOOKAHEAD8 (Prop_LOOKAHEAD8_GEA_COUTH)
                                                      0.242     3.696 r  i_scheduler_core/i_round_engine/i_bound_score/dma_q_reg[13]_bret__2_bret_i_70/COUTH
                         net (fo=3, unplaced)         0.002     3.698    i_scheduler_core/i_round_engine/i_bound_score/dma_q_reg[13]_bret__2_bret_i_70_n_3
                         LOOKAHEAD8 (Prop_LOOKAHEAD8_CIN_COUTD)
                                                      0.042     3.740 r  i_scheduler_core/i_round_engine/i_bound_score/dma_q_reg[13]_bret__2_bret_i_35/COUTD
                         net (fo=2, unplaced)         0.014     3.754    i_scheduler_core/i_round_engine/i_bound_score/dma_q_reg[13]_bret__2_bret_i_16/I4
                         LUTCY2 (Prop_LUTCY2_I4_O)    0.048     3.802 r  i_scheduler_core/i_round_engine/i_bound_score/dma_q_reg[13]_bret__2_bret_i_16/LUTCY2_INST/O
                         net (fo=20, unplaced)        0.194     3.996    i_scheduler_core/i_round_engine/i_transition_eval/next_valid6
                         LUT3 (Prop_LUT3_I1_O)        0.051     4.047 r  i_scheduler_core/i_round_engine/i_transition_eval/dma_q[4]_bret__2_bret_i_3/O
                         net (fo=5, unplaced)         0.228     4.275    i_scheduler_core/i_round_engine/i_bound_score/dma_q_reg[13]_bret__2_bret_i_65/I2
                         LUTCY1 (Prop_LUTCY1_I2_PROP)
                                                      0.079     4.354 r  i_scheduler_core/i_round_engine/i_bound_score/dma_q_reg[13]_bret__2_bret_i_65/LUTCY1_INST/PROP
                         net (fo=1, unplaced)         0.000     4.354    i_scheduler_core/i_round_engine/i_bound_score/dma_q_reg[13]_bret__2_bret_i_65_n_3
                         LOOKAHEAD8 (Prop_LOOKAHEAD8_PROPD_COUTH)
                                                      0.163     4.517 f  i_scheduler_core/i_round_engine/i_bound_score/dma_q_reg[13]_bret__2_bret_i_30/COUTH
                         net (fo=3, unplaced)         0.002     4.519    i_scheduler_core/i_round_engine/i_bound_score/dma_q_reg[13]_bret__2_bret_i_30_n_3
                         LOOKAHEAD8 (Prop_LOOKAHEAD8_CIN_COUTD)
                                                      0.042     4.561 f  i_scheduler_core/i_round_engine/i_bound_score/dma_q_reg[13]_bret__2_bret_i_14/COUTD
                         net (fo=2, unplaced)         0.014     4.575    i_scheduler_core/i_round_engine/i_bound_score/dma_q_reg[13]_bret__2_bret_i_5/I4
                         LUTCY2 (Prop_LUTCY2_I4_O)    0.048     4.623 f  i_scheduler_core/i_round_engine/i_bound_score/dma_q_reg[13]_bret__2_bret_i_5/LUTCY2_INST/O
                         net (fo=16, unplaced)        0.189     4.812    i_scheduler_core/i_round_engine/i_bound_score/next_valid3
                         LUT4 (Prop_LUT4_I3_O)        0.051     4.863 r  i_scheduler_core/i_round_engine/i_bound_score/dma_q[6]_bret__2_bret__3_i_1/O
                         net (fo=32, unplaced)        0.270     5.133    i_scheduler_core/i_round_engine/i_bound_score/dma_q_reg[6]_bret__2_bret__1_i_9/I2
                         LUTCY2 (Prop_LUTCY2_I2_GE)
                                                      0.088     5.221 r  i_scheduler_core/i_round_engine/i_bound_score/dma_q_reg[6]_bret__2_bret__1_i_9/LUTCY2_INST/GE
                         net (fo=1, unplaced)         0.036     5.257    i_scheduler_core/i_round_engine/i_bound_score/dma_q_reg[6]_bret__2_bret__1_i_9_n_0
                         LOOKAHEAD8 (Prop_LOOKAHEAD8_GEA_COUTH)
                                                      0.242     5.499 r  i_scheduler_core/i_round_engine/i_bound_score/dma_q_reg[6]_bret__2_bret__1_i_3/COUTH
                         net (fo=3, unplaced)         0.002     5.501    i_scheduler_core/i_round_engine/i_bound_score/dma_q_reg[6]_bret__2_bret__1_i_3_n_3
                         LOOKAHEAD8 (Prop_LOOKAHEAD8_CIN_COUTD)
                                                      0.042     5.543 r  i_scheduler_core/i_round_engine/i_bound_score/dma_q_reg[6]_bret__2_bret__1_i_2/COUTD
                         net (fo=2, unplaced)         0.014     5.557    i_scheduler_core/i_round_engine/i_bound_score/dma_q_reg[6]_bret__2_bret__1_i_1/I4
                         LUTCY2 (Prop_LUTCY2_I4_O)    0.048     5.605 r  i_scheduler_core/i_round_engine/i_bound_score/dma_q_reg[6]_bret__2_bret__1_i_1/LUTCY2_INST/O
                         net (fo=6, unplaced)         0.150     5.755    i_scheduler_core/i_round_engine/i_bound_score/next_event3
                         LUT6 (Prop_LUT6_I3_O)        0.074     5.829 r  i_scheduler_core/i_round_engine/i_bound_score/dma_q[2]_bret__1_i_1/O
                         net (fo=1, unplaced)         0.062     5.891    i_scheduler_core/i_round_engine/i_bound_score/dma_q[2]_bret__1_i_1_n_0
                         FDCE                                         r  i_scheduler_core/i_round_engine/i_bound_score/dma_q_reg[2]_bret__1/D
  -------------------------------------------------------------------    -------------------

                         (clock scheduler_clk rise edge)
                                                      5.000     5.000 r  
                                                      0.000     5.000 r  clk_i (IN)
                         net (fo=1959, unset)         0.080     5.080    i_scheduler_core/i_round_engine/i_bound_score/clk_i
                         FDCE                                         r  i_scheduler_core/i_round_engine/i_bound_score/dma_q_reg[2]_bret__1/C
                         clock pessimism              0.000     5.080    
                         clock uncertainty           -0.300     4.780    
                         FDCE (Setup_FDCE_C_D)        0.007     4.787    i_scheduler_core/i_round_engine/i_bound_score/dma_q_reg[2]_bret__1
  -------------------------------------------------------------------
                         required time                          4.787    
                         arrival time                          -5.891    
  -------------------------------------------------------------------
                         slack                                 -1.104    

Slack (VIOLATED) :        -1.104ns  (required time - arrival time)
  Source:                 i_scheduler_core/i_round_engine/FSM_onehot_st_q_reg[4]/C
                            (rising edge-triggered cell FDCE clocked by scheduler_clk  {rise@0.000ns fall@2.500ns period=5.000ns})
  Destination:            i_scheduler_core/i_round_engine/i_bound_score/dma_q_reg[3]_bret__2/D
                            (rising edge-triggered cell FDCE clocked by scheduler_clk  {rise@0.000ns fall@2.500ns period=5.000ns})
  Path Group:             scheduler_clk
  Path Type:              Setup (Max at Slow Process Corner)
  Requirement:            5.000ns  (scheduler_clk rise@5.000ns - scheduler_clk rise@0.000ns)
  Data Path Delay:        5.771ns  (logic 2.225ns (38.555%)  route 3.546ns (61.445%))
  Logic Levels:           25  (LOOKAHEAD8=6 LUT3=1 LUT4=1 LUT5=1 LUT6=10 LUTCY1=1 LUTCY2=5)
  Clock Path Skew:        -0.040ns (DCD - SCD + CPR)
    Destination Clock Delay (DCD):    0.080ns = ( 5.080 - 5.000 ) 
    Source Clock Delay      (SCD):    0.120ns
    Clock Pessimism Removal (CPR):    0.000ns
  Clock Uncertainty:      0.300ns  (CJ)/2 + PE + PJ
    Clock Jitter             (CJ):    0.600ns
    Phase Error              (PE):    0.000ns
    Phase Jitter             (PJ):    0.000ns

    Location             Delay type                Incr(ns)  Path(ns)    Netlist Resource(s)
  -------------------------------------------------------------------    -------------------
                         (clock scheduler_clk rise edge)
                                                      0.000     0.000 r  
                                                      0.000     0.000 r  clk_i (IN)
                         net (fo=1959, unset)         0.120     0.120    i_scheduler_core/i_round_engine/clk_i
                         FDCE                                         r  i_scheduler_core/i_round_engine/FSM_onehot_st_q_reg[4]/C
  -------------------------------------------------------------------    -------------------
                         FDCE (Prop_FDCE_C_Q)         0.090     0.210 f  i_scheduler_core/i_round_engine/FSM_onehot_st_q_reg[4]/Q
                         net (fo=5, unplaced)         0.271     0.481    i_scheduler_core/i_round_engine/i_transition_eval/global_token_q_reg[profile_addr][4][4]
                         LUT6 (Prop_LUT6_I2_O)        0.088     0.569 r  i_scheduler_core/i_round_engine/i_transition_eval/g0_b0_i_6/O
                         net (fo=29, unplaced)        0.185     0.754    i_scheduler_core/i_round_engine/i_transition_eval/FSM_onehot_st_q_reg[0]
                         LUT6 (Prop_LUT6_I0_O)        0.074     0.828 r  i_scheduler_core/i_round_engine/i_transition_eval/g0_b0_i_1/O
                         net (fo=85, unplaced)        0.210     1.038    i_scheduler_core/i_round_engine/i_transition_eval/decode_address[0]
                         LUT5 (Prop_LUT5_I2_O)        0.074     1.112 r  i_scheduler_core/i_round_engine/i_transition_eval/commit_task_q[1][tok_start][7]_i_4/O
                         net (fo=48, unplaced)        0.279     1.391    i_scheduler_core/i_round_engine/i_transition_eval/decoded_profile[selector_a][1]
                         LUT6 (Prop_LUT6_I2_O)        0.088     1.479 f  i_scheduler_core/i_round_engine/i_transition_eval/commit_remove_eid_a_q[0]_i_3/O
                         net (fo=4, unplaced)         0.140     1.619    i_scheduler_core/i_round_engine/i_transition_eval/hot_q_reg[3][eid][0]_0
                         LUT6 (Prop_LUT6_I0_O)        0.074     1.693 r  i_scheduler_core/i_round_engine/i_transition_eval/commit_remove_eid_a_q[0]_i_2/O
                         net (fo=8, unplaced)         0.238     1.931    i_scheduler_core/i_round_engine/i_transition_eval/hot_q_reg[4][eid][0]_0
                         LUT6 (Prop_LUT6_I2_O)        0.088     2.019 f  i_scheduler_core/i_round_engine/i_transition_eval/commit_task_q[0][dma_late_both]_i_16/O
                         net (fo=1, unplaced)         0.210     2.229    i_scheduler_core/i_round_engine/i_transition_eval/commit_task_q[0][dma_late_both]_i_16_n_0
                         LUT6 (Prop_LUT6_I2_O)        0.088     2.317 f  i_scheduler_core/i_round_engine/i_transition_eval/commit_task_q[0][dma_late_both]_i_7/O
                         net (fo=7, unplaced)         0.170     2.487    i_scheduler_core/i_round_engine/i_bound_score/dma_q[11]_bret__1_bret__4_i_9
                         LUT6 (Prop_LUT6_I4_O)        0.051     2.538 r  i_scheduler_core/i_round_engine/i_bound_score/dma_q[13]_bret__2_bret__4_i_11/O
                         net (fo=28, unplaced)        0.267     2.805    i_scheduler_core/i_round_engine/i_transition_eval/dma_q[11]_bret__1_bret__4_i_3_0
                         LUT6 (Prop_LUT6_I2_O)        0.088     2.893 f  i_scheduler_core/i_round_engine/i_transition_eval/dma_q[1]_bret__1_i_8/O
                         net (fo=2, unplaced)         0.210     3.103    i_scheduler_core/i_round_engine/i_transition_eval/dma_q[1]_bret__1_i_8_n_0
                         LUT6 (Prop_LUT6_I1_O)        0.088     3.191 r  i_scheduler_core/i_round_engine/i_transition_eval/dma_q[1]_bret__1_i_13/O
                         net (fo=7, unplaced)         0.153     3.344    i_scheduler_core/i_round_engine/i_bound_score/dma_q_reg[13]_bret__2_bret_i_93/I3
                         LUTCY2 (Prop_LUTCY2_I3_GE)
                                                      0.074     3.418 r  i_scheduler_core/i_round_engine/i_bound_score/dma_q_reg[13]_bret__2_bret_i_93/LUTCY2_INST/GE
                         net (fo=1, unplaced)         0.036     3.454    i_scheduler_core/i_round_engine/i_bound_score/dma_q_reg[13]_bret__2_bret_i_93_n_0
                         LOOKAHEAD8 (Prop_LOOKAHEAD8_GEA_COUTH)
                                                      0.242     3.696 r  i_scheduler_core/i_round_engine/i_bound_score/dma_q_reg[13]_bret__2_bret_i_70/COUTH
                         net (fo=3, unplaced)         0.002     3.698    i_scheduler_core/i_round_engine/i_bound_score/dma_q_reg[13]_bret__2_bret_i_70_n_3
                         LOOKAHEAD8 (Prop_LOOKAHEAD8_CIN_COUTD)
                                                      0.042     3.740 r  i_scheduler_core/i_round_engine/i_bound_score/dma_q_reg[13]_bret__2_bret_i_35/COUTD
                         net (fo=2, unplaced)         0.014     3.754    i_scheduler_core/i_round_engine/i_bound_score/dma_q_reg[13]_bret__2_bret_i_16/I4
                         LUTCY2 (Prop_LUTCY2_I4_O)    0.048     3.802 r  i_scheduler_core/i_round_engine/i_bound_score/dma_q_reg[13]_bret__2_bret_i_16/LUTCY2_INST/O
                         net (fo=20, unplaced)        0.194     3.996    i_scheduler_core/i_round_engine/i_transition_eval/next_valid6
                         LUT3 (Prop_LUT3_I1_O)        0.051     4.047 r  i_scheduler_core/i_round_engine/i_transition_eval/dma_q[4]_bret__2_bret_i_3/O
                         net (fo=5, unplaced)         0.228     4.275    i_scheduler_core/i_round_engine/i_bound_score/dma_q_reg[13]_bret__2_bret_i_65/I2
                         LUTCY1 (Prop_LUTCY1_I2_PROP)
                                                      0.079     4.354 r  i_scheduler_core/i_round_engine/i_bound_score/dma_q_reg[13]_bret__2_bret_i_65/LUTCY1_INST/PROP
                         net (fo=1, unplaced)         0.000     4.354    i_scheduler_core/i_round_engine/i_bound_score/dma_q_reg[13]_bret__2_bret_i_65_n_3
                         LOOKAHEAD8 (Prop_LOOKAHEAD8_PROPD_COUTH)
                                                      0.163     4.517 f  i_scheduler_core/i_round_engine/i_bound_score/dma_q_reg[13]_bret__2_bret_i_30/COUTH
                         net (fo=3, unplaced)         0.002     4.519    i_scheduler_core/i_round_engine/i_bound_score/dma_q_reg[13]_bret__2_bret_i_30_n_3
                         LOOKAHEAD8 (Prop_LOOKAHEAD8_CIN_COUTD)
                                                      0.042     4.561 f  i_scheduler_core/i_round_engine/i_bound_score/dma_q_reg[13]_bret__2_bret_i_14/COUTD
                         net (fo=2, unplaced)         0.014     4.575    i_scheduler_core/i_round_engine/i_bound_score/dma_q_reg[13]_bret__2_bret_i_5/I4
                         LUTCY2 (Prop_LUTCY2_I4_O)    0.048     4.623 f  i_scheduler_core/i_round_engine/i_bound_score/dma_q_reg[13]_bret__2_bret_i_5/LUTCY2_INST/O
                         net (fo=16, unplaced)        0.189     4.812    i_scheduler_core/i_round_engine/i_bound_score/next_valid3
                         LUT4 (Prop_LUT4_I3_O)        0.051     4.863 r  i_scheduler_core/i_round_engine/i_bound_score/dma_q[6]_bret__2_bret__3_i_1/O
                         net (fo=32, unplaced)        0.270     5.133    i_scheduler_core/i_round_engine/i_bound_score/dma_q_reg[6]_bret__2_bret__1_i_9/I2
                         LUTCY2 (Prop_LUTCY2_I2_GE)
                                                      0.088     5.221 r  i_scheduler_core/i_round_engine/i_bound_score/dma_q_reg[6]_bret__2_bret__1_i_9/LUTCY2_INST/GE
                         net (fo=1, unplaced)         0.036     5.257    i_scheduler_core/i_round_engine/i_bound_score/dma_q_reg[6]_bret__2_bret__1_i_9_n_0
                         LOOKAHEAD8 (Prop_LOOKAHEAD8_GEA_COUTH)
                                                      0.242     5.499 r  i_scheduler_core/i_round_engine/i_bound_score/dma_q_reg[6]_bret__2_bret__1_i_3/COUTH
                         net (fo=3, unplaced)         0.002     5.501    i_scheduler_core/i_round_engine/i_bound_score/dma_q_reg[6]_bret__2_bret__1_i_3_n_3
                         LOOKAHEAD8 (Prop_LOOKAHEAD8_CIN_COUTD)
                                                      0.042     5.543 r  i_scheduler_core/i_round_engine/i_bound_score/dma_q_reg[6]_bret__2_bret__1_i_2/COUTD
                         net (fo=2, unplaced)         0.014     5.557    i_scheduler_core/i_round_engine/i_bound_score/dma_q_reg[6]_bret__2_bret__1_i_1/I4
                         LUTCY2 (Prop_LUTCY2_I4_O)    0.048     5.605 r  i_scheduler_core/i_round_engine/i_bound_score/dma_q_reg[6]_bret__2_bret__1_i_1/LUTCY2_INST/O
                         net (fo=6, unplaced)         0.150     5.755    i_scheduler_core/i_round_engine/i_transition_eval/next_event3
                         LUT6 (Prop_LUT6_I3_O)        0.074     5.829 r  i_scheduler_core/i_round_engine/i_transition_eval/dma_q[3]_bret__2_i_1/O
                         net (fo=1, unplaced)         0.062     5.891    i_scheduler_core/i_round_engine/i_bound_score/dma_q_reg[3]_bret__2_0
                         FDCE                                         r  i_scheduler_core/i_round_engine/i_bound_score/dma_q_reg[3]_bret__2/D
  -------------------------------------------------------------------    -------------------

                         (clock scheduler_clk rise edge)
                                                      5.000     5.000 r  
                                                      0.000     5.000 r  clk_i (IN)
                         net (fo=1959, unset)         0.080     5.080    i_scheduler_core/i_round_engine/i_bound_score/clk_i
                         FDCE                                         r  i_scheduler_core/i_round_engine/i_bound_score/dma_q_reg[3]_bret__2/C
                         clock pessimism              0.000     5.080    
                         clock uncertainty           -0.300     4.780    
                         FDCE (Setup_FDCE_C_D)        0.007     4.787    i_scheduler_core/i_round_engine/i_bound_score/dma_q_reg[3]_bret__2
  -------------------------------------------------------------------
                         required time                          4.787    
                         arrival time                          -5.891    
  -------------------------------------------------------------------
                         slack                                 -1.104    

Slack (VIOLATED) :        -1.018ns  (required time - arrival time)
  Source:                 i_scheduler_core/i_round_engine/i_transition_eval/c2_endpoint_q_reg[task_end][1]_bret__6_bret__30_bret_bret_bret__1/C
                            (rising edge-triggered cell FDPE clocked by scheduler_clk  {rise@0.000ns fall@2.500ns period=5.000ns})
  Destination:            i_scheduler_core/i_round_engine/i_pair_compare/rhs_wins_q_reg_bret__2/D
                            (rising edge-triggered cell FDCE clocked by scheduler_clk  {rise@0.000ns fall@2.500ns period=5.000ns})
  Path Group:             scheduler_clk
  Path Type:              Setup (Max at Slow Process Corner)
  Requirement:            5.000ns  (scheduler_clk rise@5.000ns - scheduler_clk rise@0.000ns)
  Data Path Delay:        5.587ns  (logic 1.985ns (35.529%)  route 3.602ns (64.471%))
  Logic Levels:           22  (LOOKAHEAD8=3 LUT3=3 LUT4=2 LUT5=4 LUT6=5 LUTCY1=3 LUTCY2=2)
  Clock Path Skew:        -0.138ns (DCD - SCD + CPR)
    Destination Clock Delay (DCD):    0.080ns = ( 5.080 - 5.000 ) 
    Source Clock Delay      (SCD):    0.218ns
    Clock Pessimism Removal (CPR):    0.000ns
  Clock Uncertainty:      0.300ns  (CJ)/2 + PE + PJ
    Clock Jitter             (CJ):    0.600ns
    Phase Error              (PE):    0.000ns
    Phase Jitter             (PJ):    0.000ns

    Location             Delay type                Incr(ns)  Path(ns)    Netlist Resource(s)
  -------------------------------------------------------------------    -------------------
                         (clock scheduler_clk rise edge)
                                                      0.000     0.000 r  
                                                      0.000     0.000 r  clk_i (IN)
                         net (fo=1959, unset)         0.218     0.218    i_scheduler_core/i_round_engine/i_transition_eval/clk_i
                         FDPE                                         r  i_scheduler_core/i_round_engine/i_transition_eval/c2_endpoint_q_reg[task_end][1]_bret__6_bret__30_bret_bret_bret__1/C
  -------------------------------------------------------------------    -------------------
                         FDPE (Prop_FDPE_C_Q)         0.090     0.308 f  i_scheduler_core/i_round_engine/i_transition_eval/c2_endpoint_q_reg[task_end][1]_bret__6_bret__30_bret_bret_bret__1/Q
                         net (fo=1, unplaced)         0.165     0.473    i_scheduler_core/i_round_engine/i_transition_eval/c2_endpoint_q_reg[task_end][1]_bret__6_bret__30_bret_bret_bret__1_n_0
                         LUT5 (Prop_LUT5_I2_O)        0.074     0.547 f  i_scheduler_core/i_round_engine/i_transition_eval/c2_endpoint_q[dma3_end][12]_bret_i_5/O
                         net (fo=1, unplaced)         0.145     0.692    i_scheduler_core/i_round_engine/i_transition_eval/c2_endpoint_q[dma3_end][12]_bret_i_5_n_0
                         LUT5 (Prop_LUT5_I4_O)        0.051     0.743 r  i_scheduler_core/i_round_engine/i_transition_eval/c2_endpoint_q[dma3_end][12]_bret_i_4/O
                         net (fo=1, unplaced)         0.145     0.888    i_scheduler_core/i_round_engine/i_transition_eval/c2_endpoint_q[dma3_end][12]_bret_i_4_n_0
                         LUT6 (Prop_LUT6_I5_O)        0.051     0.939 r  i_scheduler_core/i_round_engine/i_transition_eval/c2_endpoint_q[dma3_end][12]_bret_i_3/O
                         net (fo=32, unplaced)        0.205     1.144    i_scheduler_core/i_round_engine/i_transition_eval/c2_endpoint_q[dma3_end][12]_bret_i_3_n_0
                         LUT3 (Prop_LUT3_I1_O)        0.051     1.195 r  i_scheduler_core/i_round_engine/i_transition_eval/c2_endpoint_q[task_end][0]_bret_i_3/O
                         net (fo=2, unplaced)         0.210     1.405    i_scheduler_core/i_round_engine/i_transition_eval/c2_endpoint_q_reg[task_end][0]_bret_i_2/I2
                         LUTCY2 (Prop_LUTCY2_I2_GE)
                                                      0.088     1.493 r  i_scheduler_core/i_round_engine/i_transition_eval/c2_endpoint_q_reg[task_end][0]_bret_i_2/LUTCY2_INST/GE
                         net (fo=1, unplaced)         0.036     1.529    i_scheduler_core/i_round_engine/i_transition_eval/c2_endpoint_q_reg[task_end][0]_bret_i_2_n_0
                         LOOKAHEAD8 (Prop_LOOKAHEAD8_GEA_COUTH)
                                                      0.242     1.771 r  i_scheduler_core/i_round_engine/i_transition_eval/c2_endpoint_q_reg[task_end][4]_bret_i_4/COUTH
                         net (fo=3, unplaced)         0.198     1.969    i_scheduler_core/i_round_engine/i_transition_eval/c2_endpoint_q_reg[task_end][9]_bret_i_3/I4
                         LUTCY1 (Prop_LUTCY1_I4_O)    0.057     2.026 r  i_scheduler_core/i_round_engine/i_transition_eval/c2_endpoint_q_reg[task_end][9]_bret_i_3/LUTCY1_INST/O
                         net (fo=1, unplaced)         0.206     2.232    i_scheduler_core/i_round_engine/i_transition_eval/timeline_o[task_end]10_in[8]
                         LUT4 (Prop_LUT4_I0_O)        0.074     2.306 r  i_scheduler_core/i_round_engine/i_transition_eval/c2_endpoint_q[task_end][8]_bret_i_2/O
                         net (fo=3, unplaced)         0.151     2.457    i_scheduler_core/i_round_engine/i_transition_eval/c2_endpoint_q[8]
                         LUT3 (Prop_LUT3_I2_O)        0.051     2.508 r  i_scheduler_core/i_round_engine/i_transition_eval/c2_endpoint_q[task_end][8]_bret__1_i_1/O
                         net (fo=12, unplaced)        0.182     2.690    i_scheduler_core/i_round_engine/i_transition_eval/c2_endpoint_q[task_end][8]_bret__1_i_1_n_0
                         LUT3 (Prop_LUT3_I2_O)        0.051     2.741 r  i_scheduler_core/i_round_engine/i_transition_eval/h_load_c3_q[8]_i_2/O
                         net (fo=18, unplaced)        0.257     2.998    i_scheduler_core/i_round_engine/i_transition_eval/global_score_q_reg[early_end][12]_i_7/I2
                         LUTCY1 (Prop_LUTCY1_I2_PROP)
                                                      0.087     3.085 r  i_scheduler_core/i_round_engine/i_transition_eval/global_score_q_reg[early_end][12]_i_7/LUTCY1_INST/PROP
                         net (fo=1, unplaced)         0.002     3.087    i_scheduler_core/i_round_engine/i_transition_eval/global_score_q_reg[early_end][12]_i_7_n_3
                         LOOKAHEAD8 (Prop_LOOKAHEAD8_PROPE_COUTH)
                                                      0.130     3.217 r  i_scheduler_core/i_round_engine/i_transition_eval/global_score_q_reg[early_end][12]_i_2/COUTH
                         net (fo=142, unplaced)       0.358     3.575    i_scheduler_core/i_round_engine/i_transition_eval/current_score1
                         LUT5 (Prop_LUT5_I1_O)        0.074     3.649 r  i_scheduler_core/i_round_engine/i_transition_eval/rhs_wins_q_bret__1_i_202/O
                         net (fo=11, unplaced)        0.245     3.894    i_scheduler_core/i_round_engine/i_transition_eval/global_score_q_reg[late_end][8][1]
                         LUT6 (Prop_LUT6_I2_O)        0.088     3.982 r  i_scheduler_core/i_round_engine/i_transition_eval/rhs_wins_q_bret__2_i_74/O
                         net (fo=8, unplaced)         0.238     4.220    i_scheduler_core/i_round_engine/i_transition_eval/global_score_q_reg[late_end][6]
                         LUT6 (Prop_LUT6_I1_O)        0.088     4.308 r  i_scheduler_core/i_round_engine/i_transition_eval/rhs_wins_q_bret__2_i_84/O
                         net (fo=2, unplaced)         0.187     4.495    i_scheduler_core/i_round_engine/i_pair_compare/rhs_wins_q_reg_bret__2_i_63/I0
                         LUTCY1 (Prop_LUTCY1_I0_PROP)
                                                      0.131     4.626 r  i_scheduler_core/i_round_engine/i_pair_compare/rhs_wins_q_reg_bret__2_i_63/LUTCY1_INST/PROP
                         net (fo=1, unplaced)         0.002     4.628    i_scheduler_core/i_round_engine/i_pair_compare/rhs_wins_q_reg_bret__2_i_63_n_3
                         LOOKAHEAD8 (Prop_LOOKAHEAD8_PROPB_COUTD)
                                                      0.149     4.777 r  i_scheduler_core/i_round_engine/i_pair_compare/rhs_wins_q_reg_bret__2_i_32/COUTD
                         net (fo=2, unplaced)         0.014     4.791    i_scheduler_core/i_round_engine/i_pair_compare/rhs_wins_q_reg_bret__2_i_15/I4
                         LUTCY2 (Prop_LUTCY2_I4_O)    0.048     4.839 r  i_scheduler_core/i_round_engine/i_pair_compare/rhs_wins_q_reg_bret__2_i_15/LUTCY2_INST/O
                         net (fo=2, unplaced)         0.210     5.049    i_scheduler_core/i_round_engine/i_transition_eval/rhs_wins_q_bret__2_i_4
                         LUT6 (Prop_LUT6_I2_O)        0.088     5.137 f  i_scheduler_core/i_round_engine/i_transition_eval/rhs_wins_q_bret__2_i_6/O
                         net (fo=1, unplaced)         0.128     5.265    i_scheduler_core/i_round_engine/i_pair_compare/rhs_wins_q_bret__2_i_2_0
                         LUT6 (Prop_LUT6_I0_O)        0.074     5.339 r  i_scheduler_core/i_round_engine/i_pair_compare/rhs_wins_q_bret__2_i_4/O
                         net (fo=1, unplaced)         0.128     5.467    i_scheduler_core/i_round_engine/i_pair_compare/rhs_wins_q_bret__2_i_4_n_0
                         LUT5 (Prop_LUT5_I1_O)        0.074     5.541 r  i_scheduler_core/i_round_engine/i_pair_compare/rhs_wins_q_bret__2_i_2/O
                         net (fo=1, unplaced)         0.128     5.669    i_scheduler_core/i_round_engine/i_pair_compare/rhs_wins_q_bret__2_i_2_n_0
                         LUT4 (Prop_LUT4_I1_O)        0.074     5.743 r  i_scheduler_core/i_round_engine/i_pair_compare/rhs_wins_q_bret__2_i_1/O
                         net (fo=1, unplaced)         0.062     5.805    i_scheduler_core/i_round_engine/i_pair_compare/rhs_wins_q_bret__2_i_1_n_0
                         FDCE                                         r  i_scheduler_core/i_round_engine/i_pair_compare/rhs_wins_q_reg_bret__2/D
  -------------------------------------------------------------------    -------------------

                         (clock scheduler_clk rise edge)
                                                      5.000     5.000 r  
                                                      0.000     5.000 r  clk_i (IN)
                         net (fo=1959, unset)         0.080     5.080    i_scheduler_core/i_round_engine/i_pair_compare/clk_i
                         FDCE                                         r  i_scheduler_core/i_round_engine/i_pair_compare/rhs_wins_q_reg_bret__2/C
                         clock pessimism              0.000     5.080    
                         clock uncertainty           -0.300     4.780    
                         FDCE (Setup_FDCE_C_D)        0.007     4.787    i_scheduler_core/i_round_engine/i_pair_compare/rhs_wins_q_reg_bret__2
  -------------------------------------------------------------------
                         required time                          4.787    
                         arrival time                          -5.805    
  -------------------------------------------------------------------
                         slack                                 -1.018    

Slack (VIOLATED) :        -0.916ns  (required time - arrival time)
  Source:                 i_scheduler_core/i_round_engine/i_transition_eval/c2_endpoint_q_reg[task_end][1]_bret__6_bret__30_bret_bret_bret__1/C
                            (rising edge-triggered cell FDPE clocked by scheduler_clk  {rise@0.000ns fall@2.500ns period=5.000ns})
  Destination:            i_scheduler_core/i_round_engine/i_bound_score/scratch_q_reg[2]/D
                            (rising edge-triggered cell FDCE clocked by scheduler_clk  {rise@0.000ns fall@2.500ns period=5.000ns})
  Path Group:             scheduler_clk
  Path Type:              Setup (Max at Slow Process Corner)
  Requirement:            5.000ns  (scheduler_clk rise@5.000ns - scheduler_clk rise@0.000ns)
  Data Path Delay:        5.485ns  (logic 2.152ns (39.234%)  route 3.333ns (60.766%))
  Logic Levels:           21  (LOOKAHEAD8=6 LUT3=3 LUT4=1 LUT5=2 LUT6=4 LUTCY1=2 LUTCY2=3)
  Clock Path Skew:        -0.138ns (DCD - SCD + CPR)
    Destination Clock Delay (DCD):    0.080ns = ( 5.080 - 5.000 ) 
    Source Clock Delay      (SCD):    0.218ns
    Clock Pessimism Removal (CPR):    0.000ns
  Clock Uncertainty:      0.300ns  (CJ)/2 + PE + PJ
    Clock Jitter             (CJ):    0.600ns
    Phase Error              (PE):    0.000ns
    Phase Jitter             (PJ):    0.000ns

    Location             Delay type                Incr(ns)  Path(ns)    Netlist Resource(s)
  -------------------------------------------------------------------    -------------------
                         (clock scheduler_clk rise edge)
                                                      0.000     0.000 r  
                                                      0.000     0.000 r  clk_i (IN)
                         net (fo=1959, unset)         0.218     0.218    i_scheduler_core/i_round_engine/i_transition_eval/clk_i
                         FDPE                                         r  i_scheduler_core/i_round_engine/i_transition_eval/c2_endpoint_q_reg[task_end][1]_bret__6_bret__30_bret_bret_bret__1/C
  -------------------------------------------------------------------    -------------------
                         FDPE (Prop_FDPE_C_Q)         0.090     0.308 f  i_scheduler_core/i_round_engine/i_transition_eval/c2_endpoint_q_reg[task_end][1]_bret__6_bret__30_bret_bret_bret__1/Q
                         net (fo=1, unplaced)         0.165     0.473    i_scheduler_core/i_round_engine/i_transition_eval/c2_endpoint_q_reg[task_end][1]_bret__6_bret__30_bret_bret_bret__1_n_0
                         LUT5 (Prop_LUT5_I2_O)        0.074     0.547 f  i_scheduler_core/i_round_engine/i_transition_eval/c2_endpoint_q[dma3_end][12]_bret_i_5/O
                         net (fo=1, unplaced)         0.145     0.692    i_scheduler_core/i_round_engine/i_transition_eval/c2_endpoint_q[dma3_end][12]_bret_i_5_n_0
                         LUT5 (Prop_LUT5_I4_O)        0.051     0.743 r  i_scheduler_core/i_round_engine/i_transition_eval/c2_endpoint_q[dma3_end][12]_bret_i_4/O
                         net (fo=1, unplaced)         0.145     0.888    i_scheduler_core/i_round_engine/i_transition_eval/c2_endpoint_q[dma3_end][12]_bret_i_4_n_0
                         LUT6 (Prop_LUT6_I5_O)        0.051     0.939 r  i_scheduler_core/i_round_engine/i_transition_eval/c2_endpoint_q[dma3_end][12]_bret_i_3/O
                         net (fo=32, unplaced)        0.205     1.144    i_scheduler_core/i_round_engine/i_transition_eval/c2_endpoint_q[dma3_end][12]_bret_i_3_n_0
                         LUT3 (Prop_LUT3_I1_O)        0.051     1.195 r  i_scheduler_core/i_round_engine/i_transition_eval/c2_endpoint_q[task_end][0]_bret_i_3/O
                         net (fo=2, unplaced)         0.210     1.405    i_scheduler_core/i_round_engine/i_transition_eval/c2_endpoint_q_reg[task_end][0]_bret_i_2/I2
                         LUTCY2 (Prop_LUTCY2_I2_GE)
                                                      0.088     1.493 r  i_scheduler_core/i_round_engine/i_transition_eval/c2_endpoint_q_reg[task_end][0]_bret_i_2/LUTCY2_INST/GE
                         net (fo=1, unplaced)         0.036     1.529    i_scheduler_core/i_round_engine/i_transition_eval/c2_endpoint_q_reg[task_end][0]_bret_i_2_n_0
                         LOOKAHEAD8 (Prop_LOOKAHEAD8_GEA_COUTH)
                                                      0.242     1.771 r  i_scheduler_core/i_round_engine/i_transition_eval/c2_endpoint_q_reg[task_end][4]_bret_i_4/COUTH
                         net (fo=3, unplaced)         0.198     1.969    i_scheduler_core/i_round_engine/i_transition_eval/c2_endpoint_q_reg[task_end][9]_bret_i_3/I4
                         LUTCY1 (Prop_LUTCY1_I4_O)    0.057     2.026 r  i_scheduler_core/i_round_engine/i_transition_eval/c2_endpoint_q_reg[task_end][9]_bret_i_3/LUTCY1_INST/O
                         net (fo=1, unplaced)         0.206     2.232    i_scheduler_core/i_round_engine/i_transition_eval/timeline_o[task_end]10_in[8]
                         LUT4 (Prop_LUT4_I0_O)        0.074     2.306 r  i_scheduler_core/i_round_engine/i_transition_eval/c2_endpoint_q[task_end][8]_bret_i_2/O
                         net (fo=3, unplaced)         0.151     2.457    i_scheduler_core/i_round_engine/i_transition_eval/c2_endpoint_q[8]
                         LUT3 (Prop_LUT3_I2_O)        0.051     2.508 r  i_scheduler_core/i_round_engine/i_transition_eval/c2_endpoint_q[task_end][8]_bret__1_i_1/O
                         net (fo=12, unplaced)        0.182     2.690    i_scheduler_core/i_round_engine/i_transition_eval/c2_endpoint_q[task_end][8]_bret__1_i_1_n_0
                         LUT3 (Prop_LUT3_I2_O)        0.051     2.741 r  i_scheduler_core/i_round_engine/i_transition_eval/h_load_c3_q[8]_i_2/O
                         net (fo=18, unplaced)        0.175     2.916    i_scheduler_core/i_round_engine/i_transition_eval/scratch_q_reg[13]_i_58/I3
                         LUTCY1 (Prop_LUTCY1_I3_PROP)
                                                      0.073     2.989 r  i_scheduler_core/i_round_engine/i_transition_eval/scratch_q_reg[13]_i_58/LUTCY1_INST/PROP
                         net (fo=1, unplaced)         0.002     2.991    i_scheduler_core/i_round_engine/i_transition_eval/scratch_q_reg[13]_i_58_n_3
                         LOOKAHEAD8 (Prop_LOOKAHEAD8_PROPE_COUTH)
                                                      0.130     3.121 r  i_scheduler_core/i_round_engine/i_transition_eval/scratch_q_reg[13]_i_42/COUTH
                         net (fo=39, unplaced)        0.342     3.463    i_scheduler_core/i_round_engine/i_transition_eval/scratch_q_reg[13]_i_43/I1
                         LUTCY2 (Prop_LUTCY2_I1_GE)
                                                      0.120     3.583 r  i_scheduler_core/i_round_engine/i_transition_eval/scratch_q_reg[13]_i_43/LUTCY2_INST/GE
                         net (fo=1, unplaced)         0.036     3.619    i_scheduler_core/i_round_engine/i_transition_eval/scratch_q_reg[13]_i_43_n_0
                         LOOKAHEAD8 (Prop_LOOKAHEAD8_GEA_COUTH)
                                                      0.242     3.861 r  i_scheduler_core/i_round_engine/i_transition_eval/scratch_q_reg[13]_i_35/COUTH
                         net (fo=3, unplaced)         0.002     3.863    i_scheduler_core/i_round_engine/i_transition_eval/scratch_q_reg[13]_i_35_n_3
                         LOOKAHEAD8 (Prop_LOOKAHEAD8_CIN_COUTF)
                                                      0.053     3.916 r  i_scheduler_core/i_round_engine/i_transition_eval/scratch_q_reg[13]_i_25/COUTF
                         net (fo=13, unplaced)        0.308     4.224    i_scheduler_core/i_round_engine/i_transition_eval/scratch_q_reg[13]_i_25_n_2
                         LUT6 (Prop_LUT6_I4_O)        0.051     4.275 f  i_scheduler_core/i_round_engine/i_transition_eval/scratch_q[1]_i_5/O
                         net (fo=3, unplaced)         0.193     4.468    i_scheduler_core/i_round_engine/i_transition_eval/scratch_q_reg[13]_i_27/I0
                         LUTCY2 (Prop_LUTCY2_I0_GE)
                                                      0.132     4.600 r  i_scheduler_core/i_round_engine/i_transition_eval/scratch_q_reg[13]_i_27/LUTCY2_INST/GE
                         net (fo=1, unplaced)         0.036     4.636    i_scheduler_core/i_round_engine/i_transition_eval/scratch_q_reg[13]_i_27_n_0
                         LOOKAHEAD8 (Prop_LOOKAHEAD8_GEA_COUTH)
                                                      0.242     4.878 r  i_scheduler_core/i_round_engine/i_transition_eval/scratch_q_reg[13]_i_18/COUTH
                         net (fo=3, unplaced)         0.002     4.880    i_scheduler_core/i_round_engine/i_transition_eval/scratch_q_reg[13]_i_18_n_3
                         LOOKAHEAD8 (Prop_LOOKAHEAD8_CIN_COUTF)
                                                      0.053     4.933 r  i_scheduler_core/i_round_engine/i_transition_eval/scratch_q_reg[13]_i_9/COUTF
                         net (fo=13, unplaced)        0.322     5.255    i_scheduler_core/i_round_engine/i_transition_eval/i_bound_score/min_t_return1
                         LUT6 (Prop_LUT6_I1_O)        0.088     5.343 r  i_scheduler_core/i_round_engine/i_transition_eval/scratch_q[2]_i_3/O
                         net (fo=1, unplaced)         0.210     5.553    i_scheduler_core/i_round_engine/i_bound_score/scratch_q_reg[2]_0
                         LUT6 (Prop_LUT6_I2_O)        0.088     5.641 r  i_scheduler_core/i_round_engine/i_bound_score/scratch_q[2]_i_1/O
                         net (fo=1, unplaced)         0.062     5.703    i_scheduler_core/i_round_engine/i_bound_score/scratch_q[2]_i_1_n_0
                         FDCE                                         r  i_scheduler_core/i_round_engine/i_bound_score/scratch_q_reg[2]/D
  -------------------------------------------------------------------    -------------------

                         (clock scheduler_clk rise edge)
                                                      5.000     5.000 r  
                                                      0.000     5.000 r  clk_i (IN)
                         net (fo=1959, unset)         0.080     5.080    i_scheduler_core/i_round_engine/i_bound_score/clk_i
                         FDCE                                         r  i_scheduler_core/i_round_engine/i_bound_score/scratch_q_reg[2]/C
                         clock pessimism              0.000     5.080    
                         clock uncertainty           -0.300     4.780    
                         FDCE (Setup_FDCE_C_D)        0.007     4.787    i_scheduler_core/i_round_engine/i_bound_score/scratch_q_reg[2]
  -------------------------------------------------------------------
                         required time                          4.787    
                         arrival time                          -5.703    
  -------------------------------------------------------------------
                         slack                                 -0.916    

Slack (VIOLATED) :        -0.916ns  (required time - arrival time)
  Source:                 i_scheduler_core/i_round_engine/i_transition_eval/c2_endpoint_q_reg[task_end][1]_bret__6_bret__30_bret_bret_bret__1/C
                            (rising edge-triggered cell FDPE clocked by scheduler_clk  {rise@0.000ns fall@2.500ns period=5.000ns})
  Destination:            i_scheduler_core/i_round_engine/i_bound_score/scratch_q_reg[9]/D
                            (rising edge-triggered cell FDCE clocked by scheduler_clk  {rise@0.000ns fall@2.500ns period=5.000ns})
  Path Group:             scheduler_clk
  Path Type:              Setup (Max at Slow Process Corner)
  Requirement:            5.000ns  (scheduler_clk rise@5.000ns - scheduler_clk rise@0.000ns)
  Data Path Delay:        5.485ns  (logic 2.152ns (39.234%)  route 3.333ns (60.766%))
  Logic Levels:           21  (LOOKAHEAD8=6 LUT3=3 LUT4=1 LUT5=2 LUT6=4 LUTCY1=2 LUTCY2=3)
  Clock Path Skew:        -0.138ns (DCD - SCD + CPR)
    Destination Clock Delay (DCD):    0.080ns = ( 5.080 - 5.000 ) 
    Source Clock Delay      (SCD):    0.218ns
    Clock Pessimism Removal (CPR):    0.000ns
  Clock Uncertainty:      0.300ns  (CJ)/2 + PE + PJ
    Clock Jitter             (CJ):    0.600ns
    Phase Error              (PE):    0.000ns
    Phase Jitter             (PJ):    0.000ns

    Location             Delay type                Incr(ns)  Path(ns)    Netlist Resource(s)
  -------------------------------------------------------------------    -------------------
                         (clock scheduler_clk rise edge)
                                                      0.000     0.000 r  
                                                      0.000     0.000 r  clk_i (IN)
                         net (fo=1959, unset)         0.218     0.218    i_scheduler_core/i_round_engine/i_transition_eval/clk_i
                         FDPE                                         r  i_scheduler_core/i_round_engine/i_transition_eval/c2_endpoint_q_reg[task_end][1]_bret__6_bret__30_bret_bret_bret__1/C
  -------------------------------------------------------------------    -------------------
                         FDPE (Prop_FDPE_C_Q)         0.090     0.308 f  i_scheduler_core/i_round_engine/i_transition_eval/c2_endpoint_q_reg[task_end][1]_bret__6_bret__30_bret_bret_bret__1/Q
                         net (fo=1, unplaced)         0.165     0.473    i_scheduler_core/i_round_engine/i_transition_eval/c2_endpoint_q_reg[task_end][1]_bret__6_bret__30_bret_bret_bret__1_n_0
                         LUT5 (Prop_LUT5_I2_O)        0.074     0.547 f  i_scheduler_core/i_round_engine/i_transition_eval/c2_endpoint_q[dma3_end][12]_bret_i_5/O
                         net (fo=1, unplaced)         0.145     0.692    i_scheduler_core/i_round_engine/i_transition_eval/c2_endpoint_q[dma3_end][12]_bret_i_5_n_0
                         LUT5 (Prop_LUT5_I4_O)        0.051     0.743 r  i_scheduler_core/i_round_engine/i_transition_eval/c2_endpoint_q[dma3_end][12]_bret_i_4/O
                         net (fo=1, unplaced)         0.145     0.888    i_scheduler_core/i_round_engine/i_transition_eval/c2_endpoint_q[dma3_end][12]_bret_i_4_n_0
                         LUT6 (Prop_LUT6_I5_O)        0.051     0.939 r  i_scheduler_core/i_round_engine/i_transition_eval/c2_endpoint_q[dma3_end][12]_bret_i_3/O
                         net (fo=32, unplaced)        0.205     1.144    i_scheduler_core/i_round_engine/i_transition_eval/c2_endpoint_q[dma3_end][12]_bret_i_3_n_0
                         LUT3 (Prop_LUT3_I1_O)        0.051     1.195 r  i_scheduler_core/i_round_engine/i_transition_eval/c2_endpoint_q[task_end][0]_bret_i_3/O
                         net (fo=2, unplaced)         0.210     1.405    i_scheduler_core/i_round_engine/i_transition_eval/c2_endpoint_q_reg[task_end][0]_bret_i_2/I2
                         LUTCY2 (Prop_LUTCY2_I2_GE)
                                                      0.088     1.493 r  i_scheduler_core/i_round_engine/i_transition_eval/c2_endpoint_q_reg[task_end][0]_bret_i_2/LUTCY2_INST/GE
                         net (fo=1, unplaced)         0.036     1.529    i_scheduler_core/i_round_engine/i_transition_eval/c2_endpoint_q_reg[task_end][0]_bret_i_2_n_0
                         LOOKAHEAD8 (Prop_LOOKAHEAD8_GEA_COUTH)
                                                      0.242     1.771 r  i_scheduler_core/i_round_engine/i_transition_eval/c2_endpoint_q_reg[task_end][4]_bret_i_4/COUTH
                         net (fo=3, unplaced)         0.198     1.969    i_scheduler_core/i_round_engine/i_transition_eval/c2_endpoint_q_reg[task_end][9]_bret_i_3/I4
                         LUTCY1 (Prop_LUTCY1_I4_O)    0.057     2.026 r  i_scheduler_core/i_round_engine/i_transition_eval/c2_endpoint_q_reg[task_end][9]_bret_i_3/LUTCY1_INST/O
                         net (fo=1, unplaced)         0.206     2.232    i_scheduler_core/i_round_engine/i_transition_eval/timeline_o[task_end]10_in[8]
                         LUT4 (Prop_LUT4_I0_O)        0.074     2.306 r  i_scheduler_core/i_round_engine/i_transition_eval/c2_endpoint_q[task_end][8]_bret_i_2/O
                         net (fo=3, unplaced)         0.151     2.457    i_scheduler_core/i_round_engine/i_transition_eval/c2_endpoint_q[8]
                         LUT3 (Prop_LUT3_I2_O)        0.051     2.508 r  i_scheduler_core/i_round_engine/i_transition_eval/c2_endpoint_q[task_end][8]_bret__1_i_1/O
                         net (fo=12, unplaced)        0.182     2.690    i_scheduler_core/i_round_engine/i_transition_eval/c2_endpoint_q[task_end][8]_bret__1_i_1_n_0
                         LUT3 (Prop_LUT3_I2_O)        0.051     2.741 r  i_scheduler_core/i_round_engine/i_transition_eval/h_load_c3_q[8]_i_2/O
                         net (fo=18, unplaced)        0.175     2.916    i_scheduler_core/i_round_engine/i_transition_eval/scratch_q_reg[13]_i_58/I3
                         LUTCY1 (Prop_LUTCY1_I3_PROP)
                                                      0.073     2.989 r  i_scheduler_core/i_round_engine/i_transition_eval/scratch_q_reg[13]_i_58/LUTCY1_INST/PROP
                         net (fo=1, unplaced)         0.002     2.991    i_scheduler_core/i_round_engine/i_transition_eval/scratch_q_reg[13]_i_58_n_3
                         LOOKAHEAD8 (Prop_LOOKAHEAD8_PROPE_COUTH)
                                                      0.130     3.121 r  i_scheduler_core/i_round_engine/i_transition_eval/scratch_q_reg[13]_i_42/COUTH
                         net (fo=39, unplaced)        0.342     3.463    i_scheduler_core/i_round_engine/i_transition_eval/scratch_q_reg[13]_i_43/I1
                         LUTCY2 (Prop_LUTCY2_I1_GE)
                                                      0.120     3.583 r  i_scheduler_core/i_round_engine/i_transition_eval/scratch_q_reg[13]_i_43/LUTCY2_INST/GE
                         net (fo=1, unplaced)         0.036     3.619    i_scheduler_core/i_round_engine/i_transition_eval/scratch_q_reg[13]_i_43_n_0
                         LOOKAHEAD8 (Prop_LOOKAHEAD8_GEA_COUTH)
                                                      0.242     3.861 r  i_scheduler_core/i_round_engine/i_transition_eval/scratch_q_reg[13]_i_35/COUTH
                         net (fo=3, unplaced)         0.002     3.863    i_scheduler_core/i_round_engine/i_transition_eval/scratch_q_reg[13]_i_35_n_3
                         LOOKAHEAD8 (Prop_LOOKAHEAD8_CIN_COUTF)
                                                      0.053     3.916 r  i_scheduler_core/i_round_engine/i_transition_eval/scratch_q_reg[13]_i_25/COUTF
                         net (fo=13, unplaced)        0.308     4.224    i_scheduler_core/i_round_engine/i_transition_eval/scratch_q_reg[13]_i_25_n_2
                         LUT6 (Prop_LUT6_I4_O)        0.051     4.275 f  i_scheduler_core/i_round_engine/i_transition_eval/scratch_q[1]_i_5/O
                         net (fo=3, unplaced)         0.193     4.468    i_scheduler_core/i_round_engine/i_transition_eval/scratch_q_reg[13]_i_27/I0
                         LUTCY2 (Prop_LUTCY2_I0_GE)
                                                      0.132     4.600 r  i_scheduler_core/i_round_engine/i_transition_eval/scratch_q_reg[13]_i_27/LUTCY2_INST/GE
                         net (fo=1, unplaced)         0.036     4.636    i_scheduler_core/i_round_engine/i_transition_eval/scratch_q_reg[13]_i_27_n_0
                         LOOKAHEAD8 (Prop_LOOKAHEAD8_GEA_COUTH)
                                                      0.242     4.878 r  i_scheduler_core/i_round_engine/i_transition_eval/scratch_q_reg[13]_i_18/COUTH
                         net (fo=3, unplaced)         0.002     4.880    i_scheduler_core/i_round_engine/i_transition_eval/scratch_q_reg[13]_i_18_n_3
                         LOOKAHEAD8 (Prop_LOOKAHEAD8_CIN_COUTF)
                                                      0.053     4.933 r  i_scheduler_core/i_round_engine/i_transition_eval/scratch_q_reg[13]_i_9/COUTF
                         net (fo=13, unplaced)        0.322     5.255    i_scheduler_core/i_round_engine/i_transition_eval/i_bound_score/min_t_return1
                         LUT6 (Prop_LUT6_I1_O)        0.088     5.343 r  i_scheduler_core/i_round_engine/i_transition_eval/scratch_q[9]_i_3/O
                         net (fo=1, unplaced)         0.210     5.553    i_scheduler_core/i_round_engine/i_bound_score/scratch_q_reg[9]_0
                         LUT6 (Prop_LUT6_I2_O)        0.088     5.641 r  i_scheduler_core/i_round_engine/i_bound_score/scratch_q[9]_i_1/O
                         net (fo=1, unplaced)         0.062     5.703    i_scheduler_core/i_round_engine/i_bound_score/scratch_q[9]_i_1_n_0
                         FDCE                                         r  i_scheduler_core/i_round_engine/i_bound_score/scratch_q_reg[9]/D
  -------------------------------------------------------------------    -------------------

                         (clock scheduler_clk rise edge)
                                                      5.000     5.000 r  
                                                      0.000     5.000 r  clk_i (IN)
                         net (fo=1959, unset)         0.080     5.080    i_scheduler_core/i_round_engine/i_bound_score/clk_i
                         FDCE                                         r  i_scheduler_core/i_round_engine/i_bound_score/scratch_q_reg[9]/C
                         clock pessimism              0.000     5.080    
                         clock uncertainty           -0.300     4.780    
                         FDCE (Setup_FDCE_C_D)        0.007     4.787    i_scheduler_core/i_round_engine/i_bound_score/scratch_q_reg[9]
  -------------------------------------------------------------------
                         required time                          4.787    
                         arrival time                          -5.703    
  -------------------------------------------------------------------
                         slack                                 -0.916    

Slack (VIOLATED) :        -0.888ns  (required time - arrival time)
  Source:                 i_scheduler_core/i_round_engine/FSM_onehot_st_q_reg[4]/C
                            (rising edge-triggered cell FDCE clocked by scheduler_clk  {rise@0.000ns fall@2.500ns period=5.000ns})
  Destination:            i_scheduler_core/i_round_engine/i_bound_score/dma_q_reg[6]_bret__2_bret__1/D
                            (rising edge-triggered cell FDCE clocked by scheduler_clk  {rise@0.000ns fall@2.500ns period=5.000ns})
  Path Group:             scheduler_clk
  Path Type:              Setup (Max at Slow Process Corner)
  Requirement:            5.000ns  (scheduler_clk rise@5.000ns - scheduler_clk rise@0.000ns)
  Data Path Delay:        5.551ns  (logic 2.151ns (38.750%)  route 3.400ns (61.250%))
  Logic Levels:           24  (LOOKAHEAD8=6 LUT3=1 LUT4=1 LUT5=1 LUT6=9 LUTCY1=1 LUTCY2=5)
  Clock Path Skew:        -0.044ns (DCD - SCD + CPR)
    Destination Clock Delay (DCD):    0.076ns = ( 5.076 - 5.000 ) 
    Source Clock Delay      (SCD):    0.120ns
    Clock Pessimism Removal (CPR):    0.000ns
  Clock Uncertainty:      0.300ns  (CJ)/2 + PE + PJ
    Clock Jitter             (CJ):    0.600ns
    Phase Error              (PE):    0.000ns
    Phase Jitter             (PJ):    0.000ns

    Location             Delay type                Incr(ns)  Path(ns)    Netlist Resource(s)
  -------------------------------------------------------------------    -------------------
                         (clock scheduler_clk rise edge)
                                                      0.000     0.000 r  
                                                      0.000     0.000 r  clk_i (IN)
                         net (fo=1959, unset)         0.120     0.120    i_scheduler_core/i_round_engine/clk_i
                         FDCE                                         r  i_scheduler_core/i_round_engine/FSM_onehot_st_q_reg[4]/C
  -------------------------------------------------------------------    -------------------
                         FDCE (Prop_FDCE_C_Q)         0.090     0.210 f  i_scheduler_core/i_round_engine/FSM_onehot_st_q_reg[4]/Q
                         net (fo=5, unplaced)         0.271     0.481    i_scheduler_core/i_round_engine/i_transition_eval/global_token_q_reg[profile_addr][4][4]
                         LUT6 (Prop_LUT6_I2_O)        0.088     0.569 r  i_scheduler_core/i_round_engine/i_transition_eval/g0_b0_i_6/O
                         net (fo=29, unplaced)        0.185     0.754    i_scheduler_core/i_round_engine/i_transition_eval/FSM_onehot_st_q_reg[0]
                         LUT6 (Prop_LUT6_I0_O)        0.074     0.828 r  i_scheduler_core/i_round_engine/i_transition_eval/g0_b0_i_1/O
                         net (fo=85, unplaced)        0.210     1.038    i_scheduler_core/i_round_engine/i_transition_eval/decode_address[0]
                         LUT5 (Prop_LUT5_I2_O)        0.074     1.112 r  i_scheduler_core/i_round_engine/i_transition_eval/commit_task_q[1][tok_start][7]_i_4/O
                         net (fo=48, unplaced)        0.279     1.391    i_scheduler_core/i_round_engine/i_transition_eval/decoded_profile[selector_a][1]
                         LUT6 (Prop_LUT6_I2_O)        0.088     1.479 f  i_scheduler_core/i_round_engine/i_transition_eval/commit_remove_eid_a_q[0]_i_3/O
                         net (fo=4, unplaced)         0.140     1.619    i_scheduler_core/i_round_engine/i_transition_eval/hot_q_reg[3][eid][0]_0
                         LUT6 (Prop_LUT6_I0_O)        0.074     1.693 r  i_scheduler_core/i_round_engine/i_transition_eval/commit_remove_eid_a_q[0]_i_2/O
                         net (fo=8, unplaced)         0.238     1.931    i_scheduler_core/i_round_engine/i_transition_eval/hot_q_reg[4][eid][0]_0
                         LUT6 (Prop_LUT6_I2_O)        0.088     2.019 f  i_scheduler_core/i_round_engine/i_transition_eval/commit_task_q[0][dma_late_both]_i_16/O
                         net (fo=1, unplaced)         0.210     2.229    i_scheduler_core/i_round_engine/i_transition_eval/commit_task_q[0][dma_late_both]_i_16_n_0
                         LUT6 (Prop_LUT6_I2_O)        0.088     2.317 f  i_scheduler_core/i_round_engine/i_transition_eval/commit_task_q[0][dma_late_both]_i_7/O
                         net (fo=7, unplaced)         0.170     2.487    i_scheduler_core/i_round_engine/i_bound_score/dma_q[11]_bret__1_bret__4_i_9
                         LUT6 (Prop_LUT6_I4_O)        0.051     2.538 r  i_scheduler_core/i_round_engine/i_bound_score/dma_q[13]_bret__2_bret__4_i_11/O
                         net (fo=28, unplaced)        0.267     2.805    i_scheduler_core/i_round_engine/i_transition_eval/dma_q[11]_bret__1_bret__4_i_3_0
                         LUT6 (Prop_LUT6_I2_O)        0.088     2.893 f  i_scheduler_core/i_round_engine/i_transition_eval/dma_q[1]_bret__1_i_8/O
                         net (fo=2, unplaced)         0.210     3.103    i_scheduler_core/i_round_engine/i_transition_eval/dma_q[1]_bret__1_i_8_n_0
                         LUT6 (Prop_LUT6_I1_O)        0.088     3.191 r  i_scheduler_core/i_round_engine/i_transition_eval/dma_q[1]_bret__1_i_13/O
                         net (fo=7, unplaced)         0.153     3.344    i_scheduler_core/i_round_engine/i_bound_score/dma_q_reg[13]_bret__2_bret_i_93/I3
                         LUTCY2 (Prop_LUTCY2_I3_GE)
                                                      0.074     3.418 r  i_scheduler_core/i_round_engine/i_bound_score/dma_q_reg[13]_bret__2_bret_i_93/LUTCY2_INST/GE
                         net (fo=1, unplaced)         0.036     3.454    i_scheduler_core/i_round_engine/i_bound_score/dma_q_reg[13]_bret__2_bret_i_93_n_0
                         LOOKAHEAD8 (Prop_LOOKAHEAD8_GEA_COUTH)
                                                      0.242     3.696 r  i_scheduler_core/i_round_engine/i_bound_score/dma_q_reg[13]_bret__2_bret_i_70/COUTH
                         net (fo=3, unplaced)         0.002     3.698    i_scheduler_core/i_round_engine/i_bound_score/dma_q_reg[13]_bret__2_bret_i_70_n_3
                         LOOKAHEAD8 (Prop_LOOKAHEAD8_CIN_COUTD)
                                                      0.042     3.740 r  i_scheduler_core/i_round_engine/i_bound_score/dma_q_reg[13]_bret__2_bret_i_35/COUTD
                         net (fo=2, unplaced)         0.014     3.754    i_scheduler_core/i_round_engine/i_bound_score/dma_q_reg[13]_bret__2_bret_i_16/I4
                         LUTCY2 (Prop_LUTCY2_I4_O)    0.048     3.802 r  i_scheduler_core/i_round_engine/i_bound_score/dma_q_reg[13]_bret__2_bret_i_16/LUTCY2_INST/O
                         net (fo=20, unplaced)        0.194     3.996    i_scheduler_core/i_round_engine/i_transition_eval/next_valid6
                         LUT3 (Prop_LUT3_I1_O)        0.051     4.047 r  i_scheduler_core/i_round_engine/i_transition_eval/dma_q[4]_bret__2_bret_i_3/O
                         net (fo=5, unplaced)         0.228     4.275    i_scheduler_core/i_round_engine/i_bound_score/dma_q_reg[13]_bret__2_bret_i_65/I2
                         LUTCY1 (Prop_LUTCY1_I2_PROP)
                                                      0.079     4.354 r  i_scheduler_core/i_round_engine/i_bound_score/dma_q_reg[13]_bret__2_bret_i_65/LUTCY1_INST/PROP
                         net (fo=1, unplaced)         0.000     4.354    i_scheduler_core/i_round_engine/i_bound_score/dma_q_reg[13]_bret__2_bret_i_65_n_3
                         LOOKAHEAD8 (Prop_LOOKAHEAD8_PROPD_COUTH)
                                                      0.163     4.517 f  i_scheduler_core/i_round_engine/i_bound_score/dma_q_reg[13]_bret__2_bret_i_30/COUTH
                         net (fo=3, unplaced)         0.002     4.519    i_scheduler_core/i_round_engine/i_bound_score/dma_q_reg[13]_bret__2_bret_i_30_n_3
                         LOOKAHEAD8 (Prop_LOOKAHEAD8_CIN_COUTD)
                                                      0.042     4.561 f  i_scheduler_core/i_round_engine/i_bound_score/dma_q_reg[13]_bret__2_bret_i_14/COUTD
                         net (fo=2, unplaced)         0.014     4.575    i_scheduler_core/i_round_engine/i_bound_score/dma_q_reg[13]_bret__2_bret_i_5/I4
                         LUTCY2 (Prop_LUTCY2_I4_O)    0.048     4.623 f  i_scheduler_core/i_round_engine/i_bound_score/dma_q_reg[13]_bret__2_bret_i_5/LUTCY2_INST/O
                         net (fo=16, unplaced)        0.189     4.812    i_scheduler_core/i_round_engine/i_bound_score/next_valid3
                         LUT4 (Prop_LUT4_I3_O)        0.051     4.863 r  i_scheduler_core/i_round_engine/i_bound_score/dma_q[6]_bret__2_bret__3_i_1/O
                         net (fo=32, unplaced)        0.270     5.133    i_scheduler_core/i_round_engine/i_bound_score/dma_q_reg[6]_bret__2_bret__1_i_9/I2
                         LUTCY2 (Prop_LUTCY2_I2_GE)
                                                      0.088     5.221 r  i_scheduler_core/i_round_engine/i_bound_score/dma_q_reg[6]_bret__2_bret__1_i_9/LUTCY2_INST/GE
                         net (fo=1, unplaced)         0.036     5.257    i_scheduler_core/i_round_engine/i_bound_score/dma_q_reg[6]_bret__2_bret__1_i_9_n_0
                         LOOKAHEAD8 (Prop_LOOKAHEAD8_GEA_COUTH)
                                                      0.242     5.499 r  i_scheduler_core/i_round_engine/i_bound_score/dma_q_reg[6]_bret__2_bret__1_i_3/COUTH
                         net (fo=3, unplaced)         0.002     5.501    i_scheduler_core/i_round_engine/i_bound_score/dma_q_reg[6]_bret__2_bret__1_i_3_n_3
                         LOOKAHEAD8 (Prop_LOOKAHEAD8_CIN_COUTD)
                                                      0.042     5.543 r  i_scheduler_core/i_round_engine/i_bound_score/dma_q_reg[6]_bret__2_bret__1_i_2/COUTD
                         net (fo=2, unplaced)         0.014     5.557    i_scheduler_core/i_round_engine/i_bound_score/dma_q_reg[6]_bret__2_bret__1_i_1/I4
                         LUTCY2 (Prop_LUTCY2_I4_O)    0.048     5.605 r  i_scheduler_core/i_round_engine/i_bound_score/dma_q_reg[6]_bret__2_bret__1_i_1/LUTCY2_INST/O
                         net (fo=6, unplaced)         0.066     5.671    i_scheduler_core/i_round_engine/i_bound_score/next_event3
                         FDCE                                         r  i_scheduler_core/i_round_engine/i_bound_score/dma_q_reg[6]_bret__2_bret__1/D
  -------------------------------------------------------------------    -------------------

                         (clock scheduler_clk rise edge)
                                                      5.000     5.000 r  
                                                      0.000     5.000 r  clk_i (IN)
                         net (fo=1959, unset)         0.076     5.076    i_scheduler_core/i_round_engine/i_bound_score/clk_i
                         FDCE                                         r  i_scheduler_core/i_round_engine/i_bound_score/dma_q_reg[6]_bret__2_bret__1/C
                         clock pessimism              0.000     5.076    
                         clock uncertainty           -0.300     4.776    
                         FDCE (Setup_FDCE_C_D)        0.007     4.783    i_scheduler_core/i_round_engine/i_bound_score/dma_q_reg[6]_bret__2_bret__1
  -------------------------------------------------------------------
                         required time                          4.783    
                         arrival time                          -5.671    
  -------------------------------------------------------------------
                         slack                                 -0.888    

Slack (VIOLATED) :        -0.865ns  (required time - arrival time)
  Source:                 i_scheduler_core/i_round_engine/i_transition_eval/c2_endpoint_q_reg[task_end][1]_bret__6_bret__30_bret_bret_bret__1/C
                            (rising edge-triggered cell FDPE clocked by scheduler_clk  {rise@0.000ns fall@2.500ns period=5.000ns})
  Destination:            i_scheduler_core/i_round_engine/i_bound_score/scratch_q_reg[11]/D
                            (rising edge-triggered cell FDCE clocked by scheduler_clk  {rise@0.000ns fall@2.500ns period=5.000ns})
  Path Group:             scheduler_clk
  Path Type:              Setup (Max at Slow Process Corner)
  Requirement:            5.000ns  (scheduler_clk rise@5.000ns - scheduler_clk rise@0.000ns)
  Data Path Delay:        5.434ns  (logic 2.115ns (38.922%)  route 3.319ns (61.078%))
  Logic Levels:           21  (LOOKAHEAD8=6 LUT3=3 LUT4=1 LUT5=2 LUT6=4 LUTCY1=2 LUTCY2=3)
  Clock Path Skew:        -0.138ns (DCD - SCD + CPR)
    Destination Clock Delay (DCD):    0.080ns = ( 5.080 - 5.000 ) 
    Source Clock Delay      (SCD):    0.218ns
    Clock Pessimism Removal (CPR):    0.000ns
  Clock Uncertainty:      0.300ns  (CJ)/2 + PE + PJ
    Clock Jitter             (CJ):    0.600ns
    Phase Error              (PE):    0.000ns
    Phase Jitter             (PJ):    0.000ns

    Location             Delay type                Incr(ns)  Path(ns)    Netlist Resource(s)
  -------------------------------------------------------------------    -------------------
                         (clock scheduler_clk rise edge)
                                                      0.000     0.000 r  
                                                      0.000     0.000 r  clk_i (IN)
                         net (fo=1959, unset)         0.218     0.218    i_scheduler_core/i_round_engine/i_transition_eval/clk_i
                         FDPE                                         r  i_scheduler_core/i_round_engine/i_transition_eval/c2_endpoint_q_reg[task_end][1]_bret__6_bret__30_bret_bret_bret__1/C
  -------------------------------------------------------------------    -------------------
                         FDPE (Prop_FDPE_C_Q)         0.090     0.308 f  i_scheduler_core/i_round_engine/i_transition_eval/c2_endpoint_q_reg[task_end][1]_bret__6_bret__30_bret_bret_bret__1/Q
                         net (fo=1, unplaced)         0.165     0.473    i_scheduler_core/i_round_engine/i_transition_eval/c2_endpoint_q_reg[task_end][1]_bret__6_bret__30_bret_bret_bret__1_n_0
                         LUT5 (Prop_LUT5_I2_O)        0.074     0.547 f  i_scheduler_core/i_round_engine/i_transition_eval/c2_endpoint_q[dma3_end][12]_bret_i_5/O
                         net (fo=1, unplaced)         0.145     0.692    i_scheduler_core/i_round_engine/i_transition_eval/c2_endpoint_q[dma3_end][12]_bret_i_5_n_0
                         LUT5 (Prop_LUT5_I4_O)        0.051     0.743 r  i_scheduler_core/i_round_engine/i_transition_eval/c2_endpoint_q[dma3_end][12]_bret_i_4/O
                         net (fo=1, unplaced)         0.145     0.888    i_scheduler_core/i_round_engine/i_transition_eval/c2_endpoint_q[dma3_end][12]_bret_i_4_n_0
                         LUT6 (Prop_LUT6_I5_O)        0.051     0.939 r  i_scheduler_core/i_round_engine/i_transition_eval/c2_endpoint_q[dma3_end][12]_bret_i_3/O
                         net (fo=32, unplaced)        0.205     1.144    i_scheduler_core/i_round_engine/i_transition_eval/c2_endpoint_q[dma3_end][12]_bret_i_3_n_0
                         LUT3 (Prop_LUT3_I1_O)        0.051     1.195 r  i_scheduler_core/i_round_engine/i_transition_eval/c2_endpoint_q[task_end][0]_bret_i_3/O
                         net (fo=2, unplaced)         0.210     1.405    i_scheduler_core/i_round_engine/i_transition_eval/c2_endpoint_q_reg[task_end][0]_bret_i_2/I2
                         LUTCY2 (Prop_LUTCY2_I2_GE)
                                                      0.088     1.493 r  i_scheduler_core/i_round_engine/i_transition_eval/c2_endpoint_q_reg[task_end][0]_bret_i_2/LUTCY2_INST/GE
                         net (fo=1, unplaced)         0.036     1.529    i_scheduler_core/i_round_engine/i_transition_eval/c2_endpoint_q_reg[task_end][0]_bret_i_2_n_0
                         LOOKAHEAD8 (Prop_LOOKAHEAD8_GEA_COUTH)
                                                      0.242     1.771 r  i_scheduler_core/i_round_engine/i_transition_eval/c2_endpoint_q_reg[task_end][4]_bret_i_4/COUTH
                         net (fo=3, unplaced)         0.198     1.969    i_scheduler_core/i_round_engine/i_transition_eval/c2_endpoint_q_reg[task_end][9]_bret_i_3/I4
                         LUTCY1 (Prop_LUTCY1_I4_O)    0.057     2.026 r  i_scheduler_core/i_round_engine/i_transition_eval/c2_endpoint_q_reg[task_end][9]_bret_i_3/LUTCY1_INST/O
                         net (fo=1, unplaced)         0.206     2.232    i_scheduler_core/i_round_engine/i_transition_eval/timeline_o[task_end]10_in[8]
                         LUT4 (Prop_LUT4_I0_O)        0.074     2.306 r  i_scheduler_core/i_round_engine/i_transition_eval/c2_endpoint_q[task_end][8]_bret_i_2/O
                         net (fo=3, unplaced)         0.151     2.457    i_scheduler_core/i_round_engine/i_transition_eval/c2_endpoint_q[8]
                         LUT3 (Prop_LUT3_I2_O)        0.051     2.508 r  i_scheduler_core/i_round_engine/i_transition_eval/c2_endpoint_q[task_end][8]_bret__1_i_1/O
                         net (fo=12, unplaced)        0.182     2.690    i_scheduler_core/i_round_engine/i_transition_eval/c2_endpoint_q[task_end][8]_bret__1_i_1_n_0
                         LUT3 (Prop_LUT3_I2_O)        0.051     2.741 r  i_scheduler_core/i_round_engine/i_transition_eval/h_load_c3_q[8]_i_2/O
                         net (fo=18, unplaced)        0.175     2.916    i_scheduler_core/i_round_engine/i_transition_eval/scratch_q_reg[13]_i_58/I3
                         LUTCY1 (Prop_LUTCY1_I3_PROP)
                                                      0.073     2.989 r  i_scheduler_core/i_round_engine/i_transition_eval/scratch_q_reg[13]_i_58/LUTCY1_INST/PROP
                         net (fo=1, unplaced)         0.002     2.991    i_scheduler_core/i_round_engine/i_transition_eval/scratch_q_reg[13]_i_58_n_3
                         LOOKAHEAD8 (Prop_LOOKAHEAD8_PROPE_COUTH)
                                                      0.130     3.121 r  i_scheduler_core/i_round_engine/i_transition_eval/scratch_q_reg[13]_i_42/COUTH
                         net (fo=39, unplaced)        0.342     3.463    i_scheduler_core/i_round_engine/i_transition_eval/scratch_q_reg[13]_i_43/I1
                         LUTCY2 (Prop_LUTCY2_I1_GE)
                                                      0.120     3.583 r  i_scheduler_core/i_round_engine/i_transition_eval/scratch_q_reg[13]_i_43/LUTCY2_INST/GE
                         net (fo=1, unplaced)         0.036     3.619    i_scheduler_core/i_round_engine/i_transition_eval/scratch_q_reg[13]_i_43_n_0
                         LOOKAHEAD8 (Prop_LOOKAHEAD8_GEA_COUTH)
                                                      0.242     3.861 r  i_scheduler_core/i_round_engine/i_transition_eval/scratch_q_reg[13]_i_35/COUTH
                         net (fo=3, unplaced)         0.002     3.863    i_scheduler_core/i_round_engine/i_transition_eval/scratch_q_reg[13]_i_35_n_3
                         LOOKAHEAD8 (Prop_LOOKAHEAD8_CIN_COUTF)
                                                      0.053     3.916 r  i_scheduler_core/i_round_engine/i_transition_eval/scratch_q_reg[13]_i_25/COUTF
                         net (fo=13, unplaced)        0.308     4.224    i_scheduler_core/i_round_engine/i_transition_eval/scratch_q_reg[13]_i_25_n_2
                         LUT6 (Prop_LUT6_I4_O)        0.051     4.275 f  i_scheduler_core/i_round_engine/i_transition_eval/scratch_q[1]_i_5/O
                         net (fo=3, unplaced)         0.193     4.468    i_scheduler_core/i_round_engine/i_transition_eval/scratch_q_reg[13]_i_27/I0
                         LUTCY2 (Prop_LUTCY2_I0_GE)
                                                      0.132     4.600 r  i_scheduler_core/i_round_engine/i_transition_eval/scratch_q_reg[13]_i_27/LUTCY2_INST/GE
                         net (fo=1, unplaced)         0.036     4.636    i_scheduler_core/i_round_engine/i_transition_eval/scratch_q_reg[13]_i_27_n_0
                         LOOKAHEAD8 (Prop_LOOKAHEAD8_GEA_COUTH)
                                                      0.242     4.878 r  i_scheduler_core/i_round_engine/i_transition_eval/scratch_q_reg[13]_i_18/COUTH
                         net (fo=3, unplaced)         0.002     4.880    i_scheduler_core/i_round_engine/i_transition_eval/scratch_q_reg[13]_i_18_n_3
                         LOOKAHEAD8 (Prop_LOOKAHEAD8_CIN_COUTF)
                                                      0.053     4.933 r  i_scheduler_core/i_round_engine/i_transition_eval/scratch_q_reg[13]_i_9/COUTF
                         net (fo=13, unplaced)        0.308     5.241    i_scheduler_core/i_round_engine/i_transition_eval/i_bound_score/min_t_return1
                         LUT6 (Prop_LUT6_I4_O)        0.051     5.292 r  i_scheduler_core/i_round_engine/i_transition_eval/scratch_q[11]_i_2/O
                         net (fo=1, unplaced)         0.210     5.502    i_scheduler_core/i_round_engine/i_bound_score/scratch_q_reg[11]_0
                         LUT6 (Prop_LUT6_I1_O)        0.088     5.590 r  i_scheduler_core/i_round_engine/i_bound_score/scratch_q[11]_i_1/O
                         net (fo=1, unplaced)         0.062     5.652    i_scheduler_core/i_round_engine/i_bound_score/scratch_q[11]_i_1_n_0
                         FDCE                                         r  i_scheduler_core/i_round_engine/i_bound_score/scratch_q_reg[11]/D
  -------------------------------------------------------------------    -------------------

                         (clock scheduler_clk rise edge)
                                                      5.000     5.000 r  
                                                      0.000     5.000 r  clk_i (IN)
                         net (fo=1959, unset)         0.080     5.080    i_scheduler_core/i_round_engine/i_bound_score/clk_i
                         FDCE                                         r  i_scheduler_core/i_round_engine/i_bound_score/scratch_q_reg[11]/C
                         clock pessimism              0.000     5.080    
                         clock uncertainty           -0.300     4.780    
                         FDCE (Setup_FDCE_C_D)        0.007     4.787    i_scheduler_core/i_round_engine/i_bound_score/scratch_q_reg[11]
  -------------------------------------------------------------------
                         required time                          4.787    
                         arrival time                          -5.652    
  -------------------------------------------------------------------
                         slack                                 -0.865    

Slack (VIOLATED) :        -0.865ns  (required time - arrival time)
  Source:                 i_scheduler_core/i_round_engine/i_transition_eval/c2_endpoint_q_reg[task_end][1]_bret__6_bret__30_bret_bret_bret__1/C
                            (rising edge-triggered cell FDPE clocked by scheduler_clk  {rise@0.000ns fall@2.500ns period=5.000ns})
  Destination:            i_scheduler_core/i_round_engine/i_bound_score/scratch_q_reg[13]/D
                            (rising edge-triggered cell FDCE clocked by scheduler_clk  {rise@0.000ns fall@2.500ns period=5.000ns})
  Path Group:             scheduler_clk
  Path Type:              Setup (Max at Slow Process Corner)
  Requirement:            5.000ns  (scheduler_clk rise@5.000ns - scheduler_clk rise@0.000ns)
  Data Path Delay:        5.434ns  (logic 2.115ns (38.922%)  route 3.319ns (61.078%))
  Logic Levels:           21  (LOOKAHEAD8=6 LUT3=3 LUT4=1 LUT5=2 LUT6=4 LUTCY1=2 LUTCY2=3)
  Clock Path Skew:        -0.138ns (DCD - SCD + CPR)
    Destination Clock Delay (DCD):    0.080ns = ( 5.080 - 5.000 ) 
    Source Clock Delay      (SCD):    0.218ns
    Clock Pessimism Removal (CPR):    0.000ns
  Clock Uncertainty:      0.300ns  (CJ)/2 + PE + PJ
    Clock Jitter             (CJ):    0.600ns
    Phase Error              (PE):    0.000ns
    Phase Jitter             (PJ):    0.000ns

    Location             Delay type                Incr(ns)  Path(ns)    Netlist Resource(s)
  -------------------------------------------------------------------    -------------------
                         (clock scheduler_clk rise edge)
                                                      0.000     0.000 r  
                                                      0.000     0.000 r  clk_i (IN)
                         net (fo=1959, unset)         0.218     0.218    i_scheduler_core/i_round_engine/i_transition_eval/clk_i
                         FDPE                                         r  i_scheduler_core/i_round_engine/i_transition_eval/c2_endpoint_q_reg[task_end][1]_bret__6_bret__30_bret_bret_bret__1/C
  -------------------------------------------------------------------    -------------------
                         FDPE (Prop_FDPE_C_Q)         0.090     0.308 f  i_scheduler_core/i_round_engine/i_transition_eval/c2_endpoint_q_reg[task_end][1]_bret__6_bret__30_bret_bret_bret__1/Q
                         net (fo=1, unplaced)         0.165     0.473    i_scheduler_core/i_round_engine/i_transition_eval/c2_endpoint_q_reg[task_end][1]_bret__6_bret__30_bret_bret_bret__1_n_0
                         LUT5 (Prop_LUT5_I2_O)        0.074     0.547 f  i_scheduler_core/i_round_engine/i_transition_eval/c2_endpoint_q[dma3_end][12]_bret_i_5/O
                         net (fo=1, unplaced)         0.145     0.692    i_scheduler_core/i_round_engine/i_transition_eval/c2_endpoint_q[dma3_end][12]_bret_i_5_n_0
                         LUT5 (Prop_LUT5_I4_O)        0.051     0.743 r  i_scheduler_core/i_round_engine/i_transition_eval/c2_endpoint_q[dma3_end][12]_bret_i_4/O
                         net (fo=1, unplaced)         0.145     0.888    i_scheduler_core/i_round_engine/i_transition_eval/c2_endpoint_q[dma3_end][12]_bret_i_4_n_0
                         LUT6 (Prop_LUT6_I5_O)        0.051     0.939 r  i_scheduler_core/i_round_engine/i_transition_eval/c2_endpoint_q[dma3_end][12]_bret_i_3/O
                         net (fo=32, unplaced)        0.205     1.144    i_scheduler_core/i_round_engine/i_transition_eval/c2_endpoint_q[dma3_end][12]_bret_i_3_n_0
                         LUT3 (Prop_LUT3_I1_O)        0.051     1.195 r  i_scheduler_core/i_round_engine/i_transition_eval/c2_endpoint_q[task_end][0]_bret_i_3/O
                         net (fo=2, unplaced)         0.210     1.405    i_scheduler_core/i_round_engine/i_transition_eval/c2_endpoint_q_reg[task_end][0]_bret_i_2/I2
                         LUTCY2 (Prop_LUTCY2_I2_GE)
                                                      0.088     1.493 r  i_scheduler_core/i_round_engine/i_transition_eval/c2_endpoint_q_reg[task_end][0]_bret_i_2/LUTCY2_INST/GE
                         net (fo=1, unplaced)         0.036     1.529    i_scheduler_core/i_round_engine/i_transition_eval/c2_endpoint_q_reg[task_end][0]_bret_i_2_n_0
                         LOOKAHEAD8 (Prop_LOOKAHEAD8_GEA_COUTH)
                                                      0.242     1.771 r  i_scheduler_core/i_round_engine/i_transition_eval/c2_endpoint_q_reg[task_end][4]_bret_i_4/COUTH
                         net (fo=3, unplaced)         0.198     1.969    i_scheduler_core/i_round_engine/i_transition_eval/c2_endpoint_q_reg[task_end][9]_bret_i_3/I4
                         LUTCY1 (Prop_LUTCY1_I4_O)    0.057     2.026 r  i_scheduler_core/i_round_engine/i_transition_eval/c2_endpoint_q_reg[task_end][9]_bret_i_3/LUTCY1_INST/O
                         net (fo=1, unplaced)         0.206     2.232    i_scheduler_core/i_round_engine/i_transition_eval/timeline_o[task_end]10_in[8]
                         LUT4 (Prop_LUT4_I0_O)        0.074     2.306 r  i_scheduler_core/i_round_engine/i_transition_eval/c2_endpoint_q[task_end][8]_bret_i_2/O
                         net (fo=3, unplaced)         0.151     2.457    i_scheduler_core/i_round_engine/i_transition_eval/c2_endpoint_q[8]
                         LUT3 (Prop_LUT3_I2_O)        0.051     2.508 r  i_scheduler_core/i_round_engine/i_transition_eval/c2_endpoint_q[task_end][8]_bret__1_i_1/O
                         net (fo=12, unplaced)        0.182     2.690    i_scheduler_core/i_round_engine/i_transition_eval/c2_endpoint_q[task_end][8]_bret__1_i_1_n_0
                         LUT3 (Prop_LUT3_I2_O)        0.051     2.741 r  i_scheduler_core/i_round_engine/i_transition_eval/h_load_c3_q[8]_i_2/O
                         net (fo=18, unplaced)        0.175     2.916    i_scheduler_core/i_round_engine/i_transition_eval/scratch_q_reg[13]_i_58/I3
                         LUTCY1 (Prop_LUTCY1_I3_PROP)
                                                      0.073     2.989 r  i_scheduler_core/i_round_engine/i_transition_eval/scratch_q_reg[13]_i_58/LUTCY1_INST/PROP
                         net (fo=1, unplaced)         0.002     2.991    i_scheduler_core/i_round_engine/i_transition_eval/scratch_q_reg[13]_i_58_n_3
                         LOOKAHEAD8 (Prop_LOOKAHEAD8_PROPE_COUTH)
                                                      0.130     3.121 r  i_scheduler_core/i_round_engine/i_transition_eval/scratch_q_reg[13]_i_42/COUTH
                         net (fo=39, unplaced)        0.342     3.463    i_scheduler_core/i_round_engine/i_transition_eval/scratch_q_reg[13]_i_43/I1
                         LUTCY2 (Prop_LUTCY2_I1_GE)
                                                      0.120     3.583 r  i_scheduler_core/i_round_engine/i_transition_eval/scratch_q_reg[13]_i_43/LUTCY2_INST/GE
                         net (fo=1, unplaced)         0.036     3.619    i_scheduler_core/i_round_engine/i_transition_eval/scratch_q_reg[13]_i_43_n_0
                         LOOKAHEAD8 (Prop_LOOKAHEAD8_GEA_COUTH)
                                                      0.242     3.861 r  i_scheduler_core/i_round_engine/i_transition_eval/scratch_q_reg[13]_i_35/COUTH
                         net (fo=3, unplaced)         0.002     3.863    i_scheduler_core/i_round_engine/i_transition_eval/scratch_q_reg[13]_i_35_n_3
                         LOOKAHEAD8 (Prop_LOOKAHEAD8_CIN_COUTF)
                                                      0.053     3.916 r  i_scheduler_core/i_round_engine/i_transition_eval/scratch_q_reg[13]_i_25/COUTF
                         net (fo=13, unplaced)        0.308     4.224    i_scheduler_core/i_round_engine/i_transition_eval/scratch_q_reg[13]_i_25_n_2
                         LUT6 (Prop_LUT6_I4_O)        0.051     4.275 f  i_scheduler_core/i_round_engine/i_transition_eval/scratch_q[1]_i_5/O
                         net (fo=3, unplaced)         0.193     4.468    i_scheduler_core/i_round_engine/i_transition_eval/scratch_q_reg[13]_i_27/I0
                         LUTCY2 (Prop_LUTCY2_I0_GE)
                                                      0.132     4.600 r  i_scheduler_core/i_round_engine/i_transition_eval/scratch_q_reg[13]_i_27/LUTCY2_INST/GE
                         net (fo=1, unplaced)         0.036     4.636    i_scheduler_core/i_round_engine/i_transition_eval/scratch_q_reg[13]_i_27_n_0
                         LOOKAHEAD8 (Prop_LOOKAHEAD8_GEA_COUTH)
                                                      0.242     4.878 r  i_scheduler_core/i_round_engine/i_transition_eval/scratch_q_reg[13]_i_18/COUTH
                         net (fo=3, unplaced)         0.002     4.880    i_scheduler_core/i_round_engine/i_transition_eval/scratch_q_reg[13]_i_18_n_3
                         LOOKAHEAD8 (Prop_LOOKAHEAD8_CIN_COUTF)
                                                      0.053     4.933 r  i_scheduler_core/i_round_engine/i_transition_eval/scratch_q_reg[13]_i_9/COUTF
                         net (fo=13, unplaced)        0.308     5.241    i_scheduler_core/i_round_engine/i_transition_eval/i_bound_score/min_t_return1
                         LUT6 (Prop_LUT6_I4_O)        0.051     5.292 r  i_scheduler_core/i_round_engine/i_transition_eval/scratch_q[13]_i_4/O
                         net (fo=1, unplaced)         0.210     5.502    i_scheduler_core/i_round_engine/i_bound_score/scratch_q_reg[13]_1
                         LUT6 (Prop_LUT6_I1_O)        0.088     5.590 r  i_scheduler_core/i_round_engine/i_bound_score/scratch_q[13]_i_2/O
                         net (fo=1, unplaced)         0.062     5.652    i_scheduler_core/i_round_engine/i_bound_score/scratch_q[13]_i_2_n_0
                         FDCE                                         r  i_scheduler_core/i_round_engine/i_bound_score/scratch_q_reg[13]/D
  -------------------------------------------------------------------    -------------------

                         (clock scheduler_clk rise edge)
                                                      5.000     5.000 r  
                                                      0.000     5.000 r  clk_i (IN)
                         net (fo=1959, unset)         0.080     5.080    i_scheduler_core/i_round_engine/i_bound_score/clk_i
                         FDCE                                         r  i_scheduler_core/i_round_engine/i_bound_score/scratch_q_reg[13]/C
                         clock pessimism              0.000     5.080    
                         clock uncertainty           -0.300     4.780    
                         FDCE (Setup_FDCE_C_D)        0.007     4.787    i_scheduler_core/i_round_engine/i_bound_score/scratch_q_reg[13]
  -------------------------------------------------------------------
                         required time                          4.787    
                         arrival time                          -5.652    
  -------------------------------------------------------------------
                         slack                                 -0.865    

Slack (VIOLATED) :        -0.865ns  (required time - arrival time)
  Source:                 i_scheduler_core/i_round_engine/i_transition_eval/c2_endpoint_q_reg[task_end][1]_bret__6_bret__30_bret_bret_bret__1/C
                            (rising edge-triggered cell FDPE clocked by scheduler_clk  {rise@0.000ns fall@2.500ns period=5.000ns})
  Destination:            i_scheduler_core/i_round_engine/i_bound_score/scratch_q_reg[4]/D
                            (rising edge-triggered cell FDCE clocked by scheduler_clk  {rise@0.000ns fall@2.500ns period=5.000ns})
  Path Group:             scheduler_clk
  Path Type:              Setup (Max at Slow Process Corner)
  Requirement:            5.000ns  (scheduler_clk rise@5.000ns - scheduler_clk rise@0.000ns)
  Data Path Delay:        5.434ns  (logic 2.115ns (38.922%)  route 3.319ns (61.078%))
  Logic Levels:           21  (LOOKAHEAD8=6 LUT3=3 LUT4=1 LUT5=2 LUT6=4 LUTCY1=2 LUTCY2=3)
  Clock Path Skew:        -0.138ns (DCD - SCD + CPR)
    Destination Clock Delay (DCD):    0.080ns = ( 5.080 - 5.000 ) 
    Source Clock Delay      (SCD):    0.218ns
    Clock Pessimism Removal (CPR):    0.000ns
  Clock Uncertainty:      0.300ns  (CJ)/2 + PE + PJ
    Clock Jitter             (CJ):    0.600ns
    Phase Error              (PE):    0.000ns
    Phase Jitter             (PJ):    0.000ns

    Location             Delay type                Incr(ns)  Path(ns)    Netlist Resource(s)
  -------------------------------------------------------------------    -------------------
                         (clock scheduler_clk rise edge)
                                                      0.000     0.000 r  
                                                      0.000     0.000 r  clk_i (IN)
                         net (fo=1959, unset)         0.218     0.218    i_scheduler_core/i_round_engine/i_transition_eval/clk_i
                         FDPE                                         r  i_scheduler_core/i_round_engine/i_transition_eval/c2_endpoint_q_reg[task_end][1]_bret__6_bret__30_bret_bret_bret__1/C
  -------------------------------------------------------------------    -------------------
                         FDPE (Prop_FDPE_C_Q)         0.090     0.308 f  i_scheduler_core/i_round_engine/i_transition_eval/c2_endpoint_q_reg[task_end][1]_bret__6_bret__30_bret_bret_bret__1/Q
                         net (fo=1, unplaced)         0.165     0.473    i_scheduler_core/i_round_engine/i_transition_eval/c2_endpoint_q_reg[task_end][1]_bret__6_bret__30_bret_bret_bret__1_n_0
                         LUT5 (Prop_LUT5_I2_O)        0.074     0.547 f  i_scheduler_core/i_round_engine/i_transition_eval/c2_endpoint_q[dma3_end][12]_bret_i_5/O
                         net (fo=1, unplaced)         0.145     0.692    i_scheduler_core/i_round_engine/i_transition_eval/c2_endpoint_q[dma3_end][12]_bret_i_5_n_0
                         LUT5 (Prop_LUT5_I4_O)        0.051     0.743 r  i_scheduler_core/i_round_engine/i_transition_eval/c2_endpoint_q[dma3_end][12]_bret_i_4/O
                         net (fo=1, unplaced)         0.145     0.888    i_scheduler_core/i_round_engine/i_transition_eval/c2_endpoint_q[dma3_end][12]_bret_i_4_n_0
                         LUT6 (Prop_LUT6_I5_O)        0.051     0.939 r  i_scheduler_core/i_round_engine/i_transition_eval/c2_endpoint_q[dma3_end][12]_bret_i_3/O
                         net (fo=32, unplaced)        0.205     1.144    i_scheduler_core/i_round_engine/i_transition_eval/c2_endpoint_q[dma3_end][12]_bret_i_3_n_0
                         LUT3 (Prop_LUT3_I1_O)        0.051     1.195 r  i_scheduler_core/i_round_engine/i_transition_eval/c2_endpoint_q[task_end][0]_bret_i_3/O
                         net (fo=2, unplaced)         0.210     1.405    i_scheduler_core/i_round_engine/i_transition_eval/c2_endpoint_q_reg[task_end][0]_bret_i_2/I2
                         LUTCY2 (Prop_LUTCY2_I2_GE)
                                                      0.088     1.493 r  i_scheduler_core/i_round_engine/i_transition_eval/c2_endpoint_q_reg[task_end][0]_bret_i_2/LUTCY2_INST/GE
                         net (fo=1, unplaced)         0.036     1.529    i_scheduler_core/i_round_engine/i_transition_eval/c2_endpoint_q_reg[task_end][0]_bret_i_2_n_0
                         LOOKAHEAD8 (Prop_LOOKAHEAD8_GEA_COUTH)
                                                      0.242     1.771 r  i_scheduler_core/i_round_engine/i_transition_eval/c2_endpoint_q_reg[task_end][4]_bret_i_4/COUTH
                         net (fo=3, unplaced)         0.198     1.969    i_scheduler_core/i_round_engine/i_transition_eval/c2_endpoint_q_reg[task_end][9]_bret_i_3/I4
                         LUTCY1 (Prop_LUTCY1_I4_O)    0.057     2.026 r  i_scheduler_core/i_round_engine/i_transition_eval/c2_endpoint_q_reg[task_end][9]_bret_i_3/LUTCY1_INST/O
                         net (fo=1, unplaced)         0.206     2.232    i_scheduler_core/i_round_engine/i_transition_eval/timeline_o[task_end]10_in[8]
                         LUT4 (Prop_LUT4_I0_O)        0.074     2.306 r  i_scheduler_core/i_round_engine/i_transition_eval/c2_endpoint_q[task_end][8]_bret_i_2/O
                         net (fo=3, unplaced)         0.151     2.457    i_scheduler_core/i_round_engine/i_transition_eval/c2_endpoint_q[8]
                         LUT3 (Prop_LUT3_I2_O)        0.051     2.508 r  i_scheduler_core/i_round_engine/i_transition_eval/c2_endpoint_q[task_end][8]_bret__1_i_1/O
                         net (fo=12, unplaced)        0.182     2.690    i_scheduler_core/i_round_engine/i_transition_eval/c2_endpoint_q[task_end][8]_bret__1_i_1_n_0
                         LUT3 (Prop_LUT3_I2_O)        0.051     2.741 r  i_scheduler_core/i_round_engine/i_transition_eval/h_load_c3_q[8]_i_2/O
                         net (fo=18, unplaced)        0.175     2.916    i_scheduler_core/i_round_engine/i_transition_eval/scratch_q_reg[13]_i_58/I3
                         LUTCY1 (Prop_LUTCY1_I3_PROP)
                                                      0.073     2.989 r  i_scheduler_core/i_round_engine/i_transition_eval/scratch_q_reg[13]_i_58/LUTCY1_INST/PROP
                         net (fo=1, unplaced)         0.002     2.991    i_scheduler_core/i_round_engine/i_transition_eval/scratch_q_reg[13]_i_58_n_3
                         LOOKAHEAD8 (Prop_LOOKAHEAD8_PROPE_COUTH)
                                                      0.130     3.121 r  i_scheduler_core/i_round_engine/i_transition_eval/scratch_q_reg[13]_i_42/COUTH
                         net (fo=39, unplaced)        0.342     3.463    i_scheduler_core/i_round_engine/i_transition_eval/scratch_q_reg[13]_i_43/I1
                         LUTCY2 (Prop_LUTCY2_I1_GE)
                                                      0.120     3.583 r  i_scheduler_core/i_round_engine/i_transition_eval/scratch_q_reg[13]_i_43/LUTCY2_INST/GE
                         net (fo=1, unplaced)         0.036     3.619    i_scheduler_core/i_round_engine/i_transition_eval/scratch_q_reg[13]_i_43_n_0
                         LOOKAHEAD8 (Prop_LOOKAHEAD8_GEA_COUTH)
                                                      0.242     3.861 r  i_scheduler_core/i_round_engine/i_transition_eval/scratch_q_reg[13]_i_35/COUTH
                         net (fo=3, unplaced)         0.002     3.863    i_scheduler_core/i_round_engine/i_transition_eval/scratch_q_reg[13]_i_35_n_3
                         LOOKAHEAD8 (Prop_LOOKAHEAD8_CIN_COUTF)
                                                      0.053     3.916 r  i_scheduler_core/i_round_engine/i_transition_eval/scratch_q_reg[13]_i_25/COUTF
                         net (fo=13, unplaced)        0.308     4.224    i_scheduler_core/i_round_engine/i_transition_eval/scratch_q_reg[13]_i_25_n_2
                         LUT6 (Prop_LUT6_I4_O)        0.051     4.275 f  i_scheduler_core/i_round_engine/i_transition_eval/scratch_q[1]_i_5/O
                         net (fo=3, unplaced)         0.193     4.468    i_scheduler_core/i_round_engine/i_transition_eval/scratch_q_reg[13]_i_27/I0
                         LUTCY2 (Prop_LUTCY2_I0_GE)
                                                      0.132     4.600 r  i_scheduler_core/i_round_engine/i_transition_eval/scratch_q_reg[13]_i_27/LUTCY2_INST/GE
                         net (fo=1, unplaced)         0.036     4.636    i_scheduler_core/i_round_engine/i_transition_eval/scratch_q_reg[13]_i_27_n_0
                         LOOKAHEAD8 (Prop_LOOKAHEAD8_GEA_COUTH)
                                                      0.242     4.878 r  i_scheduler_core/i_round_engine/i_transition_eval/scratch_q_reg[13]_i_18/COUTH
                         net (fo=3, unplaced)         0.002     4.880    i_scheduler_core/i_round_engine/i_transition_eval/scratch_q_reg[13]_i_18_n_3
                         LOOKAHEAD8 (Prop_LOOKAHEAD8_CIN_COUTF)
                                                      0.053     4.933 r  i_scheduler_core/i_round_engine/i_transition_eval/scratch_q_reg[13]_i_9/COUTF
                         net (fo=13, unplaced)        0.308     5.241    i_scheduler_core/i_round_engine/i_transition_eval/i_bound_score/min_t_return1
                         LUT6 (Prop_LUT6_I4_O)        0.051     5.292 r  i_scheduler_core/i_round_engine/i_transition_eval/scratch_q[4]_i_2/O
                         net (fo=1, unplaced)         0.210     5.502    i_scheduler_core/i_round_engine/i_bound_score/scratch_q_reg[4]_0
                         LUT6 (Prop_LUT6_I1_O)        0.088     5.590 r  i_scheduler_core/i_round_engine/i_bound_score/scratch_q[4]_i_1/O
                         net (fo=1, unplaced)         0.062     5.652    i_scheduler_core/i_round_engine/i_bound_score/scratch_q[4]_i_1_n_0
                         FDCE                                         r  i_scheduler_core/i_round_engine/i_bound_score/scratch_q_reg[4]/D
  -------------------------------------------------------------------    -------------------

                         (clock scheduler_clk rise edge)
                                                      5.000     5.000 r  
                                                      0.000     5.000 r  clk_i (IN)
                         net (fo=1959, unset)         0.080     5.080    i_scheduler_core/i_round_engine/i_bound_score/clk_i
                         FDCE                                         r  i_scheduler_core/i_round_engine/i_bound_score/scratch_q_reg[4]/C
                         clock pessimism              0.000     5.080    
                         clock uncertainty           -0.300     4.780    
                         FDCE (Setup_FDCE_C_D)        0.007     4.787    i_scheduler_core/i_round_engine/i_bound_score/scratch_q_reg[4]
  -------------------------------------------------------------------
                         required time                          4.787    
                         arrival time                          -5.652    
  -------------------------------------------------------------------
                         slack                                 -0.865    

Slack (VIOLATED) :        -0.865ns  (required time - arrival time)
  Source:                 i_scheduler_core/i_round_engine/i_transition_eval/c2_endpoint_q_reg[task_end][1]_bret__6_bret__30_bret_bret_bret__1/C
                            (rising edge-triggered cell FDPE clocked by scheduler_clk  {rise@0.000ns fall@2.500ns period=5.000ns})
  Destination:            i_scheduler_core/i_round_engine/i_bound_score/scratch_q_reg[6]/D
                            (rising edge-triggered cell FDCE clocked by scheduler_clk  {rise@0.000ns fall@2.500ns period=5.000ns})
  Path Group:             scheduler_clk
  Path Type:              Setup (Max at Slow Process Corner)
  Requirement:            5.000ns  (scheduler_clk rise@5.000ns - scheduler_clk rise@0.000ns)
  Data Path Delay:        5.434ns  (logic 2.115ns (38.922%)  route 3.319ns (61.078%))
  Logic Levels:           21  (LOOKAHEAD8=6 LUT3=3 LUT4=1 LUT5=2 LUT6=4 LUTCY1=2 LUTCY2=3)
  Clock Path Skew:        -0.138ns (DCD - SCD + CPR)
    Destination Clock Delay (DCD):    0.080ns = ( 5.080 - 5.000 ) 
    Source Clock Delay      (SCD):    0.218ns
    Clock Pessimism Removal (CPR):    0.000ns
  Clock Uncertainty:      0.300ns  (CJ)/2 + PE + PJ
    Clock Jitter             (CJ):    0.600ns
    Phase Error              (PE):    0.000ns
    Phase Jitter             (PJ):    0.000ns

    Location             Delay type                Incr(ns)  Path(ns)    Netlist Resource(s)
  -------------------------------------------------------------------    -------------------
                         (clock scheduler_clk rise edge)
                                                      0.000     0.000 r  
                                                      0.000     0.000 r  clk_i (IN)
                         net (fo=1959, unset)         0.218     0.218    i_scheduler_core/i_round_engine/i_transition_eval/clk_i
                         FDPE                                         r  i_scheduler_core/i_round_engine/i_transition_eval/c2_endpoint_q_reg[task_end][1]_bret__6_bret__30_bret_bret_bret__1/C
  -------------------------------------------------------------------    -------------------
                         FDPE (Prop_FDPE_C_Q)         0.090     0.308 f  i_scheduler_core/i_round_engine/i_transition_eval/c2_endpoint_q_reg[task_end][1]_bret__6_bret__30_bret_bret_bret__1/Q
                         net (fo=1, unplaced)         0.165     0.473    i_scheduler_core/i_round_engine/i_transition_eval/c2_endpoint_q_reg[task_end][1]_bret__6_bret__30_bret_bret_bret__1_n_0
                         LUT5 (Prop_LUT5_I2_O)        0.074     0.547 f  i_scheduler_core/i_round_engine/i_transition_eval/c2_endpoint_q[dma3_end][12]_bret_i_5/O
                         net (fo=1, unplaced)         0.145     0.692    i_scheduler_core/i_round_engine/i_transition_eval/c2_endpoint_q[dma3_end][12]_bret_i_5_n_0
                         LUT5 (Prop_LUT5_I4_O)        0.051     0.743 r  i_scheduler_core/i_round_engine/i_transition_eval/c2_endpoint_q[dma3_end][12]_bret_i_4/O
                         net (fo=1, unplaced)         0.145     0.888    i_scheduler_core/i_round_engine/i_transition_eval/c2_endpoint_q[dma3_end][12]_bret_i_4_n_0
                         LUT6 (Prop_LUT6_I5_O)        0.051     0.939 r  i_scheduler_core/i_round_engine/i_transition_eval/c2_endpoint_q[dma3_end][12]_bret_i_3/O
                         net (fo=32, unplaced)        0.205     1.144    i_scheduler_core/i_round_engine/i_transition_eval/c2_endpoint_q[dma3_end][12]_bret_i_3_n_0
                         LUT3 (Prop_LUT3_I1_O)        0.051     1.195 r  i_scheduler_core/i_round_engine/i_transition_eval/c2_endpoint_q[task_end][0]_bret_i_3/O
                         net (fo=2, unplaced)         0.210     1.405    i_scheduler_core/i_round_engine/i_transition_eval/c2_endpoint_q_reg[task_end][0]_bret_i_2/I2
                         LUTCY2 (Prop_LUTCY2_I2_GE)
                                                      0.088     1.493 r  i_scheduler_core/i_round_engine/i_transition_eval/c2_endpoint_q_reg[task_end][0]_bret_i_2/LUTCY2_INST/GE
                         net (fo=1, unplaced)         0.036     1.529    i_scheduler_core/i_round_engine/i_transition_eval/c2_endpoint_q_reg[task_end][0]_bret_i_2_n_0
                         LOOKAHEAD8 (Prop_LOOKAHEAD8_GEA_COUTH)
                                                      0.242     1.771 r  i_scheduler_core/i_round_engine/i_transition_eval/c2_endpoint_q_reg[task_end][4]_bret_i_4/COUTH
                         net (fo=3, unplaced)         0.198     1.969    i_scheduler_core/i_round_engine/i_transition_eval/c2_endpoint_q_reg[task_end][9]_bret_i_3/I4
                         LUTCY1 (Prop_LUTCY1_I4_O)    0.057     2.026 r  i_scheduler_core/i_round_engine/i_transition_eval/c2_endpoint_q_reg[task_end][9]_bret_i_3/LUTCY1_INST/O
                         net (fo=1, unplaced)         0.206     2.232    i_scheduler_core/i_round_engine/i_transition_eval/timeline_o[task_end]10_in[8]
                         LUT4 (Prop_LUT4_I0_O)        0.074     2.306 r  i_scheduler_core/i_round_engine/i_transition_eval/c2_endpoint_q[task_end][8]_bret_i_2/O
                         net (fo=3, unplaced)         0.151     2.457    i_scheduler_core/i_round_engine/i_transition_eval/c2_endpoint_q[8]
                         LUT3 (Prop_LUT3_I2_O)        0.051     2.508 r  i_scheduler_core/i_round_engine/i_transition_eval/c2_endpoint_q[task_end][8]_bret__1_i_1/O
                         net (fo=12, unplaced)        0.182     2.690    i_scheduler_core/i_round_engine/i_transition_eval/c2_endpoint_q[task_end][8]_bret__1_i_1_n_0
                         LUT3 (Prop_LUT3_I2_O)        0.051     2.741 r  i_scheduler_core/i_round_engine/i_transition_eval/h_load_c3_q[8]_i_2/O
                         net (fo=18, unplaced)        0.175     2.916    i_scheduler_core/i_round_engine/i_transition_eval/scratch_q_reg[13]_i_58/I3
                         LUTCY1 (Prop_LUTCY1_I3_PROP)
                                                      0.073     2.989 r  i_scheduler_core/i_round_engine/i_transition_eval/scratch_q_reg[13]_i_58/LUTCY1_INST/PROP
                         net (fo=1, unplaced)         0.002     2.991    i_scheduler_core/i_round_engine/i_transition_eval/scratch_q_reg[13]_i_58_n_3
                         LOOKAHEAD8 (Prop_LOOKAHEAD8_PROPE_COUTH)
                                                      0.130     3.121 r  i_scheduler_core/i_round_engine/i_transition_eval/scratch_q_reg[13]_i_42/COUTH
                         net (fo=39, unplaced)        0.342     3.463    i_scheduler_core/i_round_engine/i_transition_eval/scratch_q_reg[13]_i_43/I1
                         LUTCY2 (Prop_LUTCY2_I1_GE)
                                                      0.120     3.583 r  i_scheduler_core/i_round_engine/i_transition_eval/scratch_q_reg[13]_i_43/LUTCY2_INST/GE
                         net (fo=1, unplaced)         0.036     3.619    i_scheduler_core/i_round_engine/i_transition_eval/scratch_q_reg[13]_i_43_n_0
                         LOOKAHEAD8 (Prop_LOOKAHEAD8_GEA_COUTH)
                                                      0.242     3.861 r  i_scheduler_core/i_round_engine/i_transition_eval/scratch_q_reg[13]_i_35/COUTH
                         net (fo=3, unplaced)         0.002     3.863    i_scheduler_core/i_round_engine/i_transition_eval/scratch_q_reg[13]_i_35_n_3
                         LOOKAHEAD8 (Prop_LOOKAHEAD8_CIN_COUTF)
                                                      0.053     3.916 r  i_scheduler_core/i_round_engine/i_transition_eval/scratch_q_reg[13]_i_25/COUTF
                         net (fo=13, unplaced)        0.308     4.224    i_scheduler_core/i_round_engine/i_transition_eval/scratch_q_reg[13]_i_25_n_2
                         LUT6 (Prop_LUT6_I4_O)        0.051     4.275 f  i_scheduler_core/i_round_engine/i_transition_eval/scratch_q[1]_i_5/O
                         net (fo=3, unplaced)         0.193     4.468    i_scheduler_core/i_round_engine/i_transition_eval/scratch_q_reg[13]_i_27/I0
                         LUTCY2 (Prop_LUTCY2_I0_GE)
                                                      0.132     4.600 r  i_scheduler_core/i_round_engine/i_transition_eval/scratch_q_reg[13]_i_27/LUTCY2_INST/GE
                         net (fo=1, unplaced)         0.036     4.636    i_scheduler_core/i_round_engine/i_transition_eval/scratch_q_reg[13]_i_27_n_0
                         LOOKAHEAD8 (Prop_LOOKAHEAD8_GEA_COUTH)
                                                      0.242     4.878 r  i_scheduler_core/i_round_engine/i_transition_eval/scratch_q_reg[13]_i_18/COUTH
                         net (fo=3, unplaced)         0.002     4.880    i_scheduler_core/i_round_engine/i_transition_eval/scratch_q_reg[13]_i_18_n_3
                         LOOKAHEAD8 (Prop_LOOKAHEAD8_CIN_COUTF)
                                                      0.053     4.933 r  i_scheduler_core/i_round_engine/i_transition_eval/scratch_q_reg[13]_i_9/COUTF
                         net (fo=13, unplaced)        0.308     5.241    i_scheduler_core/i_round_engine/i_transition_eval/i_bound_score/min_t_return1
                         LUT6 (Prop_LUT6_I4_O)        0.051     5.292 r  i_scheduler_core/i_round_engine/i_transition_eval/scratch_q[6]_i_4/O
                         net (fo=1, unplaced)         0.210     5.502    i_scheduler_core/i_round_engine/i_bound_score/scratch_q_reg[6]_0
                         LUT6 (Prop_LUT6_I1_O)        0.088     5.590 r  i_scheduler_core/i_round_engine/i_bound_score/scratch_q[6]_i_2/O
                         net (fo=1, unplaced)         0.062     5.652    i_scheduler_core/i_round_engine/i_bound_score/scratch_q[6]_i_2_n_0
                         FDCE                                         r  i_scheduler_core/i_round_engine/i_bound_score/scratch_q_reg[6]/D
  -------------------------------------------------------------------    -------------------

                         (clock scheduler_clk rise edge)
                                                      5.000     5.000 r  
                                                      0.000     5.000 r  clk_i (IN)
                         net (fo=1959, unset)         0.080     5.080    i_scheduler_core/i_round_engine/i_bound_score/clk_i
                         FDCE                                         r  i_scheduler_core/i_round_engine/i_bound_score/scratch_q_reg[6]/C
                         clock pessimism              0.000     5.080    
                         clock uncertainty           -0.300     4.780    
                         FDCE (Setup_FDCE_C_D)        0.007     4.787    i_scheduler_core/i_round_engine/i_bound_score/scratch_q_reg[6]
  -------------------------------------------------------------------
                         required time                          4.787    
                         arrival time                          -5.652    
  -------------------------------------------------------------------
                         slack                                 -0.865    

Slack (VIOLATED) :        -0.817ns  (required time - arrival time)
  Source:                 i_scheduler_core/i_round_engine/FSM_onehot_st_q_reg[4]/C
                            (rising edge-triggered cell FDCE clocked by scheduler_clk  {rise@0.000ns fall@2.500ns period=5.000ns})
  Destination:            i_scheduler_core/i_round_engine/i_transition_eval/c2_endpoint_q_reg[task_end][1]_bret__6_bret__30_bret_bret_bret__1/D
                            (rising edge-triggered cell FDPE clocked by scheduler_clk  {rise@0.000ns fall@2.500ns period=5.000ns})
  Path Group:             scheduler_clk
  Path Type:              Setup (Max at Slow Process Corner)
  Requirement:            5.000ns  (scheduler_clk rise@5.000ns - scheduler_clk rise@0.000ns)
  Data Path Delay:        5.586ns  (logic 1.952ns (34.944%)  route 3.634ns (65.055%))
  Logic Levels:           26  (LOOKAHEAD8=4 LUT5=4 LUT6=10 LUTCY1=3 LUTCY2=5)
  Clock Path Skew:        0.062ns (DCD - SCD + CPR)
    Destination Clock Delay (DCD):    0.182ns = ( 5.182 - 5.000 ) 
    Source Clock Delay      (SCD):    0.120ns
    Clock Pessimism Removal (CPR):    0.000ns
  Clock Uncertainty:      0.300ns  (CJ)/2 + PE + PJ
    Clock Jitter             (CJ):    0.600ns
    Phase Error              (PE):    0.000ns
    Phase Jitter             (PJ):    0.000ns

    Location             Delay type                Incr(ns)  Path(ns)    Netlist Resource(s)
  -------------------------------------------------------------------    -------------------
                         (clock scheduler_clk rise edge)
                                                      0.000     0.000 r  
                                                      0.000     0.000 r  clk_i (IN)
                         net (fo=1959, unset)         0.120     0.120    i_scheduler_core/i_round_engine/clk_i
                         FDCE                                         r  i_scheduler_core/i_round_engine/FSM_onehot_st_q_reg[4]/C
  -------------------------------------------------------------------    -------------------
                         FDCE (Prop_FDCE_C_Q)         0.090     0.210 f  i_scheduler_core/i_round_engine/FSM_onehot_st_q_reg[4]/Q
                         net (fo=5, unplaced)         0.271     0.481    i_scheduler_core/i_round_engine/i_transition_eval/global_token_q_reg[profile_addr][4][4]
                         LUT6 (Prop_LUT6_I2_O)        0.088     0.569 r  i_scheduler_core/i_round_engine/i_transition_eval/g0_b0_i_6/O
                         net (fo=29, unplaced)        0.185     0.754    i_scheduler_core/i_round_engine/i_transition_eval/FSM_onehot_st_q_reg[0]
                         LUT6 (Prop_LUT6_I0_O)        0.074     0.828 r  i_scheduler_core/i_round_engine/i_transition_eval/g0_b0_i_1/O
                         net (fo=85, unplaced)        0.210     1.038    i_scheduler_core/i_round_engine/i_transition_eval/decode_address[0]
                         LUT5 (Prop_LUT5_I2_O)        0.074     1.112 r  i_scheduler_core/i_round_engine/i_transition_eval/commit_task_q[1][tok_start][7]_i_4/O
                         net (fo=48, unplaced)        0.279     1.391    i_scheduler_core/i_round_engine/i_transition_eval/decoded_profile[selector_a][1]
                         LUT6 (Prop_LUT6_I2_O)        0.088     1.479 r  i_scheduler_core/i_round_engine/i_transition_eval/s2_offset_q[2]_i_6/O
                         net (fo=6, unplaced)         0.150     1.629    i_scheduler_core/i_round_engine/i_bound_score/s2_offset_q_reg[1]_0
                         LUT6 (Prop_LUT6_I0_O)        0.074     1.703 f  i_scheduler_core/i_round_engine/i_bound_score/s2_offset_q[1]_i_2/O
                         net (fo=41, unplaced)        0.275     1.978    i_scheduler_core/i_round_engine/commit_task_q_reg[1][ntok][0]_i_2/I2
                         LUTCY2 (Prop_LUTCY2_I2_O)    0.088     2.066 r  i_scheduler_core/i_round_engine/commit_task_q_reg[1][ntok][0]_i_2/LUTCY2_INST/O
                         net (fo=3, unplaced)         0.016     2.082    i_scheduler_core/i_round_engine/commit_task_q_reg[1][ntok][1]_i_3/I4
                         LUTCY2 (Prop_LUTCY2_I4_O)    0.050     2.132 r  i_scheduler_core/i_round_engine/commit_task_q_reg[1][ntok][1]_i_3/LUTCY2_INST/O
                         net (fo=1, unplaced)         0.000     2.132    i_scheduler_core/i_round_engine/commit_task_q_reg[1][ntok][1]_i_3_n_2
                         LOOKAHEAD8 (Prop_LOOKAHEAD8_CYB_COUTD)
                                                      0.113     2.245 r  i_scheduler_core/i_round_engine/commit_task_q_reg[1][ntok][8]_i_7/COUTD
                         net (fo=2, unplaced)         0.014     2.259    i_scheduler_core/i_round_engine/commit_task_q_reg[1][ntok][4]_i_2/I4
                         LUTCY2 (Prop_LUTCY2_I4_O)    0.048     2.307 r  i_scheduler_core/i_round_engine/commit_task_q_reg[1][ntok][4]_i_2/LUTCY2_INST/O
                         net (fo=3, unplaced)         0.022     2.329    i_scheduler_core/i_round_engine/commit_task_q_reg[1][ntok][5]_i_5/I4
                         LUTCY1 (Prop_LUTCY1_I4_O)    0.056     2.385 r  i_scheduler_core/i_round_engine/commit_task_q_reg[1][ntok][5]_i_5/LUTCY1_INST/O
                         net (fo=1, unplaced)         0.206     2.591    i_scheduler_core/i_round_engine/i_transition_eval/commit_task_q_reg[1][ntok][5]
                         LUT5 (Prop_LUT5_I0_O)        0.074     2.665 r  i_scheduler_core/i_round_engine/i_transition_eval/commit_task_q[1][ntok][5]_i_2/O
                         net (fo=2, unplaced)         0.145     2.810    i_scheduler_core/i_round_engine/i_transition_eval/profile_addr_q_reg[4]_0
                         LUT6 (Prop_LUT6_I5_O)        0.051     2.861 f  i_scheduler_core/i_round_engine/i_transition_eval/c2_endpoint_q[task_end][1]_bret__6_bret__18_i_2/O
                         net (fo=8, unplaced)         0.156     3.017    i_scheduler_core/i_round_engine/i_transition_eval/FSM_onehot_st_q_reg[8]_0
                         LUT5 (Prop_LUT5_I0_O)        0.074     3.091 f  i_scheduler_core/i_round_engine/i_transition_eval/c2_endpoint_q[task_end][1]_bret__6_bret__18_i_1/O
                         net (fo=11, unplaced)        0.163     3.254    i_scheduler_core/i_round_engine/i_transition_eval/c2_endpoint_q[task_end][1]_bret__6_bret__18_i_1_n_0
                         LUT6 (Prop_LUT6_I0_O)        0.074     3.328 r  i_scheduler_core/i_round_engine/i_transition_eval/c2_endpoint_q[task_end][9]_bret__4_i_5/O
                         net (fo=9, unplaced)         0.176     3.504    i_scheduler_core/i_round_engine/i_transition_eval/c2_endpoint_q[task_end][9]_bret__4_i_5_n_0
                         LUT6 (Prop_LUT6_I5_O)        0.051     3.555 r  i_scheduler_core/i_round_engine/i_transition_eval/c2_endpoint_q[task_end][1]_bret__4_i_34/O
                         net (fo=4, unplaced)         0.222     3.777    i_scheduler_core/i_round_engine/i_transition_eval/c2_endpoint_q_reg[task_end][1]_bret__4_i_32/I2
                         LUTCY1 (Prop_LUTCY1_I2_PROP)
                                                      0.082     3.859 r  i_scheduler_core/i_round_engine/i_transition_eval/c2_endpoint_q_reg[task_end][1]_bret__4_i_32/LUTCY1_INST/PROP
                         net (fo=1, unplaced)         0.001     3.860    i_scheduler_core/i_round_engine/i_transition_eval/c2_endpoint_q_reg[task_end][1]_bret__4_i_32_n_3
                         LOOKAHEAD8 (Prop_LOOKAHEAD8_PROPH_COUTH)
                                                      0.129     3.989 f  i_scheduler_core/i_round_engine/i_transition_eval/c2_endpoint_q_reg[task_end][1]_bret__4_i_14/COUTH
                         net (fo=3, unplaced)         0.002     3.991    i_scheduler_core/i_round_engine/i_transition_eval/c2_endpoint_q_reg[task_end][1]_bret__4_i_14_n_3
                         LOOKAHEAD8 (Prop_LOOKAHEAD8_CIN_COUTB)
                                                      0.051     4.042 f  i_scheduler_core/i_round_engine/i_transition_eval/c2_endpoint_q_reg[task_end][1]_bret__4_i_10/COUTB
                         net (fo=10, unplaced)        0.253     4.295    i_scheduler_core/i_round_engine/i_target_s4pf/s2_duration2
                         LUT6 (Prop_LUT6_I5_O)        0.051     4.346 r  i_scheduler_core/i_round_engine/i_target_s4pf/c2_endpoint_q[task_end][9]_bret__4_i_4/O
                         net (fo=18, unplaced)        0.257     4.603    i_scheduler_core/i_round_engine/i_start_iter/c2_endpoint_q_reg[task_end][1]_bret__6_bret__29_i_1/I2
                         LUTCY2 (Prop_LUTCY2_I2_GE)
                                                      0.089     4.692 r  i_scheduler_core/i_round_engine/i_start_iter/c2_endpoint_q_reg[task_end][1]_bret__6_bret__29_i_1/LUTCY2_INST/GE
                         net (fo=1, unplaced)         0.015     4.707    i_scheduler_core/i_round_engine/i_start_iter/c2_endpoint_q_reg[task_end][1]_bret__6_bret__29_i_1_n_0
                         LOOKAHEAD8 (Prop_LOOKAHEAD8_GEB_COUTB)
                                                      0.053     4.760 r  i_scheduler_core/i_round_engine/i_start_iter/c2_endpoint_q_reg[dma3_end][6]_bret__6_i_2/COUTB
                         net (fo=2, unplaced)         0.013     4.773    i_scheduler_core/i_round_engine/i_start_iter/c2_endpoint_q_reg[task_end][1]_bret__6_bret__23_bret__1_i_1/I4
                         LUTCY2 (Prop_LUTCY2_I4_O)    0.049     4.822 r  i_scheduler_core/i_round_engine/i_start_iter/c2_endpoint_q_reg[task_end][1]_bret__6_bret__23_bret__1_i_1/LUTCY2_INST/O
                         net (fo=3, unplaced)         0.015     4.837    i_scheduler_core/i_round_engine/i_start_iter/c2_endpoint_q_reg[task_end][1]_bret__6_bret__25_bret__1_i_1/I4
                         LUTCY1 (Prop_LUTCY1_I4_O)    0.055     4.892 f  i_scheduler_core/i_round_engine/i_start_iter/c2_endpoint_q_reg[task_end][1]_bret__6_bret__25_bret__1_i_1/LUTCY1_INST/O
                         net (fo=3, unplaced)         0.300     5.192    i_scheduler_core/i_round_engine/i_transition_eval/built_timeline[s2_end][3]
                         LUT6 (Prop_LUT6_I2_O)        0.088     5.280 r  i_scheduler_core/i_round_engine/i_transition_eval/c2_endpoint_q[task_end][1]_bret__6_bret__30_bret_bret_bret__1_i_4/O
                         net (fo=1, unplaced)         0.210     5.490    i_scheduler_core/i_round_engine/i_transition_eval/c2_endpoint_q[task_end][1]_bret__6_bret__30_bret_bret_bret__1_i_4_n_0
                         LUT6 (Prop_LUT6_I1_O)        0.088     5.578 f  i_scheduler_core/i_round_engine/i_transition_eval/c2_endpoint_q[task_end][1]_bret__6_bret__30_bret_bret_bret__1_i_2/O
                         net (fo=1, unplaced)         0.016     5.594    i_scheduler_core/i_round_engine/i_transition_eval/c2_endpoint_q[task_end][1]_bret__6_bret__30_bret_bret_bret__1_i_2_n_0
                         LUT5 (Prop_LUT5_I4_O)        0.050     5.644 r  i_scheduler_core/i_round_engine/i_transition_eval/c2_endpoint_q[task_end][1]_bret__6_bret__30_bret_bret_bret__1_i_1/O
                         net (fo=1, unplaced)         0.062     5.706    i_scheduler_core/i_round_engine/i_transition_eval/c2_endpoint_q[task_end][1]_bret__6_bret__30_bret_bret_bret__1_i_1_n_0
                         FDPE                                         r  i_scheduler_core/i_round_engine/i_transition_eval/c2_endpoint_q_reg[task_end][1]_bret__6_bret__30_bret_bret_bret__1/D
  -------------------------------------------------------------------    -------------------

                         (clock scheduler_clk rise edge)
                                                      5.000     5.000 r  
                                                      0.000     5.000 r  clk_i (IN)
                         net (fo=1959, unset)         0.182     5.182    i_scheduler_core/i_round_engine/i_transition_eval/clk_i
                         FDPE                                         r  i_scheduler_core/i_round_engine/i_transition_eval/c2_endpoint_q_reg[task_end][1]_bret__6_bret__30_bret_bret_bret__1/C
                         clock pessimism              0.000     5.182    
                         clock uncertainty           -0.300     4.882    
                         FDPE (Setup_FDPE_C_D)        0.007     4.889    i_scheduler_core/i_round_engine/i_transition_eval/c2_endpoint_q_reg[task_end][1]_bret__6_bret__30_bret_bret_bret__1
  -------------------------------------------------------------------
                         required time                          4.889    
                         arrival time                          -5.706    
  -------------------------------------------------------------------
                         slack                                 -0.817    

Slack (VIOLATED) :        -0.763ns  (required time - arrival time)
  Source:                 i_scheduler_core/i_round_engine/i_transition_eval/c2_endpoint_q_reg[task_end][1]_bret__6_bret__30_bret_bret_bret__1/C
                            (rising edge-triggered cell FDPE clocked by scheduler_clk  {rise@0.000ns fall@2.500ns period=5.000ns})
  Destination:            i_scheduler_core/i_round_engine/i_bound_score/scratch_q_reg[10]/D
                            (rising edge-triggered cell FDCE clocked by scheduler_clk  {rise@0.000ns fall@2.500ns period=5.000ns})
  Path Group:             scheduler_clk
  Path Type:              Setup (Max at Slow Process Corner)
  Requirement:            5.000ns  (scheduler_clk rise@5.000ns - scheduler_clk rise@0.000ns)
  Data Path Delay:        5.332ns  (logic 2.078ns (38.972%)  route 3.254ns (61.028%))
  Logic Levels:           21  (LOOKAHEAD8=6 LUT3=3 LUT4=1 LUT5=2 LUT6=4 LUTCY1=2 LUTCY2=3)
  Clock Path Skew:        -0.138ns (DCD - SCD + CPR)
    Destination Clock Delay (DCD):    0.080ns = ( 5.080 - 5.000 ) 
    Source Clock Delay      (SCD):    0.218ns
    Clock Pessimism Removal (CPR):    0.000ns
  Clock Uncertainty:      0.300ns  (CJ)/2 + PE + PJ
    Clock Jitter             (CJ):    0.600ns
    Phase Error              (PE):    0.000ns
    Phase Jitter             (PJ):    0.000ns

    Location             Delay type                Incr(ns)  Path(ns)    Netlist Resource(s)
  -------------------------------------------------------------------    -------------------
                         (clock scheduler_clk rise edge)
                                                      0.000     0.000 r  
                                                      0.000     0.000 r  clk_i (IN)
                         net (fo=1959, unset)         0.218     0.218    i_scheduler_core/i_round_engine/i_transition_eval/clk_i
                         FDPE                                         r  i_scheduler_core/i_round_engine/i_transition_eval/c2_endpoint_q_reg[task_end][1]_bret__6_bret__30_bret_bret_bret__1/C
  -------------------------------------------------------------------    -------------------
                         FDPE (Prop_FDPE_C_Q)         0.090     0.308 f  i_scheduler_core/i_round_engine/i_transition_eval/c2_endpoint_q_reg[task_end][1]_bret__6_bret__30_bret_bret_bret__1/Q
                         net (fo=1, unplaced)         0.165     0.473    i_scheduler_core/i_round_engine/i_transition_eval/c2_endpoint_q_reg[task_end][1]_bret__6_bret__30_bret_bret_bret__1_n_0
                         LUT5 (Prop_LUT5_I2_O)        0.074     0.547 f  i_scheduler_core/i_round_engine/i_transition_eval/c2_endpoint_q[dma3_end][12]_bret_i_5/O
                         net (fo=1, unplaced)         0.145     0.692    i_scheduler_core/i_round_engine/i_transition_eval/c2_endpoint_q[dma3_end][12]_bret_i_5_n_0
                         LUT5 (Prop_LUT5_I4_O)        0.051     0.743 r  i_scheduler_core/i_round_engine/i_transition_eval/c2_endpoint_q[dma3_end][12]_bret_i_4/O
                         net (fo=1, unplaced)         0.145     0.888    i_scheduler_core/i_round_engine/i_transition_eval/c2_endpoint_q[dma3_end][12]_bret_i_4_n_0
                         LUT6 (Prop_LUT6_I5_O)        0.051     0.939 r  i_scheduler_core/i_round_engine/i_transition_eval/c2_endpoint_q[dma3_end][12]_bret_i_3/O
                         net (fo=32, unplaced)        0.205     1.144    i_scheduler_core/i_round_engine/i_transition_eval/c2_endpoint_q[dma3_end][12]_bret_i_3_n_0
                         LUT3 (Prop_LUT3_I1_O)        0.051     1.195 r  i_scheduler_core/i_round_engine/i_transition_eval/c2_endpoint_q[task_end][0]_bret_i_3/O
                         net (fo=2, unplaced)         0.210     1.405    i_scheduler_core/i_round_engine/i_transition_eval/c2_endpoint_q_reg[task_end][0]_bret_i_2/I2
                         LUTCY2 (Prop_LUTCY2_I2_GE)
                                                      0.088     1.493 r  i_scheduler_core/i_round_engine/i_transition_eval/c2_endpoint_q_reg[task_end][0]_bret_i_2/LUTCY2_INST/GE
                         net (fo=1, unplaced)         0.036     1.529    i_scheduler_core/i_round_engine/i_transition_eval/c2_endpoint_q_reg[task_end][0]_bret_i_2_n_0
                         LOOKAHEAD8 (Prop_LOOKAHEAD8_GEA_COUTH)
                                                      0.242     1.771 r  i_scheduler_core/i_round_engine/i_transition_eval/c2_endpoint_q_reg[task_end][4]_bret_i_4/COUTH
                         net (fo=3, unplaced)         0.198     1.969    i_scheduler_core/i_round_engine/i_transition_eval/c2_endpoint_q_reg[task_end][9]_bret_i_3/I4
                         LUTCY1 (Prop_LUTCY1_I4_O)    0.057     2.026 r  i_scheduler_core/i_round_engine/i_transition_eval/c2_endpoint_q_reg[task_end][9]_bret_i_3/LUTCY1_INST/O
                         net (fo=1, unplaced)         0.206     2.232    i_scheduler_core/i_round_engine/i_transition_eval/timeline_o[task_end]10_in[8]
                         LUT4 (Prop_LUT4_I0_O)        0.074     2.306 r  i_scheduler_core/i_round_engine/i_transition_eval/c2_endpoint_q[task_end][8]_bret_i_2/O
                         net (fo=3, unplaced)         0.151     2.457    i_scheduler_core/i_round_engine/i_transition_eval/c2_endpoint_q[8]
                         LUT3 (Prop_LUT3_I2_O)        0.051     2.508 r  i_scheduler_core/i_round_engine/i_transition_eval/c2_endpoint_q[task_end][8]_bret__1_i_1/O
                         net (fo=12, unplaced)        0.182     2.690    i_scheduler_core/i_round_engine/i_transition_eval/c2_endpoint_q[task_end][8]_bret__1_i_1_n_0
                         LUT3 (Prop_LUT3_I2_O)        0.051     2.741 r  i_scheduler_core/i_round_engine/i_transition_eval/h_load_c3_q[8]_i_2/O
                         net (fo=18, unplaced)        0.175     2.916    i_scheduler_core/i_round_engine/i_transition_eval/scratch_q_reg[13]_i_58/I3
                         LUTCY1 (Prop_LUTCY1_I3_PROP)
                                                      0.073     2.989 r  i_scheduler_core/i_round_engine/i_transition_eval/scratch_q_reg[13]_i_58/LUTCY1_INST/PROP
                         net (fo=1, unplaced)         0.002     2.991    i_scheduler_core/i_round_engine/i_transition_eval/scratch_q_reg[13]_i_58_n_3
                         LOOKAHEAD8 (Prop_LOOKAHEAD8_PROPE_COUTH)
                                                      0.130     3.121 r  i_scheduler_core/i_round_engine/i_transition_eval/scratch_q_reg[13]_i_42/COUTH
                         net (fo=39, unplaced)        0.342     3.463    i_scheduler_core/i_round_engine/i_transition_eval/scratch_q_reg[13]_i_43/I1
                         LUTCY2 (Prop_LUTCY2_I1_GE)
                                                      0.120     3.583 r  i_scheduler_core/i_round_engine/i_transition_eval/scratch_q_reg[13]_i_43/LUTCY2_INST/GE
                         net (fo=1, unplaced)         0.036     3.619    i_scheduler_core/i_round_engine/i_transition_eval/scratch_q_reg[13]_i_43_n_0
                         LOOKAHEAD8 (Prop_LOOKAHEAD8_GEA_COUTH)
                                                      0.242     3.861 r  i_scheduler_core/i_round_engine/i_transition_eval/scratch_q_reg[13]_i_35/COUTH
                         net (fo=3, unplaced)         0.002     3.863    i_scheduler_core/i_round_engine/i_transition_eval/scratch_q_reg[13]_i_35_n_3
                         LOOKAHEAD8 (Prop_LOOKAHEAD8_CIN_COUTF)
                                                      0.053     3.916 r  i_scheduler_core/i_round_engine/i_transition_eval/scratch_q_reg[13]_i_25/COUTF
                         net (fo=13, unplaced)        0.308     4.224    i_scheduler_core/i_round_engine/i_transition_eval/scratch_q_reg[13]_i_25_n_2
                         LUT6 (Prop_LUT6_I4_O)        0.051     4.275 f  i_scheduler_core/i_round_engine/i_transition_eval/scratch_q[1]_i_5/O
                         net (fo=3, unplaced)         0.193     4.468    i_scheduler_core/i_round_engine/i_transition_eval/scratch_q_reg[13]_i_27/I0
                         LUTCY2 (Prop_LUTCY2_I0_GE)
                                                      0.132     4.600 r  i_scheduler_core/i_round_engine/i_transition_eval/scratch_q_reg[13]_i_27/LUTCY2_INST/GE
                         net (fo=1, unplaced)         0.036     4.636    i_scheduler_core/i_round_engine/i_transition_eval/scratch_q_reg[13]_i_27_n_0
                         LOOKAHEAD8 (Prop_LOOKAHEAD8_GEA_COUTH)
                                                      0.242     4.878 r  i_scheduler_core/i_round_engine/i_transition_eval/scratch_q_reg[13]_i_18/COUTH
                         net (fo=3, unplaced)         0.002     4.880    i_scheduler_core/i_round_engine/i_transition_eval/scratch_q_reg[13]_i_18_n_3
                         LOOKAHEAD8 (Prop_LOOKAHEAD8_CIN_COUTF)
                                                      0.053     4.933 r  i_scheduler_core/i_round_engine/i_transition_eval/scratch_q_reg[13]_i_9/COUTF
                         net (fo=13, unplaced)        0.308     5.241    i_scheduler_core/i_round_engine/i_transition_eval/i_bound_score/min_t_return1
                         LUT6 (Prop_LUT6_I4_O)        0.051     5.292 r  i_scheduler_core/i_round_engine/i_transition_eval/scratch_q[10]_i_3/O
                         net (fo=1, unplaced)         0.145     5.437    i_scheduler_core/i_round_engine/i_bound_score/scratch_q_reg[10]_0
                         LUT6 (Prop_LUT6_I4_O)        0.051     5.488 r  i_scheduler_core/i_round_engine/i_bound_score/scratch_q[10]_i_1/O
                         net (fo=1, unplaced)         0.062     5.550    i_scheduler_core/i_round_engine/i_bound_score/scratch_q[10]_i_1_n_0
                         FDCE                                         r  i_scheduler_core/i_round_engine/i_bound_score/scratch_q_reg[10]/D
  -------------------------------------------------------------------    -------------------

                         (clock scheduler_clk rise edge)
                                                      5.000     5.000 r  
                                                      0.000     5.000 r  clk_i (IN)
                         net (fo=1959, unset)         0.080     5.080    i_scheduler_core/i_round_engine/i_bound_score/clk_i
                         FDCE                                         r  i_scheduler_core/i_round_engine/i_bound_score/scratch_q_reg[10]/C
                         clock pessimism              0.000     5.080    
                         clock uncertainty           -0.300     4.780    
                         FDCE (Setup_FDCE_C_D)        0.007     4.787    i_scheduler_core/i_round_engine/i_bound_score/scratch_q_reg[10]
  -------------------------------------------------------------------
                         required time                          4.787    
                         arrival time                          -5.550    
  -------------------------------------------------------------------
                         slack                                 -0.763    

Slack (VIOLATED) :        -0.763ns  (required time - arrival time)
  Source:                 i_scheduler_core/i_round_engine/i_transition_eval/c2_endpoint_q_reg[task_end][1]_bret__6_bret__30_bret_bret_bret__1/C
                            (rising edge-triggered cell FDPE clocked by scheduler_clk  {rise@0.000ns fall@2.500ns period=5.000ns})
  Destination:            i_scheduler_core/i_round_engine/i_bound_score/scratch_q_reg[12]/D
                            (rising edge-triggered cell FDCE clocked by scheduler_clk  {rise@0.000ns fall@2.500ns period=5.000ns})
  Path Group:             scheduler_clk
  Path Type:              Setup (Max at Slow Process Corner)
  Requirement:            5.000ns  (scheduler_clk rise@5.000ns - scheduler_clk rise@0.000ns)
  Data Path Delay:        5.332ns  (logic 2.078ns (38.972%)  route 3.254ns (61.028%))
  Logic Levels:           21  (LOOKAHEAD8=6 LUT3=3 LUT4=1 LUT5=2 LUT6=4 LUTCY1=2 LUTCY2=3)
  Clock Path Skew:        -0.138ns (DCD - SCD + CPR)
    Destination Clock Delay (DCD):    0.080ns = ( 5.080 - 5.000 ) 
    Source Clock Delay      (SCD):    0.218ns
    Clock Pessimism Removal (CPR):    0.000ns
  Clock Uncertainty:      0.300ns  (CJ)/2 + PE + PJ
    Clock Jitter             (CJ):    0.600ns
    Phase Error              (PE):    0.000ns
    Phase Jitter             (PJ):    0.000ns

    Location             Delay type                Incr(ns)  Path(ns)    Netlist Resource(s)
  -------------------------------------------------------------------    -------------------
                         (clock scheduler_clk rise edge)
                                                      0.000     0.000 r  
                                                      0.000     0.000 r  clk_i (IN)
                         net (fo=1959, unset)         0.218     0.218    i_scheduler_core/i_round_engine/i_transition_eval/clk_i
                         FDPE                                         r  i_scheduler_core/i_round_engine/i_transition_eval/c2_endpoint_q_reg[task_end][1]_bret__6_bret__30_bret_bret_bret__1/C
  -------------------------------------------------------------------    -------------------
                         FDPE (Prop_FDPE_C_Q)         0.090     0.308 f  i_scheduler_core/i_round_engine/i_transition_eval/c2_endpoint_q_reg[task_end][1]_bret__6_bret__30_bret_bret_bret__1/Q
                         net (fo=1, unplaced)         0.165     0.473    i_scheduler_core/i_round_engine/i_transition_eval/c2_endpoint_q_reg[task_end][1]_bret__6_bret__30_bret_bret_bret__1_n_0
                         LUT5 (Prop_LUT5_I2_O)        0.074     0.547 f  i_scheduler_core/i_round_engine/i_transition_eval/c2_endpoint_q[dma3_end][12]_bret_i_5/O
                         net (fo=1, unplaced)         0.145     0.692    i_scheduler_core/i_round_engine/i_transition_eval/c2_endpoint_q[dma3_end][12]_bret_i_5_n_0
                         LUT5 (Prop_LUT5_I4_O)        0.051     0.743 r  i_scheduler_core/i_round_engine/i_transition_eval/c2_endpoint_q[dma3_end][12]_bret_i_4/O
                         net (fo=1, unplaced)         0.145     0.888    i_scheduler_core/i_round_engine/i_transition_eval/c2_endpoint_q[dma3_end][12]_bret_i_4_n_0
                         LUT6 (Prop_LUT6_I5_O)        0.051     0.939 r  i_scheduler_core/i_round_engine/i_transition_eval/c2_endpoint_q[dma3_end][12]_bret_i_3/O
                         net (fo=32, unplaced)        0.205     1.144    i_scheduler_core/i_round_engine/i_transition_eval/c2_endpoint_q[dma3_end][12]_bret_i_3_n_0
                         LUT3 (Prop_LUT3_I1_O)        0.051     1.195 r  i_scheduler_core/i_round_engine/i_transition_eval/c2_endpoint_q[task_end][0]_bret_i_3/O
                         net (fo=2, unplaced)         0.210     1.405    i_scheduler_core/i_round_engine/i_transition_eval/c2_endpoint_q_reg[task_end][0]_bret_i_2/I2
                         LUTCY2 (Prop_LUTCY2_I2_GE)
                                                      0.088     1.493 r  i_scheduler_core/i_round_engine/i_transition_eval/c2_endpoint_q_reg[task_end][0]_bret_i_2/LUTCY2_INST/GE
                         net (fo=1, unplaced)         0.036     1.529    i_scheduler_core/i_round_engine/i_transition_eval/c2_endpoint_q_reg[task_end][0]_bret_i_2_n_0
                         LOOKAHEAD8 (Prop_LOOKAHEAD8_GEA_COUTH)
                                                      0.242     1.771 r  i_scheduler_core/i_round_engine/i_transition_eval/c2_endpoint_q_reg[task_end][4]_bret_i_4/COUTH
                         net (fo=3, unplaced)         0.198     1.969    i_scheduler_core/i_round_engine/i_transition_eval/c2_endpoint_q_reg[task_end][9]_bret_i_3/I4
                         LUTCY1 (Prop_LUTCY1_I4_O)    0.057     2.026 r  i_scheduler_core/i_round_engine/i_transition_eval/c2_endpoint_q_reg[task_end][9]_bret_i_3/LUTCY1_INST/O
                         net (fo=1, unplaced)         0.206     2.232    i_scheduler_core/i_round_engine/i_transition_eval/timeline_o[task_end]10_in[8]
                         LUT4 (Prop_LUT4_I0_O)        0.074     2.306 r  i_scheduler_core/i_round_engine/i_transition_eval/c2_endpoint_q[task_end][8]_bret_i_2/O
                         net (fo=3, unplaced)         0.151     2.457    i_scheduler_core/i_round_engine/i_transition_eval/c2_endpoint_q[8]
                         LUT3 (Prop_LUT3_I2_O)        0.051     2.508 r  i_scheduler_core/i_round_engine/i_transition_eval/c2_endpoint_q[task_end][8]_bret__1_i_1/O
                         net (fo=12, unplaced)        0.182     2.690    i_scheduler_core/i_round_engine/i_transition_eval/c2_endpoint_q[task_end][8]_bret__1_i_1_n_0
                         LUT3 (Prop_LUT3_I2_O)        0.051     2.741 r  i_scheduler_core/i_round_engine/i_transition_eval/h_load_c3_q[8]_i_2/O
                         net (fo=18, unplaced)        0.175     2.916    i_scheduler_core/i_round_engine/i_transition_eval/scratch_q_reg[13]_i_58/I3
                         LUTCY1 (Prop_LUTCY1_I3_PROP)
                                                      0.073     2.989 r  i_scheduler_core/i_round_engine/i_transition_eval/scratch_q_reg[13]_i_58/LUTCY1_INST/PROP
                         net (fo=1, unplaced)         0.002     2.991    i_scheduler_core/i_round_engine/i_transition_eval/scratch_q_reg[13]_i_58_n_3
                         LOOKAHEAD8 (Prop_LOOKAHEAD8_PROPE_COUTH)
                                                      0.130     3.121 r  i_scheduler_core/i_round_engine/i_transition_eval/scratch_q_reg[13]_i_42/COUTH
                         net (fo=39, unplaced)        0.342     3.463    i_scheduler_core/i_round_engine/i_transition_eval/scratch_q_reg[13]_i_43/I1
                         LUTCY2 (Prop_LUTCY2_I1_GE)
                                                      0.120     3.583 r  i_scheduler_core/i_round_engine/i_transition_eval/scratch_q_reg[13]_i_43/LUTCY2_INST/GE
                         net (fo=1, unplaced)         0.036     3.619    i_scheduler_core/i_round_engine/i_transition_eval/scratch_q_reg[13]_i_43_n_0
                         LOOKAHEAD8 (Prop_LOOKAHEAD8_GEA_COUTH)
                                                      0.242     3.861 r  i_scheduler_core/i_round_engine/i_transition_eval/scratch_q_reg[13]_i_35/COUTH
                         net (fo=3, unplaced)         0.002     3.863    i_scheduler_core/i_round_engine/i_transition_eval/scratch_q_reg[13]_i_35_n_3
                         LOOKAHEAD8 (Prop_LOOKAHEAD8_CIN_COUTF)
                                                      0.053     3.916 r  i_scheduler_core/i_round_engine/i_transition_eval/scratch_q_reg[13]_i_25/COUTF
                         net (fo=13, unplaced)        0.308     4.224    i_scheduler_core/i_round_engine/i_transition_eval/scratch_q_reg[13]_i_25_n_2
                         LUT6 (Prop_LUT6_I4_O)        0.051     4.275 f  i_scheduler_core/i_round_engine/i_transition_eval/scratch_q[1]_i_5/O
                         net (fo=3, unplaced)         0.193     4.468    i_scheduler_core/i_round_engine/i_transition_eval/scratch_q_reg[13]_i_27/I0
                         LUTCY2 (Prop_LUTCY2_I0_GE)
                                                      0.132     4.600 r  i_scheduler_core/i_round_engine/i_transition_eval/scratch_q_reg[13]_i_27/LUTCY2_INST/GE
                         net (fo=1, unplaced)         0.036     4.636    i_scheduler_core/i_round_engine/i_transition_eval/scratch_q_reg[13]_i_27_n_0
                         LOOKAHEAD8 (Prop_LOOKAHEAD8_GEA_COUTH)
                                                      0.242     4.878 r  i_scheduler_core/i_round_engine/i_transition_eval/scratch_q_reg[13]_i_18/COUTH
                         net (fo=3, unplaced)         0.002     4.880    i_scheduler_core/i_round_engine/i_transition_eval/scratch_q_reg[13]_i_18_n_3
                         LOOKAHEAD8 (Prop_LOOKAHEAD8_CIN_COUTF)
                                                      0.053     4.933 r  i_scheduler_core/i_round_engine/i_transition_eval/scratch_q_reg[13]_i_9/COUTF
                         net (fo=13, unplaced)        0.308     5.241    i_scheduler_core/i_round_engine/i_transition_eval/i_bound_score/min_t_return1
                         LUT6 (Prop_LUT6_I4_O)        0.051     5.292 r  i_scheduler_core/i_round_engine/i_transition_eval/scratch_q[12]_i_4/O
                         net (fo=1, unplaced)         0.145     5.437    i_scheduler_core/i_round_engine/i_bound_score/scratch_q_reg[12]_0
                         LUT6 (Prop_LUT6_I4_O)        0.051     5.488 r  i_scheduler_core/i_round_engine/i_bound_score/scratch_q[12]_i_1/O
                         net (fo=1, unplaced)         0.062     5.550    i_scheduler_core/i_round_engine/i_bound_score/scratch_q[12]_i_1_n_0
                         FDCE                                         r  i_scheduler_core/i_round_engine/i_bound_score/scratch_q_reg[12]/D
  -------------------------------------------------------------------    -------------------

                         (clock scheduler_clk rise edge)
                                                      5.000     5.000 r  
                                                      0.000     5.000 r  clk_i (IN)
                         net (fo=1959, unset)         0.080     5.080    i_scheduler_core/i_round_engine/i_bound_score/clk_i
                         FDCE                                         r  i_scheduler_core/i_round_engine/i_bound_score/scratch_q_reg[12]/C
                         clock pessimism              0.000     5.080    
                         clock uncertainty           -0.300     4.780    
                         FDCE (Setup_FDCE_C_D)        0.007     4.787    i_scheduler_core/i_round_engine/i_bound_score/scratch_q_reg[12]
  -------------------------------------------------------------------
                         required time                          4.787    
                         arrival time                          -5.550    
  -------------------------------------------------------------------
                         slack                                 -0.763    

Slack (VIOLATED) :        -0.763ns  (required time - arrival time)
  Source:                 i_scheduler_core/i_round_engine/i_transition_eval/c2_endpoint_q_reg[task_end][1]_bret__6_bret__30_bret_bret_bret__1/C
                            (rising edge-triggered cell FDPE clocked by scheduler_clk  {rise@0.000ns fall@2.500ns period=5.000ns})
  Destination:            i_scheduler_core/i_round_engine/i_bound_score/scratch_q_reg[1]/D
                            (rising edge-triggered cell FDCE clocked by scheduler_clk  {rise@0.000ns fall@2.500ns period=5.000ns})
  Path Group:             scheduler_clk
  Path Type:              Setup (Max at Slow Process Corner)
  Requirement:            5.000ns  (scheduler_clk rise@5.000ns - scheduler_clk rise@0.000ns)
  Data Path Delay:        5.332ns  (logic 2.078ns (38.972%)  route 3.254ns (61.028%))
  Logic Levels:           21  (LOOKAHEAD8=6 LUT3=3 LUT4=1 LUT5=2 LUT6=4 LUTCY1=2 LUTCY2=3)
  Clock Path Skew:        -0.138ns (DCD - SCD + CPR)
    Destination Clock Delay (DCD):    0.080ns = ( 5.080 - 5.000 ) 
    Source Clock Delay      (SCD):    0.218ns
    Clock Pessimism Removal (CPR):    0.000ns
  Clock Uncertainty:      0.300ns  (CJ)/2 + PE + PJ
    Clock Jitter             (CJ):    0.600ns
    Phase Error              (PE):    0.000ns
    Phase Jitter             (PJ):    0.000ns

    Location             Delay type                Incr(ns)  Path(ns)    Netlist Resource(s)
  -------------------------------------------------------------------    -------------------
                         (clock scheduler_clk rise edge)
                                                      0.000     0.000 r  
                                                      0.000     0.000 r  clk_i (IN)
                         net (fo=1959, unset)         0.218     0.218    i_scheduler_core/i_round_engine/i_transition_eval/clk_i
                         FDPE                                         r  i_scheduler_core/i_round_engine/i_transition_eval/c2_endpoint_q_reg[task_end][1]_bret__6_bret__30_bret_bret_bret__1/C
  -------------------------------------------------------------------    -------------------
                         FDPE (Prop_FDPE_C_Q)         0.090     0.308 f  i_scheduler_core/i_round_engine/i_transition_eval/c2_endpoint_q_reg[task_end][1]_bret__6_bret__30_bret_bret_bret__1/Q
                         net (fo=1, unplaced)         0.165     0.473    i_scheduler_core/i_round_engine/i_transition_eval/c2_endpoint_q_reg[task_end][1]_bret__6_bret__30_bret_bret_bret__1_n_0
                         LUT5 (Prop_LUT5_I2_O)        0.074     0.547 f  i_scheduler_core/i_round_engine/i_transition_eval/c2_endpoint_q[dma3_end][12]_bret_i_5/O
                         net (fo=1, unplaced)         0.145     0.692    i_scheduler_core/i_round_engine/i_transition_eval/c2_endpoint_q[dma3_end][12]_bret_i_5_n_0
                         LUT5 (Prop_LUT5_I4_O)        0.051     0.743 r  i_scheduler_core/i_round_engine/i_transition_eval/c2_endpoint_q[dma3_end][12]_bret_i_4/O
                         net (fo=1, unplaced)         0.145     0.888    i_scheduler_core/i_round_engine/i_transition_eval/c2_endpoint_q[dma3_end][12]_bret_i_4_n_0
                         LUT6 (Prop_LUT6_I5_O)        0.051     0.939 r  i_scheduler_core/i_round_engine/i_transition_eval/c2_endpoint_q[dma3_end][12]_bret_i_3/O
                         net (fo=32, unplaced)        0.205     1.144    i_scheduler_core/i_round_engine/i_transition_eval/c2_endpoint_q[dma3_end][12]_bret_i_3_n_0
                         LUT3 (Prop_LUT3_I1_O)        0.051     1.195 r  i_scheduler_core/i_round_engine/i_transition_eval/c2_endpoint_q[task_end][0]_bret_i_3/O
                         net (fo=2, unplaced)         0.210     1.405    i_scheduler_core/i_round_engine/i_transition_eval/c2_endpoint_q_reg[task_end][0]_bret_i_2/I2
                         LUTCY2 (Prop_LUTCY2_I2_GE)
                                                      0.088     1.493 r  i_scheduler_core/i_round_engine/i_transition_eval/c2_endpoint_q_reg[task_end][0]_bret_i_2/LUTCY2_INST/GE
                         net (fo=1, unplaced)         0.036     1.529    i_scheduler_core/i_round_engine/i_transition_eval/c2_endpoint_q_reg[task_end][0]_bret_i_2_n_0
                         LOOKAHEAD8 (Prop_LOOKAHEAD8_GEA_COUTH)
                                                      0.242     1.771 r  i_scheduler_core/i_round_engine/i_transition_eval/c2_endpoint_q_reg[task_end][4]_bret_i_4/COUTH
                         net (fo=3, unplaced)         0.198     1.969    i_scheduler_core/i_round_engine/i_transition_eval/c2_endpoint_q_reg[task_end][9]_bret_i_3/I4
                         LUTCY1 (Prop_LUTCY1_I4_O)    0.057     2.026 r  i_scheduler_core/i_round_engine/i_transition_eval/c2_endpoint_q_reg[task_end][9]_bret_i_3/LUTCY1_INST/O
                         net (fo=1, unplaced)         0.206     2.232    i_scheduler_core/i_round_engine/i_transition_eval/timeline_o[task_end]10_in[8]
                         LUT4 (Prop_LUT4_I0_O)        0.074     2.306 r  i_scheduler_core/i_round_engine/i_transition_eval/c2_endpoint_q[task_end][8]_bret_i_2/O
                         net (fo=3, unplaced)         0.151     2.457    i_scheduler_core/i_round_engine/i_transition_eval/c2_endpoint_q[8]
                         LUT3 (Prop_LUT3_I2_O)        0.051     2.508 r  i_scheduler_core/i_round_engine/i_transition_eval/c2_endpoint_q[task_end][8]_bret__1_i_1/O
                         net (fo=12, unplaced)        0.182     2.690    i_scheduler_core/i_round_engine/i_transition_eval/c2_endpoint_q[task_end][8]_bret__1_i_1_n_0
                         LUT3 (Prop_LUT3_I2_O)        0.051     2.741 r  i_scheduler_core/i_round_engine/i_transition_eval/h_load_c3_q[8]_i_2/O
                         net (fo=18, unplaced)        0.175     2.916    i_scheduler_core/i_round_engine/i_transition_eval/scratch_q_reg[13]_i_58/I3
                         LUTCY1 (Prop_LUTCY1_I3_PROP)
                                                      0.073     2.989 r  i_scheduler_core/i_round_engine/i_transition_eval/scratch_q_reg[13]_i_58/LUTCY1_INST/PROP
                         net (fo=1, unplaced)         0.002     2.991    i_scheduler_core/i_round_engine/i_transition_eval/scratch_q_reg[13]_i_58_n_3
                         LOOKAHEAD8 (Prop_LOOKAHEAD8_PROPE_COUTH)
                                                      0.130     3.121 r  i_scheduler_core/i_round_engine/i_transition_eval/scratch_q_reg[13]_i_42/COUTH
                         net (fo=39, unplaced)        0.342     3.463    i_scheduler_core/i_round_engine/i_transition_eval/scratch_q_reg[13]_i_43/I1
                         LUTCY2 (Prop_LUTCY2_I1_GE)
                                                      0.120     3.583 r  i_scheduler_core/i_round_engine/i_transition_eval/scratch_q_reg[13]_i_43/LUTCY2_INST/GE
                         net (fo=1, unplaced)         0.036     3.619    i_scheduler_core/i_round_engine/i_transition_eval/scratch_q_reg[13]_i_43_n_0
                         LOOKAHEAD8 (Prop_LOOKAHEAD8_GEA_COUTH)
                                                      0.242     3.861 r  i_scheduler_core/i_round_engine/i_transition_eval/scratch_q_reg[13]_i_35/COUTH
                         net (fo=3, unplaced)         0.002     3.863    i_scheduler_core/i_round_engine/i_transition_eval/scratch_q_reg[13]_i_35_n_3
                         LOOKAHEAD8 (Prop_LOOKAHEAD8_CIN_COUTF)
                                                      0.053     3.916 r  i_scheduler_core/i_round_engine/i_transition_eval/scratch_q_reg[13]_i_25/COUTF
                         net (fo=13, unplaced)        0.308     4.224    i_scheduler_core/i_round_engine/i_transition_eval/scratch_q_reg[13]_i_25_n_2
                         LUT6 (Prop_LUT6_I4_O)        0.051     4.275 f  i_scheduler_core/i_round_engine/i_transition_eval/scratch_q[1]_i_5/O
                         net (fo=3, unplaced)         0.193     4.468    i_scheduler_core/i_round_engine/i_transition_eval/scratch_q_reg[13]_i_27/I0
                         LUTCY2 (Prop_LUTCY2_I0_GE)
                                                      0.132     4.600 r  i_scheduler_core/i_round_engine/i_transition_eval/scratch_q_reg[13]_i_27/LUTCY2_INST/GE
                         net (fo=1, unplaced)         0.036     4.636    i_scheduler_core/i_round_engine/i_transition_eval/scratch_q_reg[13]_i_27_n_0
                         LOOKAHEAD8 (Prop_LOOKAHEAD8_GEA_COUTH)
                                                      0.242     4.878 r  i_scheduler_core/i_round_engine/i_transition_eval/scratch_q_reg[13]_i_18/COUTH
                         net (fo=3, unplaced)         0.002     4.880    i_scheduler_core/i_round_engine/i_transition_eval/scratch_q_reg[13]_i_18_n_3
                         LOOKAHEAD8 (Prop_LOOKAHEAD8_CIN_COUTF)
                                                      0.053     4.933 r  i_scheduler_core/i_round_engine/i_transition_eval/scratch_q_reg[13]_i_9/COUTF
                         net (fo=13, unplaced)        0.308     5.241    i_scheduler_core/i_round_engine/i_transition_eval/i_bound_score/min_t_return1
                         LUT6 (Prop_LUT6_I4_O)        0.051     5.292 r  i_scheduler_core/i_round_engine/i_transition_eval/scratch_q[1]_i_3/O
                         net (fo=1, unplaced)         0.145     5.437    i_scheduler_core/i_round_engine/i_bound_score/scratch_q_reg[1]_0
                         LUT6 (Prop_LUT6_I4_O)        0.051     5.488 r  i_scheduler_core/i_round_engine/i_bound_score/scratch_q[1]_i_1/O
                         net (fo=1, unplaced)         0.062     5.550    i_scheduler_core/i_round_engine/i_bound_score/scratch_q[1]_i_1_n_0
                         FDCE                                         r  i_scheduler_core/i_round_engine/i_bound_score/scratch_q_reg[1]/D
  -------------------------------------------------------------------    -------------------

                         (clock scheduler_clk rise edge)
                                                      5.000     5.000 r  
                                                      0.000     5.000 r  clk_i (IN)
                         net (fo=1959, unset)         0.080     5.080    i_scheduler_core/i_round_engine/i_bound_score/clk_i
                         FDCE                                         r  i_scheduler_core/i_round_engine/i_bound_score/scratch_q_reg[1]/C
                         clock pessimism              0.000     5.080    
                         clock uncertainty           -0.300     4.780    
                         FDCE (Setup_FDCE_C_D)        0.007     4.787    i_scheduler_core/i_round_engine/i_bound_score/scratch_q_reg[1]
  -------------------------------------------------------------------
                         required time                          4.787    
                         arrival time                          -5.550    
  -------------------------------------------------------------------
                         slack                                 -0.763    

Slack (VIOLATED) :        -0.763ns  (required time - arrival time)
  Source:                 i_scheduler_core/i_round_engine/i_transition_eval/c2_endpoint_q_reg[task_end][1]_bret__6_bret__30_bret_bret_bret__1/C
                            (rising edge-triggered cell FDPE clocked by scheduler_clk  {rise@0.000ns fall@2.500ns period=5.000ns})
  Destination:            i_scheduler_core/i_round_engine/i_bound_score/scratch_q_reg[3]/D
                            (rising edge-triggered cell FDCE clocked by scheduler_clk  {rise@0.000ns fall@2.500ns period=5.000ns})
  Path Group:             scheduler_clk
  Path Type:              Setup (Max at Slow Process Corner)
  Requirement:            5.000ns  (scheduler_clk rise@5.000ns - scheduler_clk rise@0.000ns)
  Data Path Delay:        5.332ns  (logic 2.078ns (38.972%)  route 3.254ns (61.028%))
  Logic Levels:           21  (LOOKAHEAD8=6 LUT3=3 LUT4=1 LUT5=2 LUT6=4 LUTCY1=2 LUTCY2=3)
  Clock Path Skew:        -0.138ns (DCD - SCD + CPR)
    Destination Clock Delay (DCD):    0.080ns = ( 5.080 - 5.000 ) 
    Source Clock Delay      (SCD):    0.218ns
    Clock Pessimism Removal (CPR):    0.000ns
  Clock Uncertainty:      0.300ns  (CJ)/2 + PE + PJ
    Clock Jitter             (CJ):    0.600ns
    Phase Error              (PE):    0.000ns
    Phase Jitter             (PJ):    0.000ns

    Location             Delay type                Incr(ns)  Path(ns)    Netlist Resource(s)
  -------------------------------------------------------------------    -------------------
                         (clock scheduler_clk rise edge)
                                                      0.000     0.000 r  
                                                      0.000     0.000 r  clk_i (IN)
                         net (fo=1959, unset)         0.218     0.218    i_scheduler_core/i_round_engine/i_transition_eval/clk_i
                         FDPE                                         r  i_scheduler_core/i_round_engine/i_transition_eval/c2_endpoint_q_reg[task_end][1]_bret__6_bret__30_bret_bret_bret__1/C
  -------------------------------------------------------------------    -------------------
                         FDPE (Prop_FDPE_C_Q)         0.090     0.308 f  i_scheduler_core/i_round_engine/i_transition_eval/c2_endpoint_q_reg[task_end][1]_bret__6_bret__30_bret_bret_bret__1/Q
                         net (fo=1, unplaced)         0.165     0.473    i_scheduler_core/i_round_engine/i_transition_eval/c2_endpoint_q_reg[task_end][1]_bret__6_bret__30_bret_bret_bret__1_n_0
                         LUT5 (Prop_LUT5_I2_O)        0.074     0.547 f  i_scheduler_core/i_round_engine/i_transition_eval/c2_endpoint_q[dma3_end][12]_bret_i_5/O
                         net (fo=1, unplaced)         0.145     0.692    i_scheduler_core/i_round_engine/i_transition_eval/c2_endpoint_q[dma3_end][12]_bret_i_5_n_0
                         LUT5 (Prop_LUT5_I4_O)        0.051     0.743 r  i_scheduler_core/i_round_engine/i_transition_eval/c2_endpoint_q[dma3_end][12]_bret_i_4/O
                         net (fo=1, unplaced)         0.145     0.888    i_scheduler_core/i_round_engine/i_transition_eval/c2_endpoint_q[dma3_end][12]_bret_i_4_n_0
                         LUT6 (Prop_LUT6_I5_O)        0.051     0.939 r  i_scheduler_core/i_round_engine/i_transition_eval/c2_endpoint_q[dma3_end][12]_bret_i_3/O
                         net (fo=32, unplaced)        0.205     1.144    i_scheduler_core/i_round_engine/i_transition_eval/c2_endpoint_q[dma3_end][12]_bret_i_3_n_0
                         LUT3 (Prop_LUT3_I1_O)        0.051     1.195 r  i_scheduler_core/i_round_engine/i_transition_eval/c2_endpoint_q[task_end][0]_bret_i_3/O
                         net (fo=2, unplaced)         0.210     1.405    i_scheduler_core/i_round_engine/i_transition_eval/c2_endpoint_q_reg[task_end][0]_bret_i_2/I2
                         LUTCY2 (Prop_LUTCY2_I2_GE)
                                                      0.088     1.493 r  i_scheduler_core/i_round_engine/i_transition_eval/c2_endpoint_q_reg[task_end][0]_bret_i_2/LUTCY2_INST/GE
                         net (fo=1, unplaced)         0.036     1.529    i_scheduler_core/i_round_engine/i_transition_eval/c2_endpoint_q_reg[task_end][0]_bret_i_2_n_0
                         LOOKAHEAD8 (Prop_LOOKAHEAD8_GEA_COUTH)
                                                      0.242     1.771 r  i_scheduler_core/i_round_engine/i_transition_eval/c2_endpoint_q_reg[task_end][4]_bret_i_4/COUTH
                         net (fo=3, unplaced)         0.198     1.969    i_scheduler_core/i_round_engine/i_transition_eval/c2_endpoint_q_reg[task_end][9]_bret_i_3/I4
                         LUTCY1 (Prop_LUTCY1_I4_O)    0.057     2.026 r  i_scheduler_core/i_round_engine/i_transition_eval/c2_endpoint_q_reg[task_end][9]_bret_i_3/LUTCY1_INST/O
                         net (fo=1, unplaced)         0.206     2.232    i_scheduler_core/i_round_engine/i_transition_eval/timeline_o[task_end]10_in[8]
                         LUT4 (Prop_LUT4_I0_O)        0.074     2.306 r  i_scheduler_core/i_round_engine/i_transition_eval/c2_endpoint_q[task_end][8]_bret_i_2/O
                         net (fo=3, unplaced)         0.151     2.457    i_scheduler_core/i_round_engine/i_transition_eval/c2_endpoint_q[8]
                         LUT3 (Prop_LUT3_I2_O)        0.051     2.508 r  i_scheduler_core/i_round_engine/i_transition_eval/c2_endpoint_q[task_end][8]_bret__1_i_1/O
                         net (fo=12, unplaced)        0.182     2.690    i_scheduler_core/i_round_engine/i_transition_eval/c2_endpoint_q[task_end][8]_bret__1_i_1_n_0
                         LUT3 (Prop_LUT3_I2_O)        0.051     2.741 r  i_scheduler_core/i_round_engine/i_transition_eval/h_load_c3_q[8]_i_2/O
                         net (fo=18, unplaced)        0.175     2.916    i_scheduler_core/i_round_engine/i_transition_eval/scratch_q_reg[13]_i_58/I3
                         LUTCY1 (Prop_LUTCY1_I3_PROP)
                                                      0.073     2.989 r  i_scheduler_core/i_round_engine/i_transition_eval/scratch_q_reg[13]_i_58/LUTCY1_INST/PROP
                         net (fo=1, unplaced)         0.002     2.991    i_scheduler_core/i_round_engine/i_transition_eval/scratch_q_reg[13]_i_58_n_3
                         LOOKAHEAD8 (Prop_LOOKAHEAD8_PROPE_COUTH)
                                                      0.130     3.121 r  i_scheduler_core/i_round_engine/i_transition_eval/scratch_q_reg[13]_i_42/COUTH
                         net (fo=39, unplaced)        0.342     3.463    i_scheduler_core/i_round_engine/i_transition_eval/scratch_q_reg[13]_i_43/I1
                         LUTCY2 (Prop_LUTCY2_I1_GE)
                                                      0.120     3.583 r  i_scheduler_core/i_round_engine/i_transition_eval/scratch_q_reg[13]_i_43/LUTCY2_INST/GE
                         net (fo=1, unplaced)         0.036     3.619    i_scheduler_core/i_round_engine/i_transition_eval/scratch_q_reg[13]_i_43_n_0
                         LOOKAHEAD8 (Prop_LOOKAHEAD8_GEA_COUTH)
                                                      0.242     3.861 r  i_scheduler_core/i_round_engine/i_transition_eval/scratch_q_reg[13]_i_35/COUTH
                         net (fo=3, unplaced)         0.002     3.863    i_scheduler_core/i_round_engine/i_transition_eval/scratch_q_reg[13]_i_35_n_3
                         LOOKAHEAD8 (Prop_LOOKAHEAD8_CIN_COUTF)
                                                      0.053     3.916 r  i_scheduler_core/i_round_engine/i_transition_eval/scratch_q_reg[13]_i_25/COUTF
                         net (fo=13, unplaced)        0.308     4.224    i_scheduler_core/i_round_engine/i_transition_eval/scratch_q_reg[13]_i_25_n_2
                         LUT6 (Prop_LUT6_I4_O)        0.051     4.275 f  i_scheduler_core/i_round_engine/i_transition_eval/scratch_q[1]_i_5/O
                         net (fo=3, unplaced)         0.193     4.468    i_scheduler_core/i_round_engine/i_transition_eval/scratch_q_reg[13]_i_27/I0
                         LUTCY2 (Prop_LUTCY2_I0_GE)
                                                      0.132     4.600 r  i_scheduler_core/i_round_engine/i_transition_eval/scratch_q_reg[13]_i_27/LUTCY2_INST/GE
                         net (fo=1, unplaced)         0.036     4.636    i_scheduler_core/i_round_engine/i_transition_eval/scratch_q_reg[13]_i_27_n_0
                         LOOKAHEAD8 (Prop_LOOKAHEAD8_GEA_COUTH)
                                                      0.242     4.878 r  i_scheduler_core/i_round_engine/i_transition_eval/scratch_q_reg[13]_i_18/COUTH
                         net (fo=3, unplaced)         0.002     4.880    i_scheduler_core/i_round_engine/i_transition_eval/scratch_q_reg[13]_i_18_n_3
                         LOOKAHEAD8 (Prop_LOOKAHEAD8_CIN_COUTF)
                                                      0.053     4.933 r  i_scheduler_core/i_round_engine/i_transition_eval/scratch_q_reg[13]_i_9/COUTF
                         net (fo=13, unplaced)        0.308     5.241    i_scheduler_core/i_round_engine/i_transition_eval/i_bound_score/min_t_return1
                         LUT6 (Prop_LUT6_I4_O)        0.051     5.292 r  i_scheduler_core/i_round_engine/i_transition_eval/scratch_q[3]_i_3/O
                         net (fo=1, unplaced)         0.145     5.437    i_scheduler_core/i_round_engine/i_bound_score/scratch_q_reg[3]_0
                         LUT6 (Prop_LUT6_I4_O)        0.051     5.488 r  i_scheduler_core/i_round_engine/i_bound_score/scratch_q[3]_i_1/O
                         net (fo=1, unplaced)         0.062     5.550    i_scheduler_core/i_round_engine/i_bound_score/scratch_q[3]_i_1_n_0
                         FDCE                                         r  i_scheduler_core/i_round_engine/i_bound_score/scratch_q_reg[3]/D
  -------------------------------------------------------------------    -------------------

                         (clock scheduler_clk rise edge)
                                                      5.000     5.000 r  
                                                      0.000     5.000 r  clk_i (IN)
                         net (fo=1959, unset)         0.080     5.080    i_scheduler_core/i_round_engine/i_bound_score/clk_i
                         FDCE                                         r  i_scheduler_core/i_round_engine/i_bound_score/scratch_q_reg[3]/C
                         clock pessimism              0.000     5.080    
                         clock uncertainty           -0.300     4.780    
                         FDCE (Setup_FDCE_C_D)        0.007     4.787    i_scheduler_core/i_round_engine/i_bound_score/scratch_q_reg[3]
  -------------------------------------------------------------------
                         required time                          4.787    
                         arrival time                          -5.550    
  -------------------------------------------------------------------
                         slack                                 -0.763    

Slack (VIOLATED) :        -0.763ns  (required time - arrival time)
  Source:                 i_scheduler_core/i_round_engine/i_transition_eval/c2_endpoint_q_reg[task_end][1]_bret__6_bret__30_bret_bret_bret__1/C
                            (rising edge-triggered cell FDPE clocked by scheduler_clk  {rise@0.000ns fall@2.500ns period=5.000ns})
  Destination:            i_scheduler_core/i_round_engine/i_bound_score/scratch_q_reg[5]/D
                            (rising edge-triggered cell FDCE clocked by scheduler_clk  {rise@0.000ns fall@2.500ns period=5.000ns})
  Path Group:             scheduler_clk
  Path Type:              Setup (Max at Slow Process Corner)
  Requirement:            5.000ns  (scheduler_clk rise@5.000ns - scheduler_clk rise@0.000ns)
  Data Path Delay:        5.332ns  (logic 2.078ns (38.972%)  route 3.254ns (61.028%))
  Logic Levels:           21  (LOOKAHEAD8=6 LUT3=3 LUT4=1 LUT5=2 LUT6=4 LUTCY1=2 LUTCY2=3)
  Clock Path Skew:        -0.138ns (DCD - SCD + CPR)
    Destination Clock Delay (DCD):    0.080ns = ( 5.080 - 5.000 ) 
    Source Clock Delay      (SCD):    0.218ns
    Clock Pessimism Removal (CPR):    0.000ns
  Clock Uncertainty:      0.300ns  (CJ)/2 + PE + PJ
    Clock Jitter             (CJ):    0.600ns
    Phase Error              (PE):    0.000ns
    Phase Jitter             (PJ):    0.000ns

    Location             Delay type                Incr(ns)  Path(ns)    Netlist Resource(s)
  -------------------------------------------------------------------    -------------------
                         (clock scheduler_clk rise edge)
                                                      0.000     0.000 r  
                                                      0.000     0.000 r  clk_i (IN)
                         net (fo=1959, unset)         0.218     0.218    i_scheduler_core/i_round_engine/i_transition_eval/clk_i
                         FDPE                                         r  i_scheduler_core/i_round_engine/i_transition_eval/c2_endpoint_q_reg[task_end][1]_bret__6_bret__30_bret_bret_bret__1/C
  -------------------------------------------------------------------    -------------------
                         FDPE (Prop_FDPE_C_Q)         0.090     0.308 f  i_scheduler_core/i_round_engine/i_transition_eval/c2_endpoint_q_reg[task_end][1]_bret__6_bret__30_bret_bret_bret__1/Q
                         net (fo=1, unplaced)         0.165     0.473    i_scheduler_core/i_round_engine/i_transition_eval/c2_endpoint_q_reg[task_end][1]_bret__6_bret__30_bret_bret_bret__1_n_0
                         LUT5 (Prop_LUT5_I2_O)        0.074     0.547 f  i_scheduler_core/i_round_engine/i_transition_eval/c2_endpoint_q[dma3_end][12]_bret_i_5/O
                         net (fo=1, unplaced)         0.145     0.692    i_scheduler_core/i_round_engine/i_transition_eval/c2_endpoint_q[dma3_end][12]_bret_i_5_n_0
                         LUT5 (Prop_LUT5_I4_O)        0.051     0.743 r  i_scheduler_core/i_round_engine/i_transition_eval/c2_endpoint_q[dma3_end][12]_bret_i_4/O
                         net (fo=1, unplaced)         0.145     0.888    i_scheduler_core/i_round_engine/i_transition_eval/c2_endpoint_q[dma3_end][12]_bret_i_4_n_0
                         LUT6 (Prop_LUT6_I5_O)        0.051     0.939 r  i_scheduler_core/i_round_engine/i_transition_eval/c2_endpoint_q[dma3_end][12]_bret_i_3/O
                         net (fo=32, unplaced)        0.205     1.144    i_scheduler_core/i_round_engine/i_transition_eval/c2_endpoint_q[dma3_end][12]_bret_i_3_n_0
                         LUT3 (Prop_LUT3_I1_O)        0.051     1.195 r  i_scheduler_core/i_round_engine/i_transition_eval/c2_endpoint_q[task_end][0]_bret_i_3/O
                         net (fo=2, unplaced)         0.210     1.405    i_scheduler_core/i_round_engine/i_transition_eval/c2_endpoint_q_reg[task_end][0]_bret_i_2/I2
                         LUTCY2 (Prop_LUTCY2_I2_GE)
                                                      0.088     1.493 r  i_scheduler_core/i_round_engine/i_transition_eval/c2_endpoint_q_reg[task_end][0]_bret_i_2/LUTCY2_INST/GE
                         net (fo=1, unplaced)         0.036     1.529    i_scheduler_core/i_round_engine/i_transition_eval/c2_endpoint_q_reg[task_end][0]_bret_i_2_n_0
                         LOOKAHEAD8 (Prop_LOOKAHEAD8_GEA_COUTH)
                                                      0.242     1.771 r  i_scheduler_core/i_round_engine/i_transition_eval/c2_endpoint_q_reg[task_end][4]_bret_i_4/COUTH
                         net (fo=3, unplaced)         0.198     1.969    i_scheduler_core/i_round_engine/i_transition_eval/c2_endpoint_q_reg[task_end][9]_bret_i_3/I4
                         LUTCY1 (Prop_LUTCY1_I4_O)    0.057     2.026 r  i_scheduler_core/i_round_engine/i_transition_eval/c2_endpoint_q_reg[task_end][9]_bret_i_3/LUTCY1_INST/O
                         net (fo=1, unplaced)         0.206     2.232    i_scheduler_core/i_round_engine/i_transition_eval/timeline_o[task_end]10_in[8]
                         LUT4 (Prop_LUT4_I0_O)        0.074     2.306 r  i_scheduler_core/i_round_engine/i_transition_eval/c2_endpoint_q[task_end][8]_bret_i_2/O
                         net (fo=3, unplaced)         0.151     2.457    i_scheduler_core/i_round_engine/i_transition_eval/c2_endpoint_q[8]
                         LUT3 (Prop_LUT3_I2_O)        0.051     2.508 r  i_scheduler_core/i_round_engine/i_transition_eval/c2_endpoint_q[task_end][8]_bret__1_i_1/O
                         net (fo=12, unplaced)        0.182     2.690    i_scheduler_core/i_round_engine/i_transition_eval/c2_endpoint_q[task_end][8]_bret__1_i_1_n_0
                         LUT3 (Prop_LUT3_I2_O)        0.051     2.741 r  i_scheduler_core/i_round_engine/i_transition_eval/h_load_c3_q[8]_i_2/O
                         net (fo=18, unplaced)        0.175     2.916    i_scheduler_core/i_round_engine/i_transition_eval/scratch_q_reg[13]_i_58/I3
                         LUTCY1 (Prop_LUTCY1_I3_PROP)
                                                      0.073     2.989 r  i_scheduler_core/i_round_engine/i_transition_eval/scratch_q_reg[13]_i_58/LUTCY1_INST/PROP
                         net (fo=1, unplaced)         0.002     2.991    i_scheduler_core/i_round_engine/i_transition_eval/scratch_q_reg[13]_i_58_n_3
                         LOOKAHEAD8 (Prop_LOOKAHEAD8_PROPE_COUTH)
                                                      0.130     3.121 r  i_scheduler_core/i_round_engine/i_transition_eval/scratch_q_reg[13]_i_42/COUTH
                         net (fo=39, unplaced)        0.342     3.463    i_scheduler_core/i_round_engine/i_transition_eval/scratch_q_reg[13]_i_43/I1
                         LUTCY2 (Prop_LUTCY2_I1_GE)
                                                      0.120     3.583 r  i_scheduler_core/i_round_engine/i_transition_eval/scratch_q_reg[13]_i_43/LUTCY2_INST/GE
                         net (fo=1, unplaced)         0.036     3.619    i_scheduler_core/i_round_engine/i_transition_eval/scratch_q_reg[13]_i_43_n_0
                         LOOKAHEAD8 (Prop_LOOKAHEAD8_GEA_COUTH)
                                                      0.242     3.861 r  i_scheduler_core/i_round_engine/i_transition_eval/scratch_q_reg[13]_i_35/COUTH
                         net (fo=3, unplaced)         0.002     3.863    i_scheduler_core/i_round_engine/i_transition_eval/scratch_q_reg[13]_i_35_n_3
                         LOOKAHEAD8 (Prop_LOOKAHEAD8_CIN_COUTF)
                                                      0.053     3.916 r  i_scheduler_core/i_round_engine/i_transition_eval/scratch_q_reg[13]_i_25/COUTF
                         net (fo=13, unplaced)        0.308     4.224    i_scheduler_core/i_round_engine/i_transition_eval/scratch_q_reg[13]_i_25_n_2
                         LUT6 (Prop_LUT6_I4_O)        0.051     4.275 f  i_scheduler_core/i_round_engine/i_transition_eval/scratch_q[1]_i_5/O
                         net (fo=3, unplaced)         0.193     4.468    i_scheduler_core/i_round_engine/i_transition_eval/scratch_q_reg[13]_i_27/I0
                         LUTCY2 (Prop_LUTCY2_I0_GE)
                                                      0.132     4.600 r  i_scheduler_core/i_round_engine/i_transition_eval/scratch_q_reg[13]_i_27/LUTCY2_INST/GE
                         net (fo=1, unplaced)         0.036     4.636    i_scheduler_core/i_round_engine/i_transition_eval/scratch_q_reg[13]_i_27_n_0
                         LOOKAHEAD8 (Prop_LOOKAHEAD8_GEA_COUTH)
                                                      0.242     4.878 r  i_scheduler_core/i_round_engine/i_transition_eval/scratch_q_reg[13]_i_18/COUTH
                         net (fo=3, unplaced)         0.002     4.880    i_scheduler_core/i_round_engine/i_transition_eval/scratch_q_reg[13]_i_18_n_3
                         LOOKAHEAD8 (Prop_LOOKAHEAD8_CIN_COUTF)
                                                      0.053     4.933 r  i_scheduler_core/i_round_engine/i_transition_eval/scratch_q_reg[13]_i_9/COUTF
                         net (fo=13, unplaced)        0.308     5.241    i_scheduler_core/i_round_engine/i_transition_eval/i_bound_score/min_t_return1
                         LUT6 (Prop_LUT6_I4_O)        0.051     5.292 r  i_scheduler_core/i_round_engine/i_transition_eval/scratch_q[5]_i_3/O
                         net (fo=1, unplaced)         0.145     5.437    i_scheduler_core/i_round_engine/i_bound_score/scratch_q_reg[5]_0
                         LUT6 (Prop_LUT6_I4_O)        0.051     5.488 r  i_scheduler_core/i_round_engine/i_bound_score/scratch_q[5]_i_1/O
                         net (fo=1, unplaced)         0.062     5.550    i_scheduler_core/i_round_engine/i_bound_score/scratch_q[5]_i_1_n_0
                         FDCE                                         r  i_scheduler_core/i_round_engine/i_bound_score/scratch_q_reg[5]/D
  -------------------------------------------------------------------    -------------------

                         (clock scheduler_clk rise edge)
                                                      5.000     5.000 r  
                                                      0.000     5.000 r  clk_i (IN)
                         net (fo=1959, unset)         0.080     5.080    i_scheduler_core/i_round_engine/i_bound_score/clk_i
                         FDCE                                         r  i_scheduler_core/i_round_engine/i_bound_score/scratch_q_reg[5]/C
                         clock pessimism              0.000     5.080    
                         clock uncertainty           -0.300     4.780    
                         FDCE (Setup_FDCE_C_D)        0.007     4.787    i_scheduler_core/i_round_engine/i_bound_score/scratch_q_reg[5]
  -------------------------------------------------------------------
                         required time                          4.787    
                         arrival time                          -5.550    
  -------------------------------------------------------------------
                         slack                                 -0.763    

Slack (VIOLATED) :        -0.763ns  (required time - arrival time)
  Source:                 i_scheduler_core/i_round_engine/i_transition_eval/c2_endpoint_q_reg[task_end][1]_bret__6_bret__30_bret_bret_bret__1/C
                            (rising edge-triggered cell FDPE clocked by scheduler_clk  {rise@0.000ns fall@2.500ns period=5.000ns})
  Destination:            i_scheduler_core/i_round_engine/i_bound_score/scratch_q_reg[7]/D
                            (rising edge-triggered cell FDCE clocked by scheduler_clk  {rise@0.000ns fall@2.500ns period=5.000ns})
  Path Group:             scheduler_clk
  Path Type:              Setup (Max at Slow Process Corner)
  Requirement:            5.000ns  (scheduler_clk rise@5.000ns - scheduler_clk rise@0.000ns)
  Data Path Delay:        5.332ns  (logic 2.078ns (38.972%)  route 3.254ns (61.028%))
  Logic Levels:           21  (LOOKAHEAD8=6 LUT3=3 LUT4=1 LUT5=2 LUT6=4 LUTCY1=2 LUTCY2=3)
  Clock Path Skew:        -0.138ns (DCD - SCD + CPR)
    Destination Clock Delay (DCD):    0.080ns = ( 5.080 - 5.000 ) 
    Source Clock Delay      (SCD):    0.218ns
    Clock Pessimism Removal (CPR):    0.000ns
  Clock Uncertainty:      0.300ns  (CJ)/2 + PE + PJ
    Clock Jitter             (CJ):    0.600ns
    Phase Error              (PE):    0.000ns
    Phase Jitter             (PJ):    0.000ns

    Location             Delay type                Incr(ns)  Path(ns)    Netlist Resource(s)
  -------------------------------------------------------------------    -------------------
                         (clock scheduler_clk rise edge)
                                                      0.000     0.000 r  
                                                      0.000     0.000 r  clk_i (IN)
                         net (fo=1959, unset)         0.218     0.218    i_scheduler_core/i_round_engine/i_transition_eval/clk_i
                         FDPE                                         r  i_scheduler_core/i_round_engine/i_transition_eval/c2_endpoint_q_reg[task_end][1]_bret__6_bret__30_bret_bret_bret__1/C
  -------------------------------------------------------------------    -------------------
                         FDPE (Prop_FDPE_C_Q)         0.090     0.308 f  i_scheduler_core/i_round_engine/i_transition_eval/c2_endpoint_q_reg[task_end][1]_bret__6_bret__30_bret_bret_bret__1/Q
                         net (fo=1, unplaced)         0.165     0.473    i_scheduler_core/i_round_engine/i_transition_eval/c2_endpoint_q_reg[task_end][1]_bret__6_bret__30_bret_bret_bret__1_n_0
                         LUT5 (Prop_LUT5_I2_O)        0.074     0.547 f  i_scheduler_core/i_round_engine/i_transition_eval/c2_endpoint_q[dma3_end][12]_bret_i_5/O
                         net (fo=1, unplaced)         0.145     0.692    i_scheduler_core/i_round_engine/i_transition_eval/c2_endpoint_q[dma3_end][12]_bret_i_5_n_0
                         LUT5 (Prop_LUT5_I4_O)        0.051     0.743 r  i_scheduler_core/i_round_engine/i_transition_eval/c2_endpoint_q[dma3_end][12]_bret_i_4/O
                         net (fo=1, unplaced)         0.145     0.888    i_scheduler_core/i_round_engine/i_transition_eval/c2_endpoint_q[dma3_end][12]_bret_i_4_n_0
                         LUT6 (Prop_LUT6_I5_O)        0.051     0.939 r  i_scheduler_core/i_round_engine/i_transition_eval/c2_endpoint_q[dma3_end][12]_bret_i_3/O
                         net (fo=32, unplaced)        0.205     1.144    i_scheduler_core/i_round_engine/i_transition_eval/c2_endpoint_q[dma3_end][12]_bret_i_3_n_0
                         LUT3 (Prop_LUT3_I1_O)        0.051     1.195 r  i_scheduler_core/i_round_engine/i_transition_eval/c2_endpoint_q[task_end][0]_bret_i_3/O
                         net (fo=2, unplaced)         0.210     1.405    i_scheduler_core/i_round_engine/i_transition_eval/c2_endpoint_q_reg[task_end][0]_bret_i_2/I2
                         LUTCY2 (Prop_LUTCY2_I2_GE)
                                                      0.088     1.493 r  i_scheduler_core/i_round_engine/i_transition_eval/c2_endpoint_q_reg[task_end][0]_bret_i_2/LUTCY2_INST/GE
                         net (fo=1, unplaced)         0.036     1.529    i_scheduler_core/i_round_engine/i_transition_eval/c2_endpoint_q_reg[task_end][0]_bret_i_2_n_0
                         LOOKAHEAD8 (Prop_LOOKAHEAD8_GEA_COUTH)
                                                      0.242     1.771 r  i_scheduler_core/i_round_engine/i_transition_eval/c2_endpoint_q_reg[task_end][4]_bret_i_4/COUTH
                         net (fo=3, unplaced)         0.198     1.969    i_scheduler_core/i_round_engine/i_transition_eval/c2_endpoint_q_reg[task_end][9]_bret_i_3/I4
                         LUTCY1 (Prop_LUTCY1_I4_O)    0.057     2.026 r  i_scheduler_core/i_round_engine/i_transition_eval/c2_endpoint_q_reg[task_end][9]_bret_i_3/LUTCY1_INST/O
                         net (fo=1, unplaced)         0.206     2.232    i_scheduler_core/i_round_engine/i_transition_eval/timeline_o[task_end]10_in[8]
                         LUT4 (Prop_LUT4_I0_O)        0.074     2.306 r  i_scheduler_core/i_round_engine/i_transition_eval/c2_endpoint_q[task_end][8]_bret_i_2/O
                         net (fo=3, unplaced)         0.151     2.457    i_scheduler_core/i_round_engine/i_transition_eval/c2_endpoint_q[8]
                         LUT3 (Prop_LUT3_I2_O)        0.051     2.508 r  i_scheduler_core/i_round_engine/i_transition_eval/c2_endpoint_q[task_end][8]_bret__1_i_1/O
                         net (fo=12, unplaced)        0.182     2.690    i_scheduler_core/i_round_engine/i_transition_eval/c2_endpoint_q[task_end][8]_bret__1_i_1_n_0
                         LUT3 (Prop_LUT3_I2_O)        0.051     2.741 r  i_scheduler_core/i_round_engine/i_transition_eval/h_load_c3_q[8]_i_2/O
                         net (fo=18, unplaced)        0.175     2.916    i_scheduler_core/i_round_engine/i_transition_eval/scratch_q_reg[13]_i_58/I3
                         LUTCY1 (Prop_LUTCY1_I3_PROP)
                                                      0.073     2.989 r  i_scheduler_core/i_round_engine/i_transition_eval/scratch_q_reg[13]_i_58/LUTCY1_INST/PROP
                         net (fo=1, unplaced)         0.002     2.991    i_scheduler_core/i_round_engine/i_transition_eval/scratch_q_reg[13]_i_58_n_3
                         LOOKAHEAD8 (Prop_LOOKAHEAD8_PROPE_COUTH)
                                                      0.130     3.121 r  i_scheduler_core/i_round_engine/i_transition_eval/scratch_q_reg[13]_i_42/COUTH
                         net (fo=39, unplaced)        0.342     3.463    i_scheduler_core/i_round_engine/i_transition_eval/scratch_q_reg[13]_i_43/I1
                         LUTCY2 (Prop_LUTCY2_I1_GE)
                                                      0.120     3.583 r  i_scheduler_core/i_round_engine/i_transition_eval/scratch_q_reg[13]_i_43/LUTCY2_INST/GE
                         net (fo=1, unplaced)         0.036     3.619    i_scheduler_core/i_round_engine/i_transition_eval/scratch_q_reg[13]_i_43_n_0
                         LOOKAHEAD8 (Prop_LOOKAHEAD8_GEA_COUTH)
                                                      0.242     3.861 r  i_scheduler_core/i_round_engine/i_transition_eval/scratch_q_reg[13]_i_35/COUTH
                         net (fo=3, unplaced)         0.002     3.863    i_scheduler_core/i_round_engine/i_transition_eval/scratch_q_reg[13]_i_35_n_3
                         LOOKAHEAD8 (Prop_LOOKAHEAD8_CIN_COUTF)
                                                      0.053     3.916 r  i_scheduler_core/i_round_engine/i_transition_eval/scratch_q_reg[13]_i_25/COUTF
                         net (fo=13, unplaced)        0.308     4.224    i_scheduler_core/i_round_engine/i_transition_eval/scratch_q_reg[13]_i_25_n_2
                         LUT6 (Prop_LUT6_I4_O)        0.051     4.275 f  i_scheduler_core/i_round_engine/i_transition_eval/scratch_q[1]_i_5/O
                         net (fo=3, unplaced)         0.193     4.468    i_scheduler_core/i_round_engine/i_transition_eval/scratch_q_reg[13]_i_27/I0
                         LUTCY2 (Prop_LUTCY2_I0_GE)
                                                      0.132     4.600 r  i_scheduler_core/i_round_engine/i_transition_eval/scratch_q_reg[13]_i_27/LUTCY2_INST/GE
                         net (fo=1, unplaced)         0.036     4.636    i_scheduler_core/i_round_engine/i_transition_eval/scratch_q_reg[13]_i_27_n_0
                         LOOKAHEAD8 (Prop_LOOKAHEAD8_GEA_COUTH)
                                                      0.242     4.878 r  i_scheduler_core/i_round_engine/i_transition_eval/scratch_q_reg[13]_i_18/COUTH
                         net (fo=3, unplaced)         0.002     4.880    i_scheduler_core/i_round_engine/i_transition_eval/scratch_q_reg[13]_i_18_n_3
                         LOOKAHEAD8 (Prop_LOOKAHEAD8_CIN_COUTF)
                                                      0.053     4.933 r  i_scheduler_core/i_round_engine/i_transition_eval/scratch_q_reg[13]_i_9/COUTF
                         net (fo=13, unplaced)        0.308     5.241    i_scheduler_core/i_round_engine/i_transition_eval/i_bound_score/min_t_return1
                         LUT6 (Prop_LUT6_I4_O)        0.051     5.292 r  i_scheduler_core/i_round_engine/i_transition_eval/scratch_q[7]_i_3/O
                         net (fo=1, unplaced)         0.145     5.437    i_scheduler_core/i_round_engine/i_bound_score/scratch_q_reg[7]_0
                         LUT6 (Prop_LUT6_I4_O)        0.051     5.488 r  i_scheduler_core/i_round_engine/i_bound_score/scratch_q[7]_i_1/O
                         net (fo=1, unplaced)         0.062     5.550    i_scheduler_core/i_round_engine/i_bound_score/scratch_q[7]_i_1_n_0
                         FDCE                                         r  i_scheduler_core/i_round_engine/i_bound_score/scratch_q_reg[7]/D
  -------------------------------------------------------------------    -------------------

                         (clock scheduler_clk rise edge)
                                                      5.000     5.000 r  
                                                      0.000     5.000 r  clk_i (IN)
                         net (fo=1959, unset)         0.080     5.080    i_scheduler_core/i_round_engine/i_bound_score/clk_i
                         FDCE                                         r  i_scheduler_core/i_round_engine/i_bound_score/scratch_q_reg[7]/C
                         clock pessimism              0.000     5.080    
                         clock uncertainty           -0.300     4.780    
                         FDCE (Setup_FDCE_C_D)        0.007     4.787    i_scheduler_core/i_round_engine/i_bound_score/scratch_q_reg[7]
  -------------------------------------------------------------------
                         required time                          4.787    
                         arrival time                          -5.550    
  -------------------------------------------------------------------
                         slack                                 -0.763    

Slack (VIOLATED) :        -0.763ns  (required time - arrival time)
  Source:                 i_scheduler_core/i_round_engine/i_transition_eval/c2_endpoint_q_reg[task_end][1]_bret__6_bret__30_bret_bret_bret__1/C
                            (rising edge-triggered cell FDPE clocked by scheduler_clk  {rise@0.000ns fall@2.500ns period=5.000ns})
  Destination:            i_scheduler_core/i_round_engine/i_bound_score/scratch_q_reg[8]/D
                            (rising edge-triggered cell FDCE clocked by scheduler_clk  {rise@0.000ns fall@2.500ns period=5.000ns})
  Path Group:             scheduler_clk
  Path Type:              Setup (Max at Slow Process Corner)
  Requirement:            5.000ns  (scheduler_clk rise@5.000ns - scheduler_clk rise@0.000ns)
  Data Path Delay:        5.332ns  (logic 2.078ns (38.972%)  route 3.254ns (61.028%))
  Logic Levels:           21  (LOOKAHEAD8=6 LUT3=3 LUT4=1 LUT5=2 LUT6=4 LUTCY1=2 LUTCY2=3)
  Clock Path Skew:        -0.138ns (DCD - SCD + CPR)
    Destination Clock Delay (DCD):    0.080ns = ( 5.080 - 5.000 ) 
    Source Clock Delay      (SCD):    0.218ns
    Clock Pessimism Removal (CPR):    0.000ns
  Clock Uncertainty:      0.300ns  (CJ)/2 + PE + PJ
    Clock Jitter             (CJ):    0.600ns
    Phase Error              (PE):    0.000ns
    Phase Jitter             (PJ):    0.000ns

    Location             Delay type                Incr(ns)  Path(ns)    Netlist Resource(s)
  -------------------------------------------------------------------    -------------------
                         (clock scheduler_clk rise edge)
                                                      0.000     0.000 r  
                                                      0.000     0.000 r  clk_i (IN)
                         net (fo=1959, unset)         0.218     0.218    i_scheduler_core/i_round_engine/i_transition_eval/clk_i
                         FDPE                                         r  i_scheduler_core/i_round_engine/i_transition_eval/c2_endpoint_q_reg[task_end][1]_bret__6_bret__30_bret_bret_bret__1/C
  -------------------------------------------------------------------    -------------------
                         FDPE (Prop_FDPE_C_Q)         0.090     0.308 f  i_scheduler_core/i_round_engine/i_transition_eval/c2_endpoint_q_reg[task_end][1]_bret__6_bret__30_bret_bret_bret__1/Q
                         net (fo=1, unplaced)         0.165     0.473    i_scheduler_core/i_round_engine/i_transition_eval/c2_endpoint_q_reg[task_end][1]_bret__6_bret__30_bret_bret_bret__1_n_0
                         LUT5 (Prop_LUT5_I2_O)        0.074     0.547 f  i_scheduler_core/i_round_engine/i_transition_eval/c2_endpoint_q[dma3_end][12]_bret_i_5/O
                         net (fo=1, unplaced)         0.145     0.692    i_scheduler_core/i_round_engine/i_transition_eval/c2_endpoint_q[dma3_end][12]_bret_i_5_n_0
                         LUT5 (Prop_LUT5_I4_O)        0.051     0.743 r  i_scheduler_core/i_round_engine/i_transition_eval/c2_endpoint_q[dma3_end][12]_bret_i_4/O
                         net (fo=1, unplaced)         0.145     0.888    i_scheduler_core/i_round_engine/i_transition_eval/c2_endpoint_q[dma3_end][12]_bret_i_4_n_0
                         LUT6 (Prop_LUT6_I5_O)        0.051     0.939 r  i_scheduler_core/i_round_engine/i_transition_eval/c2_endpoint_q[dma3_end][12]_bret_i_3/O
                         net (fo=32, unplaced)        0.205     1.144    i_scheduler_core/i_round_engine/i_transition_eval/c2_endpoint_q[dma3_end][12]_bret_i_3_n_0
                         LUT3 (Prop_LUT3_I1_O)        0.051     1.195 r  i_scheduler_core/i_round_engine/i_transition_eval/c2_endpoint_q[task_end][0]_bret_i_3/O
                         net (fo=2, unplaced)         0.210     1.405    i_scheduler_core/i_round_engine/i_transition_eval/c2_endpoint_q_reg[task_end][0]_bret_i_2/I2
                         LUTCY2 (Prop_LUTCY2_I2_GE)
                                                      0.088     1.493 r  i_scheduler_core/i_round_engine/i_transition_eval/c2_endpoint_q_reg[task_end][0]_bret_i_2/LUTCY2_INST/GE
                         net (fo=1, unplaced)         0.036     1.529    i_scheduler_core/i_round_engine/i_transition_eval/c2_endpoint_q_reg[task_end][0]_bret_i_2_n_0
                         LOOKAHEAD8 (Prop_LOOKAHEAD8_GEA_COUTH)
                                                      0.242     1.771 r  i_scheduler_core/i_round_engine/i_transition_eval/c2_endpoint_q_reg[task_end][4]_bret_i_4/COUTH
                         net (fo=3, unplaced)         0.198     1.969    i_scheduler_core/i_round_engine/i_transition_eval/c2_endpoint_q_reg[task_end][9]_bret_i_3/I4
                         LUTCY1 (Prop_LUTCY1_I4_O)    0.057     2.026 r  i_scheduler_core/i_round_engine/i_transition_eval/c2_endpoint_q_reg[task_end][9]_bret_i_3/LUTCY1_INST/O
                         net (fo=1, unplaced)         0.206     2.232    i_scheduler_core/i_round_engine/i_transition_eval/timeline_o[task_end]10_in[8]
                         LUT4 (Prop_LUT4_I0_O)        0.074     2.306 r  i_scheduler_core/i_round_engine/i_transition_eval/c2_endpoint_q[task_end][8]_bret_i_2/O
                         net (fo=3, unplaced)         0.151     2.457    i_scheduler_core/i_round_engine/i_transition_eval/c2_endpoint_q[8]
                         LUT3 (Prop_LUT3_I2_O)        0.051     2.508 r  i_scheduler_core/i_round_engine/i_transition_eval/c2_endpoint_q[task_end][8]_bret__1_i_1/O
                         net (fo=12, unplaced)        0.182     2.690    i_scheduler_core/i_round_engine/i_transition_eval/c2_endpoint_q[task_end][8]_bret__1_i_1_n_0
                         LUT3 (Prop_LUT3_I2_O)        0.051     2.741 r  i_scheduler_core/i_round_engine/i_transition_eval/h_load_c3_q[8]_i_2/O
                         net (fo=18, unplaced)        0.175     2.916    i_scheduler_core/i_round_engine/i_transition_eval/scratch_q_reg[13]_i_58/I3
                         LUTCY1 (Prop_LUTCY1_I3_PROP)
                                                      0.073     2.989 r  i_scheduler_core/i_round_engine/i_transition_eval/scratch_q_reg[13]_i_58/LUTCY1_INST/PROP
                         net (fo=1, unplaced)         0.002     2.991    i_scheduler_core/i_round_engine/i_transition_eval/scratch_q_reg[13]_i_58_n_3
                         LOOKAHEAD8 (Prop_LOOKAHEAD8_PROPE_COUTH)
                                                      0.130     3.121 r  i_scheduler_core/i_round_engine/i_transition_eval/scratch_q_reg[13]_i_42/COUTH
                         net (fo=39, unplaced)        0.342     3.463    i_scheduler_core/i_round_engine/i_transition_eval/scratch_q_reg[13]_i_43/I1
                         LUTCY2 (Prop_LUTCY2_I1_GE)
                                                      0.120     3.583 r  i_scheduler_core/i_round_engine/i_transition_eval/scratch_q_reg[13]_i_43/LUTCY2_INST/GE
                         net (fo=1, unplaced)         0.036     3.619    i_scheduler_core/i_round_engine/i_transition_eval/scratch_q_reg[13]_i_43_n_0
                         LOOKAHEAD8 (Prop_LOOKAHEAD8_GEA_COUTH)
                                                      0.242     3.861 r  i_scheduler_core/i_round_engine/i_transition_eval/scratch_q_reg[13]_i_35/COUTH
                         net (fo=3, unplaced)         0.002     3.863    i_scheduler_core/i_round_engine/i_transition_eval/scratch_q_reg[13]_i_35_n_3
                         LOOKAHEAD8 (Prop_LOOKAHEAD8_CIN_COUTF)
                                                      0.053     3.916 r  i_scheduler_core/i_round_engine/i_transition_eval/scratch_q_reg[13]_i_25/COUTF
                         net (fo=13, unplaced)        0.308     4.224    i_scheduler_core/i_round_engine/i_transition_eval/scratch_q_reg[13]_i_25_n_2
                         LUT6 (Prop_LUT6_I4_O)        0.051     4.275 f  i_scheduler_core/i_round_engine/i_transition_eval/scratch_q[1]_i_5/O
                         net (fo=3, unplaced)         0.193     4.468    i_scheduler_core/i_round_engine/i_transition_eval/scratch_q_reg[13]_i_27/I0
                         LUTCY2 (Prop_LUTCY2_I0_GE)
                                                      0.132     4.600 r  i_scheduler_core/i_round_engine/i_transition_eval/scratch_q_reg[13]_i_27/LUTCY2_INST/GE
                         net (fo=1, unplaced)         0.036     4.636    i_scheduler_core/i_round_engine/i_transition_eval/scratch_q_reg[13]_i_27_n_0
                         LOOKAHEAD8 (Prop_LOOKAHEAD8_GEA_COUTH)
                                                      0.242     4.878 r  i_scheduler_core/i_round_engine/i_transition_eval/scratch_q_reg[13]_i_18/COUTH
                         net (fo=3, unplaced)         0.002     4.880    i_scheduler_core/i_round_engine/i_transition_eval/scratch_q_reg[13]_i_18_n_3
                         LOOKAHEAD8 (Prop_LOOKAHEAD8_CIN_COUTF)
                                                      0.053     4.933 r  i_scheduler_core/i_round_engine/i_transition_eval/scratch_q_reg[13]_i_9/COUTF
                         net (fo=13, unplaced)        0.308     5.241    i_scheduler_core/i_round_engine/i_transition_eval/i_bound_score/min_t_return1
                         LUT6 (Prop_LUT6_I4_O)        0.051     5.292 r  i_scheduler_core/i_round_engine/i_transition_eval/scratch_q[8]_i_3/O
                         net (fo=1, unplaced)         0.145     5.437    i_scheduler_core/i_round_engine/i_bound_score/scratch_q_reg[8]_0
                         LUT6 (Prop_LUT6_I4_O)        0.051     5.488 r  i_scheduler_core/i_round_engine/i_bound_score/scratch_q[8]_i_1/O
                         net (fo=1, unplaced)         0.062     5.550    i_scheduler_core/i_round_engine/i_bound_score/scratch_q[8]_i_1_n_0
                         FDCE                                         r  i_scheduler_core/i_round_engine/i_bound_score/scratch_q_reg[8]/D
  -------------------------------------------------------------------    -------------------

                         (clock scheduler_clk rise edge)
                                                      5.000     5.000 r  
                                                      0.000     5.000 r  clk_i (IN)
                         net (fo=1959, unset)         0.080     5.080    i_scheduler_core/i_round_engine/i_bound_score/clk_i
                         FDCE                                         r  i_scheduler_core/i_round_engine/i_bound_score/scratch_q_reg[8]/C
                         clock pessimism              0.000     5.080    
                         clock uncertainty           -0.300     4.780    
                         FDCE (Setup_FDCE_C_D)        0.007     4.787    i_scheduler_core/i_round_engine/i_bound_score/scratch_q_reg[8]
  -------------------------------------------------------------------
                         required time                          4.787    
                         arrival time                          -5.550    
  -------------------------------------------------------------------
                         slack                                 -0.763    





Pulse Width Checks
--------------------------------------------------------------------------------------
Clock Name:         scheduler_clk
Waveform(ns):       { 0.000 2.500 }
Period(ns):         5.000
Sources:            { clk_i }

Check Type        Corner  Lib Pin  Reference Pin  Required(ns)  Actual(ns)  Slack(ns)  Location  Pin
Min Period        n/a     FDCE/C   n/a            0.550         5.000       4.450                active_count_q_reg[0]/C
Min Period        n/a     FDCE/C   n/a            0.550         5.000       4.450                active_count_q_reg[1]/C
Min Period        n/a     FDCE/C   n/a            0.550         5.000       4.450                active_count_q_reg[2]/C
Min Period        n/a     FDCE/C   n/a            0.550         5.000       4.450                active_count_q_reg[3]/C
Min Period        n/a     FDCE/C   n/a            0.550         5.000       4.450                active_count_q_reg[4]/C
Min Period        n/a     FDCE/C   n/a            0.550         5.000       4.450                active_count_q_reg[5]/C
Min Period        n/a     FDCE/C   n/a            0.550         5.000       4.450                active_count_q_reg[6]/C
Min Period        n/a     FDCE/C   n/a            0.550         5.000       4.450                auto_run_q_reg/C
Min Period        n/a     FDCE/C   n/a            0.550         5.000       4.450                cold_count_q_reg[0]/C
Min Period        n/a     FDCE/C   n/a            0.550         5.000       4.450                cold_count_q_reg[1]/C
Min Period        n/a     FDCE/C   n/a            0.550         5.000       4.450                cold_count_q_reg[2]/C
Min Period        n/a     FDCE/C   n/a            0.550         5.000       4.450                cold_q_reg[0][eid][0]/C
Min Period        n/a     FDCE/C   n/a            0.550         5.000       4.450                cold_q_reg[0][eid][1]/C
Min Period        n/a     FDCE/C   n/a            0.550         5.000       4.450                cold_q_reg[0][eid][2]/C
Min Period        n/a     FDCE/C   n/a            0.550         5.000       4.450                cold_q_reg[0][eid][3]/C
Min Period        n/a     FDCE/C   n/a            0.550         5.000       4.450                cold_q_reg[0][eid][4]/C
Min Period        n/a     FDCE/C   n/a            0.550         5.000       4.450                cold_q_reg[0][eid][5]/C
Min Period        n/a     FDCE/C   n/a            0.550         5.000       4.450                cold_q_reg[0][ntok][0]/C
Min Period        n/a     FDCE/C   n/a            0.550         5.000       4.450                cold_q_reg[0][ntok][1]/C
Min Period        n/a     FDCE/C   n/a            0.550         5.000       4.450                cold_q_reg[0][ntok][2]/C
Low Pulse Width   Slow    FDCE/C   n/a            0.275         2.500       2.225                active_count_q_reg[0]/C
Low Pulse Width   Fast    FDCE/C   n/a            0.275         2.500       2.225                active_count_q_reg[0]/C
Low Pulse Width   Slow    FDCE/C   n/a            0.275         2.500       2.225                active_count_q_reg[1]/C
Low Pulse Width   Fast    FDCE/C   n/a            0.275         2.500       2.225                active_count_q_reg[1]/C
Low Pulse Width   Slow    FDCE/C   n/a            0.275         2.500       2.225                active_count_q_reg[2]/C
Low Pulse Width   Fast    FDCE/C   n/a            0.275         2.500       2.225                active_count_q_reg[2]/C
Low Pulse Width   Slow    FDCE/C   n/a            0.275         2.500       2.225                active_count_q_reg[3]/C
Low Pulse Width   Fast    FDCE/C   n/a            0.275         2.500       2.225                active_count_q_reg[3]/C
Low Pulse Width   Slow    FDCE/C   n/a            0.275         2.500       2.225                active_count_q_reg[4]/C
Low Pulse Width   Fast    FDCE/C   n/a            0.275         2.500       2.225                active_count_q_reg[4]/C
Low Pulse Width   Slow    FDCE/C   n/a            0.275         2.500       2.225                active_count_q_reg[5]/C
Low Pulse Width   Fast    FDCE/C   n/a            0.275         2.500       2.225                active_count_q_reg[5]/C
Low Pulse Width   Slow    FDCE/C   n/a            0.275         2.500       2.225                active_count_q_reg[6]/C
Low Pulse Width   Fast    FDCE/C   n/a            0.275         2.500       2.225                active_count_q_reg[6]/C
Low Pulse Width   Slow    FDCE/C   n/a            0.275         2.500       2.225                auto_run_q_reg/C
Low Pulse Width   Fast    FDCE/C   n/a            0.275         2.500       2.225                auto_run_q_reg/C
Low Pulse Width   Slow    FDCE/C   n/a            0.275         2.500       2.225                cold_count_q_reg[0]/C
Low Pulse Width   Fast    FDCE/C   n/a            0.275         2.500       2.225                cold_count_q_reg[0]/C
Low Pulse Width   Slow    FDCE/C   n/a            0.275         2.500       2.225                cold_count_q_reg[1]/C
Low Pulse Width   Fast    FDCE/C   n/a            0.275         2.500       2.225                cold_count_q_reg[1]/C
High Pulse Width  Slow    FDCE/C   n/a            0.275         2.500       2.225                active_count_q_reg[0]/C
High Pulse Width  Fast    FDCE/C   n/a            0.275         2.500       2.225                active_count_q_reg[0]/C
High Pulse Width  Slow    FDCE/C   n/a            0.275         2.500       2.225                active_count_q_reg[1]/C
High Pulse Width  Fast    FDCE/C   n/a            0.275         2.500       2.225                active_count_q_reg[1]/C
High Pulse Width  Slow    FDCE/C   n/a            0.275         2.500       2.225                active_count_q_reg[2]/C
High Pulse Width  Fast    FDCE/C   n/a            0.275         2.500       2.225                active_count_q_reg[2]/C
High Pulse Width  Slow    FDCE/C   n/a            0.275         2.500       2.225                active_count_q_reg[3]/C
High Pulse Width  Fast    FDCE/C   n/a            0.275         2.500       2.225                active_count_q_reg[3]/C
High Pulse Width  Slow    FDCE/C   n/a            0.275         2.500       2.225                active_count_q_reg[4]/C
High Pulse Width  Fast    FDCE/C   n/a            0.275         2.500       2.225                active_count_q_reg[4]/C
High Pulse Width  Slow    FDCE/C   n/a            0.275         2.500       2.225                active_count_q_reg[5]/C
High Pulse Width  Fast    FDCE/C   n/a            0.275         2.500       2.225                active_count_q_reg[5]/C
High Pulse Width  Slow    FDCE/C   n/a            0.275         2.500       2.225                active_count_q_reg[6]/C
High Pulse Width  Fast    FDCE/C   n/a            0.275         2.500       2.225                active_count_q_reg[6]/C
High Pulse Width  Slow    FDCE/C   n/a            0.275         2.500       2.225                auto_run_q_reg/C
High Pulse Width  Fast    FDCE/C   n/a            0.275         2.500       2.225                auto_run_q_reg/C
High Pulse Width  Slow    FDCE/C   n/a            0.275         2.500       2.225                cold_count_q_reg[0]/C
High Pulse Width  Fast    FDCE/C   n/a            0.275         2.500       2.225                cold_count_q_reg[0]/C
High Pulse Width  Slow    FDCE/C   n/a            0.275         2.500       2.225                cold_count_q_reg[1]/C
High Pulse Width  Fast    FDCE/C   n/a            0.275         2.500       2.225                cold_count_q_reg[1]/C



