Copyright 1986-2022 Xilinx, Inc. All Rights Reserved. Copyright 2022-2025 Advanced Micro Devices, Inc. All Rights Reserved.
--------------------------------------------------------------------------------------------------------------------------------------------------
| Tool Version      : Vivado v.2025.2 (lin64) Build 6299465 Fri Nov 14 12:34:56 MST 2025
| Date              : Tue Aug 18 18:02:23 2026
| Host              : amazone.esat.kuleuven.be running 64-bit Rocky Linux 9.8 (Blue Onyx)
| Command           : report_timing_summary -delay_type max -max_paths 20 -file .gen/ooc_stream_head_40mhz/timing_summary.rpt
| Design            : moe_scheduler_reg_wrapper
| Device            : xcvp1802-lsvc4072
| Speed File        : -2MP  PRODUCTION 2.08 2024-04-16
| Design State      : Synthesized
| Temperature Grade : E
--------------------------------------------------------------------------------------------------------------------------------------------------

Timing Summary Report

------------------------------------------------------------------------------------------------
| Timer Settings
| --------------
------------------------------------------------------------------------------------------------

  Enable Multi Corner Analysis               :  Yes
  Enable Pessimism Removal                   :  Yes
  Pessimism Removal Resolution               :  Nearest Common Node
  Enable Input Delay Default Clock           :  No
  Enable Preset / Clear Arcs                 :  No
  Disable Flight Delays                      :  No
  Ignore I/O Paths                           :  No
  Timing Early Launch at Borrowing Latches   :  No
  Borrow Time for Max Delay Exceptions       :  Yes
  Merge Timing Exceptions                    :  Yes
  Inter-SLR Compensation                     :  Conservative

  Corner  Analyze    Analyze    
  Name    Max Paths  Min Paths  
  ------  ---------  ---------  
  Slow    Yes        Yes        
  Fast    Yes        Yes        


------------------------------------------------------------------------------------------------
| Report Methodology
| ------------------
------------------------------------------------------------------------------------------------

No report available as report_methodology has not been run prior. Run report_methodology on the current design for the summary of methodology violations.



check_timing report

Table of Contents
-----------------
1. checking no_clock (0)
2. checking constant_clock (0)
3. checking pulse_width_clock (0)
4. checking unconstrained_internal_endpoints (0)
5. checking no_input_delay (71)
6. checking no_output_delay (64)
7. checking multiple_clock (0)
8. checking generated_clocks (0)
9. checking loops (0)
10. checking partial_input_delay (0)
11. checking partial_output_delay (0)
12. checking latch_loops (0)

1. checking no_clock (0)
------------------------
 There are 0 register/latch pins with no clock.


2. checking constant_clock (0)
------------------------------
 There are 0 register/latch pins with constant_clock.


3. checking pulse_width_clock (0)
---------------------------------
 There are 0 register/latch pins which need pulse_width check


4. checking unconstrained_internal_endpoints (0)
------------------------------------------------
 There are 0 pins that are not constrained for maximum delay.

 There are 0 pins that are not constrained for maximum delay due to constant clock.


5. checking no_input_delay (71)
-------------------------------
 There are 71 input ports with no input delay specified. (HIGH)

 There are 0 input ports with no input delay but user has a false path constraint.


6. checking no_output_delay (64)
--------------------------------
 There are 64 ports with no output delay specified. (HIGH)

 There are 0 ports with no output delay but user has a false path constraint

 There are 0 ports with no output delay but with a timing clock defined on it or propagating through it


7. checking multiple_clock (0)
------------------------------
 There are 0 register/latch pins with multiple clocks.


8. checking generated_clocks (0)
--------------------------------
 There are 0 generated clocks that are not connected to a clock source.


9. checking loops (0)
---------------------
 There are 0 combinational loops in the design.


10. checking partial_input_delay (0)
------------------------------------
 There are 0 input ports with partial input delay specified.


11. checking partial_output_delay (0)
-------------------------------------
 There are 0 ports with partial output delay specified.


12. checking latch_loops (0)
----------------------------
 There are 0 combinational latch loops in the design through latch input



------------------------------------------------------------------------------------------------
| Design Timing Summary
| ---------------------
------------------------------------------------------------------------------------------------

    WNS(ns)      TNS(ns)  TNS Failing Endpoints  TNS Total Endpoints     WPWS(ns)     TPWS(ns)  TPWS Failing Endpoints  TPWS Total Endpoints  
    -------      -------  ---------------------  -------------------     --------     --------  ----------------------  --------------------  
     16.953        0.000                      0                 3347       12.225        0.000                       0                  1741  


All user specified timing constraints are met.


------------------------------------------------------------------------------------------------
| Clock Summary
| -------------
------------------------------------------------------------------------------------------------

Clock          Waveform(ns)       Period(ns)      Frequency(MHz)
-----          ------------       ----------      --------------
scheduler_clk  {0.000 12.500}     25.000          40.000          


------------------------------------------------------------------------------------------------
| Intra Clock Table
| -----------------
------------------------------------------------------------------------------------------------

Clock              WNS(ns)      TNS(ns)  TNS Failing Endpoints  TNS Total Endpoints     WPWS(ns)     TPWS(ns)  TPWS Failing Endpoints  TPWS Total Endpoints  
-----              -------      -------  ---------------------  -------------------     --------     --------  ----------------------  --------------------  
scheduler_clk       16.953        0.000                      0                 3347       12.225        0.000                       0                  1741  


------------------------------------------------------------------------------------------------
| Inter Clock Table
| -----------------
------------------------------------------------------------------------------------------------

From Clock    To Clock          WNS(ns)      TNS(ns)  TNS Failing Endpoints  TNS Total Endpoints  
----------    --------          -------      -------  ---------------------  -------------------  


------------------------------------------------------------------------------------------------
| Other Path Groups Table
| -----------------------
------------------------------------------------------------------------------------------------

Path Group    From Clock    To Clock          WNS(ns)      TNS(ns)  TNS Failing Endpoints  TNS Total Endpoints  
----------    ----------    --------          -------      -------  ---------------------  -------------------  


------------------------------------------------------------------------------------------------
| Timing Details
| --------------
------------------------------------------------------------------------------------------------


---------------------------------------------------------------------------------------------------
From Clock:  scheduler_clk
  To Clock:  scheduler_clk

Setup :            0  Failing Endpoints,  Worst Slack       16.953ns,  Total Violation        0.000ns
Hold  :           NA  Failing Endpoints,  Worst Slack           NA  ,  Total Violation           NA
PW    :            0  Failing Endpoints,  Worst Slack       12.225ns,  Total Violation        0.000ns
---------------------------------------------------------------------------------------------------


Max Delay Paths
--------------------------------------------------------------------------------------
Slack (MET) :             16.953ns  (required time - arrival time)
  Source:                 refill_top_remaining_q_reg[1]/C
                            (rising edge-triggered cell FDCE clocked by scheduler_clk  {rise@0.000ns fall@12.500ns period=25.000ns})
  Destination:            hot_q_reg[5][eid][0]/CE
                            (rising edge-triggered cell FDCE clocked by scheduler_clk  {rise@0.000ns fall@12.500ns period=25.000ns})
  Path Group:             scheduler_clk
  Path Type:              Setup (Max at Slow Process Corner)
  Requirement:            25.000ns  (scheduler_clk rise@25.000ns - scheduler_clk rise@0.000ns)
  Data Path Delay:        7.620ns  (logic 2.198ns (28.845%)  route 5.422ns (71.155%))
  Logic Levels:           26  (LUT2=4 LUT3=5 LUT4=4 LUT5=2 LUT6=11)
  Clock Path Skew:        -0.040ns (DCD - SCD + CPR)
    Destination Clock Delay (DCD):    0.080ns = ( 25.080 - 25.000 ) 
    Source Clock Delay      (SCD):    0.120ns
    Clock Pessimism Removal (CPR):    0.000ns
  Clock Uncertainty:      0.300ns  (CJ)/2 + PE + PJ
    Clock Jitter             (CJ):    0.600ns
    Phase Error              (PE):    0.000ns
    Phase Jitter             (PJ):    0.000ns

    Location             Delay type                Incr(ns)  Path(ns)    Netlist Resource(s)
  -------------------------------------------------------------------    -------------------
                         (clock scheduler_clk rise edge)
                                                      0.000     0.000 r  
                                                      0.000     0.000 r  clk_i (IN)
                         net (fo=1740, unset)         0.120     0.120    clk_i
                         FDCE                                         r  refill_top_remaining_q_reg[1]/C
  -------------------------------------------------------------------    -------------------
                         FDCE (Prop_FDCE_C_Q)         0.090     0.210 f  refill_top_remaining_q_reg[1]/Q
                         net (fo=11, unplaced)        0.288     0.498    i_scheduler_core/reg_rsp_o[rdata][4][1]
                         LUT6 (Prop_LUT6_I1_O)        0.088     0.586 r  i_scheduler_core/refill_top_remaining_q[1]_i_5/O
                         net (fo=6, unplaced)         0.167     0.753    i_scheduler_core/refill_top_remaining_q_reg[1]
                         LUT3 (Prop_LUT3_I1_O)        0.082     0.835 f  i_scheduler_core/refill_top_remaining_q[0]_i_2/O
                         net (fo=9, unplaced)         0.176     1.011    i_scheduler_core/refill_top_remaining_q_reg[0]
                         LUT2 (Prop_LUT2_I1_O)        0.082     1.093 f  i_scheduler_core/hot_q[8][eid][5]_i_42/O
                         net (fo=7, unplaced)         0.170     1.263    i_scheduler_core/hot_q[8][eid][5]_i_42_n_0
                         LUT4 (Prop_LUT4_I3_O)        0.082     1.345 r  i_scheduler_core/hot_q[8][eid][5]_i_27/O
                         net (fo=14, unplaced)        0.169     1.514    i_scheduler_core/hot_q[8][eid][5]_i_27_n_0
                         LUT4 (Prop_LUT4_I0_O)        0.096     1.610 r  i_scheduler_core/cold_q[0][valid]_i_8/O
                         net (fo=27, unplaced)        0.201     1.811    i_scheduler_core/cold_q[0][valid]_i_8_n_0
                         LUT2 (Prop_LUT2_I1_O)        0.051     1.862 r  i_scheduler_core/cold_q[1][eid][5]_i_24/O
                         net (fo=11, unplaced)        0.180     2.042    i_scheduler_core/cold_q[1][eid][5]_i_24_n_0
                         LUT2 (Prop_LUT2_I1_O)        0.051     2.093 r  i_scheduler_core/cold_count_q[1]_i_10/O
                         net (fo=11, unplaced)        0.245     2.338    i_scheduler_core/cold_count_q[1]_i_10_n_0
                         LUT6 (Prop_LUT6_I1_O)        0.088     2.426 r  i_scheduler_core/cold_count_q[2]_i_26/O
                         net (fo=24, unplaced)        0.181     2.607    i_scheduler_core/cold_count_q[2]_i_26_n_0
                         LUT4 (Prop_LUT4_I0_O)        0.096     2.703 f  i_scheduler_core/hot_q[0][eid][3]_i_11/O
                         net (fo=19, unplaced)        0.193     2.896    i_scheduler_core/hot_q[0][eid][3]_i_11_n_0
                         LUT2 (Prop_LUT2_I1_O)        0.051     2.947 r  i_scheduler_core/cold_q[1][eid][5]_i_32/O
                         net (fo=7, unplaced)         0.170     3.117    i_scheduler_core/cold_q[1][eid][5]_i_32_n_0
                         LUT5 (Prop_LUT5_I4_O)        0.082     3.199 r  i_scheduler_core/hot_q[8][eid][5]_i_56/O
                         net (fo=2, unplaced)         0.145     3.344    i_scheduler_core/hot_q[8][eid][5]_i_56_n_0
                         LUT3 (Prop_LUT3_I1_O)        0.051     3.395 f  i_scheduler_core/hot_q[8][eid][5]_i_46/O
                         net (fo=11, unplaced)        0.245     3.640    i_scheduler_core/hot_q[8][eid][5]_i_46_n_0
                         LUT6 (Prop_LUT6_I1_O)        0.088     3.728 r  i_scheduler_core/cold_q[4][eid][5]_i_30/O
                         net (fo=51, unplaced)        0.198     3.926    i_scheduler_core/cold_q[4][eid][5]_i_30_n_0
                         LUT4 (Prop_LUT4_I0_O)        0.096     4.022 r  i_scheduler_core/hot_count_q[1]_i_23/O
                         net (fo=27, unplaced)        0.201     4.223    i_scheduler_core/hot_count_q[1]_i_23_n_0
                         LUT3 (Prop_LUT3_I2_O)        0.082     4.305 f  i_scheduler_core/cold_q[4][eid][5]_i_29/O
                         net (fo=3, unplaced)         0.151     4.456    i_scheduler_core/cold_q[4][eid][5]_i_29_n_0
                         LUT3 (Prop_LUT3_I2_O)        0.082     4.538 r  i_scheduler_core/cold_q[4][eid][5]_i_24/O
                         net (fo=3, unplaced)         0.216     4.754    i_scheduler_core/cold_q[4][eid][5]_i_24_n_0
                         LUT6 (Prop_LUT6_I1_O)        0.088     4.842 f  i_scheduler_core/cold_q[4][eid][5]_i_26/O
                         net (fo=3, unplaced)         0.216     5.058    i_scheduler_core/cold_q[4][eid][5]_i_26_n_0
                         LUT6 (Prop_LUT6_I2_O)        0.088     5.146 f  i_scheduler_core/hot_q[8][eid][5]_i_44/O
                         net (fo=8, unplaced)         0.238     5.384    i_scheduler_core/hot_q[8][eid][5]_i_44_n_0
                         LUT6 (Prop_LUT6_I1_O)        0.088     5.472 r  i_scheduler_core/cold_q[2][eid][5]_i_28/O
                         net (fo=7, unplaced)         0.153     5.625    i_scheduler_core/cold_q[2][eid][5]_i_28_n_0
                         LUT6 (Prop_LUT6_I0_O)        0.074     5.699 r  i_scheduler_core/cold_q[2][eid][5]_i_24/O
                         net (fo=36, unplaced)        0.272     5.971    i_scheduler_core/cold_q[2][eid][5]_i_24_n_0
                         LUT6 (Prop_LUT6_I2_O)        0.088     6.059 r  i_scheduler_core/hot_count_q[1]_i_13/O
                         net (fo=3, unplaced)         0.134     6.193    i_scheduler_core/hot_count_q[1]_i_13_n_0
                         LUT3 (Prop_LUT3_I0_O)        0.074     6.267 r  i_scheduler_core/hot_count_q[1]_i_7/O
                         net (fo=6, unplaced)         0.232     6.499    i_scheduler_core/hot_count_q[1]_i_7_n_0
                         LUT6 (Prop_LUT6_I1_O)        0.088     6.587 r  i_scheduler_core/cold_count_q[1]_i_14/O
                         net (fo=14, unplaced)        0.169     6.756    i_scheduler_core/cold_count_q[1]_i_14_n_0
                         LUT5 (Prop_LUT5_I1_O)        0.096     6.852 f  i_scheduler_core/hot_q[5][eid][5]_i_15/O
                         net (fo=17, unplaced)        0.255     7.107    i_scheduler_core/hot_q[5][eid][5]_i_15_n_0
                         LUT6 (Prop_LUT6_I2_O)        0.088     7.195 f  i_scheduler_core/hot_q[5][eid][5]_i_5/O
                         net (fo=1, unplaced)         0.210     7.405    i_scheduler_core/hot_q[5][eid][5]_i_5_n_0
                         LUT6 (Prop_LUT6_I2_O)        0.088     7.493 r  i_scheduler_core/hot_q[5][eid][5]_i_1/O
                         net (fo=16, unplaced)        0.247     7.740    i_scheduler_core_n_82
                         FDCE                                         r  hot_q_reg[5][eid][0]/CE
  -------------------------------------------------------------------    -------------------

                         (clock scheduler_clk rise edge)
                                                     25.000    25.000 r  
                                                      0.000    25.000 r  clk_i (IN)
                         net (fo=1740, unset)         0.080    25.080    clk_i
                         FDCE                                         r  hot_q_reg[5][eid][0]/C
                         clock pessimism              0.000    25.080    
                         clock uncertainty           -0.300    24.780    
                         FDCE (Setup_FDCE_C_CE)      -0.087    24.693    hot_q_reg[5][eid][0]
  -------------------------------------------------------------------
                         required time                         24.693    
                         arrival time                          -7.740    
  -------------------------------------------------------------------
                         slack                                 16.953    

Slack (MET) :             16.953ns  (required time - arrival time)
  Source:                 refill_top_remaining_q_reg[1]/C
                            (rising edge-triggered cell FDCE clocked by scheduler_clk  {rise@0.000ns fall@12.500ns period=25.000ns})
  Destination:            hot_q_reg[5][eid][1]/CE
                            (rising edge-triggered cell FDCE clocked by scheduler_clk  {rise@0.000ns fall@12.500ns period=25.000ns})
  Path Group:             scheduler_clk
  Path Type:              Setup (Max at Slow Process Corner)
  Requirement:            25.000ns  (scheduler_clk rise@25.000ns - scheduler_clk rise@0.000ns)
  Data Path Delay:        7.620ns  (logic 2.198ns (28.845%)  route 5.422ns (71.155%))
  Logic Levels:           26  (LUT2=4 LUT3=5 LUT4=4 LUT5=2 LUT6=11)
  Clock Path Skew:        -0.040ns (DCD - SCD + CPR)
    Destination Clock Delay (DCD):    0.080ns = ( 25.080 - 25.000 ) 
    Source Clock Delay      (SCD):    0.120ns
    Clock Pessimism Removal (CPR):    0.000ns
  Clock Uncertainty:      0.300ns  (CJ)/2 + PE + PJ
    Clock Jitter             (CJ):    0.600ns
    Phase Error              (PE):    0.000ns
    Phase Jitter             (PJ):    0.000ns

    Location             Delay type                Incr(ns)  Path(ns)    Netlist Resource(s)
  -------------------------------------------------------------------    -------------------
                         (clock scheduler_clk rise edge)
                                                      0.000     0.000 r  
                                                      0.000     0.000 r  clk_i (IN)
                         net (fo=1740, unset)         0.120     0.120    clk_i
                         FDCE                                         r  refill_top_remaining_q_reg[1]/C
  -------------------------------------------------------------------    -------------------
                         FDCE (Prop_FDCE_C_Q)         0.090     0.210 f  refill_top_remaining_q_reg[1]/Q
                         net (fo=11, unplaced)        0.288     0.498    i_scheduler_core/reg_rsp_o[rdata][4][1]
                         LUT6 (Prop_LUT6_I1_O)        0.088     0.586 r  i_scheduler_core/refill_top_remaining_q[1]_i_5/O
                         net (fo=6, unplaced)         0.167     0.753    i_scheduler_core/refill_top_remaining_q_reg[1]
                         LUT3 (Prop_LUT3_I1_O)        0.082     0.835 f  i_scheduler_core/refill_top_remaining_q[0]_i_2/O
                         net (fo=9, unplaced)         0.176     1.011    i_scheduler_core/refill_top_remaining_q_reg[0]
                         LUT2 (Prop_LUT2_I1_O)        0.082     1.093 f  i_scheduler_core/hot_q[8][eid][5]_i_42/O
                         net (fo=7, unplaced)         0.170     1.263    i_scheduler_core/hot_q[8][eid][5]_i_42_n_0
                         LUT4 (Prop_LUT4_I3_O)        0.082     1.345 r  i_scheduler_core/hot_q[8][eid][5]_i_27/O
                         net (fo=14, unplaced)        0.169     1.514    i_scheduler_core/hot_q[8][eid][5]_i_27_n_0
                         LUT4 (Prop_LUT4_I0_O)        0.096     1.610 r  i_scheduler_core/cold_q[0][valid]_i_8/O
                         net (fo=27, unplaced)        0.201     1.811    i_scheduler_core/cold_q[0][valid]_i_8_n_0
                         LUT2 (Prop_LUT2_I1_O)        0.051     1.862 r  i_scheduler_core/cold_q[1][eid][5]_i_24/O
                         net (fo=11, unplaced)        0.180     2.042    i_scheduler_core/cold_q[1][eid][5]_i_24_n_0
                         LUT2 (Prop_LUT2_I1_O)        0.051     2.093 r  i_scheduler_core/cold_count_q[1]_i_10/O
                         net (fo=11, unplaced)        0.245     2.338    i_scheduler_core/cold_count_q[1]_i_10_n_0
                         LUT6 (Prop_LUT6_I1_O)        0.088     2.426 r  i_scheduler_core/cold_count_q[2]_i_26/O
                         net (fo=24, unplaced)        0.181     2.607    i_scheduler_core/cold_count_q[2]_i_26_n_0
                         LUT4 (Prop_LUT4_I0_O)        0.096     2.703 f  i_scheduler_core/hot_q[0][eid][3]_i_11/O
                         net (fo=19, unplaced)        0.193     2.896    i_scheduler_core/hot_q[0][eid][3]_i_11_n_0
                         LUT2 (Prop_LUT2_I1_O)        0.051     2.947 r  i_scheduler_core/cold_q[1][eid][5]_i_32/O
                         net (fo=7, unplaced)         0.170     3.117    i_scheduler_core/cold_q[1][eid][5]_i_32_n_0
                         LUT5 (Prop_LUT5_I4_O)        0.082     3.199 r  i_scheduler_core/hot_q[8][eid][5]_i_56/O
                         net (fo=2, unplaced)         0.145     3.344    i_scheduler_core/hot_q[8][eid][5]_i_56_n_0
                         LUT3 (Prop_LUT3_I1_O)        0.051     3.395 f  i_scheduler_core/hot_q[8][eid][5]_i_46/O
                         net (fo=11, unplaced)        0.245     3.640    i_scheduler_core/hot_q[8][eid][5]_i_46_n_0
                         LUT6 (Prop_LUT6_I1_O)        0.088     3.728 r  i_scheduler_core/cold_q[4][eid][5]_i_30/O
                         net (fo=51, unplaced)        0.198     3.926    i_scheduler_core/cold_q[4][eid][5]_i_30_n_0
                         LUT4 (Prop_LUT4_I0_O)        0.096     4.022 r  i_scheduler_core/hot_count_q[1]_i_23/O
                         net (fo=27, unplaced)        0.201     4.223    i_scheduler_core/hot_count_q[1]_i_23_n_0
                         LUT3 (Prop_LUT3_I2_O)        0.082     4.305 f  i_scheduler_core/cold_q[4][eid][5]_i_29/O
                         net (fo=3, unplaced)         0.151     4.456    i_scheduler_core/cold_q[4][eid][5]_i_29_n_0
                         LUT3 (Prop_LUT3_I2_O)        0.082     4.538 r  i_scheduler_core/cold_q[4][eid][5]_i_24/O
                         net (fo=3, unplaced)         0.216     4.754    i_scheduler_core/cold_q[4][eid][5]_i_24_n_0
                         LUT6 (Prop_LUT6_I1_O)        0.088     4.842 f  i_scheduler_core/cold_q[4][eid][5]_i_26/O
                         net (fo=3, unplaced)         0.216     5.058    i_scheduler_core/cold_q[4][eid][5]_i_26_n_0
                         LUT6 (Prop_LUT6_I2_O)        0.088     5.146 f  i_scheduler_core/hot_q[8][eid][5]_i_44/O
                         net (fo=8, unplaced)         0.238     5.384    i_scheduler_core/hot_q[8][eid][5]_i_44_n_0
                         LUT6 (Prop_LUT6_I1_O)        0.088     5.472 r  i_scheduler_core/cold_q[2][eid][5]_i_28/O
                         net (fo=7, unplaced)         0.153     5.625    i_scheduler_core/cold_q[2][eid][5]_i_28_n_0
                         LUT6 (Prop_LUT6_I0_O)        0.074     5.699 r  i_scheduler_core/cold_q[2][eid][5]_i_24/O
                         net (fo=36, unplaced)        0.272     5.971    i_scheduler_core/cold_q[2][eid][5]_i_24_n_0
                         LUT6 (Prop_LUT6_I2_O)        0.088     6.059 r  i_scheduler_core/hot_count_q[1]_i_13/O
                         net (fo=3, unplaced)         0.134     6.193    i_scheduler_core/hot_count_q[1]_i_13_n_0
                         LUT3 (Prop_LUT3_I0_O)        0.074     6.267 r  i_scheduler_core/hot_count_q[1]_i_7/O
                         net (fo=6, unplaced)         0.232     6.499    i_scheduler_core/hot_count_q[1]_i_7_n_0
                         LUT6 (Prop_LUT6_I1_O)        0.088     6.587 r  i_scheduler_core/cold_count_q[1]_i_14/O
                         net (fo=14, unplaced)        0.169     6.756    i_scheduler_core/cold_count_q[1]_i_14_n_0
                         LUT5 (Prop_LUT5_I1_O)        0.096     6.852 f  i_scheduler_core/hot_q[5][eid][5]_i_15/O
                         net (fo=17, unplaced)        0.255     7.107    i_scheduler_core/hot_q[5][eid][5]_i_15_n_0
                         LUT6 (Prop_LUT6_I2_O)        0.088     7.195 f  i_scheduler_core/hot_q[5][eid][5]_i_5/O
                         net (fo=1, unplaced)         0.210     7.405    i_scheduler_core/hot_q[5][eid][5]_i_5_n_0
                         LUT6 (Prop_LUT6_I2_O)        0.088     7.493 r  i_scheduler_core/hot_q[5][eid][5]_i_1/O
                         net (fo=16, unplaced)        0.247     7.740    i_scheduler_core_n_82
                         FDCE                                         r  hot_q_reg[5][eid][1]/CE
  -------------------------------------------------------------------    -------------------

                         (clock scheduler_clk rise edge)
                                                     25.000    25.000 r  
                                                      0.000    25.000 r  clk_i (IN)
                         net (fo=1740, unset)         0.080    25.080    clk_i
                         FDCE                                         r  hot_q_reg[5][eid][1]/C
                         clock pessimism              0.000    25.080    
                         clock uncertainty           -0.300    24.780    
                         FDCE (Setup_FDCE_C_CE)      -0.087    24.693    hot_q_reg[5][eid][1]
  -------------------------------------------------------------------
                         required time                         24.693    
                         arrival time                          -7.740    
  -------------------------------------------------------------------
                         slack                                 16.953    

Slack (MET) :             16.953ns  (required time - arrival time)
  Source:                 refill_top_remaining_q_reg[1]/C
                            (rising edge-triggered cell FDCE clocked by scheduler_clk  {rise@0.000ns fall@12.500ns period=25.000ns})
  Destination:            hot_q_reg[5][eid][2]/CE
                            (rising edge-triggered cell FDCE clocked by scheduler_clk  {rise@0.000ns fall@12.500ns period=25.000ns})
  Path Group:             scheduler_clk
  Path Type:              Setup (Max at Slow Process Corner)
  Requirement:            25.000ns  (scheduler_clk rise@25.000ns - scheduler_clk rise@0.000ns)
  Data Path Delay:        7.620ns  (logic 2.198ns (28.845%)  route 5.422ns (71.155%))
  Logic Levels:           26  (LUT2=4 LUT3=5 LUT4=4 LUT5=2 LUT6=11)
  Clock Path Skew:        -0.040ns (DCD - SCD + CPR)
    Destination Clock Delay (DCD):    0.080ns = ( 25.080 - 25.000 ) 
    Source Clock Delay      (SCD):    0.120ns
    Clock Pessimism Removal (CPR):    0.000ns
  Clock Uncertainty:      0.300ns  (CJ)/2 + PE + PJ
    Clock Jitter             (CJ):    0.600ns
    Phase Error              (PE):    0.000ns
    Phase Jitter             (PJ):    0.000ns

    Location             Delay type                Incr(ns)  Path(ns)    Netlist Resource(s)
  -------------------------------------------------------------------    -------------------
                         (clock scheduler_clk rise edge)
                                                      0.000     0.000 r  
                                                      0.000     0.000 r  clk_i (IN)
                         net (fo=1740, unset)         0.120     0.120    clk_i
                         FDCE                                         r  refill_top_remaining_q_reg[1]/C
  -------------------------------------------------------------------    -------------------
                         FDCE (Prop_FDCE_C_Q)         0.090     0.210 f  refill_top_remaining_q_reg[1]/Q
                         net (fo=11, unplaced)        0.288     0.498    i_scheduler_core/reg_rsp_o[rdata][4][1]
                         LUT6 (Prop_LUT6_I1_O)        0.088     0.586 r  i_scheduler_core/refill_top_remaining_q[1]_i_5/O
                         net (fo=6, unplaced)         0.167     0.753    i_scheduler_core/refill_top_remaining_q_reg[1]
                         LUT3 (Prop_LUT3_I1_O)        0.082     0.835 f  i_scheduler_core/refill_top_remaining_q[0]_i_2/O
                         net (fo=9, unplaced)         0.176     1.011    i_scheduler_core/refill_top_remaining_q_reg[0]
                         LUT2 (Prop_LUT2_I1_O)        0.082     1.093 f  i_scheduler_core/hot_q[8][eid][5]_i_42/O
                         net (fo=7, unplaced)         0.170     1.263    i_scheduler_core/hot_q[8][eid][5]_i_42_n_0
                         LUT4 (Prop_LUT4_I3_O)        0.082     1.345 r  i_scheduler_core/hot_q[8][eid][5]_i_27/O
                         net (fo=14, unplaced)        0.169     1.514    i_scheduler_core/hot_q[8][eid][5]_i_27_n_0
                         LUT4 (Prop_LUT4_I0_O)        0.096     1.610 r  i_scheduler_core/cold_q[0][valid]_i_8/O
                         net (fo=27, unplaced)        0.201     1.811    i_scheduler_core/cold_q[0][valid]_i_8_n_0
                         LUT2 (Prop_LUT2_I1_O)        0.051     1.862 r  i_scheduler_core/cold_q[1][eid][5]_i_24/O
                         net (fo=11, unplaced)        0.180     2.042    i_scheduler_core/cold_q[1][eid][5]_i_24_n_0
                         LUT2 (Prop_LUT2_I1_O)        0.051     2.093 r  i_scheduler_core/cold_count_q[1]_i_10/O
                         net (fo=11, unplaced)        0.245     2.338    i_scheduler_core/cold_count_q[1]_i_10_n_0
                         LUT6 (Prop_LUT6_I1_O)        0.088     2.426 r  i_scheduler_core/cold_count_q[2]_i_26/O
                         net (fo=24, unplaced)        0.181     2.607    i_scheduler_core/cold_count_q[2]_i_26_n_0
                         LUT4 (Prop_LUT4_I0_O)        0.096     2.703 f  i_scheduler_core/hot_q[0][eid][3]_i_11/O
                         net (fo=19, unplaced)        0.193     2.896    i_scheduler_core/hot_q[0][eid][3]_i_11_n_0
                         LUT2 (Prop_LUT2_I1_O)        0.051     2.947 r  i_scheduler_core/cold_q[1][eid][5]_i_32/O
                         net (fo=7, unplaced)         0.170     3.117    i_scheduler_core/cold_q[1][eid][5]_i_32_n_0
                         LUT5 (Prop_LUT5_I4_O)        0.082     3.199 r  i_scheduler_core/hot_q[8][eid][5]_i_56/O
                         net (fo=2, unplaced)         0.145     3.344    i_scheduler_core/hot_q[8][eid][5]_i_56_n_0
                         LUT3 (Prop_LUT3_I1_O)        0.051     3.395 f  i_scheduler_core/hot_q[8][eid][5]_i_46/O
                         net (fo=11, unplaced)        0.245     3.640    i_scheduler_core/hot_q[8][eid][5]_i_46_n_0
                         LUT6 (Prop_LUT6_I1_O)        0.088     3.728 r  i_scheduler_core/cold_q[4][eid][5]_i_30/O
                         net (fo=51, unplaced)        0.198     3.926    i_scheduler_core/cold_q[4][eid][5]_i_30_n_0
                         LUT4 (Prop_LUT4_I0_O)        0.096     4.022 r  i_scheduler_core/hot_count_q[1]_i_23/O
                         net (fo=27, unplaced)        0.201     4.223    i_scheduler_core/hot_count_q[1]_i_23_n_0
                         LUT3 (Prop_LUT3_I2_O)        0.082     4.305 f  i_scheduler_core/cold_q[4][eid][5]_i_29/O
                         net (fo=3, unplaced)         0.151     4.456    i_scheduler_core/cold_q[4][eid][5]_i_29_n_0
                         LUT3 (Prop_LUT3_I2_O)        0.082     4.538 r  i_scheduler_core/cold_q[4][eid][5]_i_24/O
                         net (fo=3, unplaced)         0.216     4.754    i_scheduler_core/cold_q[4][eid][5]_i_24_n_0
                         LUT6 (Prop_LUT6_I1_O)        0.088     4.842 f  i_scheduler_core/cold_q[4][eid][5]_i_26/O
                         net (fo=3, unplaced)         0.216     5.058    i_scheduler_core/cold_q[4][eid][5]_i_26_n_0
                         LUT6 (Prop_LUT6_I2_O)        0.088     5.146 f  i_scheduler_core/hot_q[8][eid][5]_i_44/O
                         net (fo=8, unplaced)         0.238     5.384    i_scheduler_core/hot_q[8][eid][5]_i_44_n_0
                         LUT6 (Prop_LUT6_I1_O)        0.088     5.472 r  i_scheduler_core/cold_q[2][eid][5]_i_28/O
                         net (fo=7, unplaced)         0.153     5.625    i_scheduler_core/cold_q[2][eid][5]_i_28_n_0
                         LUT6 (Prop_LUT6_I0_O)        0.074     5.699 r  i_scheduler_core/cold_q[2][eid][5]_i_24/O
                         net (fo=36, unplaced)        0.272     5.971    i_scheduler_core/cold_q[2][eid][5]_i_24_n_0
                         LUT6 (Prop_LUT6_I2_O)        0.088     6.059 r  i_scheduler_core/hot_count_q[1]_i_13/O
                         net (fo=3, unplaced)         0.134     6.193    i_scheduler_core/hot_count_q[1]_i_13_n_0
                         LUT3 (Prop_LUT3_I0_O)        0.074     6.267 r  i_scheduler_core/hot_count_q[1]_i_7/O
                         net (fo=6, unplaced)         0.232     6.499    i_scheduler_core/hot_count_q[1]_i_7_n_0
                         LUT6 (Prop_LUT6_I1_O)        0.088     6.587 r  i_scheduler_core/cold_count_q[1]_i_14/O
                         net (fo=14, unplaced)        0.169     6.756    i_scheduler_core/cold_count_q[1]_i_14_n_0
                         LUT5 (Prop_LUT5_I1_O)        0.096     6.852 f  i_scheduler_core/hot_q[5][eid][5]_i_15/O
                         net (fo=17, unplaced)        0.255     7.107    i_scheduler_core/hot_q[5][eid][5]_i_15_n_0
                         LUT6 (Prop_LUT6_I2_O)        0.088     7.195 f  i_scheduler_core/hot_q[5][eid][5]_i_5/O
                         net (fo=1, unplaced)         0.210     7.405    i_scheduler_core/hot_q[5][eid][5]_i_5_n_0
                         LUT6 (Prop_LUT6_I2_O)        0.088     7.493 r  i_scheduler_core/hot_q[5][eid][5]_i_1/O
                         net (fo=16, unplaced)        0.247     7.740    i_scheduler_core_n_82
                         FDCE                                         r  hot_q_reg[5][eid][2]/CE
  -------------------------------------------------------------------    -------------------

                         (clock scheduler_clk rise edge)
                                                     25.000    25.000 r  
                                                      0.000    25.000 r  clk_i (IN)
                         net (fo=1740, unset)         0.080    25.080    clk_i
                         FDCE                                         r  hot_q_reg[5][eid][2]/C
                         clock pessimism              0.000    25.080    
                         clock uncertainty           -0.300    24.780    
                         FDCE (Setup_FDCE_C_CE)      -0.087    24.693    hot_q_reg[5][eid][2]
  -------------------------------------------------------------------
                         required time                         24.693    
                         arrival time                          -7.740    
  -------------------------------------------------------------------
                         slack                                 16.953    

Slack (MET) :             16.953ns  (required time - arrival time)
  Source:                 refill_top_remaining_q_reg[1]/C
                            (rising edge-triggered cell FDCE clocked by scheduler_clk  {rise@0.000ns fall@12.500ns period=25.000ns})
  Destination:            hot_q_reg[5][eid][3]/CE
                            (rising edge-triggered cell FDCE clocked by scheduler_clk  {rise@0.000ns fall@12.500ns period=25.000ns})
  Path Group:             scheduler_clk
  Path Type:              Setup (Max at Slow Process Corner)
  Requirement:            25.000ns  (scheduler_clk rise@25.000ns - scheduler_clk rise@0.000ns)
  Data Path Delay:        7.620ns  (logic 2.198ns (28.845%)  route 5.422ns (71.155%))
  Logic Levels:           26  (LUT2=4 LUT3=5 LUT4=4 LUT5=2 LUT6=11)
  Clock Path Skew:        -0.040ns (DCD - SCD + CPR)
    Destination Clock Delay (DCD):    0.080ns = ( 25.080 - 25.000 ) 
    Source Clock Delay      (SCD):    0.120ns
    Clock Pessimism Removal (CPR):    0.000ns
  Clock Uncertainty:      0.300ns  (CJ)/2 + PE + PJ
    Clock Jitter             (CJ):    0.600ns
    Phase Error              (PE):    0.000ns
    Phase Jitter             (PJ):    0.000ns

    Location             Delay type                Incr(ns)  Path(ns)    Netlist Resource(s)
  -------------------------------------------------------------------    -------------------
                         (clock scheduler_clk rise edge)
                                                      0.000     0.000 r  
                                                      0.000     0.000 r  clk_i (IN)
                         net (fo=1740, unset)         0.120     0.120    clk_i
                         FDCE                                         r  refill_top_remaining_q_reg[1]/C
  -------------------------------------------------------------------    -------------------
                         FDCE (Prop_FDCE_C_Q)         0.090     0.210 f  refill_top_remaining_q_reg[1]/Q
                         net (fo=11, unplaced)        0.288     0.498    i_scheduler_core/reg_rsp_o[rdata][4][1]
                         LUT6 (Prop_LUT6_I1_O)        0.088     0.586 r  i_scheduler_core/refill_top_remaining_q[1]_i_5/O
                         net (fo=6, unplaced)         0.167     0.753    i_scheduler_core/refill_top_remaining_q_reg[1]
                         LUT3 (Prop_LUT3_I1_O)        0.082     0.835 f  i_scheduler_core/refill_top_remaining_q[0]_i_2/O
                         net (fo=9, unplaced)         0.176     1.011    i_scheduler_core/refill_top_remaining_q_reg[0]
                         LUT2 (Prop_LUT2_I1_O)        0.082     1.093 f  i_scheduler_core/hot_q[8][eid][5]_i_42/O
                         net (fo=7, unplaced)         0.170     1.263    i_scheduler_core/hot_q[8][eid][5]_i_42_n_0
                         LUT4 (Prop_LUT4_I3_O)        0.082     1.345 r  i_scheduler_core/hot_q[8][eid][5]_i_27/O
                         net (fo=14, unplaced)        0.169     1.514    i_scheduler_core/hot_q[8][eid][5]_i_27_n_0
                         LUT4 (Prop_LUT4_I0_O)        0.096     1.610 r  i_scheduler_core/cold_q[0][valid]_i_8/O
                         net (fo=27, unplaced)        0.201     1.811    i_scheduler_core/cold_q[0][valid]_i_8_n_0
                         LUT2 (Prop_LUT2_I1_O)        0.051     1.862 r  i_scheduler_core/cold_q[1][eid][5]_i_24/O
                         net (fo=11, unplaced)        0.180     2.042    i_scheduler_core/cold_q[1][eid][5]_i_24_n_0
                         LUT2 (Prop_LUT2_I1_O)        0.051     2.093 r  i_scheduler_core/cold_count_q[1]_i_10/O
                         net (fo=11, unplaced)        0.245     2.338    i_scheduler_core/cold_count_q[1]_i_10_n_0
                         LUT6 (Prop_LUT6_I1_O)        0.088     2.426 r  i_scheduler_core/cold_count_q[2]_i_26/O
                         net (fo=24, unplaced)        0.181     2.607    i_scheduler_core/cold_count_q[2]_i_26_n_0
                         LUT4 (Prop_LUT4_I0_O)        0.096     2.703 f  i_scheduler_core/hot_q[0][eid][3]_i_11/O
                         net (fo=19, unplaced)        0.193     2.896    i_scheduler_core/hot_q[0][eid][3]_i_11_n_0
                         LUT2 (Prop_LUT2_I1_O)        0.051     2.947 r  i_scheduler_core/cold_q[1][eid][5]_i_32/O
                         net (fo=7, unplaced)         0.170     3.117    i_scheduler_core/cold_q[1][eid][5]_i_32_n_0
                         LUT5 (Prop_LUT5_I4_O)        0.082     3.199 r  i_scheduler_core/hot_q[8][eid][5]_i_56/O
                         net (fo=2, unplaced)         0.145     3.344    i_scheduler_core/hot_q[8][eid][5]_i_56_n_0
                         LUT3 (Prop_LUT3_I1_O)        0.051     3.395 f  i_scheduler_core/hot_q[8][eid][5]_i_46/O
                         net (fo=11, unplaced)        0.245     3.640    i_scheduler_core/hot_q[8][eid][5]_i_46_n_0
                         LUT6 (Prop_LUT6_I1_O)        0.088     3.728 r  i_scheduler_core/cold_q[4][eid][5]_i_30/O
                         net (fo=51, unplaced)        0.198     3.926    i_scheduler_core/cold_q[4][eid][5]_i_30_n_0
                         LUT4 (Prop_LUT4_I0_O)        0.096     4.022 r  i_scheduler_core/hot_count_q[1]_i_23/O
                         net (fo=27, unplaced)        0.201     4.223    i_scheduler_core/hot_count_q[1]_i_23_n_0
                         LUT3 (Prop_LUT3_I2_O)        0.082     4.305 f  i_scheduler_core/cold_q[4][eid][5]_i_29/O
                         net (fo=3, unplaced)         0.151     4.456    i_scheduler_core/cold_q[4][eid][5]_i_29_n_0
                         LUT3 (Prop_LUT3_I2_O)        0.082     4.538 r  i_scheduler_core/cold_q[4][eid][5]_i_24/O
                         net (fo=3, unplaced)         0.216     4.754    i_scheduler_core/cold_q[4][eid][5]_i_24_n_0
                         LUT6 (Prop_LUT6_I1_O)        0.088     4.842 f  i_scheduler_core/cold_q[4][eid][5]_i_26/O
                         net (fo=3, unplaced)         0.216     5.058    i_scheduler_core/cold_q[4][eid][5]_i_26_n_0
                         LUT6 (Prop_LUT6_I2_O)        0.088     5.146 f  i_scheduler_core/hot_q[8][eid][5]_i_44/O
                         net (fo=8, unplaced)         0.238     5.384    i_scheduler_core/hot_q[8][eid][5]_i_44_n_0
                         LUT6 (Prop_LUT6_I1_O)        0.088     5.472 r  i_scheduler_core/cold_q[2][eid][5]_i_28/O
                         net (fo=7, unplaced)         0.153     5.625    i_scheduler_core/cold_q[2][eid][5]_i_28_n_0
                         LUT6 (Prop_LUT6_I0_O)        0.074     5.699 r  i_scheduler_core/cold_q[2][eid][5]_i_24/O
                         net (fo=36, unplaced)        0.272     5.971    i_scheduler_core/cold_q[2][eid][5]_i_24_n_0
                         LUT6 (Prop_LUT6_I2_O)        0.088     6.059 r  i_scheduler_core/hot_count_q[1]_i_13/O
                         net (fo=3, unplaced)         0.134     6.193    i_scheduler_core/hot_count_q[1]_i_13_n_0
                         LUT3 (Prop_LUT3_I0_O)        0.074     6.267 r  i_scheduler_core/hot_count_q[1]_i_7/O
                         net (fo=6, unplaced)         0.232     6.499    i_scheduler_core/hot_count_q[1]_i_7_n_0
                         LUT6 (Prop_LUT6_I1_O)        0.088     6.587 r  i_scheduler_core/cold_count_q[1]_i_14/O
                         net (fo=14, unplaced)        0.169     6.756    i_scheduler_core/cold_count_q[1]_i_14_n_0
                         LUT5 (Prop_LUT5_I1_O)        0.096     6.852 f  i_scheduler_core/hot_q[5][eid][5]_i_15/O
                         net (fo=17, unplaced)        0.255     7.107    i_scheduler_core/hot_q[5][eid][5]_i_15_n_0
                         LUT6 (Prop_LUT6_I2_O)        0.088     7.195 f  i_scheduler_core/hot_q[5][eid][5]_i_5/O
                         net (fo=1, unplaced)         0.210     7.405    i_scheduler_core/hot_q[5][eid][5]_i_5_n_0
                         LUT6 (Prop_LUT6_I2_O)        0.088     7.493 r  i_scheduler_core/hot_q[5][eid][5]_i_1/O
                         net (fo=16, unplaced)        0.247     7.740    i_scheduler_core_n_82
                         FDCE                                         r  hot_q_reg[5][eid][3]/CE
  -------------------------------------------------------------------    -------------------

                         (clock scheduler_clk rise edge)
                                                     25.000    25.000 r  
                                                      0.000    25.000 r  clk_i (IN)
                         net (fo=1740, unset)         0.080    25.080    clk_i
                         FDCE                                         r  hot_q_reg[5][eid][3]/C
                         clock pessimism              0.000    25.080    
                         clock uncertainty           -0.300    24.780    
                         FDCE (Setup_FDCE_C_CE)      -0.087    24.693    hot_q_reg[5][eid][3]
  -------------------------------------------------------------------
                         required time                         24.693    
                         arrival time                          -7.740    
  -------------------------------------------------------------------
                         slack                                 16.953    

Slack (MET) :             16.953ns  (required time - arrival time)
  Source:                 refill_top_remaining_q_reg[1]/C
                            (rising edge-triggered cell FDCE clocked by scheduler_clk  {rise@0.000ns fall@12.500ns period=25.000ns})
  Destination:            hot_q_reg[5][eid][4]/CE
                            (rising edge-triggered cell FDCE clocked by scheduler_clk  {rise@0.000ns fall@12.500ns period=25.000ns})
  Path Group:             scheduler_clk
  Path Type:              Setup (Max at Slow Process Corner)
  Requirement:            25.000ns  (scheduler_clk rise@25.000ns - scheduler_clk rise@0.000ns)
  Data Path Delay:        7.620ns  (logic 2.198ns (28.845%)  route 5.422ns (71.155%))
  Logic Levels:           26  (LUT2=4 LUT3=5 LUT4=4 LUT5=2 LUT6=11)
  Clock Path Skew:        -0.040ns (DCD - SCD + CPR)
    Destination Clock Delay (DCD):    0.080ns = ( 25.080 - 25.000 ) 
    Source Clock Delay      (SCD):    0.120ns
    Clock Pessimism Removal (CPR):    0.000ns
  Clock Uncertainty:      0.300ns  (CJ)/2 + PE + PJ
    Clock Jitter             (CJ):    0.600ns
    Phase Error              (PE):    0.000ns
    Phase Jitter             (PJ):    0.000ns

    Location             Delay type                Incr(ns)  Path(ns)    Netlist Resource(s)
  -------------------------------------------------------------------    -------------------
                         (clock scheduler_clk rise edge)
                                                      0.000     0.000 r  
                                                      0.000     0.000 r  clk_i (IN)
                         net (fo=1740, unset)         0.120     0.120    clk_i
                         FDCE                                         r  refill_top_remaining_q_reg[1]/C
  -------------------------------------------------------------------    -------------------
                         FDCE (Prop_FDCE_C_Q)         0.090     0.210 f  refill_top_remaining_q_reg[1]/Q
                         net (fo=11, unplaced)        0.288     0.498    i_scheduler_core/reg_rsp_o[rdata][4][1]
                         LUT6 (Prop_LUT6_I1_O)        0.088     0.586 r  i_scheduler_core/refill_top_remaining_q[1]_i_5/O
                         net (fo=6, unplaced)         0.167     0.753    i_scheduler_core/refill_top_remaining_q_reg[1]
                         LUT3 (Prop_LUT3_I1_O)        0.082     0.835 f  i_scheduler_core/refill_top_remaining_q[0]_i_2/O
                         net (fo=9, unplaced)         0.176     1.011    i_scheduler_core/refill_top_remaining_q_reg[0]
                         LUT2 (Prop_LUT2_I1_O)        0.082     1.093 f  i_scheduler_core/hot_q[8][eid][5]_i_42/O
                         net (fo=7, unplaced)         0.170     1.263    i_scheduler_core/hot_q[8][eid][5]_i_42_n_0
                         LUT4 (Prop_LUT4_I3_O)        0.082     1.345 r  i_scheduler_core/hot_q[8][eid][5]_i_27/O
                         net (fo=14, unplaced)        0.169     1.514    i_scheduler_core/hot_q[8][eid][5]_i_27_n_0
                         LUT4 (Prop_LUT4_I0_O)        0.096     1.610 r  i_scheduler_core/cold_q[0][valid]_i_8/O
                         net (fo=27, unplaced)        0.201     1.811    i_scheduler_core/cold_q[0][valid]_i_8_n_0
                         LUT2 (Prop_LUT2_I1_O)        0.051     1.862 r  i_scheduler_core/cold_q[1][eid][5]_i_24/O
                         net (fo=11, unplaced)        0.180     2.042    i_scheduler_core/cold_q[1][eid][5]_i_24_n_0
                         LUT2 (Prop_LUT2_I1_O)        0.051     2.093 r  i_scheduler_core/cold_count_q[1]_i_10/O
                         net (fo=11, unplaced)        0.245     2.338    i_scheduler_core/cold_count_q[1]_i_10_n_0
                         LUT6 (Prop_LUT6_I1_O)        0.088     2.426 r  i_scheduler_core/cold_count_q[2]_i_26/O
                         net (fo=24, unplaced)        0.181     2.607    i_scheduler_core/cold_count_q[2]_i_26_n_0
                         LUT4 (Prop_LUT4_I0_O)        0.096     2.703 f  i_scheduler_core/hot_q[0][eid][3]_i_11/O
                         net (fo=19, unplaced)        0.193     2.896    i_scheduler_core/hot_q[0][eid][3]_i_11_n_0
                         LUT2 (Prop_LUT2_I1_O)        0.051     2.947 r  i_scheduler_core/cold_q[1][eid][5]_i_32/O
                         net (fo=7, unplaced)         0.170     3.117    i_scheduler_core/cold_q[1][eid][5]_i_32_n_0
                         LUT5 (Prop_LUT5_I4_O)        0.082     3.199 r  i_scheduler_core/hot_q[8][eid][5]_i_56/O
                         net (fo=2, unplaced)         0.145     3.344    i_scheduler_core/hot_q[8][eid][5]_i_56_n_0
                         LUT3 (Prop_LUT3_I1_O)        0.051     3.395 f  i_scheduler_core/hot_q[8][eid][5]_i_46/O
                         net (fo=11, unplaced)        0.245     3.640    i_scheduler_core/hot_q[8][eid][5]_i_46_n_0
                         LUT6 (Prop_LUT6_I1_O)        0.088     3.728 r  i_scheduler_core/cold_q[4][eid][5]_i_30/O
                         net (fo=51, unplaced)        0.198     3.926    i_scheduler_core/cold_q[4][eid][5]_i_30_n_0
                         LUT4 (Prop_LUT4_I0_O)        0.096     4.022 r  i_scheduler_core/hot_count_q[1]_i_23/O
                         net (fo=27, unplaced)        0.201     4.223    i_scheduler_core/hot_count_q[1]_i_23_n_0
                         LUT3 (Prop_LUT3_I2_O)        0.082     4.305 f  i_scheduler_core/cold_q[4][eid][5]_i_29/O
                         net (fo=3, unplaced)         0.151     4.456    i_scheduler_core/cold_q[4][eid][5]_i_29_n_0
                         LUT3 (Prop_LUT3_I2_O)        0.082     4.538 r  i_scheduler_core/cold_q[4][eid][5]_i_24/O
                         net (fo=3, unplaced)         0.216     4.754    i_scheduler_core/cold_q[4][eid][5]_i_24_n_0
                         LUT6 (Prop_LUT6_I1_O)        0.088     4.842 f  i_scheduler_core/cold_q[4][eid][5]_i_26/O
                         net (fo=3, unplaced)         0.216     5.058    i_scheduler_core/cold_q[4][eid][5]_i_26_n_0
                         LUT6 (Prop_LUT6_I2_O)        0.088     5.146 f  i_scheduler_core/hot_q[8][eid][5]_i_44/O
                         net (fo=8, unplaced)         0.238     5.384    i_scheduler_core/hot_q[8][eid][5]_i_44_n_0
                         LUT6 (Prop_LUT6_I1_O)        0.088     5.472 r  i_scheduler_core/cold_q[2][eid][5]_i_28/O
                         net (fo=7, unplaced)         0.153     5.625    i_scheduler_core/cold_q[2][eid][5]_i_28_n_0
                         LUT6 (Prop_LUT6_I0_O)        0.074     5.699 r  i_scheduler_core/cold_q[2][eid][5]_i_24/O
                         net (fo=36, unplaced)        0.272     5.971    i_scheduler_core/cold_q[2][eid][5]_i_24_n_0
                         LUT6 (Prop_LUT6_I2_O)        0.088     6.059 r  i_scheduler_core/hot_count_q[1]_i_13/O
                         net (fo=3, unplaced)         0.134     6.193    i_scheduler_core/hot_count_q[1]_i_13_n_0
                         LUT3 (Prop_LUT3_I0_O)        0.074     6.267 r  i_scheduler_core/hot_count_q[1]_i_7/O
                         net (fo=6, unplaced)         0.232     6.499    i_scheduler_core/hot_count_q[1]_i_7_n_0
                         LUT6 (Prop_LUT6_I1_O)        0.088     6.587 r  i_scheduler_core/cold_count_q[1]_i_14/O
                         net (fo=14, unplaced)        0.169     6.756    i_scheduler_core/cold_count_q[1]_i_14_n_0
                         LUT5 (Prop_LUT5_I1_O)        0.096     6.852 f  i_scheduler_core/hot_q[5][eid][5]_i_15/O
                         net (fo=17, unplaced)        0.255     7.107    i_scheduler_core/hot_q[5][eid][5]_i_15_n_0
                         LUT6 (Prop_LUT6_I2_O)        0.088     7.195 f  i_scheduler_core/hot_q[5][eid][5]_i_5/O
                         net (fo=1, unplaced)         0.210     7.405    i_scheduler_core/hot_q[5][eid][5]_i_5_n_0
                         LUT6 (Prop_LUT6_I2_O)        0.088     7.493 r  i_scheduler_core/hot_q[5][eid][5]_i_1/O
                         net (fo=16, unplaced)        0.247     7.740    i_scheduler_core_n_82
                         FDCE                                         r  hot_q_reg[5][eid][4]/CE
  -------------------------------------------------------------------    -------------------

                         (clock scheduler_clk rise edge)
                                                     25.000    25.000 r  
                                                      0.000    25.000 r  clk_i (IN)
                         net (fo=1740, unset)         0.080    25.080    clk_i
                         FDCE                                         r  hot_q_reg[5][eid][4]/C
                         clock pessimism              0.000    25.080    
                         clock uncertainty           -0.300    24.780    
                         FDCE (Setup_FDCE_C_CE)      -0.087    24.693    hot_q_reg[5][eid][4]
  -------------------------------------------------------------------
                         required time                         24.693    
                         arrival time                          -7.740    
  -------------------------------------------------------------------
                         slack                                 16.953    

Slack (MET) :             16.953ns  (required time - arrival time)
  Source:                 refill_top_remaining_q_reg[1]/C
                            (rising edge-triggered cell FDCE clocked by scheduler_clk  {rise@0.000ns fall@12.500ns period=25.000ns})
  Destination:            hot_q_reg[5][eid][5]/CE
                            (rising edge-triggered cell FDCE clocked by scheduler_clk  {rise@0.000ns fall@12.500ns period=25.000ns})
  Path Group:             scheduler_clk
  Path Type:              Setup (Max at Slow Process Corner)
  Requirement:            25.000ns  (scheduler_clk rise@25.000ns - scheduler_clk rise@0.000ns)
  Data Path Delay:        7.620ns  (logic 2.198ns (28.845%)  route 5.422ns (71.155%))
  Logic Levels:           26  (LUT2=4 LUT3=5 LUT4=4 LUT5=2 LUT6=11)
  Clock Path Skew:        -0.040ns (DCD - SCD + CPR)
    Destination Clock Delay (DCD):    0.080ns = ( 25.080 - 25.000 ) 
    Source Clock Delay      (SCD):    0.120ns
    Clock Pessimism Removal (CPR):    0.000ns
  Clock Uncertainty:      0.300ns  (CJ)/2 + PE + PJ
    Clock Jitter             (CJ):    0.600ns
    Phase Error              (PE):    0.000ns
    Phase Jitter             (PJ):    0.000ns

    Location             Delay type                Incr(ns)  Path(ns)    Netlist Resource(s)
  -------------------------------------------------------------------    -------------------
                         (clock scheduler_clk rise edge)
                                                      0.000     0.000 r  
                                                      0.000     0.000 r  clk_i (IN)
                         net (fo=1740, unset)         0.120     0.120    clk_i
                         FDCE                                         r  refill_top_remaining_q_reg[1]/C
  -------------------------------------------------------------------    -------------------
                         FDCE (Prop_FDCE_C_Q)         0.090     0.210 f  refill_top_remaining_q_reg[1]/Q
                         net (fo=11, unplaced)        0.288     0.498    i_scheduler_core/reg_rsp_o[rdata][4][1]
                         LUT6 (Prop_LUT6_I1_O)        0.088     0.586 r  i_scheduler_core/refill_top_remaining_q[1]_i_5/O
                         net (fo=6, unplaced)         0.167     0.753    i_scheduler_core/refill_top_remaining_q_reg[1]
                         LUT3 (Prop_LUT3_I1_O)        0.082     0.835 f  i_scheduler_core/refill_top_remaining_q[0]_i_2/O
                         net (fo=9, unplaced)         0.176     1.011    i_scheduler_core/refill_top_remaining_q_reg[0]
                         LUT2 (Prop_LUT2_I1_O)        0.082     1.093 f  i_scheduler_core/hot_q[8][eid][5]_i_42/O
                         net (fo=7, unplaced)         0.170     1.263    i_scheduler_core/hot_q[8][eid][5]_i_42_n_0
                         LUT4 (Prop_LUT4_I3_O)        0.082     1.345 r  i_scheduler_core/hot_q[8][eid][5]_i_27/O
                         net (fo=14, unplaced)        0.169     1.514    i_scheduler_core/hot_q[8][eid][5]_i_27_n_0
                         LUT4 (Prop_LUT4_I0_O)        0.096     1.610 r  i_scheduler_core/cold_q[0][valid]_i_8/O
                         net (fo=27, unplaced)        0.201     1.811    i_scheduler_core/cold_q[0][valid]_i_8_n_0
                         LUT2 (Prop_LUT2_I1_O)        0.051     1.862 r  i_scheduler_core/cold_q[1][eid][5]_i_24/O
                         net (fo=11, unplaced)        0.180     2.042    i_scheduler_core/cold_q[1][eid][5]_i_24_n_0
                         LUT2 (Prop_LUT2_I1_O)        0.051     2.093 r  i_scheduler_core/cold_count_q[1]_i_10/O
                         net (fo=11, unplaced)        0.245     2.338    i_scheduler_core/cold_count_q[1]_i_10_n_0
                         LUT6 (Prop_LUT6_I1_O)        0.088     2.426 r  i_scheduler_core/cold_count_q[2]_i_26/O
                         net (fo=24, unplaced)        0.181     2.607    i_scheduler_core/cold_count_q[2]_i_26_n_0
                         LUT4 (Prop_LUT4_I0_O)        0.096     2.703 f  i_scheduler_core/hot_q[0][eid][3]_i_11/O
                         net (fo=19, unplaced)        0.193     2.896    i_scheduler_core/hot_q[0][eid][3]_i_11_n_0
                         LUT2 (Prop_LUT2_I1_O)        0.051     2.947 r  i_scheduler_core/cold_q[1][eid][5]_i_32/O
                         net (fo=7, unplaced)         0.170     3.117    i_scheduler_core/cold_q[1][eid][5]_i_32_n_0
                         LUT5 (Prop_LUT5_I4_O)        0.082     3.199 r  i_scheduler_core/hot_q[8][eid][5]_i_56/O
                         net (fo=2, unplaced)         0.145     3.344    i_scheduler_core/hot_q[8][eid][5]_i_56_n_0
                         LUT3 (Prop_LUT3_I1_O)        0.051     3.395 f  i_scheduler_core/hot_q[8][eid][5]_i_46/O
                         net (fo=11, unplaced)        0.245     3.640    i_scheduler_core/hot_q[8][eid][5]_i_46_n_0
                         LUT6 (Prop_LUT6_I1_O)        0.088     3.728 r  i_scheduler_core/cold_q[4][eid][5]_i_30/O
                         net (fo=51, unplaced)        0.198     3.926    i_scheduler_core/cold_q[4][eid][5]_i_30_n_0
                         LUT4 (Prop_LUT4_I0_O)        0.096     4.022 r  i_scheduler_core/hot_count_q[1]_i_23/O
                         net (fo=27, unplaced)        0.201     4.223    i_scheduler_core/hot_count_q[1]_i_23_n_0
                         LUT3 (Prop_LUT3_I2_O)        0.082     4.305 f  i_scheduler_core/cold_q[4][eid][5]_i_29/O
                         net (fo=3, unplaced)         0.151     4.456    i_scheduler_core/cold_q[4][eid][5]_i_29_n_0
                         LUT3 (Prop_LUT3_I2_O)        0.082     4.538 r  i_scheduler_core/cold_q[4][eid][5]_i_24/O
                         net (fo=3, unplaced)         0.216     4.754    i_scheduler_core/cold_q[4][eid][5]_i_24_n_0
                         LUT6 (Prop_LUT6_I1_O)        0.088     4.842 f  i_scheduler_core/cold_q[4][eid][5]_i_26/O
                         net (fo=3, unplaced)         0.216     5.058    i_scheduler_core/cold_q[4][eid][5]_i_26_n_0
                         LUT6 (Prop_LUT6_I2_O)        0.088     5.146 f  i_scheduler_core/hot_q[8][eid][5]_i_44/O
                         net (fo=8, unplaced)         0.238     5.384    i_scheduler_core/hot_q[8][eid][5]_i_44_n_0
                         LUT6 (Prop_LUT6_I1_O)        0.088     5.472 r  i_scheduler_core/cold_q[2][eid][5]_i_28/O
                         net (fo=7, unplaced)         0.153     5.625    i_scheduler_core/cold_q[2][eid][5]_i_28_n_0
                         LUT6 (Prop_LUT6_I0_O)        0.074     5.699 r  i_scheduler_core/cold_q[2][eid][5]_i_24/O
                         net (fo=36, unplaced)        0.272     5.971    i_scheduler_core/cold_q[2][eid][5]_i_24_n_0
                         LUT6 (Prop_LUT6_I2_O)        0.088     6.059 r  i_scheduler_core/hot_count_q[1]_i_13/O
                         net (fo=3, unplaced)         0.134     6.193    i_scheduler_core/hot_count_q[1]_i_13_n_0
                         LUT3 (Prop_LUT3_I0_O)        0.074     6.267 r  i_scheduler_core/hot_count_q[1]_i_7/O
                         net (fo=6, unplaced)         0.232     6.499    i_scheduler_core/hot_count_q[1]_i_7_n_0
                         LUT6 (Prop_LUT6_I1_O)        0.088     6.587 r  i_scheduler_core/cold_count_q[1]_i_14/O
                         net (fo=14, unplaced)        0.169     6.756    i_scheduler_core/cold_count_q[1]_i_14_n_0
                         LUT5 (Prop_LUT5_I1_O)        0.096     6.852 f  i_scheduler_core/hot_q[5][eid][5]_i_15/O
                         net (fo=17, unplaced)        0.255     7.107    i_scheduler_core/hot_q[5][eid][5]_i_15_n_0
                         LUT6 (Prop_LUT6_I2_O)        0.088     7.195 f  i_scheduler_core/hot_q[5][eid][5]_i_5/O
                         net (fo=1, unplaced)         0.210     7.405    i_scheduler_core/hot_q[5][eid][5]_i_5_n_0
                         LUT6 (Prop_LUT6_I2_O)        0.088     7.493 r  i_scheduler_core/hot_q[5][eid][5]_i_1/O
                         net (fo=16, unplaced)        0.247     7.740    i_scheduler_core_n_82
                         FDCE                                         r  hot_q_reg[5][eid][5]/CE
  -------------------------------------------------------------------    -------------------

                         (clock scheduler_clk rise edge)
                                                     25.000    25.000 r  
                                                      0.000    25.000 r  clk_i (IN)
                         net (fo=1740, unset)         0.080    25.080    clk_i
                         FDCE                                         r  hot_q_reg[5][eid][5]/C
                         clock pessimism              0.000    25.080    
                         clock uncertainty           -0.300    24.780    
                         FDCE (Setup_FDCE_C_CE)      -0.087    24.693    hot_q_reg[5][eid][5]
  -------------------------------------------------------------------
                         required time                         24.693    
                         arrival time                          -7.740    
  -------------------------------------------------------------------
                         slack                                 16.953    

Slack (MET) :             16.953ns  (required time - arrival time)
  Source:                 refill_top_remaining_q_reg[1]/C
                            (rising edge-triggered cell FDCE clocked by scheduler_clk  {rise@0.000ns fall@12.500ns period=25.000ns})
  Destination:            hot_q_reg[5][ntok][0]/CE
                            (rising edge-triggered cell FDCE clocked by scheduler_clk  {rise@0.000ns fall@12.500ns period=25.000ns})
  Path Group:             scheduler_clk
  Path Type:              Setup (Max at Slow Process Corner)
  Requirement:            25.000ns  (scheduler_clk rise@25.000ns - scheduler_clk rise@0.000ns)
  Data Path Delay:        7.620ns  (logic 2.198ns (28.845%)  route 5.422ns (71.155%))
  Logic Levels:           26  (LUT2=4 LUT3=5 LUT4=4 LUT5=2 LUT6=11)
  Clock Path Skew:        -0.040ns (DCD - SCD + CPR)
    Destination Clock Delay (DCD):    0.080ns = ( 25.080 - 25.000 ) 
    Source Clock Delay      (SCD):    0.120ns
    Clock Pessimism Removal (CPR):    0.000ns
  Clock Uncertainty:      0.300ns  (CJ)/2 + PE + PJ
    Clock Jitter             (CJ):    0.600ns
    Phase Error              (PE):    0.000ns
    Phase Jitter             (PJ):    0.000ns

    Location             Delay type                Incr(ns)  Path(ns)    Netlist Resource(s)
  -------------------------------------------------------------------    -------------------
                         (clock scheduler_clk rise edge)
                                                      0.000     0.000 r  
                                                      0.000     0.000 r  clk_i (IN)
                         net (fo=1740, unset)         0.120     0.120    clk_i
                         FDCE                                         r  refill_top_remaining_q_reg[1]/C
  -------------------------------------------------------------------    -------------------
                         FDCE (Prop_FDCE_C_Q)         0.090     0.210 f  refill_top_remaining_q_reg[1]/Q
                         net (fo=11, unplaced)        0.288     0.498    i_scheduler_core/reg_rsp_o[rdata][4][1]
                         LUT6 (Prop_LUT6_I1_O)        0.088     0.586 r  i_scheduler_core/refill_top_remaining_q[1]_i_5/O
                         net (fo=6, unplaced)         0.167     0.753    i_scheduler_core/refill_top_remaining_q_reg[1]
                         LUT3 (Prop_LUT3_I1_O)        0.082     0.835 f  i_scheduler_core/refill_top_remaining_q[0]_i_2/O
                         net (fo=9, unplaced)         0.176     1.011    i_scheduler_core/refill_top_remaining_q_reg[0]
                         LUT2 (Prop_LUT2_I1_O)        0.082     1.093 f  i_scheduler_core/hot_q[8][eid][5]_i_42/O
                         net (fo=7, unplaced)         0.170     1.263    i_scheduler_core/hot_q[8][eid][5]_i_42_n_0
                         LUT4 (Prop_LUT4_I3_O)        0.082     1.345 r  i_scheduler_core/hot_q[8][eid][5]_i_27/O
                         net (fo=14, unplaced)        0.169     1.514    i_scheduler_core/hot_q[8][eid][5]_i_27_n_0
                         LUT4 (Prop_LUT4_I0_O)        0.096     1.610 r  i_scheduler_core/cold_q[0][valid]_i_8/O
                         net (fo=27, unplaced)        0.201     1.811    i_scheduler_core/cold_q[0][valid]_i_8_n_0
                         LUT2 (Prop_LUT2_I1_O)        0.051     1.862 r  i_scheduler_core/cold_q[1][eid][5]_i_24/O
                         net (fo=11, unplaced)        0.180     2.042    i_scheduler_core/cold_q[1][eid][5]_i_24_n_0
                         LUT2 (Prop_LUT2_I1_O)        0.051     2.093 r  i_scheduler_core/cold_count_q[1]_i_10/O
                         net (fo=11, unplaced)        0.245     2.338    i_scheduler_core/cold_count_q[1]_i_10_n_0
                         LUT6 (Prop_LUT6_I1_O)        0.088     2.426 r  i_scheduler_core/cold_count_q[2]_i_26/O
                         net (fo=24, unplaced)        0.181     2.607    i_scheduler_core/cold_count_q[2]_i_26_n_0
                         LUT4 (Prop_LUT4_I0_O)        0.096     2.703 f  i_scheduler_core/hot_q[0][eid][3]_i_11/O
                         net (fo=19, unplaced)        0.193     2.896    i_scheduler_core/hot_q[0][eid][3]_i_11_n_0
                         LUT2 (Prop_LUT2_I1_O)        0.051     2.947 r  i_scheduler_core/cold_q[1][eid][5]_i_32/O
                         net (fo=7, unplaced)         0.170     3.117    i_scheduler_core/cold_q[1][eid][5]_i_32_n_0
                         LUT5 (Prop_LUT5_I4_O)        0.082     3.199 r  i_scheduler_core/hot_q[8][eid][5]_i_56/O
                         net (fo=2, unplaced)         0.145     3.344    i_scheduler_core/hot_q[8][eid][5]_i_56_n_0
                         LUT3 (Prop_LUT3_I1_O)        0.051     3.395 f  i_scheduler_core/hot_q[8][eid][5]_i_46/O
                         net (fo=11, unplaced)        0.245     3.640    i_scheduler_core/hot_q[8][eid][5]_i_46_n_0
                         LUT6 (Prop_LUT6_I1_O)        0.088     3.728 r  i_scheduler_core/cold_q[4][eid][5]_i_30/O
                         net (fo=51, unplaced)        0.198     3.926    i_scheduler_core/cold_q[4][eid][5]_i_30_n_0
                         LUT4 (Prop_LUT4_I0_O)        0.096     4.022 r  i_scheduler_core/hot_count_q[1]_i_23/O
                         net (fo=27, unplaced)        0.201     4.223    i_scheduler_core/hot_count_q[1]_i_23_n_0
                         LUT3 (Prop_LUT3_I2_O)        0.082     4.305 f  i_scheduler_core/cold_q[4][eid][5]_i_29/O
                         net (fo=3, unplaced)         0.151     4.456    i_scheduler_core/cold_q[4][eid][5]_i_29_n_0
                         LUT3 (Prop_LUT3_I2_O)        0.082     4.538 r  i_scheduler_core/cold_q[4][eid][5]_i_24/O
                         net (fo=3, unplaced)         0.216     4.754    i_scheduler_core/cold_q[4][eid][5]_i_24_n_0
                         LUT6 (Prop_LUT6_I1_O)        0.088     4.842 f  i_scheduler_core/cold_q[4][eid][5]_i_26/O
                         net (fo=3, unplaced)         0.216     5.058    i_scheduler_core/cold_q[4][eid][5]_i_26_n_0
                         LUT6 (Prop_LUT6_I2_O)        0.088     5.146 f  i_scheduler_core/hot_q[8][eid][5]_i_44/O
                         net (fo=8, unplaced)         0.238     5.384    i_scheduler_core/hot_q[8][eid][5]_i_44_n_0
                         LUT6 (Prop_LUT6_I1_O)        0.088     5.472 r  i_scheduler_core/cold_q[2][eid][5]_i_28/O
                         net (fo=7, unplaced)         0.153     5.625    i_scheduler_core/cold_q[2][eid][5]_i_28_n_0
                         LUT6 (Prop_LUT6_I0_O)        0.074     5.699 r  i_scheduler_core/cold_q[2][eid][5]_i_24/O
                         net (fo=36, unplaced)        0.272     5.971    i_scheduler_core/cold_q[2][eid][5]_i_24_n_0
                         LUT6 (Prop_LUT6_I2_O)        0.088     6.059 r  i_scheduler_core/hot_count_q[1]_i_13/O
                         net (fo=3, unplaced)         0.134     6.193    i_scheduler_core/hot_count_q[1]_i_13_n_0
                         LUT3 (Prop_LUT3_I0_O)        0.074     6.267 r  i_scheduler_core/hot_count_q[1]_i_7/O
                         net (fo=6, unplaced)         0.232     6.499    i_scheduler_core/hot_count_q[1]_i_7_n_0
                         LUT6 (Prop_LUT6_I1_O)        0.088     6.587 r  i_scheduler_core/cold_count_q[1]_i_14/O
                         net (fo=14, unplaced)        0.169     6.756    i_scheduler_core/cold_count_q[1]_i_14_n_0
                         LUT5 (Prop_LUT5_I1_O)        0.096     6.852 f  i_scheduler_core/hot_q[5][eid][5]_i_15/O
                         net (fo=17, unplaced)        0.255     7.107    i_scheduler_core/hot_q[5][eid][5]_i_15_n_0
                         LUT6 (Prop_LUT6_I2_O)        0.088     7.195 f  i_scheduler_core/hot_q[5][eid][5]_i_5/O
                         net (fo=1, unplaced)         0.210     7.405    i_scheduler_core/hot_q[5][eid][5]_i_5_n_0
                         LUT6 (Prop_LUT6_I2_O)        0.088     7.493 r  i_scheduler_core/hot_q[5][eid][5]_i_1/O
                         net (fo=16, unplaced)        0.247     7.740    i_scheduler_core_n_82
                         FDCE                                         r  hot_q_reg[5][ntok][0]/CE
  -------------------------------------------------------------------    -------------------

                         (clock scheduler_clk rise edge)
                                                     25.000    25.000 r  
                                                      0.000    25.000 r  clk_i (IN)
                         net (fo=1740, unset)         0.080    25.080    clk_i
                         FDCE                                         r  hot_q_reg[5][ntok][0]/C
                         clock pessimism              0.000    25.080    
                         clock uncertainty           -0.300    24.780    
                         FDCE (Setup_FDCE_C_CE)      -0.087    24.693    hot_q_reg[5][ntok][0]
  -------------------------------------------------------------------
                         required time                         24.693    
                         arrival time                          -7.740    
  -------------------------------------------------------------------
                         slack                                 16.953    

Slack (MET) :             16.953ns  (required time - arrival time)
  Source:                 refill_top_remaining_q_reg[1]/C
                            (rising edge-triggered cell FDCE clocked by scheduler_clk  {rise@0.000ns fall@12.500ns period=25.000ns})
  Destination:            hot_q_reg[5][ntok][1]/CE
                            (rising edge-triggered cell FDCE clocked by scheduler_clk  {rise@0.000ns fall@12.500ns period=25.000ns})
  Path Group:             scheduler_clk
  Path Type:              Setup (Max at Slow Process Corner)
  Requirement:            25.000ns  (scheduler_clk rise@25.000ns - scheduler_clk rise@0.000ns)
  Data Path Delay:        7.620ns  (logic 2.198ns (28.845%)  route 5.422ns (71.155%))
  Logic Levels:           26  (LUT2=4 LUT3=5 LUT4=4 LUT5=2 LUT6=11)
  Clock Path Skew:        -0.040ns (DCD - SCD + CPR)
    Destination Clock Delay (DCD):    0.080ns = ( 25.080 - 25.000 ) 
    Source Clock Delay      (SCD):    0.120ns
    Clock Pessimism Removal (CPR):    0.000ns
  Clock Uncertainty:      0.300ns  (CJ)/2 + PE + PJ
    Clock Jitter             (CJ):    0.600ns
    Phase Error              (PE):    0.000ns
    Phase Jitter             (PJ):    0.000ns

    Location             Delay type                Incr(ns)  Path(ns)    Netlist Resource(s)
  -------------------------------------------------------------------    -------------------
                         (clock scheduler_clk rise edge)
                                                      0.000     0.000 r  
                                                      0.000     0.000 r  clk_i (IN)
                         net (fo=1740, unset)         0.120     0.120    clk_i
                         FDCE                                         r  refill_top_remaining_q_reg[1]/C
  -------------------------------------------------------------------    -------------------
                         FDCE (Prop_FDCE_C_Q)         0.090     0.210 f  refill_top_remaining_q_reg[1]/Q
                         net (fo=11, unplaced)        0.288     0.498    i_scheduler_core/reg_rsp_o[rdata][4][1]
                         LUT6 (Prop_LUT6_I1_O)        0.088     0.586 r  i_scheduler_core/refill_top_remaining_q[1]_i_5/O
                         net (fo=6, unplaced)         0.167     0.753    i_scheduler_core/refill_top_remaining_q_reg[1]
                         LUT3 (Prop_LUT3_I1_O)        0.082     0.835 f  i_scheduler_core/refill_top_remaining_q[0]_i_2/O
                         net (fo=9, unplaced)         0.176     1.011    i_scheduler_core/refill_top_remaining_q_reg[0]
                         LUT2 (Prop_LUT2_I1_O)        0.082     1.093 f  i_scheduler_core/hot_q[8][eid][5]_i_42/O
                         net (fo=7, unplaced)         0.170     1.263    i_scheduler_core/hot_q[8][eid][5]_i_42_n_0
                         LUT4 (Prop_LUT4_I3_O)        0.082     1.345 r  i_scheduler_core/hot_q[8][eid][5]_i_27/O
                         net (fo=14, unplaced)        0.169     1.514    i_scheduler_core/hot_q[8][eid][5]_i_27_n_0
                         LUT4 (Prop_LUT4_I0_O)        0.096     1.610 r  i_scheduler_core/cold_q[0][valid]_i_8/O
                         net (fo=27, unplaced)        0.201     1.811    i_scheduler_core/cold_q[0][valid]_i_8_n_0
                         LUT2 (Prop_LUT2_I1_O)        0.051     1.862 r  i_scheduler_core/cold_q[1][eid][5]_i_24/O
                         net (fo=11, unplaced)        0.180     2.042    i_scheduler_core/cold_q[1][eid][5]_i_24_n_0
                         LUT2 (Prop_LUT2_I1_O)        0.051     2.093 r  i_scheduler_core/cold_count_q[1]_i_10/O
                         net (fo=11, unplaced)        0.245     2.338    i_scheduler_core/cold_count_q[1]_i_10_n_0
                         LUT6 (Prop_LUT6_I1_O)        0.088     2.426 r  i_scheduler_core/cold_count_q[2]_i_26/O
                         net (fo=24, unplaced)        0.181     2.607    i_scheduler_core/cold_count_q[2]_i_26_n_0
                         LUT4 (Prop_LUT4_I0_O)        0.096     2.703 f  i_scheduler_core/hot_q[0][eid][3]_i_11/O
                         net (fo=19, unplaced)        0.193     2.896    i_scheduler_core/hot_q[0][eid][3]_i_11_n_0
                         LUT2 (Prop_LUT2_I1_O)        0.051     2.947 r  i_scheduler_core/cold_q[1][eid][5]_i_32/O
                         net (fo=7, unplaced)         0.170     3.117    i_scheduler_core/cold_q[1][eid][5]_i_32_n_0
                         LUT5 (Prop_LUT5_I4_O)        0.082     3.199 r  i_scheduler_core/hot_q[8][eid][5]_i_56/O
                         net (fo=2, unplaced)         0.145     3.344    i_scheduler_core/hot_q[8][eid][5]_i_56_n_0
                         LUT3 (Prop_LUT3_I1_O)        0.051     3.395 f  i_scheduler_core/hot_q[8][eid][5]_i_46/O
                         net (fo=11, unplaced)        0.245     3.640    i_scheduler_core/hot_q[8][eid][5]_i_46_n_0
                         LUT6 (Prop_LUT6_I1_O)        0.088     3.728 r  i_scheduler_core/cold_q[4][eid][5]_i_30/O
                         net (fo=51, unplaced)        0.198     3.926    i_scheduler_core/cold_q[4][eid][5]_i_30_n_0
                         LUT4 (Prop_LUT4_I0_O)        0.096     4.022 r  i_scheduler_core/hot_count_q[1]_i_23/O
                         net (fo=27, unplaced)        0.201     4.223    i_scheduler_core/hot_count_q[1]_i_23_n_0
                         LUT3 (Prop_LUT3_I2_O)        0.082     4.305 f  i_scheduler_core/cold_q[4][eid][5]_i_29/O
                         net (fo=3, unplaced)         0.151     4.456    i_scheduler_core/cold_q[4][eid][5]_i_29_n_0
                         LUT3 (Prop_LUT3_I2_O)        0.082     4.538 r  i_scheduler_core/cold_q[4][eid][5]_i_24/O
                         net (fo=3, unplaced)         0.216     4.754    i_scheduler_core/cold_q[4][eid][5]_i_24_n_0
                         LUT6 (Prop_LUT6_I1_O)        0.088     4.842 f  i_scheduler_core/cold_q[4][eid][5]_i_26/O
                         net (fo=3, unplaced)         0.216     5.058    i_scheduler_core/cold_q[4][eid][5]_i_26_n_0
                         LUT6 (Prop_LUT6_I2_O)        0.088     5.146 f  i_scheduler_core/hot_q[8][eid][5]_i_44/O
                         net (fo=8, unplaced)         0.238     5.384    i_scheduler_core/hot_q[8][eid][5]_i_44_n_0
                         LUT6 (Prop_LUT6_I1_O)        0.088     5.472 r  i_scheduler_core/cold_q[2][eid][5]_i_28/O
                         net (fo=7, unplaced)         0.153     5.625    i_scheduler_core/cold_q[2][eid][5]_i_28_n_0
                         LUT6 (Prop_LUT6_I0_O)        0.074     5.699 r  i_scheduler_core/cold_q[2][eid][5]_i_24/O
                         net (fo=36, unplaced)        0.272     5.971    i_scheduler_core/cold_q[2][eid][5]_i_24_n_0
                         LUT6 (Prop_LUT6_I2_O)        0.088     6.059 r  i_scheduler_core/hot_count_q[1]_i_13/O
                         net (fo=3, unplaced)         0.134     6.193    i_scheduler_core/hot_count_q[1]_i_13_n_0
                         LUT3 (Prop_LUT3_I0_O)        0.074     6.267 r  i_scheduler_core/hot_count_q[1]_i_7/O
                         net (fo=6, unplaced)         0.232     6.499    i_scheduler_core/hot_count_q[1]_i_7_n_0
                         LUT6 (Prop_LUT6_I1_O)        0.088     6.587 r  i_scheduler_core/cold_count_q[1]_i_14/O
                         net (fo=14, unplaced)        0.169     6.756    i_scheduler_core/cold_count_q[1]_i_14_n_0
                         LUT5 (Prop_LUT5_I1_O)        0.096     6.852 f  i_scheduler_core/hot_q[5][eid][5]_i_15/O
                         net (fo=17, unplaced)        0.255     7.107    i_scheduler_core/hot_q[5][eid][5]_i_15_n_0
                         LUT6 (Prop_LUT6_I2_O)        0.088     7.195 f  i_scheduler_core/hot_q[5][eid][5]_i_5/O
                         net (fo=1, unplaced)         0.210     7.405    i_scheduler_core/hot_q[5][eid][5]_i_5_n_0
                         LUT6 (Prop_LUT6_I2_O)        0.088     7.493 r  i_scheduler_core/hot_q[5][eid][5]_i_1/O
                         net (fo=16, unplaced)        0.247     7.740    i_scheduler_core_n_82
                         FDCE                                         r  hot_q_reg[5][ntok][1]/CE
  -------------------------------------------------------------------    -------------------

                         (clock scheduler_clk rise edge)
                                                     25.000    25.000 r  
                                                      0.000    25.000 r  clk_i (IN)
                         net (fo=1740, unset)         0.080    25.080    clk_i
                         FDCE                                         r  hot_q_reg[5][ntok][1]/C
                         clock pessimism              0.000    25.080    
                         clock uncertainty           -0.300    24.780    
                         FDCE (Setup_FDCE_C_CE)      -0.087    24.693    hot_q_reg[5][ntok][1]
  -------------------------------------------------------------------
                         required time                         24.693    
                         arrival time                          -7.740    
  -------------------------------------------------------------------
                         slack                                 16.953    

Slack (MET) :             16.953ns  (required time - arrival time)
  Source:                 refill_top_remaining_q_reg[1]/C
                            (rising edge-triggered cell FDCE clocked by scheduler_clk  {rise@0.000ns fall@12.500ns period=25.000ns})
  Destination:            hot_q_reg[5][ntok][2]/CE
                            (rising edge-triggered cell FDCE clocked by scheduler_clk  {rise@0.000ns fall@12.500ns period=25.000ns})
  Path Group:             scheduler_clk
  Path Type:              Setup (Max at Slow Process Corner)
  Requirement:            25.000ns  (scheduler_clk rise@25.000ns - scheduler_clk rise@0.000ns)
  Data Path Delay:        7.620ns  (logic 2.198ns (28.845%)  route 5.422ns (71.155%))
  Logic Levels:           26  (LUT2=4 LUT3=5 LUT4=4 LUT5=2 LUT6=11)
  Clock Path Skew:        -0.040ns (DCD - SCD + CPR)
    Destination Clock Delay (DCD):    0.080ns = ( 25.080 - 25.000 ) 
    Source Clock Delay      (SCD):    0.120ns
    Clock Pessimism Removal (CPR):    0.000ns
  Clock Uncertainty:      0.300ns  (CJ)/2 + PE + PJ
    Clock Jitter             (CJ):    0.600ns
    Phase Error              (PE):    0.000ns
    Phase Jitter             (PJ):    0.000ns

    Location             Delay type                Incr(ns)  Path(ns)    Netlist Resource(s)
  -------------------------------------------------------------------    -------------------
                         (clock scheduler_clk rise edge)
                                                      0.000     0.000 r  
                                                      0.000     0.000 r  clk_i (IN)
                         net (fo=1740, unset)         0.120     0.120    clk_i
                         FDCE                                         r  refill_top_remaining_q_reg[1]/C
  -------------------------------------------------------------------    -------------------
                         FDCE (Prop_FDCE_C_Q)         0.090     0.210 f  refill_top_remaining_q_reg[1]/Q
                         net (fo=11, unplaced)        0.288     0.498    i_scheduler_core/reg_rsp_o[rdata][4][1]
                         LUT6 (Prop_LUT6_I1_O)        0.088     0.586 r  i_scheduler_core/refill_top_remaining_q[1]_i_5/O
                         net (fo=6, unplaced)         0.167     0.753    i_scheduler_core/refill_top_remaining_q_reg[1]
                         LUT3 (Prop_LUT3_I1_O)        0.082     0.835 f  i_scheduler_core/refill_top_remaining_q[0]_i_2/O
                         net (fo=9, unplaced)         0.176     1.011    i_scheduler_core/refill_top_remaining_q_reg[0]
                         LUT2 (Prop_LUT2_I1_O)        0.082     1.093 f  i_scheduler_core/hot_q[8][eid][5]_i_42/O
                         net (fo=7, unplaced)         0.170     1.263    i_scheduler_core/hot_q[8][eid][5]_i_42_n_0
                         LUT4 (Prop_LUT4_I3_O)        0.082     1.345 r  i_scheduler_core/hot_q[8][eid][5]_i_27/O
                         net (fo=14, unplaced)        0.169     1.514    i_scheduler_core/hot_q[8][eid][5]_i_27_n_0
                         LUT4 (Prop_LUT4_I0_O)        0.096     1.610 r  i_scheduler_core/cold_q[0][valid]_i_8/O
                         net (fo=27, unplaced)        0.201     1.811    i_scheduler_core/cold_q[0][valid]_i_8_n_0
                         LUT2 (Prop_LUT2_I1_O)        0.051     1.862 r  i_scheduler_core/cold_q[1][eid][5]_i_24/O
                         net (fo=11, unplaced)        0.180     2.042    i_scheduler_core/cold_q[1][eid][5]_i_24_n_0
                         LUT2 (Prop_LUT2_I1_O)        0.051     2.093 r  i_scheduler_core/cold_count_q[1]_i_10/O
                         net (fo=11, unplaced)        0.245     2.338    i_scheduler_core/cold_count_q[1]_i_10_n_0
                         LUT6 (Prop_LUT6_I1_O)        0.088     2.426 r  i_scheduler_core/cold_count_q[2]_i_26/O
                         net (fo=24, unplaced)        0.181     2.607    i_scheduler_core/cold_count_q[2]_i_26_n_0
                         LUT4 (Prop_LUT4_I0_O)        0.096     2.703 f  i_scheduler_core/hot_q[0][eid][3]_i_11/O
                         net (fo=19, unplaced)        0.193     2.896    i_scheduler_core/hot_q[0][eid][3]_i_11_n_0
                         LUT2 (Prop_LUT2_I1_O)        0.051     2.947 r  i_scheduler_core/cold_q[1][eid][5]_i_32/O
                         net (fo=7, unplaced)         0.170     3.117    i_scheduler_core/cold_q[1][eid][5]_i_32_n_0
                         LUT5 (Prop_LUT5_I4_O)        0.082     3.199 r  i_scheduler_core/hot_q[8][eid][5]_i_56/O
                         net (fo=2, unplaced)         0.145     3.344    i_scheduler_core/hot_q[8][eid][5]_i_56_n_0
                         LUT3 (Prop_LUT3_I1_O)        0.051     3.395 f  i_scheduler_core/hot_q[8][eid][5]_i_46/O
                         net (fo=11, unplaced)        0.245     3.640    i_scheduler_core/hot_q[8][eid][5]_i_46_n_0
                         LUT6 (Prop_LUT6_I1_O)        0.088     3.728 r  i_scheduler_core/cold_q[4][eid][5]_i_30/O
                         net (fo=51, unplaced)        0.198     3.926    i_scheduler_core/cold_q[4][eid][5]_i_30_n_0
                         LUT4 (Prop_LUT4_I0_O)        0.096     4.022 r  i_scheduler_core/hot_count_q[1]_i_23/O
                         net (fo=27, unplaced)        0.201     4.223    i_scheduler_core/hot_count_q[1]_i_23_n_0
                         LUT3 (Prop_LUT3_I2_O)        0.082     4.305 f  i_scheduler_core/cold_q[4][eid][5]_i_29/O
                         net (fo=3, unplaced)         0.151     4.456    i_scheduler_core/cold_q[4][eid][5]_i_29_n_0
                         LUT3 (Prop_LUT3_I2_O)        0.082     4.538 r  i_scheduler_core/cold_q[4][eid][5]_i_24/O
                         net (fo=3, unplaced)         0.216     4.754    i_scheduler_core/cold_q[4][eid][5]_i_24_n_0
                         LUT6 (Prop_LUT6_I1_O)        0.088     4.842 f  i_scheduler_core/cold_q[4][eid][5]_i_26/O
                         net (fo=3, unplaced)         0.216     5.058    i_scheduler_core/cold_q[4][eid][5]_i_26_n_0
                         LUT6 (Prop_LUT6_I2_O)        0.088     5.146 f  i_scheduler_core/hot_q[8][eid][5]_i_44/O
                         net (fo=8, unplaced)         0.238     5.384    i_scheduler_core/hot_q[8][eid][5]_i_44_n_0
                         LUT6 (Prop_LUT6_I1_O)        0.088     5.472 r  i_scheduler_core/cold_q[2][eid][5]_i_28/O
                         net (fo=7, unplaced)         0.153     5.625    i_scheduler_core/cold_q[2][eid][5]_i_28_n_0
                         LUT6 (Prop_LUT6_I0_O)        0.074     5.699 r  i_scheduler_core/cold_q[2][eid][5]_i_24/O
                         net (fo=36, unplaced)        0.272     5.971    i_scheduler_core/cold_q[2][eid][5]_i_24_n_0
                         LUT6 (Prop_LUT6_I2_O)        0.088     6.059 r  i_scheduler_core/hot_count_q[1]_i_13/O
                         net (fo=3, unplaced)         0.134     6.193    i_scheduler_core/hot_count_q[1]_i_13_n_0
                         LUT3 (Prop_LUT3_I0_O)        0.074     6.267 r  i_scheduler_core/hot_count_q[1]_i_7/O
                         net (fo=6, unplaced)         0.232     6.499    i_scheduler_core/hot_count_q[1]_i_7_n_0
                         LUT6 (Prop_LUT6_I1_O)        0.088     6.587 r  i_scheduler_core/cold_count_q[1]_i_14/O
                         net (fo=14, unplaced)        0.169     6.756    i_scheduler_core/cold_count_q[1]_i_14_n_0
                         LUT5 (Prop_LUT5_I1_O)        0.096     6.852 f  i_scheduler_core/hot_q[5][eid][5]_i_15/O
                         net (fo=17, unplaced)        0.255     7.107    i_scheduler_core/hot_q[5][eid][5]_i_15_n_0
                         LUT6 (Prop_LUT6_I2_O)        0.088     7.195 f  i_scheduler_core/hot_q[5][eid][5]_i_5/O
                         net (fo=1, unplaced)         0.210     7.405    i_scheduler_core/hot_q[5][eid][5]_i_5_n_0
                         LUT6 (Prop_LUT6_I2_O)        0.088     7.493 r  i_scheduler_core/hot_q[5][eid][5]_i_1/O
                         net (fo=16, unplaced)        0.247     7.740    i_scheduler_core_n_82
                         FDCE                                         r  hot_q_reg[5][ntok][2]/CE
  -------------------------------------------------------------------    -------------------

                         (clock scheduler_clk rise edge)
                                                     25.000    25.000 r  
                                                      0.000    25.000 r  clk_i (IN)
                         net (fo=1740, unset)         0.080    25.080    clk_i
                         FDCE                                         r  hot_q_reg[5][ntok][2]/C
                         clock pessimism              0.000    25.080    
                         clock uncertainty           -0.300    24.780    
                         FDCE (Setup_FDCE_C_CE)      -0.087    24.693    hot_q_reg[5][ntok][2]
  -------------------------------------------------------------------
                         required time                         24.693    
                         arrival time                          -7.740    
  -------------------------------------------------------------------
                         slack                                 16.953    

Slack (MET) :             16.953ns  (required time - arrival time)
  Source:                 refill_top_remaining_q_reg[1]/C
                            (rising edge-triggered cell FDCE clocked by scheduler_clk  {rise@0.000ns fall@12.500ns period=25.000ns})
  Destination:            hot_q_reg[5][ntok][3]/CE
                            (rising edge-triggered cell FDCE clocked by scheduler_clk  {rise@0.000ns fall@12.500ns period=25.000ns})
  Path Group:             scheduler_clk
  Path Type:              Setup (Max at Slow Process Corner)
  Requirement:            25.000ns  (scheduler_clk rise@25.000ns - scheduler_clk rise@0.000ns)
  Data Path Delay:        7.620ns  (logic 2.198ns (28.845%)  route 5.422ns (71.155%))
  Logic Levels:           26  (LUT2=4 LUT3=5 LUT4=4 LUT5=2 LUT6=11)
  Clock Path Skew:        -0.040ns (DCD - SCD + CPR)
    Destination Clock Delay (DCD):    0.080ns = ( 25.080 - 25.000 ) 
    Source Clock Delay      (SCD):    0.120ns
    Clock Pessimism Removal (CPR):    0.000ns
  Clock Uncertainty:      0.300ns  (CJ)/2 + PE + PJ
    Clock Jitter             (CJ):    0.600ns
    Phase Error              (PE):    0.000ns
    Phase Jitter             (PJ):    0.000ns

    Location             Delay type                Incr(ns)  Path(ns)    Netlist Resource(s)
  -------------------------------------------------------------------    -------------------
                         (clock scheduler_clk rise edge)
                                                      0.000     0.000 r  
                                                      0.000     0.000 r  clk_i (IN)
                         net (fo=1740, unset)         0.120     0.120    clk_i
                         FDCE                                         r  refill_top_remaining_q_reg[1]/C
  -------------------------------------------------------------------    -------------------
                         FDCE (Prop_FDCE_C_Q)         0.090     0.210 f  refill_top_remaining_q_reg[1]/Q
                         net (fo=11, unplaced)        0.288     0.498    i_scheduler_core/reg_rsp_o[rdata][4][1]
                         LUT6 (Prop_LUT6_I1_O)        0.088     0.586 r  i_scheduler_core/refill_top_remaining_q[1]_i_5/O
                         net (fo=6, unplaced)         0.167     0.753    i_scheduler_core/refill_top_remaining_q_reg[1]
                         LUT3 (Prop_LUT3_I1_O)        0.082     0.835 f  i_scheduler_core/refill_top_remaining_q[0]_i_2/O
                         net (fo=9, unplaced)         0.176     1.011    i_scheduler_core/refill_top_remaining_q_reg[0]
                         LUT2 (Prop_LUT2_I1_O)        0.082     1.093 f  i_scheduler_core/hot_q[8][eid][5]_i_42/O
                         net (fo=7, unplaced)         0.170     1.263    i_scheduler_core/hot_q[8][eid][5]_i_42_n_0
                         LUT4 (Prop_LUT4_I3_O)        0.082     1.345 r  i_scheduler_core/hot_q[8][eid][5]_i_27/O
                         net (fo=14, unplaced)        0.169     1.514    i_scheduler_core/hot_q[8][eid][5]_i_27_n_0
                         LUT4 (Prop_LUT4_I0_O)        0.096     1.610 r  i_scheduler_core/cold_q[0][valid]_i_8/O
                         net (fo=27, unplaced)        0.201     1.811    i_scheduler_core/cold_q[0][valid]_i_8_n_0
                         LUT2 (Prop_LUT2_I1_O)        0.051     1.862 r  i_scheduler_core/cold_q[1][eid][5]_i_24/O
                         net (fo=11, unplaced)        0.180     2.042    i_scheduler_core/cold_q[1][eid][5]_i_24_n_0
                         LUT2 (Prop_LUT2_I1_O)        0.051     2.093 r  i_scheduler_core/cold_count_q[1]_i_10/O
                         net (fo=11, unplaced)        0.245     2.338    i_scheduler_core/cold_count_q[1]_i_10_n_0
                         LUT6 (Prop_LUT6_I1_O)        0.088     2.426 r  i_scheduler_core/cold_count_q[2]_i_26/O
                         net (fo=24, unplaced)        0.181     2.607    i_scheduler_core/cold_count_q[2]_i_26_n_0
                         LUT4 (Prop_LUT4_I0_O)        0.096     2.703 f  i_scheduler_core/hot_q[0][eid][3]_i_11/O
                         net (fo=19, unplaced)        0.193     2.896    i_scheduler_core/hot_q[0][eid][3]_i_11_n_0
                         LUT2 (Prop_LUT2_I1_O)        0.051     2.947 r  i_scheduler_core/cold_q[1][eid][5]_i_32/O
                         net (fo=7, unplaced)         0.170     3.117    i_scheduler_core/cold_q[1][eid][5]_i_32_n_0
                         LUT5 (Prop_LUT5_I4_O)        0.082     3.199 r  i_scheduler_core/hot_q[8][eid][5]_i_56/O
                         net (fo=2, unplaced)         0.145     3.344    i_scheduler_core/hot_q[8][eid][5]_i_56_n_0
                         LUT3 (Prop_LUT3_I1_O)        0.051     3.395 f  i_scheduler_core/hot_q[8][eid][5]_i_46/O
                         net (fo=11, unplaced)        0.245     3.640    i_scheduler_core/hot_q[8][eid][5]_i_46_n_0
                         LUT6 (Prop_LUT6_I1_O)        0.088     3.728 r  i_scheduler_core/cold_q[4][eid][5]_i_30/O
                         net (fo=51, unplaced)        0.198     3.926    i_scheduler_core/cold_q[4][eid][5]_i_30_n_0
                         LUT4 (Prop_LUT4_I0_O)        0.096     4.022 r  i_scheduler_core/hot_count_q[1]_i_23/O
                         net (fo=27, unplaced)        0.201     4.223    i_scheduler_core/hot_count_q[1]_i_23_n_0
                         LUT3 (Prop_LUT3_I2_O)        0.082     4.305 f  i_scheduler_core/cold_q[4][eid][5]_i_29/O
                         net (fo=3, unplaced)         0.151     4.456    i_scheduler_core/cold_q[4][eid][5]_i_29_n_0
                         LUT3 (Prop_LUT3_I2_O)        0.082     4.538 r  i_scheduler_core/cold_q[4][eid][5]_i_24/O
                         net (fo=3, unplaced)         0.216     4.754    i_scheduler_core/cold_q[4][eid][5]_i_24_n_0
                         LUT6 (Prop_LUT6_I1_O)        0.088     4.842 f  i_scheduler_core/cold_q[4][eid][5]_i_26/O
                         net (fo=3, unplaced)         0.216     5.058    i_scheduler_core/cold_q[4][eid][5]_i_26_n_0
                         LUT6 (Prop_LUT6_I2_O)        0.088     5.146 f  i_scheduler_core/hot_q[8][eid][5]_i_44/O
                         net (fo=8, unplaced)         0.238     5.384    i_scheduler_core/hot_q[8][eid][5]_i_44_n_0
                         LUT6 (Prop_LUT6_I1_O)        0.088     5.472 r  i_scheduler_core/cold_q[2][eid][5]_i_28/O
                         net (fo=7, unplaced)         0.153     5.625    i_scheduler_core/cold_q[2][eid][5]_i_28_n_0
                         LUT6 (Prop_LUT6_I0_O)        0.074     5.699 r  i_scheduler_core/cold_q[2][eid][5]_i_24/O
                         net (fo=36, unplaced)        0.272     5.971    i_scheduler_core/cold_q[2][eid][5]_i_24_n_0
                         LUT6 (Prop_LUT6_I2_O)        0.088     6.059 r  i_scheduler_core/hot_count_q[1]_i_13/O
                         net (fo=3, unplaced)         0.134     6.193    i_scheduler_core/hot_count_q[1]_i_13_n_0
                         LUT3 (Prop_LUT3_I0_O)        0.074     6.267 r  i_scheduler_core/hot_count_q[1]_i_7/O
                         net (fo=6, unplaced)         0.232     6.499    i_scheduler_core/hot_count_q[1]_i_7_n_0
                         LUT6 (Prop_LUT6_I1_O)        0.088     6.587 r  i_scheduler_core/cold_count_q[1]_i_14/O
                         net (fo=14, unplaced)        0.169     6.756    i_scheduler_core/cold_count_q[1]_i_14_n_0
                         LUT5 (Prop_LUT5_I1_O)        0.096     6.852 f  i_scheduler_core/hot_q[5][eid][5]_i_15/O
                         net (fo=17, unplaced)        0.255     7.107    i_scheduler_core/hot_q[5][eid][5]_i_15_n_0
                         LUT6 (Prop_LUT6_I2_O)        0.088     7.195 f  i_scheduler_core/hot_q[5][eid][5]_i_5/O
                         net (fo=1, unplaced)         0.210     7.405    i_scheduler_core/hot_q[5][eid][5]_i_5_n_0
                         LUT6 (Prop_LUT6_I2_O)        0.088     7.493 r  i_scheduler_core/hot_q[5][eid][5]_i_1/O
                         net (fo=16, unplaced)        0.247     7.740    i_scheduler_core_n_82
                         FDCE                                         r  hot_q_reg[5][ntok][3]/CE
  -------------------------------------------------------------------    -------------------

                         (clock scheduler_clk rise edge)
                                                     25.000    25.000 r  
                                                      0.000    25.000 r  clk_i (IN)
                         net (fo=1740, unset)         0.080    25.080    clk_i
                         FDCE                                         r  hot_q_reg[5][ntok][3]/C
                         clock pessimism              0.000    25.080    
                         clock uncertainty           -0.300    24.780    
                         FDCE (Setup_FDCE_C_CE)      -0.087    24.693    hot_q_reg[5][ntok][3]
  -------------------------------------------------------------------
                         required time                         24.693    
                         arrival time                          -7.740    
  -------------------------------------------------------------------
                         slack                                 16.953    

Slack (MET) :             16.953ns  (required time - arrival time)
  Source:                 refill_top_remaining_q_reg[1]/C
                            (rising edge-triggered cell FDCE clocked by scheduler_clk  {rise@0.000ns fall@12.500ns period=25.000ns})
  Destination:            hot_q_reg[5][ntok][4]/CE
                            (rising edge-triggered cell FDCE clocked by scheduler_clk  {rise@0.000ns fall@12.500ns period=25.000ns})
  Path Group:             scheduler_clk
  Path Type:              Setup (Max at Slow Process Corner)
  Requirement:            25.000ns  (scheduler_clk rise@25.000ns - scheduler_clk rise@0.000ns)
  Data Path Delay:        7.620ns  (logic 2.198ns (28.845%)  route 5.422ns (71.155%))
  Logic Levels:           26  (LUT2=4 LUT3=5 LUT4=4 LUT5=2 LUT6=11)
  Clock Path Skew:        -0.040ns (DCD - SCD + CPR)
    Destination Clock Delay (DCD):    0.080ns = ( 25.080 - 25.000 ) 
    Source Clock Delay      (SCD):    0.120ns
    Clock Pessimism Removal (CPR):    0.000ns
  Clock Uncertainty:      0.300ns  (CJ)/2 + PE + PJ
    Clock Jitter             (CJ):    0.600ns
    Phase Error              (PE):    0.000ns
    Phase Jitter             (PJ):    0.000ns

    Location             Delay type                Incr(ns)  Path(ns)    Netlist Resource(s)
  -------------------------------------------------------------------    -------------------
                         (clock scheduler_clk rise edge)
                                                      0.000     0.000 r  
                                                      0.000     0.000 r  clk_i (IN)
                         net (fo=1740, unset)         0.120     0.120    clk_i
                         FDCE                                         r  refill_top_remaining_q_reg[1]/C
  -------------------------------------------------------------------    -------------------
                         FDCE (Prop_FDCE_C_Q)         0.090     0.210 f  refill_top_remaining_q_reg[1]/Q
                         net (fo=11, unplaced)        0.288     0.498    i_scheduler_core/reg_rsp_o[rdata][4][1]
                         LUT6 (Prop_LUT6_I1_O)        0.088     0.586 r  i_scheduler_core/refill_top_remaining_q[1]_i_5/O
                         net (fo=6, unplaced)         0.167     0.753    i_scheduler_core/refill_top_remaining_q_reg[1]
                         LUT3 (Prop_LUT3_I1_O)        0.082     0.835 f  i_scheduler_core/refill_top_remaining_q[0]_i_2/O
                         net (fo=9, unplaced)         0.176     1.011    i_scheduler_core/refill_top_remaining_q_reg[0]
                         LUT2 (Prop_LUT2_I1_O)        0.082     1.093 f  i_scheduler_core/hot_q[8][eid][5]_i_42/O
                         net (fo=7, unplaced)         0.170     1.263    i_scheduler_core/hot_q[8][eid][5]_i_42_n_0
                         LUT4 (Prop_LUT4_I3_O)        0.082     1.345 r  i_scheduler_core/hot_q[8][eid][5]_i_27/O
                         net (fo=14, unplaced)        0.169     1.514    i_scheduler_core/hot_q[8][eid][5]_i_27_n_0
                         LUT4 (Prop_LUT4_I0_O)        0.096     1.610 r  i_scheduler_core/cold_q[0][valid]_i_8/O
                         net (fo=27, unplaced)        0.201     1.811    i_scheduler_core/cold_q[0][valid]_i_8_n_0
                         LUT2 (Prop_LUT2_I1_O)        0.051     1.862 r  i_scheduler_core/cold_q[1][eid][5]_i_24/O
                         net (fo=11, unplaced)        0.180     2.042    i_scheduler_core/cold_q[1][eid][5]_i_24_n_0
                         LUT2 (Prop_LUT2_I1_O)        0.051     2.093 r  i_scheduler_core/cold_count_q[1]_i_10/O
                         net (fo=11, unplaced)        0.245     2.338    i_scheduler_core/cold_count_q[1]_i_10_n_0
                         LUT6 (Prop_LUT6_I1_O)        0.088     2.426 r  i_scheduler_core/cold_count_q[2]_i_26/O
                         net (fo=24, unplaced)        0.181     2.607    i_scheduler_core/cold_count_q[2]_i_26_n_0
                         LUT4 (Prop_LUT4_I0_O)        0.096     2.703 f  i_scheduler_core/hot_q[0][eid][3]_i_11/O
                         net (fo=19, unplaced)        0.193     2.896    i_scheduler_core/hot_q[0][eid][3]_i_11_n_0
                         LUT2 (Prop_LUT2_I1_O)        0.051     2.947 r  i_scheduler_core/cold_q[1][eid][5]_i_32/O
                         net (fo=7, unplaced)         0.170     3.117    i_scheduler_core/cold_q[1][eid][5]_i_32_n_0
                         LUT5 (Prop_LUT5_I4_O)        0.082     3.199 r  i_scheduler_core/hot_q[8][eid][5]_i_56/O
                         net (fo=2, unplaced)         0.145     3.344    i_scheduler_core/hot_q[8][eid][5]_i_56_n_0
                         LUT3 (Prop_LUT3_I1_O)        0.051     3.395 f  i_scheduler_core/hot_q[8][eid][5]_i_46/O
                         net (fo=11, unplaced)        0.245     3.640    i_scheduler_core/hot_q[8][eid][5]_i_46_n_0
                         LUT6 (Prop_LUT6_I1_O)        0.088     3.728 r  i_scheduler_core/cold_q[4][eid][5]_i_30/O
                         net (fo=51, unplaced)        0.198     3.926    i_scheduler_core/cold_q[4][eid][5]_i_30_n_0
                         LUT4 (Prop_LUT4_I0_O)        0.096     4.022 r  i_scheduler_core/hot_count_q[1]_i_23/O
                         net (fo=27, unplaced)        0.201     4.223    i_scheduler_core/hot_count_q[1]_i_23_n_0
                         LUT3 (Prop_LUT3_I2_O)        0.082     4.305 f  i_scheduler_core/cold_q[4][eid][5]_i_29/O
                         net (fo=3, unplaced)         0.151     4.456    i_scheduler_core/cold_q[4][eid][5]_i_29_n_0
                         LUT3 (Prop_LUT3_I2_O)        0.082     4.538 r  i_scheduler_core/cold_q[4][eid][5]_i_24/O
                         net (fo=3, unplaced)         0.216     4.754    i_scheduler_core/cold_q[4][eid][5]_i_24_n_0
                         LUT6 (Prop_LUT6_I1_O)        0.088     4.842 f  i_scheduler_core/cold_q[4][eid][5]_i_26/O
                         net (fo=3, unplaced)         0.216     5.058    i_scheduler_core/cold_q[4][eid][5]_i_26_n_0
                         LUT6 (Prop_LUT6_I2_O)        0.088     5.146 f  i_scheduler_core/hot_q[8][eid][5]_i_44/O
                         net (fo=8, unplaced)         0.238     5.384    i_scheduler_core/hot_q[8][eid][5]_i_44_n_0
                         LUT6 (Prop_LUT6_I1_O)        0.088     5.472 r  i_scheduler_core/cold_q[2][eid][5]_i_28/O
                         net (fo=7, unplaced)         0.153     5.625    i_scheduler_core/cold_q[2][eid][5]_i_28_n_0
                         LUT6 (Prop_LUT6_I0_O)        0.074     5.699 r  i_scheduler_core/cold_q[2][eid][5]_i_24/O
                         net (fo=36, unplaced)        0.272     5.971    i_scheduler_core/cold_q[2][eid][5]_i_24_n_0
                         LUT6 (Prop_LUT6_I2_O)        0.088     6.059 r  i_scheduler_core/hot_count_q[1]_i_13/O
                         net (fo=3, unplaced)         0.134     6.193    i_scheduler_core/hot_count_q[1]_i_13_n_0
                         LUT3 (Prop_LUT3_I0_O)        0.074     6.267 r  i_scheduler_core/hot_count_q[1]_i_7/O
                         net (fo=6, unplaced)         0.232     6.499    i_scheduler_core/hot_count_q[1]_i_7_n_0
                         LUT6 (Prop_LUT6_I1_O)        0.088     6.587 r  i_scheduler_core/cold_count_q[1]_i_14/O
                         net (fo=14, unplaced)        0.169     6.756    i_scheduler_core/cold_count_q[1]_i_14_n_0
                         LUT5 (Prop_LUT5_I1_O)        0.096     6.852 f  i_scheduler_core/hot_q[5][eid][5]_i_15/O
                         net (fo=17, unplaced)        0.255     7.107    i_scheduler_core/hot_q[5][eid][5]_i_15_n_0
                         LUT6 (Prop_LUT6_I2_O)        0.088     7.195 f  i_scheduler_core/hot_q[5][eid][5]_i_5/O
                         net (fo=1, unplaced)         0.210     7.405    i_scheduler_core/hot_q[5][eid][5]_i_5_n_0
                         LUT6 (Prop_LUT6_I2_O)        0.088     7.493 r  i_scheduler_core/hot_q[5][eid][5]_i_1/O
                         net (fo=16, unplaced)        0.247     7.740    i_scheduler_core_n_82
                         FDCE                                         r  hot_q_reg[5][ntok][4]/CE
  -------------------------------------------------------------------    -------------------

                         (clock scheduler_clk rise edge)
                                                     25.000    25.000 r  
                                                      0.000    25.000 r  clk_i (IN)
                         net (fo=1740, unset)         0.080    25.080    clk_i
                         FDCE                                         r  hot_q_reg[5][ntok][4]/C
                         clock pessimism              0.000    25.080    
                         clock uncertainty           -0.300    24.780    
                         FDCE (Setup_FDCE_C_CE)      -0.087    24.693    hot_q_reg[5][ntok][4]
  -------------------------------------------------------------------
                         required time                         24.693    
                         arrival time                          -7.740    
  -------------------------------------------------------------------
                         slack                                 16.953    

Slack (MET) :             16.953ns  (required time - arrival time)
  Source:                 refill_top_remaining_q_reg[1]/C
                            (rising edge-triggered cell FDCE clocked by scheduler_clk  {rise@0.000ns fall@12.500ns period=25.000ns})
  Destination:            hot_q_reg[5][ntok][5]/CE
                            (rising edge-triggered cell FDCE clocked by scheduler_clk  {rise@0.000ns fall@12.500ns period=25.000ns})
  Path Group:             scheduler_clk
  Path Type:              Setup (Max at Slow Process Corner)
  Requirement:            25.000ns  (scheduler_clk rise@25.000ns - scheduler_clk rise@0.000ns)
  Data Path Delay:        7.620ns  (logic 2.198ns (28.845%)  route 5.422ns (71.155%))
  Logic Levels:           26  (LUT2=4 LUT3=5 LUT4=4 LUT5=2 LUT6=11)
  Clock Path Skew:        -0.040ns (DCD - SCD + CPR)
    Destination Clock Delay (DCD):    0.080ns = ( 25.080 - 25.000 ) 
    Source Clock Delay      (SCD):    0.120ns
    Clock Pessimism Removal (CPR):    0.000ns
  Clock Uncertainty:      0.300ns  (CJ)/2 + PE + PJ
    Clock Jitter             (CJ):    0.600ns
    Phase Error              (PE):    0.000ns
    Phase Jitter             (PJ):    0.000ns

    Location             Delay type                Incr(ns)  Path(ns)    Netlist Resource(s)
  -------------------------------------------------------------------    -------------------
                         (clock scheduler_clk rise edge)
                                                      0.000     0.000 r  
                                                      0.000     0.000 r  clk_i (IN)
                         net (fo=1740, unset)         0.120     0.120    clk_i
                         FDCE                                         r  refill_top_remaining_q_reg[1]/C
  -------------------------------------------------------------------    -------------------
                         FDCE (Prop_FDCE_C_Q)         0.090     0.210 f  refill_top_remaining_q_reg[1]/Q
                         net (fo=11, unplaced)        0.288     0.498    i_scheduler_core/reg_rsp_o[rdata][4][1]
                         LUT6 (Prop_LUT6_I1_O)        0.088     0.586 r  i_scheduler_core/refill_top_remaining_q[1]_i_5/O
                         net (fo=6, unplaced)         0.167     0.753    i_scheduler_core/refill_top_remaining_q_reg[1]
                         LUT3 (Prop_LUT3_I1_O)        0.082     0.835 f  i_scheduler_core/refill_top_remaining_q[0]_i_2/O
                         net (fo=9, unplaced)         0.176     1.011    i_scheduler_core/refill_top_remaining_q_reg[0]
                         LUT2 (Prop_LUT2_I1_O)        0.082     1.093 f  i_scheduler_core/hot_q[8][eid][5]_i_42/O
                         net (fo=7, unplaced)         0.170     1.263    i_scheduler_core/hot_q[8][eid][5]_i_42_n_0
                         LUT4 (Prop_LUT4_I3_O)        0.082     1.345 r  i_scheduler_core/hot_q[8][eid][5]_i_27/O
                         net (fo=14, unplaced)        0.169     1.514    i_scheduler_core/hot_q[8][eid][5]_i_27_n_0
                         LUT4 (Prop_LUT4_I0_O)        0.096     1.610 r  i_scheduler_core/cold_q[0][valid]_i_8/O
                         net (fo=27, unplaced)        0.201     1.811    i_scheduler_core/cold_q[0][valid]_i_8_n_0
                         LUT2 (Prop_LUT2_I1_O)        0.051     1.862 r  i_scheduler_core/cold_q[1][eid][5]_i_24/O
                         net (fo=11, unplaced)        0.180     2.042    i_scheduler_core/cold_q[1][eid][5]_i_24_n_0
                         LUT2 (Prop_LUT2_I1_O)        0.051     2.093 r  i_scheduler_core/cold_count_q[1]_i_10/O
                         net (fo=11, unplaced)        0.245     2.338    i_scheduler_core/cold_count_q[1]_i_10_n_0
                         LUT6 (Prop_LUT6_I1_O)        0.088     2.426 r  i_scheduler_core/cold_count_q[2]_i_26/O
                         net (fo=24, unplaced)        0.181     2.607    i_scheduler_core/cold_count_q[2]_i_26_n_0
                         LUT4 (Prop_LUT4_I0_O)        0.096     2.703 f  i_scheduler_core/hot_q[0][eid][3]_i_11/O
                         net (fo=19, unplaced)        0.193     2.896    i_scheduler_core/hot_q[0][eid][3]_i_11_n_0
                         LUT2 (Prop_LUT2_I1_O)        0.051     2.947 r  i_scheduler_core/cold_q[1][eid][5]_i_32/O
                         net (fo=7, unplaced)         0.170     3.117    i_scheduler_core/cold_q[1][eid][5]_i_32_n_0
                         LUT5 (Prop_LUT5_I4_O)        0.082     3.199 r  i_scheduler_core/hot_q[8][eid][5]_i_56/O
                         net (fo=2, unplaced)         0.145     3.344    i_scheduler_core/hot_q[8][eid][5]_i_56_n_0
                         LUT3 (Prop_LUT3_I1_O)        0.051     3.395 f  i_scheduler_core/hot_q[8][eid][5]_i_46/O
                         net (fo=11, unplaced)        0.245     3.640    i_scheduler_core/hot_q[8][eid][5]_i_46_n_0
                         LUT6 (Prop_LUT6_I1_O)        0.088     3.728 r  i_scheduler_core/cold_q[4][eid][5]_i_30/O
                         net (fo=51, unplaced)        0.198     3.926    i_scheduler_core/cold_q[4][eid][5]_i_30_n_0
                         LUT4 (Prop_LUT4_I0_O)        0.096     4.022 r  i_scheduler_core/hot_count_q[1]_i_23/O
                         net (fo=27, unplaced)        0.201     4.223    i_scheduler_core/hot_count_q[1]_i_23_n_0
                         LUT3 (Prop_LUT3_I2_O)        0.082     4.305 f  i_scheduler_core/cold_q[4][eid][5]_i_29/O
                         net (fo=3, unplaced)         0.151     4.456    i_scheduler_core/cold_q[4][eid][5]_i_29_n_0
                         LUT3 (Prop_LUT3_I2_O)        0.082     4.538 r  i_scheduler_core/cold_q[4][eid][5]_i_24/O
                         net (fo=3, unplaced)         0.216     4.754    i_scheduler_core/cold_q[4][eid][5]_i_24_n_0
                         LUT6 (Prop_LUT6_I1_O)        0.088     4.842 f  i_scheduler_core/cold_q[4][eid][5]_i_26/O
                         net (fo=3, unplaced)         0.216     5.058    i_scheduler_core/cold_q[4][eid][5]_i_26_n_0
                         LUT6 (Prop_LUT6_I2_O)        0.088     5.146 f  i_scheduler_core/hot_q[8][eid][5]_i_44/O
                         net (fo=8, unplaced)         0.238     5.384    i_scheduler_core/hot_q[8][eid][5]_i_44_n_0
                         LUT6 (Prop_LUT6_I1_O)        0.088     5.472 r  i_scheduler_core/cold_q[2][eid][5]_i_28/O
                         net (fo=7, unplaced)         0.153     5.625    i_scheduler_core/cold_q[2][eid][5]_i_28_n_0
                         LUT6 (Prop_LUT6_I0_O)        0.074     5.699 r  i_scheduler_core/cold_q[2][eid][5]_i_24/O
                         net (fo=36, unplaced)        0.272     5.971    i_scheduler_core/cold_q[2][eid][5]_i_24_n_0
                         LUT6 (Prop_LUT6_I2_O)        0.088     6.059 r  i_scheduler_core/hot_count_q[1]_i_13/O
                         net (fo=3, unplaced)         0.134     6.193    i_scheduler_core/hot_count_q[1]_i_13_n_0
                         LUT3 (Prop_LUT3_I0_O)        0.074     6.267 r  i_scheduler_core/hot_count_q[1]_i_7/O
                         net (fo=6, unplaced)         0.232     6.499    i_scheduler_core/hot_count_q[1]_i_7_n_0
                         LUT6 (Prop_LUT6_I1_O)        0.088     6.587 r  i_scheduler_core/cold_count_q[1]_i_14/O
                         net (fo=14, unplaced)        0.169     6.756    i_scheduler_core/cold_count_q[1]_i_14_n_0
                         LUT5 (Prop_LUT5_I1_O)        0.096     6.852 f  i_scheduler_core/hot_q[5][eid][5]_i_15/O
                         net (fo=17, unplaced)        0.255     7.107    i_scheduler_core/hot_q[5][eid][5]_i_15_n_0
                         LUT6 (Prop_LUT6_I2_O)        0.088     7.195 f  i_scheduler_core/hot_q[5][eid][5]_i_5/O
                         net (fo=1, unplaced)         0.210     7.405    i_scheduler_core/hot_q[5][eid][5]_i_5_n_0
                         LUT6 (Prop_LUT6_I2_O)        0.088     7.493 r  i_scheduler_core/hot_q[5][eid][5]_i_1/O
                         net (fo=16, unplaced)        0.247     7.740    i_scheduler_core_n_82
                         FDCE                                         r  hot_q_reg[5][ntok][5]/CE
  -------------------------------------------------------------------    -------------------

                         (clock scheduler_clk rise edge)
                                                     25.000    25.000 r  
                                                      0.000    25.000 r  clk_i (IN)
                         net (fo=1740, unset)         0.080    25.080    clk_i
                         FDCE                                         r  hot_q_reg[5][ntok][5]/C
                         clock pessimism              0.000    25.080    
                         clock uncertainty           -0.300    24.780    
                         FDCE (Setup_FDCE_C_CE)      -0.087    24.693    hot_q_reg[5][ntok][5]
  -------------------------------------------------------------------
                         required time                         24.693    
                         arrival time                          -7.740    
  -------------------------------------------------------------------
                         slack                                 16.953    

Slack (MET) :             16.953ns  (required time - arrival time)
  Source:                 refill_top_remaining_q_reg[1]/C
                            (rising edge-triggered cell FDCE clocked by scheduler_clk  {rise@0.000ns fall@12.500ns period=25.000ns})
  Destination:            hot_q_reg[5][ntok][6]/CE
                            (rising edge-triggered cell FDCE clocked by scheduler_clk  {rise@0.000ns fall@12.500ns period=25.000ns})
  Path Group:             scheduler_clk
  Path Type:              Setup (Max at Slow Process Corner)
  Requirement:            25.000ns  (scheduler_clk rise@25.000ns - scheduler_clk rise@0.000ns)
  Data Path Delay:        7.620ns  (logic 2.198ns (28.845%)  route 5.422ns (71.155%))
  Logic Levels:           26  (LUT2=4 LUT3=5 LUT4=4 LUT5=2 LUT6=11)
  Clock Path Skew:        -0.040ns (DCD - SCD + CPR)
    Destination Clock Delay (DCD):    0.080ns = ( 25.080 - 25.000 ) 
    Source Clock Delay      (SCD):    0.120ns
    Clock Pessimism Removal (CPR):    0.000ns
  Clock Uncertainty:      0.300ns  (CJ)/2 + PE + PJ
    Clock Jitter             (CJ):    0.600ns
    Phase Error              (PE):    0.000ns
    Phase Jitter             (PJ):    0.000ns

    Location             Delay type                Incr(ns)  Path(ns)    Netlist Resource(s)
  -------------------------------------------------------------------    -------------------
                         (clock scheduler_clk rise edge)
                                                      0.000     0.000 r  
                                                      0.000     0.000 r  clk_i (IN)
                         net (fo=1740, unset)         0.120     0.120    clk_i
                         FDCE                                         r  refill_top_remaining_q_reg[1]/C
  -------------------------------------------------------------------    -------------------
                         FDCE (Prop_FDCE_C_Q)         0.090     0.210 f  refill_top_remaining_q_reg[1]/Q
                         net (fo=11, unplaced)        0.288     0.498    i_scheduler_core/reg_rsp_o[rdata][4][1]
                         LUT6 (Prop_LUT6_I1_O)        0.088     0.586 r  i_scheduler_core/refill_top_remaining_q[1]_i_5/O
                         net (fo=6, unplaced)         0.167     0.753    i_scheduler_core/refill_top_remaining_q_reg[1]
                         LUT3 (Prop_LUT3_I1_O)        0.082     0.835 f  i_scheduler_core/refill_top_remaining_q[0]_i_2/O
                         net (fo=9, unplaced)         0.176     1.011    i_scheduler_core/refill_top_remaining_q_reg[0]
                         LUT2 (Prop_LUT2_I1_O)        0.082     1.093 f  i_scheduler_core/hot_q[8][eid][5]_i_42/O
                         net (fo=7, unplaced)         0.170     1.263    i_scheduler_core/hot_q[8][eid][5]_i_42_n_0
                         LUT4 (Prop_LUT4_I3_O)        0.082     1.345 r  i_scheduler_core/hot_q[8][eid][5]_i_27/O
                         net (fo=14, unplaced)        0.169     1.514    i_scheduler_core/hot_q[8][eid][5]_i_27_n_0
                         LUT4 (Prop_LUT4_I0_O)        0.096     1.610 r  i_scheduler_core/cold_q[0][valid]_i_8/O
                         net (fo=27, unplaced)        0.201     1.811    i_scheduler_core/cold_q[0][valid]_i_8_n_0
                         LUT2 (Prop_LUT2_I1_O)        0.051     1.862 r  i_scheduler_core/cold_q[1][eid][5]_i_24/O
                         net (fo=11, unplaced)        0.180     2.042    i_scheduler_core/cold_q[1][eid][5]_i_24_n_0
                         LUT2 (Prop_LUT2_I1_O)        0.051     2.093 r  i_scheduler_core/cold_count_q[1]_i_10/O
                         net (fo=11, unplaced)        0.245     2.338    i_scheduler_core/cold_count_q[1]_i_10_n_0
                         LUT6 (Prop_LUT6_I1_O)        0.088     2.426 r  i_scheduler_core/cold_count_q[2]_i_26/O
                         net (fo=24, unplaced)        0.181     2.607    i_scheduler_core/cold_count_q[2]_i_26_n_0
                         LUT4 (Prop_LUT4_I0_O)        0.096     2.703 f  i_scheduler_core/hot_q[0][eid][3]_i_11/O
                         net (fo=19, unplaced)        0.193     2.896    i_scheduler_core/hot_q[0][eid][3]_i_11_n_0
                         LUT2 (Prop_LUT2_I1_O)        0.051     2.947 r  i_scheduler_core/cold_q[1][eid][5]_i_32/O
                         net (fo=7, unplaced)         0.170     3.117    i_scheduler_core/cold_q[1][eid][5]_i_32_n_0
                         LUT5 (Prop_LUT5_I4_O)        0.082     3.199 r  i_scheduler_core/hot_q[8][eid][5]_i_56/O
                         net (fo=2, unplaced)         0.145     3.344    i_scheduler_core/hot_q[8][eid][5]_i_56_n_0
                         LUT3 (Prop_LUT3_I1_O)        0.051     3.395 f  i_scheduler_core/hot_q[8][eid][5]_i_46/O
                         net (fo=11, unplaced)        0.245     3.640    i_scheduler_core/hot_q[8][eid][5]_i_46_n_0
                         LUT6 (Prop_LUT6_I1_O)        0.088     3.728 r  i_scheduler_core/cold_q[4][eid][5]_i_30/O
                         net (fo=51, unplaced)        0.198     3.926    i_scheduler_core/cold_q[4][eid][5]_i_30_n_0
                         LUT4 (Prop_LUT4_I0_O)        0.096     4.022 r  i_scheduler_core/hot_count_q[1]_i_23/O
                         net (fo=27, unplaced)        0.201     4.223    i_scheduler_core/hot_count_q[1]_i_23_n_0
                         LUT3 (Prop_LUT3_I2_O)        0.082     4.305 f  i_scheduler_core/cold_q[4][eid][5]_i_29/O
                         net (fo=3, unplaced)         0.151     4.456    i_scheduler_core/cold_q[4][eid][5]_i_29_n_0
                         LUT3 (Prop_LUT3_I2_O)        0.082     4.538 r  i_scheduler_core/cold_q[4][eid][5]_i_24/O
                         net (fo=3, unplaced)         0.216     4.754    i_scheduler_core/cold_q[4][eid][5]_i_24_n_0
                         LUT6 (Prop_LUT6_I1_O)        0.088     4.842 f  i_scheduler_core/cold_q[4][eid][5]_i_26/O
                         net (fo=3, unplaced)         0.216     5.058    i_scheduler_core/cold_q[4][eid][5]_i_26_n_0
                         LUT6 (Prop_LUT6_I2_O)        0.088     5.146 f  i_scheduler_core/hot_q[8][eid][5]_i_44/O
                         net (fo=8, unplaced)         0.238     5.384    i_scheduler_core/hot_q[8][eid][5]_i_44_n_0
                         LUT6 (Prop_LUT6_I1_O)        0.088     5.472 r  i_scheduler_core/cold_q[2][eid][5]_i_28/O
                         net (fo=7, unplaced)         0.153     5.625    i_scheduler_core/cold_q[2][eid][5]_i_28_n_0
                         LUT6 (Prop_LUT6_I0_O)        0.074     5.699 r  i_scheduler_core/cold_q[2][eid][5]_i_24/O
                         net (fo=36, unplaced)        0.272     5.971    i_scheduler_core/cold_q[2][eid][5]_i_24_n_0
                         LUT6 (Prop_LUT6_I2_O)        0.088     6.059 r  i_scheduler_core/hot_count_q[1]_i_13/O
                         net (fo=3, unplaced)         0.134     6.193    i_scheduler_core/hot_count_q[1]_i_13_n_0
                         LUT3 (Prop_LUT3_I0_O)        0.074     6.267 r  i_scheduler_core/hot_count_q[1]_i_7/O
                         net (fo=6, unplaced)         0.232     6.499    i_scheduler_core/hot_count_q[1]_i_7_n_0
                         LUT6 (Prop_LUT6_I1_O)        0.088     6.587 r  i_scheduler_core/cold_count_q[1]_i_14/O
                         net (fo=14, unplaced)        0.169     6.756    i_scheduler_core/cold_count_q[1]_i_14_n_0
                         LUT5 (Prop_LUT5_I1_O)        0.096     6.852 f  i_scheduler_core/hot_q[5][eid][5]_i_15/O
                         net (fo=17, unplaced)        0.255     7.107    i_scheduler_core/hot_q[5][eid][5]_i_15_n_0
                         LUT6 (Prop_LUT6_I2_O)        0.088     7.195 f  i_scheduler_core/hot_q[5][eid][5]_i_5/O
                         net (fo=1, unplaced)         0.210     7.405    i_scheduler_core/hot_q[5][eid][5]_i_5_n_0
                         LUT6 (Prop_LUT6_I2_O)        0.088     7.493 r  i_scheduler_core/hot_q[5][eid][5]_i_1/O
                         net (fo=16, unplaced)        0.247     7.740    i_scheduler_core_n_82
                         FDCE                                         r  hot_q_reg[5][ntok][6]/CE
  -------------------------------------------------------------------    -------------------

                         (clock scheduler_clk rise edge)
                                                     25.000    25.000 r  
                                                      0.000    25.000 r  clk_i (IN)
                         net (fo=1740, unset)         0.080    25.080    clk_i
                         FDCE                                         r  hot_q_reg[5][ntok][6]/C
                         clock pessimism              0.000    25.080    
                         clock uncertainty           -0.300    24.780    
                         FDCE (Setup_FDCE_C_CE)      -0.087    24.693    hot_q_reg[5][ntok][6]
  -------------------------------------------------------------------
                         required time                         24.693    
                         arrival time                          -7.740    
  -------------------------------------------------------------------
                         slack                                 16.953    

Slack (MET) :             16.953ns  (required time - arrival time)
  Source:                 refill_top_remaining_q_reg[1]/C
                            (rising edge-triggered cell FDCE clocked by scheduler_clk  {rise@0.000ns fall@12.500ns period=25.000ns})
  Destination:            hot_q_reg[5][ntok][7]/CE
                            (rising edge-triggered cell FDCE clocked by scheduler_clk  {rise@0.000ns fall@12.500ns period=25.000ns})
  Path Group:             scheduler_clk
  Path Type:              Setup (Max at Slow Process Corner)
  Requirement:            25.000ns  (scheduler_clk rise@25.000ns - scheduler_clk rise@0.000ns)
  Data Path Delay:        7.620ns  (logic 2.198ns (28.845%)  route 5.422ns (71.155%))
  Logic Levels:           26  (LUT2=4 LUT3=5 LUT4=4 LUT5=2 LUT6=11)
  Clock Path Skew:        -0.040ns (DCD - SCD + CPR)
    Destination Clock Delay (DCD):    0.080ns = ( 25.080 - 25.000 ) 
    Source Clock Delay      (SCD):    0.120ns
    Clock Pessimism Removal (CPR):    0.000ns
  Clock Uncertainty:      0.300ns  (CJ)/2 + PE + PJ
    Clock Jitter             (CJ):    0.600ns
    Phase Error              (PE):    0.000ns
    Phase Jitter             (PJ):    0.000ns

    Location             Delay type                Incr(ns)  Path(ns)    Netlist Resource(s)
  -------------------------------------------------------------------    -------------------
                         (clock scheduler_clk rise edge)
                                                      0.000     0.000 r  
                                                      0.000     0.000 r  clk_i (IN)
                         net (fo=1740, unset)         0.120     0.120    clk_i
                         FDCE                                         r  refill_top_remaining_q_reg[1]/C
  -------------------------------------------------------------------    -------------------
                         FDCE (Prop_FDCE_C_Q)         0.090     0.210 f  refill_top_remaining_q_reg[1]/Q
                         net (fo=11, unplaced)        0.288     0.498    i_scheduler_core/reg_rsp_o[rdata][4][1]
                         LUT6 (Prop_LUT6_I1_O)        0.088     0.586 r  i_scheduler_core/refill_top_remaining_q[1]_i_5/O
                         net (fo=6, unplaced)         0.167     0.753    i_scheduler_core/refill_top_remaining_q_reg[1]
                         LUT3 (Prop_LUT3_I1_O)        0.082     0.835 f  i_scheduler_core/refill_top_remaining_q[0]_i_2/O
                         net (fo=9, unplaced)         0.176     1.011    i_scheduler_core/refill_top_remaining_q_reg[0]
                         LUT2 (Prop_LUT2_I1_O)        0.082     1.093 f  i_scheduler_core/hot_q[8][eid][5]_i_42/O
                         net (fo=7, unplaced)         0.170     1.263    i_scheduler_core/hot_q[8][eid][5]_i_42_n_0
                         LUT4 (Prop_LUT4_I3_O)        0.082     1.345 r  i_scheduler_core/hot_q[8][eid][5]_i_27/O
                         net (fo=14, unplaced)        0.169     1.514    i_scheduler_core/hot_q[8][eid][5]_i_27_n_0
                         LUT4 (Prop_LUT4_I0_O)        0.096     1.610 r  i_scheduler_core/cold_q[0][valid]_i_8/O
                         net (fo=27, unplaced)        0.201     1.811    i_scheduler_core/cold_q[0][valid]_i_8_n_0
                         LUT2 (Prop_LUT2_I1_O)        0.051     1.862 r  i_scheduler_core/cold_q[1][eid][5]_i_24/O
                         net (fo=11, unplaced)        0.180     2.042    i_scheduler_core/cold_q[1][eid][5]_i_24_n_0
                         LUT2 (Prop_LUT2_I1_O)        0.051     2.093 r  i_scheduler_core/cold_count_q[1]_i_10/O
                         net (fo=11, unplaced)        0.245     2.338    i_scheduler_core/cold_count_q[1]_i_10_n_0
                         LUT6 (Prop_LUT6_I1_O)        0.088     2.426 r  i_scheduler_core/cold_count_q[2]_i_26/O
                         net (fo=24, unplaced)        0.181     2.607    i_scheduler_core/cold_count_q[2]_i_26_n_0
                         LUT4 (Prop_LUT4_I0_O)        0.096     2.703 f  i_scheduler_core/hot_q[0][eid][3]_i_11/O
                         net (fo=19, unplaced)        0.193     2.896    i_scheduler_core/hot_q[0][eid][3]_i_11_n_0
                         LUT2 (Prop_LUT2_I1_O)        0.051     2.947 r  i_scheduler_core/cold_q[1][eid][5]_i_32/O
                         net (fo=7, unplaced)         0.170     3.117    i_scheduler_core/cold_q[1][eid][5]_i_32_n_0
                         LUT5 (Prop_LUT5_I4_O)        0.082     3.199 r  i_scheduler_core/hot_q[8][eid][5]_i_56/O
                         net (fo=2, unplaced)         0.145     3.344    i_scheduler_core/hot_q[8][eid][5]_i_56_n_0
                         LUT3 (Prop_LUT3_I1_O)        0.051     3.395 f  i_scheduler_core/hot_q[8][eid][5]_i_46/O
                         net (fo=11, unplaced)        0.245     3.640    i_scheduler_core/hot_q[8][eid][5]_i_46_n_0
                         LUT6 (Prop_LUT6_I1_O)        0.088     3.728 r  i_scheduler_core/cold_q[4][eid][5]_i_30/O
                         net (fo=51, unplaced)        0.198     3.926    i_scheduler_core/cold_q[4][eid][5]_i_30_n_0
                         LUT4 (Prop_LUT4_I0_O)        0.096     4.022 r  i_scheduler_core/hot_count_q[1]_i_23/O
                         net (fo=27, unplaced)        0.201     4.223    i_scheduler_core/hot_count_q[1]_i_23_n_0
                         LUT3 (Prop_LUT3_I2_O)        0.082     4.305 f  i_scheduler_core/cold_q[4][eid][5]_i_29/O
                         net (fo=3, unplaced)         0.151     4.456    i_scheduler_core/cold_q[4][eid][5]_i_29_n_0
                         LUT3 (Prop_LUT3_I2_O)        0.082     4.538 r  i_scheduler_core/cold_q[4][eid][5]_i_24/O
                         net (fo=3, unplaced)         0.216     4.754    i_scheduler_core/cold_q[4][eid][5]_i_24_n_0
                         LUT6 (Prop_LUT6_I1_O)        0.088     4.842 f  i_scheduler_core/cold_q[4][eid][5]_i_26/O
                         net (fo=3, unplaced)         0.216     5.058    i_scheduler_core/cold_q[4][eid][5]_i_26_n_0
                         LUT6 (Prop_LUT6_I2_O)        0.088     5.146 f  i_scheduler_core/hot_q[8][eid][5]_i_44/O
                         net (fo=8, unplaced)         0.238     5.384    i_scheduler_core/hot_q[8][eid][5]_i_44_n_0
                         LUT6 (Prop_LUT6_I1_O)        0.088     5.472 r  i_scheduler_core/cold_q[2][eid][5]_i_28/O
                         net (fo=7, unplaced)         0.153     5.625    i_scheduler_core/cold_q[2][eid][5]_i_28_n_0
                         LUT6 (Prop_LUT6_I0_O)        0.074     5.699 r  i_scheduler_core/cold_q[2][eid][5]_i_24/O
                         net (fo=36, unplaced)        0.272     5.971    i_scheduler_core/cold_q[2][eid][5]_i_24_n_0
                         LUT6 (Prop_LUT6_I2_O)        0.088     6.059 r  i_scheduler_core/hot_count_q[1]_i_13/O
                         net (fo=3, unplaced)         0.134     6.193    i_scheduler_core/hot_count_q[1]_i_13_n_0
                         LUT3 (Prop_LUT3_I0_O)        0.074     6.267 r  i_scheduler_core/hot_count_q[1]_i_7/O
                         net (fo=6, unplaced)         0.232     6.499    i_scheduler_core/hot_count_q[1]_i_7_n_0
                         LUT6 (Prop_LUT6_I1_O)        0.088     6.587 r  i_scheduler_core/cold_count_q[1]_i_14/O
                         net (fo=14, unplaced)        0.169     6.756    i_scheduler_core/cold_count_q[1]_i_14_n_0
                         LUT5 (Prop_LUT5_I1_O)        0.096     6.852 f  i_scheduler_core/hot_q[5][eid][5]_i_15/O
                         net (fo=17, unplaced)        0.255     7.107    i_scheduler_core/hot_q[5][eid][5]_i_15_n_0
                         LUT6 (Prop_LUT6_I2_O)        0.088     7.195 f  i_scheduler_core/hot_q[5][eid][5]_i_5/O
                         net (fo=1, unplaced)         0.210     7.405    i_scheduler_core/hot_q[5][eid][5]_i_5_n_0
                         LUT6 (Prop_LUT6_I2_O)        0.088     7.493 r  i_scheduler_core/hot_q[5][eid][5]_i_1/O
                         net (fo=16, unplaced)        0.247     7.740    i_scheduler_core_n_82
                         FDCE                                         r  hot_q_reg[5][ntok][7]/CE
  -------------------------------------------------------------------    -------------------

                         (clock scheduler_clk rise edge)
                                                     25.000    25.000 r  
                                                      0.000    25.000 r  clk_i (IN)
                         net (fo=1740, unset)         0.080    25.080    clk_i
                         FDCE                                         r  hot_q_reg[5][ntok][7]/C
                         clock pessimism              0.000    25.080    
                         clock uncertainty           -0.300    24.780    
                         FDCE (Setup_FDCE_C_CE)      -0.087    24.693    hot_q_reg[5][ntok][7]
  -------------------------------------------------------------------
                         required time                         24.693    
                         arrival time                          -7.740    
  -------------------------------------------------------------------
                         slack                                 16.953    

Slack (MET) :             16.953ns  (required time - arrival time)
  Source:                 refill_top_remaining_q_reg[1]/C
                            (rising edge-triggered cell FDCE clocked by scheduler_clk  {rise@0.000ns fall@12.500ns period=25.000ns})
  Destination:            hot_q_reg[5][ntok][8]/CE
                            (rising edge-triggered cell FDCE clocked by scheduler_clk  {rise@0.000ns fall@12.500ns period=25.000ns})
  Path Group:             scheduler_clk
  Path Type:              Setup (Max at Slow Process Corner)
  Requirement:            25.000ns  (scheduler_clk rise@25.000ns - scheduler_clk rise@0.000ns)
  Data Path Delay:        7.620ns  (logic 2.198ns (28.845%)  route 5.422ns (71.155%))
  Logic Levels:           26  (LUT2=4 LUT3=5 LUT4=4 LUT5=2 LUT6=11)
  Clock Path Skew:        -0.040ns (DCD - SCD + CPR)
    Destination Clock Delay (DCD):    0.080ns = ( 25.080 - 25.000 ) 
    Source Clock Delay      (SCD):    0.120ns
    Clock Pessimism Removal (CPR):    0.000ns
  Clock Uncertainty:      0.300ns  (CJ)/2 + PE + PJ
    Clock Jitter             (CJ):    0.600ns
    Phase Error              (PE):    0.000ns
    Phase Jitter             (PJ):    0.000ns

    Location             Delay type                Incr(ns)  Path(ns)    Netlist Resource(s)
  -------------------------------------------------------------------    -------------------
                         (clock scheduler_clk rise edge)
                                                      0.000     0.000 r  
                                                      0.000     0.000 r  clk_i (IN)
                         net (fo=1740, unset)         0.120     0.120    clk_i
                         FDCE                                         r  refill_top_remaining_q_reg[1]/C
  -------------------------------------------------------------------    -------------------
                         FDCE (Prop_FDCE_C_Q)         0.090     0.210 f  refill_top_remaining_q_reg[1]/Q
                         net (fo=11, unplaced)        0.288     0.498    i_scheduler_core/reg_rsp_o[rdata][4][1]
                         LUT6 (Prop_LUT6_I1_O)        0.088     0.586 r  i_scheduler_core/refill_top_remaining_q[1]_i_5/O
                         net (fo=6, unplaced)         0.167     0.753    i_scheduler_core/refill_top_remaining_q_reg[1]
                         LUT3 (Prop_LUT3_I1_O)        0.082     0.835 f  i_scheduler_core/refill_top_remaining_q[0]_i_2/O
                         net (fo=9, unplaced)         0.176     1.011    i_scheduler_core/refill_top_remaining_q_reg[0]
                         LUT2 (Prop_LUT2_I1_O)        0.082     1.093 f  i_scheduler_core/hot_q[8][eid][5]_i_42/O
                         net (fo=7, unplaced)         0.170     1.263    i_scheduler_core/hot_q[8][eid][5]_i_42_n_0
                         LUT4 (Prop_LUT4_I3_O)        0.082     1.345 r  i_scheduler_core/hot_q[8][eid][5]_i_27/O
                         net (fo=14, unplaced)        0.169     1.514    i_scheduler_core/hot_q[8][eid][5]_i_27_n_0
                         LUT4 (Prop_LUT4_I0_O)        0.096     1.610 r  i_scheduler_core/cold_q[0][valid]_i_8/O
                         net (fo=27, unplaced)        0.201     1.811    i_scheduler_core/cold_q[0][valid]_i_8_n_0
                         LUT2 (Prop_LUT2_I1_O)        0.051     1.862 r  i_scheduler_core/cold_q[1][eid][5]_i_24/O
                         net (fo=11, unplaced)        0.180     2.042    i_scheduler_core/cold_q[1][eid][5]_i_24_n_0
                         LUT2 (Prop_LUT2_I1_O)        0.051     2.093 r  i_scheduler_core/cold_count_q[1]_i_10/O
                         net (fo=11, unplaced)        0.245     2.338    i_scheduler_core/cold_count_q[1]_i_10_n_0
                         LUT6 (Prop_LUT6_I1_O)        0.088     2.426 r  i_scheduler_core/cold_count_q[2]_i_26/O
                         net (fo=24, unplaced)        0.181     2.607    i_scheduler_core/cold_count_q[2]_i_26_n_0
                         LUT4 (Prop_LUT4_I0_O)        0.096     2.703 f  i_scheduler_core/hot_q[0][eid][3]_i_11/O
                         net (fo=19, unplaced)        0.193     2.896    i_scheduler_core/hot_q[0][eid][3]_i_11_n_0
                         LUT2 (Prop_LUT2_I1_O)        0.051     2.947 r  i_scheduler_core/cold_q[1][eid][5]_i_32/O
                         net (fo=7, unplaced)         0.170     3.117    i_scheduler_core/cold_q[1][eid][5]_i_32_n_0
                         LUT5 (Prop_LUT5_I4_O)        0.082     3.199 r  i_scheduler_core/hot_q[8][eid][5]_i_56/O
                         net (fo=2, unplaced)         0.145     3.344    i_scheduler_core/hot_q[8][eid][5]_i_56_n_0
                         LUT3 (Prop_LUT3_I1_O)        0.051     3.395 f  i_scheduler_core/hot_q[8][eid][5]_i_46/O
                         net (fo=11, unplaced)        0.245     3.640    i_scheduler_core/hot_q[8][eid][5]_i_46_n_0
                         LUT6 (Prop_LUT6_I1_O)        0.088     3.728 r  i_scheduler_core/cold_q[4][eid][5]_i_30/O
                         net (fo=51, unplaced)        0.198     3.926    i_scheduler_core/cold_q[4][eid][5]_i_30_n_0
                         LUT4 (Prop_LUT4_I0_O)        0.096     4.022 r  i_scheduler_core/hot_count_q[1]_i_23/O
                         net (fo=27, unplaced)        0.201     4.223    i_scheduler_core/hot_count_q[1]_i_23_n_0
                         LUT3 (Prop_LUT3_I2_O)        0.082     4.305 f  i_scheduler_core/cold_q[4][eid][5]_i_29/O
                         net (fo=3, unplaced)         0.151     4.456    i_scheduler_core/cold_q[4][eid][5]_i_29_n_0
                         LUT3 (Prop_LUT3_I2_O)        0.082     4.538 r  i_scheduler_core/cold_q[4][eid][5]_i_24/O
                         net (fo=3, unplaced)         0.216     4.754    i_scheduler_core/cold_q[4][eid][5]_i_24_n_0
                         LUT6 (Prop_LUT6_I1_O)        0.088     4.842 f  i_scheduler_core/cold_q[4][eid][5]_i_26/O
                         net (fo=3, unplaced)         0.216     5.058    i_scheduler_core/cold_q[4][eid][5]_i_26_n_0
                         LUT6 (Prop_LUT6_I2_O)        0.088     5.146 f  i_scheduler_core/hot_q[8][eid][5]_i_44/O
                         net (fo=8, unplaced)         0.238     5.384    i_scheduler_core/hot_q[8][eid][5]_i_44_n_0
                         LUT6 (Prop_LUT6_I1_O)        0.088     5.472 r  i_scheduler_core/cold_q[2][eid][5]_i_28/O
                         net (fo=7, unplaced)         0.153     5.625    i_scheduler_core/cold_q[2][eid][5]_i_28_n_0
                         LUT6 (Prop_LUT6_I0_O)        0.074     5.699 r  i_scheduler_core/cold_q[2][eid][5]_i_24/O
                         net (fo=36, unplaced)        0.272     5.971    i_scheduler_core/cold_q[2][eid][5]_i_24_n_0
                         LUT6 (Prop_LUT6_I2_O)        0.088     6.059 r  i_scheduler_core/hot_count_q[1]_i_13/O
                         net (fo=3, unplaced)         0.134     6.193    i_scheduler_core/hot_count_q[1]_i_13_n_0
                         LUT3 (Prop_LUT3_I0_O)        0.074     6.267 r  i_scheduler_core/hot_count_q[1]_i_7/O
                         net (fo=6, unplaced)         0.232     6.499    i_scheduler_core/hot_count_q[1]_i_7_n_0
                         LUT6 (Prop_LUT6_I1_O)        0.088     6.587 r  i_scheduler_core/cold_count_q[1]_i_14/O
                         net (fo=14, unplaced)        0.169     6.756    i_scheduler_core/cold_count_q[1]_i_14_n_0
                         LUT5 (Prop_LUT5_I1_O)        0.096     6.852 f  i_scheduler_core/hot_q[5][eid][5]_i_15/O
                         net (fo=17, unplaced)        0.255     7.107    i_scheduler_core/hot_q[5][eid][5]_i_15_n_0
                         LUT6 (Prop_LUT6_I2_O)        0.088     7.195 f  i_scheduler_core/hot_q[5][eid][5]_i_5/O
                         net (fo=1, unplaced)         0.210     7.405    i_scheduler_core/hot_q[5][eid][5]_i_5_n_0
                         LUT6 (Prop_LUT6_I2_O)        0.088     7.493 r  i_scheduler_core/hot_q[5][eid][5]_i_1/O
                         net (fo=16, unplaced)        0.247     7.740    i_scheduler_core_n_82
                         FDCE                                         r  hot_q_reg[5][ntok][8]/CE
  -------------------------------------------------------------------    -------------------

                         (clock scheduler_clk rise edge)
                                                     25.000    25.000 r  
                                                      0.000    25.000 r  clk_i (IN)
                         net (fo=1740, unset)         0.080    25.080    clk_i
                         FDCE                                         r  hot_q_reg[5][ntok][8]/C
                         clock pessimism              0.000    25.080    
                         clock uncertainty           -0.300    24.780    
                         FDCE (Setup_FDCE_C_CE)      -0.087    24.693    hot_q_reg[5][ntok][8]
  -------------------------------------------------------------------
                         required time                         24.693    
                         arrival time                          -7.740    
  -------------------------------------------------------------------
                         slack                                 16.953    

Slack (MET) :             16.953ns  (required time - arrival time)
  Source:                 refill_top_remaining_q_reg[1]/C
                            (rising edge-triggered cell FDCE clocked by scheduler_clk  {rise@0.000ns fall@12.500ns period=25.000ns})
  Destination:            hot_q_reg[5][valid]/CE
                            (rising edge-triggered cell FDCE clocked by scheduler_clk  {rise@0.000ns fall@12.500ns period=25.000ns})
  Path Group:             scheduler_clk
  Path Type:              Setup (Max at Slow Process Corner)
  Requirement:            25.000ns  (scheduler_clk rise@25.000ns - scheduler_clk rise@0.000ns)
  Data Path Delay:        7.620ns  (logic 2.198ns (28.845%)  route 5.422ns (71.155%))
  Logic Levels:           26  (LUT2=4 LUT3=5 LUT4=4 LUT5=2 LUT6=11)
  Clock Path Skew:        -0.040ns (DCD - SCD + CPR)
    Destination Clock Delay (DCD):    0.080ns = ( 25.080 - 25.000 ) 
    Source Clock Delay      (SCD):    0.120ns
    Clock Pessimism Removal (CPR):    0.000ns
  Clock Uncertainty:      0.300ns  (CJ)/2 + PE + PJ
    Clock Jitter             (CJ):    0.600ns
    Phase Error              (PE):    0.000ns
    Phase Jitter             (PJ):    0.000ns

    Location             Delay type                Incr(ns)  Path(ns)    Netlist Resource(s)
  -------------------------------------------------------------------    -------------------
                         (clock scheduler_clk rise edge)
                                                      0.000     0.000 r  
                                                      0.000     0.000 r  clk_i (IN)
                         net (fo=1740, unset)         0.120     0.120    clk_i
                         FDCE                                         r  refill_top_remaining_q_reg[1]/C
  -------------------------------------------------------------------    -------------------
                         FDCE (Prop_FDCE_C_Q)         0.090     0.210 f  refill_top_remaining_q_reg[1]/Q
                         net (fo=11, unplaced)        0.288     0.498    i_scheduler_core/reg_rsp_o[rdata][4][1]
                         LUT6 (Prop_LUT6_I1_O)        0.088     0.586 r  i_scheduler_core/refill_top_remaining_q[1]_i_5/O
                         net (fo=6, unplaced)         0.167     0.753    i_scheduler_core/refill_top_remaining_q_reg[1]
                         LUT3 (Prop_LUT3_I1_O)        0.082     0.835 f  i_scheduler_core/refill_top_remaining_q[0]_i_2/O
                         net (fo=9, unplaced)         0.176     1.011    i_scheduler_core/refill_top_remaining_q_reg[0]
                         LUT2 (Prop_LUT2_I1_O)        0.082     1.093 f  i_scheduler_core/hot_q[8][eid][5]_i_42/O
                         net (fo=7, unplaced)         0.170     1.263    i_scheduler_core/hot_q[8][eid][5]_i_42_n_0
                         LUT4 (Prop_LUT4_I3_O)        0.082     1.345 r  i_scheduler_core/hot_q[8][eid][5]_i_27/O
                         net (fo=14, unplaced)        0.169     1.514    i_scheduler_core/hot_q[8][eid][5]_i_27_n_0
                         LUT4 (Prop_LUT4_I0_O)        0.096     1.610 r  i_scheduler_core/cold_q[0][valid]_i_8/O
                         net (fo=27, unplaced)        0.201     1.811    i_scheduler_core/cold_q[0][valid]_i_8_n_0
                         LUT2 (Prop_LUT2_I1_O)        0.051     1.862 r  i_scheduler_core/cold_q[1][eid][5]_i_24/O
                         net (fo=11, unplaced)        0.180     2.042    i_scheduler_core/cold_q[1][eid][5]_i_24_n_0
                         LUT2 (Prop_LUT2_I1_O)        0.051     2.093 r  i_scheduler_core/cold_count_q[1]_i_10/O
                         net (fo=11, unplaced)        0.245     2.338    i_scheduler_core/cold_count_q[1]_i_10_n_0
                         LUT6 (Prop_LUT6_I1_O)        0.088     2.426 r  i_scheduler_core/cold_count_q[2]_i_26/O
                         net (fo=24, unplaced)        0.181     2.607    i_scheduler_core/cold_count_q[2]_i_26_n_0
                         LUT4 (Prop_LUT4_I0_O)        0.096     2.703 f  i_scheduler_core/hot_q[0][eid][3]_i_11/O
                         net (fo=19, unplaced)        0.193     2.896    i_scheduler_core/hot_q[0][eid][3]_i_11_n_0
                         LUT2 (Prop_LUT2_I1_O)        0.051     2.947 r  i_scheduler_core/cold_q[1][eid][5]_i_32/O
                         net (fo=7, unplaced)         0.170     3.117    i_scheduler_core/cold_q[1][eid][5]_i_32_n_0
                         LUT5 (Prop_LUT5_I4_O)        0.082     3.199 r  i_scheduler_core/hot_q[8][eid][5]_i_56/O
                         net (fo=2, unplaced)         0.145     3.344    i_scheduler_core/hot_q[8][eid][5]_i_56_n_0
                         LUT3 (Prop_LUT3_I1_O)        0.051     3.395 f  i_scheduler_core/hot_q[8][eid][5]_i_46/O
                         net (fo=11, unplaced)        0.245     3.640    i_scheduler_core/hot_q[8][eid][5]_i_46_n_0
                         LUT6 (Prop_LUT6_I1_O)        0.088     3.728 r  i_scheduler_core/cold_q[4][eid][5]_i_30/O
                         net (fo=51, unplaced)        0.198     3.926    i_scheduler_core/cold_q[4][eid][5]_i_30_n_0
                         LUT4 (Prop_LUT4_I0_O)        0.096     4.022 r  i_scheduler_core/hot_count_q[1]_i_23/O
                         net (fo=27, unplaced)        0.201     4.223    i_scheduler_core/hot_count_q[1]_i_23_n_0
                         LUT3 (Prop_LUT3_I2_O)        0.082     4.305 f  i_scheduler_core/cold_q[4][eid][5]_i_29/O
                         net (fo=3, unplaced)         0.151     4.456    i_scheduler_core/cold_q[4][eid][5]_i_29_n_0
                         LUT3 (Prop_LUT3_I2_O)        0.082     4.538 r  i_scheduler_core/cold_q[4][eid][5]_i_24/O
                         net (fo=3, unplaced)         0.216     4.754    i_scheduler_core/cold_q[4][eid][5]_i_24_n_0
                         LUT6 (Prop_LUT6_I1_O)        0.088     4.842 f  i_scheduler_core/cold_q[4][eid][5]_i_26/O
                         net (fo=3, unplaced)         0.216     5.058    i_scheduler_core/cold_q[4][eid][5]_i_26_n_0
                         LUT6 (Prop_LUT6_I2_O)        0.088     5.146 f  i_scheduler_core/hot_q[8][eid][5]_i_44/O
                         net (fo=8, unplaced)         0.238     5.384    i_scheduler_core/hot_q[8][eid][5]_i_44_n_0
                         LUT6 (Prop_LUT6_I1_O)        0.088     5.472 r  i_scheduler_core/cold_q[2][eid][5]_i_28/O
                         net (fo=7, unplaced)         0.153     5.625    i_scheduler_core/cold_q[2][eid][5]_i_28_n_0
                         LUT6 (Prop_LUT6_I0_O)        0.074     5.699 r  i_scheduler_core/cold_q[2][eid][5]_i_24/O
                         net (fo=36, unplaced)        0.272     5.971    i_scheduler_core/cold_q[2][eid][5]_i_24_n_0
                         LUT6 (Prop_LUT6_I2_O)        0.088     6.059 r  i_scheduler_core/hot_count_q[1]_i_13/O
                         net (fo=3, unplaced)         0.134     6.193    i_scheduler_core/hot_count_q[1]_i_13_n_0
                         LUT3 (Prop_LUT3_I0_O)        0.074     6.267 r  i_scheduler_core/hot_count_q[1]_i_7/O
                         net (fo=6, unplaced)         0.232     6.499    i_scheduler_core/hot_count_q[1]_i_7_n_0
                         LUT6 (Prop_LUT6_I1_O)        0.088     6.587 r  i_scheduler_core/cold_count_q[1]_i_14/O
                         net (fo=14, unplaced)        0.169     6.756    i_scheduler_core/cold_count_q[1]_i_14_n_0
                         LUT5 (Prop_LUT5_I1_O)        0.096     6.852 f  i_scheduler_core/hot_q[5][eid][5]_i_15/O
                         net (fo=17, unplaced)        0.255     7.107    i_scheduler_core/hot_q[5][eid][5]_i_15_n_0
                         LUT6 (Prop_LUT6_I2_O)        0.088     7.195 f  i_scheduler_core/hot_q[5][eid][5]_i_5/O
                         net (fo=1, unplaced)         0.210     7.405    i_scheduler_core/hot_q[5][eid][5]_i_5_n_0
                         LUT6 (Prop_LUT6_I2_O)        0.088     7.493 r  i_scheduler_core/hot_q[5][eid][5]_i_1/O
                         net (fo=16, unplaced)        0.247     7.740    i_scheduler_core_n_82
                         FDCE                                         r  hot_q_reg[5][valid]/CE
  -------------------------------------------------------------------    -------------------

                         (clock scheduler_clk rise edge)
                                                     25.000    25.000 r  
                                                      0.000    25.000 r  clk_i (IN)
                         net (fo=1740, unset)         0.080    25.080    clk_i
                         FDCE                                         r  hot_q_reg[5][valid]/C
                         clock pessimism              0.000    25.080    
                         clock uncertainty           -0.300    24.780    
                         FDCE (Setup_FDCE_C_CE)      -0.087    24.693    hot_q_reg[5][valid]
  -------------------------------------------------------------------
                         required time                         24.693    
                         arrival time                          -7.740    
  -------------------------------------------------------------------
                         slack                                 16.953    

Slack (MET) :             16.975ns  (required time - arrival time)
  Source:                 refill_top_remaining_q_reg[1]/C
                            (rising edge-triggered cell FDCE clocked by scheduler_clk  {rise@0.000ns fall@12.500ns period=25.000ns})
  Destination:            hot_q_reg[4][eid][0]/CE
                            (rising edge-triggered cell FDCE clocked by scheduler_clk  {rise@0.000ns fall@12.500ns period=25.000ns})
  Path Group:             scheduler_clk
  Path Type:              Setup (Max at Slow Process Corner)
  Requirement:            25.000ns  (scheduler_clk rise@25.000ns - scheduler_clk rise@0.000ns)
  Data Path Delay:        7.598ns  (logic 2.176ns (28.639%)  route 5.422ns (71.361%))
  Logic Levels:           26  (LUT2=4 LUT3=5 LUT4=4 LUT5=2 LUT6=11)
  Clock Path Skew:        -0.040ns (DCD - SCD + CPR)
    Destination Clock Delay (DCD):    0.080ns = ( 25.080 - 25.000 ) 
    Source Clock Delay      (SCD):    0.120ns
    Clock Pessimism Removal (CPR):    0.000ns
  Clock Uncertainty:      0.300ns  (CJ)/2 + PE + PJ
    Clock Jitter             (CJ):    0.600ns
    Phase Error              (PE):    0.000ns
    Phase Jitter             (PJ):    0.000ns

    Location             Delay type                Incr(ns)  Path(ns)    Netlist Resource(s)
  -------------------------------------------------------------------    -------------------
                         (clock scheduler_clk rise edge)
                                                      0.000     0.000 r  
                                                      0.000     0.000 r  clk_i (IN)
                         net (fo=1740, unset)         0.120     0.120    clk_i
                         FDCE                                         r  refill_top_remaining_q_reg[1]/C
  -------------------------------------------------------------------    -------------------
                         FDCE (Prop_FDCE_C_Q)         0.090     0.210 f  refill_top_remaining_q_reg[1]/Q
                         net (fo=11, unplaced)        0.288     0.498    i_scheduler_core/reg_rsp_o[rdata][4][1]
                         LUT6 (Prop_LUT6_I1_O)        0.088     0.586 r  i_scheduler_core/refill_top_remaining_q[1]_i_5/O
                         net (fo=6, unplaced)         0.167     0.753    i_scheduler_core/refill_top_remaining_q_reg[1]
                         LUT3 (Prop_LUT3_I1_O)        0.082     0.835 f  i_scheduler_core/refill_top_remaining_q[0]_i_2/O
                         net (fo=9, unplaced)         0.176     1.011    i_scheduler_core/refill_top_remaining_q_reg[0]
                         LUT2 (Prop_LUT2_I1_O)        0.082     1.093 f  i_scheduler_core/hot_q[8][eid][5]_i_42/O
                         net (fo=7, unplaced)         0.170     1.263    i_scheduler_core/hot_q[8][eid][5]_i_42_n_0
                         LUT4 (Prop_LUT4_I3_O)        0.082     1.345 r  i_scheduler_core/hot_q[8][eid][5]_i_27/O
                         net (fo=14, unplaced)        0.169     1.514    i_scheduler_core/hot_q[8][eid][5]_i_27_n_0
                         LUT4 (Prop_LUT4_I0_O)        0.096     1.610 r  i_scheduler_core/cold_q[0][valid]_i_8/O
                         net (fo=27, unplaced)        0.201     1.811    i_scheduler_core/cold_q[0][valid]_i_8_n_0
                         LUT2 (Prop_LUT2_I1_O)        0.051     1.862 r  i_scheduler_core/cold_q[1][eid][5]_i_24/O
                         net (fo=11, unplaced)        0.180     2.042    i_scheduler_core/cold_q[1][eid][5]_i_24_n_0
                         LUT2 (Prop_LUT2_I1_O)        0.051     2.093 r  i_scheduler_core/cold_count_q[1]_i_10/O
                         net (fo=11, unplaced)        0.245     2.338    i_scheduler_core/cold_count_q[1]_i_10_n_0
                         LUT6 (Prop_LUT6_I1_O)        0.088     2.426 r  i_scheduler_core/cold_count_q[2]_i_26/O
                         net (fo=24, unplaced)        0.181     2.607    i_scheduler_core/cold_count_q[2]_i_26_n_0
                         LUT4 (Prop_LUT4_I0_O)        0.096     2.703 f  i_scheduler_core/hot_q[0][eid][3]_i_11/O
                         net (fo=19, unplaced)        0.193     2.896    i_scheduler_core/hot_q[0][eid][3]_i_11_n_0
                         LUT2 (Prop_LUT2_I1_O)        0.051     2.947 r  i_scheduler_core/cold_q[1][eid][5]_i_32/O
                         net (fo=7, unplaced)         0.170     3.117    i_scheduler_core/cold_q[1][eid][5]_i_32_n_0
                         LUT5 (Prop_LUT5_I4_O)        0.082     3.199 r  i_scheduler_core/hot_q[8][eid][5]_i_56/O
                         net (fo=2, unplaced)         0.145     3.344    i_scheduler_core/hot_q[8][eid][5]_i_56_n_0
                         LUT3 (Prop_LUT3_I1_O)        0.051     3.395 f  i_scheduler_core/hot_q[8][eid][5]_i_46/O
                         net (fo=11, unplaced)        0.245     3.640    i_scheduler_core/hot_q[8][eid][5]_i_46_n_0
                         LUT6 (Prop_LUT6_I1_O)        0.088     3.728 r  i_scheduler_core/cold_q[4][eid][5]_i_30/O
                         net (fo=51, unplaced)        0.198     3.926    i_scheduler_core/cold_q[4][eid][5]_i_30_n_0
                         LUT4 (Prop_LUT4_I0_O)        0.096     4.022 r  i_scheduler_core/hot_count_q[1]_i_23/O
                         net (fo=27, unplaced)        0.201     4.223    i_scheduler_core/hot_count_q[1]_i_23_n_0
                         LUT3 (Prop_LUT3_I2_O)        0.082     4.305 f  i_scheduler_core/cold_q[4][eid][5]_i_29/O
                         net (fo=3, unplaced)         0.151     4.456    i_scheduler_core/cold_q[4][eid][5]_i_29_n_0
                         LUT3 (Prop_LUT3_I2_O)        0.082     4.538 r  i_scheduler_core/cold_q[4][eid][5]_i_24/O
                         net (fo=3, unplaced)         0.216     4.754    i_scheduler_core/cold_q[4][eid][5]_i_24_n_0
                         LUT6 (Prop_LUT6_I1_O)        0.088     4.842 f  i_scheduler_core/cold_q[4][eid][5]_i_26/O
                         net (fo=3, unplaced)         0.216     5.058    i_scheduler_core/cold_q[4][eid][5]_i_26_n_0
                         LUT6 (Prop_LUT6_I2_O)        0.088     5.146 f  i_scheduler_core/hot_q[8][eid][5]_i_44/O
                         net (fo=8, unplaced)         0.238     5.384    i_scheduler_core/hot_q[8][eid][5]_i_44_n_0
                         LUT6 (Prop_LUT6_I1_O)        0.088     5.472 r  i_scheduler_core/cold_q[2][eid][5]_i_28/O
                         net (fo=7, unplaced)         0.153     5.625    i_scheduler_core/cold_q[2][eid][5]_i_28_n_0
                         LUT6 (Prop_LUT6_I0_O)        0.074     5.699 r  i_scheduler_core/cold_q[2][eid][5]_i_24/O
                         net (fo=36, unplaced)        0.272     5.971    i_scheduler_core/cold_q[2][eid][5]_i_24_n_0
                         LUT6 (Prop_LUT6_I2_O)        0.088     6.059 r  i_scheduler_core/hot_count_q[1]_i_13/O
                         net (fo=3, unplaced)         0.134     6.193    i_scheduler_core/hot_count_q[1]_i_13_n_0
                         LUT3 (Prop_LUT3_I0_O)        0.074     6.267 r  i_scheduler_core/hot_count_q[1]_i_7/O
                         net (fo=6, unplaced)         0.232     6.499    i_scheduler_core/hot_count_q[1]_i_7_n_0
                         LUT6 (Prop_LUT6_I1_O)        0.088     6.587 r  i_scheduler_core/cold_count_q[1]_i_14/O
                         net (fo=14, unplaced)        0.169     6.756    i_scheduler_core/cold_count_q[1]_i_14_n_0
                         LUT5 (Prop_LUT5_I1_O)        0.074     6.830 f  i_scheduler_core/hot_q[4][eid][5]_i_13/O
                         net (fo=17, unplaced)        0.255     7.085    i_scheduler_core/hot_q[4][eid][5]_i_13_n_0
                         LUT6 (Prop_LUT6_I2_O)        0.088     7.173 f  i_scheduler_core/hot_q[4][eid][5]_i_5/O
                         net (fo=1, unplaced)         0.210     7.383    i_scheduler_core/hot_q[4][eid][5]_i_5_n_0
                         LUT6 (Prop_LUT6_I2_O)        0.088     7.471 r  i_scheduler_core/hot_q[4][eid][5]_i_1/O
                         net (fo=16, unplaced)        0.247     7.718    i_scheduler_core_n_81
                         FDCE                                         r  hot_q_reg[4][eid][0]/CE
  -------------------------------------------------------------------    -------------------

                         (clock scheduler_clk rise edge)
                                                     25.000    25.000 r  
                                                      0.000    25.000 r  clk_i (IN)
                         net (fo=1740, unset)         0.080    25.080    clk_i
                         FDCE                                         r  hot_q_reg[4][eid][0]/C
                         clock pessimism              0.000    25.080    
                         clock uncertainty           -0.300    24.780    
                         FDCE (Setup_FDCE_C_CE)      -0.087    24.693    hot_q_reg[4][eid][0]
  -------------------------------------------------------------------
                         required time                         24.693    
                         arrival time                          -7.718    
  -------------------------------------------------------------------
                         slack                                 16.975    

Slack (MET) :             16.975ns  (required time - arrival time)
  Source:                 refill_top_remaining_q_reg[1]/C
                            (rising edge-triggered cell FDCE clocked by scheduler_clk  {rise@0.000ns fall@12.500ns period=25.000ns})
  Destination:            hot_q_reg[4][eid][1]/CE
                            (rising edge-triggered cell FDCE clocked by scheduler_clk  {rise@0.000ns fall@12.500ns period=25.000ns})
  Path Group:             scheduler_clk
  Path Type:              Setup (Max at Slow Process Corner)
  Requirement:            25.000ns  (scheduler_clk rise@25.000ns - scheduler_clk rise@0.000ns)
  Data Path Delay:        7.598ns  (logic 2.176ns (28.639%)  route 5.422ns (71.361%))
  Logic Levels:           26  (LUT2=4 LUT3=5 LUT4=4 LUT5=2 LUT6=11)
  Clock Path Skew:        -0.040ns (DCD - SCD + CPR)
    Destination Clock Delay (DCD):    0.080ns = ( 25.080 - 25.000 ) 
    Source Clock Delay      (SCD):    0.120ns
    Clock Pessimism Removal (CPR):    0.000ns
  Clock Uncertainty:      0.300ns  (CJ)/2 + PE + PJ
    Clock Jitter             (CJ):    0.600ns
    Phase Error              (PE):    0.000ns
    Phase Jitter             (PJ):    0.000ns

    Location             Delay type                Incr(ns)  Path(ns)    Netlist Resource(s)
  -------------------------------------------------------------------    -------------------
                         (clock scheduler_clk rise edge)
                                                      0.000     0.000 r  
                                                      0.000     0.000 r  clk_i (IN)
                         net (fo=1740, unset)         0.120     0.120    clk_i
                         FDCE                                         r  refill_top_remaining_q_reg[1]/C
  -------------------------------------------------------------------    -------------------
                         FDCE (Prop_FDCE_C_Q)         0.090     0.210 f  refill_top_remaining_q_reg[1]/Q
                         net (fo=11, unplaced)        0.288     0.498    i_scheduler_core/reg_rsp_o[rdata][4][1]
                         LUT6 (Prop_LUT6_I1_O)        0.088     0.586 r  i_scheduler_core/refill_top_remaining_q[1]_i_5/O
                         net (fo=6, unplaced)         0.167     0.753    i_scheduler_core/refill_top_remaining_q_reg[1]
                         LUT3 (Prop_LUT3_I1_O)        0.082     0.835 f  i_scheduler_core/refill_top_remaining_q[0]_i_2/O
                         net (fo=9, unplaced)         0.176     1.011    i_scheduler_core/refill_top_remaining_q_reg[0]
                         LUT2 (Prop_LUT2_I1_O)        0.082     1.093 f  i_scheduler_core/hot_q[8][eid][5]_i_42/O
                         net (fo=7, unplaced)         0.170     1.263    i_scheduler_core/hot_q[8][eid][5]_i_42_n_0
                         LUT4 (Prop_LUT4_I3_O)        0.082     1.345 r  i_scheduler_core/hot_q[8][eid][5]_i_27/O
                         net (fo=14, unplaced)        0.169     1.514    i_scheduler_core/hot_q[8][eid][5]_i_27_n_0
                         LUT4 (Prop_LUT4_I0_O)        0.096     1.610 r  i_scheduler_core/cold_q[0][valid]_i_8/O
                         net (fo=27, unplaced)        0.201     1.811    i_scheduler_core/cold_q[0][valid]_i_8_n_0
                         LUT2 (Prop_LUT2_I1_O)        0.051     1.862 r  i_scheduler_core/cold_q[1][eid][5]_i_24/O
                         net (fo=11, unplaced)        0.180     2.042    i_scheduler_core/cold_q[1][eid][5]_i_24_n_0
                         LUT2 (Prop_LUT2_I1_O)        0.051     2.093 r  i_scheduler_core/cold_count_q[1]_i_10/O
                         net (fo=11, unplaced)        0.245     2.338    i_scheduler_core/cold_count_q[1]_i_10_n_0
                         LUT6 (Prop_LUT6_I1_O)        0.088     2.426 r  i_scheduler_core/cold_count_q[2]_i_26/O
                         net (fo=24, unplaced)        0.181     2.607    i_scheduler_core/cold_count_q[2]_i_26_n_0
                         LUT4 (Prop_LUT4_I0_O)        0.096     2.703 f  i_scheduler_core/hot_q[0][eid][3]_i_11/O
                         net (fo=19, unplaced)        0.193     2.896    i_scheduler_core/hot_q[0][eid][3]_i_11_n_0
                         LUT2 (Prop_LUT2_I1_O)        0.051     2.947 r  i_scheduler_core/cold_q[1][eid][5]_i_32/O
                         net (fo=7, unplaced)         0.170     3.117    i_scheduler_core/cold_q[1][eid][5]_i_32_n_0
                         LUT5 (Prop_LUT5_I4_O)        0.082     3.199 r  i_scheduler_core/hot_q[8][eid][5]_i_56/O
                         net (fo=2, unplaced)         0.145     3.344    i_scheduler_core/hot_q[8][eid][5]_i_56_n_0
                         LUT3 (Prop_LUT3_I1_O)        0.051     3.395 f  i_scheduler_core/hot_q[8][eid][5]_i_46/O
                         net (fo=11, unplaced)        0.245     3.640    i_scheduler_core/hot_q[8][eid][5]_i_46_n_0
                         LUT6 (Prop_LUT6_I1_O)        0.088     3.728 r  i_scheduler_core/cold_q[4][eid][5]_i_30/O
                         net (fo=51, unplaced)        0.198     3.926    i_scheduler_core/cold_q[4][eid][5]_i_30_n_0
                         LUT4 (Prop_LUT4_I0_O)        0.096     4.022 r  i_scheduler_core/hot_count_q[1]_i_23/O
                         net (fo=27, unplaced)        0.201     4.223    i_scheduler_core/hot_count_q[1]_i_23_n_0
                         LUT3 (Prop_LUT3_I2_O)        0.082     4.305 f  i_scheduler_core/cold_q[4][eid][5]_i_29/O
                         net (fo=3, unplaced)         0.151     4.456    i_scheduler_core/cold_q[4][eid][5]_i_29_n_0
                         LUT3 (Prop_LUT3_I2_O)        0.082     4.538 r  i_scheduler_core/cold_q[4][eid][5]_i_24/O
                         net (fo=3, unplaced)         0.216     4.754    i_scheduler_core/cold_q[4][eid][5]_i_24_n_0
                         LUT6 (Prop_LUT6_I1_O)        0.088     4.842 f  i_scheduler_core/cold_q[4][eid][5]_i_26/O
                         net (fo=3, unplaced)         0.216     5.058    i_scheduler_core/cold_q[4][eid][5]_i_26_n_0
                         LUT6 (Prop_LUT6_I2_O)        0.088     5.146 f  i_scheduler_core/hot_q[8][eid][5]_i_44/O
                         net (fo=8, unplaced)         0.238     5.384    i_scheduler_core/hot_q[8][eid][5]_i_44_n_0
                         LUT6 (Prop_LUT6_I1_O)        0.088     5.472 r  i_scheduler_core/cold_q[2][eid][5]_i_28/O
                         net (fo=7, unplaced)         0.153     5.625    i_scheduler_core/cold_q[2][eid][5]_i_28_n_0
                         LUT6 (Prop_LUT6_I0_O)        0.074     5.699 r  i_scheduler_core/cold_q[2][eid][5]_i_24/O
                         net (fo=36, unplaced)        0.272     5.971    i_scheduler_core/cold_q[2][eid][5]_i_24_n_0
                         LUT6 (Prop_LUT6_I2_O)        0.088     6.059 r  i_scheduler_core/hot_count_q[1]_i_13/O
                         net (fo=3, unplaced)         0.134     6.193    i_scheduler_core/hot_count_q[1]_i_13_n_0
                         LUT3 (Prop_LUT3_I0_O)        0.074     6.267 r  i_scheduler_core/hot_count_q[1]_i_7/O
                         net (fo=6, unplaced)         0.232     6.499    i_scheduler_core/hot_count_q[1]_i_7_n_0
                         LUT6 (Prop_LUT6_I1_O)        0.088     6.587 r  i_scheduler_core/cold_count_q[1]_i_14/O
                         net (fo=14, unplaced)        0.169     6.756    i_scheduler_core/cold_count_q[1]_i_14_n_0
                         LUT5 (Prop_LUT5_I1_O)        0.074     6.830 f  i_scheduler_core/hot_q[4][eid][5]_i_13/O
                         net (fo=17, unplaced)        0.255     7.085    i_scheduler_core/hot_q[4][eid][5]_i_13_n_0
                         LUT6 (Prop_LUT6_I2_O)        0.088     7.173 f  i_scheduler_core/hot_q[4][eid][5]_i_5/O
                         net (fo=1, unplaced)         0.210     7.383    i_scheduler_core/hot_q[4][eid][5]_i_5_n_0
                         LUT6 (Prop_LUT6_I2_O)        0.088     7.471 r  i_scheduler_core/hot_q[4][eid][5]_i_1/O
                         net (fo=16, unplaced)        0.247     7.718    i_scheduler_core_n_81
                         FDCE                                         r  hot_q_reg[4][eid][1]/CE
  -------------------------------------------------------------------    -------------------

                         (clock scheduler_clk rise edge)
                                                     25.000    25.000 r  
                                                      0.000    25.000 r  clk_i (IN)
                         net (fo=1740, unset)         0.080    25.080    clk_i
                         FDCE                                         r  hot_q_reg[4][eid][1]/C
                         clock pessimism              0.000    25.080    
                         clock uncertainty           -0.300    24.780    
                         FDCE (Setup_FDCE_C_CE)      -0.087    24.693    hot_q_reg[4][eid][1]
  -------------------------------------------------------------------
                         required time                         24.693    
                         arrival time                          -7.718    
  -------------------------------------------------------------------
                         slack                                 16.975    

Slack (MET) :             16.975ns  (required time - arrival time)
  Source:                 refill_top_remaining_q_reg[1]/C
                            (rising edge-triggered cell FDCE clocked by scheduler_clk  {rise@0.000ns fall@12.500ns period=25.000ns})
  Destination:            hot_q_reg[4][eid][2]/CE
                            (rising edge-triggered cell FDCE clocked by scheduler_clk  {rise@0.000ns fall@12.500ns period=25.000ns})
  Path Group:             scheduler_clk
  Path Type:              Setup (Max at Slow Process Corner)
  Requirement:            25.000ns  (scheduler_clk rise@25.000ns - scheduler_clk rise@0.000ns)
  Data Path Delay:        7.598ns  (logic 2.176ns (28.639%)  route 5.422ns (71.361%))
  Logic Levels:           26  (LUT2=4 LUT3=5 LUT4=4 LUT5=2 LUT6=11)
  Clock Path Skew:        -0.040ns (DCD - SCD + CPR)
    Destination Clock Delay (DCD):    0.080ns = ( 25.080 - 25.000 ) 
    Source Clock Delay      (SCD):    0.120ns
    Clock Pessimism Removal (CPR):    0.000ns
  Clock Uncertainty:      0.300ns  (CJ)/2 + PE + PJ
    Clock Jitter             (CJ):    0.600ns
    Phase Error              (PE):    0.000ns
    Phase Jitter             (PJ):    0.000ns

    Location             Delay type                Incr(ns)  Path(ns)    Netlist Resource(s)
  -------------------------------------------------------------------    -------------------
                         (clock scheduler_clk rise edge)
                                                      0.000     0.000 r  
                                                      0.000     0.000 r  clk_i (IN)
                         net (fo=1740, unset)         0.120     0.120    clk_i
                         FDCE                                         r  refill_top_remaining_q_reg[1]/C
  -------------------------------------------------------------------    -------------------
                         FDCE (Prop_FDCE_C_Q)         0.090     0.210 f  refill_top_remaining_q_reg[1]/Q
                         net (fo=11, unplaced)        0.288     0.498    i_scheduler_core/reg_rsp_o[rdata][4][1]
                         LUT6 (Prop_LUT6_I1_O)        0.088     0.586 r  i_scheduler_core/refill_top_remaining_q[1]_i_5/O
                         net (fo=6, unplaced)         0.167     0.753    i_scheduler_core/refill_top_remaining_q_reg[1]
                         LUT3 (Prop_LUT3_I1_O)        0.082     0.835 f  i_scheduler_core/refill_top_remaining_q[0]_i_2/O
                         net (fo=9, unplaced)         0.176     1.011    i_scheduler_core/refill_top_remaining_q_reg[0]
                         LUT2 (Prop_LUT2_I1_O)        0.082     1.093 f  i_scheduler_core/hot_q[8][eid][5]_i_42/O
                         net (fo=7, unplaced)         0.170     1.263    i_scheduler_core/hot_q[8][eid][5]_i_42_n_0
                         LUT4 (Prop_LUT4_I3_O)        0.082     1.345 r  i_scheduler_core/hot_q[8][eid][5]_i_27/O
                         net (fo=14, unplaced)        0.169     1.514    i_scheduler_core/hot_q[8][eid][5]_i_27_n_0
                         LUT4 (Prop_LUT4_I0_O)        0.096     1.610 r  i_scheduler_core/cold_q[0][valid]_i_8/O
                         net (fo=27, unplaced)        0.201     1.811    i_scheduler_core/cold_q[0][valid]_i_8_n_0
                         LUT2 (Prop_LUT2_I1_O)        0.051     1.862 r  i_scheduler_core/cold_q[1][eid][5]_i_24/O
                         net (fo=11, unplaced)        0.180     2.042    i_scheduler_core/cold_q[1][eid][5]_i_24_n_0
                         LUT2 (Prop_LUT2_I1_O)        0.051     2.093 r  i_scheduler_core/cold_count_q[1]_i_10/O
                         net (fo=11, unplaced)        0.245     2.338    i_scheduler_core/cold_count_q[1]_i_10_n_0
                         LUT6 (Prop_LUT6_I1_O)        0.088     2.426 r  i_scheduler_core/cold_count_q[2]_i_26/O
                         net (fo=24, unplaced)        0.181     2.607    i_scheduler_core/cold_count_q[2]_i_26_n_0
                         LUT4 (Prop_LUT4_I0_O)        0.096     2.703 f  i_scheduler_core/hot_q[0][eid][3]_i_11/O
                         net (fo=19, unplaced)        0.193     2.896    i_scheduler_core/hot_q[0][eid][3]_i_11_n_0
                         LUT2 (Prop_LUT2_I1_O)        0.051     2.947 r  i_scheduler_core/cold_q[1][eid][5]_i_32/O
                         net (fo=7, unplaced)         0.170     3.117    i_scheduler_core/cold_q[1][eid][5]_i_32_n_0
                         LUT5 (Prop_LUT5_I4_O)        0.082     3.199 r  i_scheduler_core/hot_q[8][eid][5]_i_56/O
                         net (fo=2, unplaced)         0.145     3.344    i_scheduler_core/hot_q[8][eid][5]_i_56_n_0
                         LUT3 (Prop_LUT3_I1_O)        0.051     3.395 f  i_scheduler_core/hot_q[8][eid][5]_i_46/O
                         net (fo=11, unplaced)        0.245     3.640    i_scheduler_core/hot_q[8][eid][5]_i_46_n_0
                         LUT6 (Prop_LUT6_I1_O)        0.088     3.728 r  i_scheduler_core/cold_q[4][eid][5]_i_30/O
                         net (fo=51, unplaced)        0.198     3.926    i_scheduler_core/cold_q[4][eid][5]_i_30_n_0
                         LUT4 (Prop_LUT4_I0_O)        0.096     4.022 r  i_scheduler_core/hot_count_q[1]_i_23/O
                         net (fo=27, unplaced)        0.201     4.223    i_scheduler_core/hot_count_q[1]_i_23_n_0
                         LUT3 (Prop_LUT3_I2_O)        0.082     4.305 f  i_scheduler_core/cold_q[4][eid][5]_i_29/O
                         net (fo=3, unplaced)         0.151     4.456    i_scheduler_core/cold_q[4][eid][5]_i_29_n_0
                         LUT3 (Prop_LUT3_I2_O)        0.082     4.538 r  i_scheduler_core/cold_q[4][eid][5]_i_24/O
                         net (fo=3, unplaced)         0.216     4.754    i_scheduler_core/cold_q[4][eid][5]_i_24_n_0
                         LUT6 (Prop_LUT6_I1_O)        0.088     4.842 f  i_scheduler_core/cold_q[4][eid][5]_i_26/O
                         net (fo=3, unplaced)         0.216     5.058    i_scheduler_core/cold_q[4][eid][5]_i_26_n_0
                         LUT6 (Prop_LUT6_I2_O)        0.088     5.146 f  i_scheduler_core/hot_q[8][eid][5]_i_44/O
                         net (fo=8, unplaced)         0.238     5.384    i_scheduler_core/hot_q[8][eid][5]_i_44_n_0
                         LUT6 (Prop_LUT6_I1_O)        0.088     5.472 r  i_scheduler_core/cold_q[2][eid][5]_i_28/O
                         net (fo=7, unplaced)         0.153     5.625    i_scheduler_core/cold_q[2][eid][5]_i_28_n_0
                         LUT6 (Prop_LUT6_I0_O)        0.074     5.699 r  i_scheduler_core/cold_q[2][eid][5]_i_24/O
                         net (fo=36, unplaced)        0.272     5.971    i_scheduler_core/cold_q[2][eid][5]_i_24_n_0
                         LUT6 (Prop_LUT6_I2_O)        0.088     6.059 r  i_scheduler_core/hot_count_q[1]_i_13/O
                         net (fo=3, unplaced)         0.134     6.193    i_scheduler_core/hot_count_q[1]_i_13_n_0
                         LUT3 (Prop_LUT3_I0_O)        0.074     6.267 r  i_scheduler_core/hot_count_q[1]_i_7/O
                         net (fo=6, unplaced)         0.232     6.499    i_scheduler_core/hot_count_q[1]_i_7_n_0
                         LUT6 (Prop_LUT6_I1_O)        0.088     6.587 r  i_scheduler_core/cold_count_q[1]_i_14/O
                         net (fo=14, unplaced)        0.169     6.756    i_scheduler_core/cold_count_q[1]_i_14_n_0
                         LUT5 (Prop_LUT5_I1_O)        0.074     6.830 f  i_scheduler_core/hot_q[4][eid][5]_i_13/O
                         net (fo=17, unplaced)        0.255     7.085    i_scheduler_core/hot_q[4][eid][5]_i_13_n_0
                         LUT6 (Prop_LUT6_I2_O)        0.088     7.173 f  i_scheduler_core/hot_q[4][eid][5]_i_5/O
                         net (fo=1, unplaced)         0.210     7.383    i_scheduler_core/hot_q[4][eid][5]_i_5_n_0
                         LUT6 (Prop_LUT6_I2_O)        0.088     7.471 r  i_scheduler_core/hot_q[4][eid][5]_i_1/O
                         net (fo=16, unplaced)        0.247     7.718    i_scheduler_core_n_81
                         FDCE                                         r  hot_q_reg[4][eid][2]/CE
  -------------------------------------------------------------------    -------------------

                         (clock scheduler_clk rise edge)
                                                     25.000    25.000 r  
                                                      0.000    25.000 r  clk_i (IN)
                         net (fo=1740, unset)         0.080    25.080    clk_i
                         FDCE                                         r  hot_q_reg[4][eid][2]/C
                         clock pessimism              0.000    25.080    
                         clock uncertainty           -0.300    24.780    
                         FDCE (Setup_FDCE_C_CE)      -0.087    24.693    hot_q_reg[4][eid][2]
  -------------------------------------------------------------------
                         required time                         24.693    
                         arrival time                          -7.718    
  -------------------------------------------------------------------
                         slack                                 16.975    

Slack (MET) :             16.975ns  (required time - arrival time)
  Source:                 refill_top_remaining_q_reg[1]/C
                            (rising edge-triggered cell FDCE clocked by scheduler_clk  {rise@0.000ns fall@12.500ns period=25.000ns})
  Destination:            hot_q_reg[4][eid][3]/CE
                            (rising edge-triggered cell FDCE clocked by scheduler_clk  {rise@0.000ns fall@12.500ns period=25.000ns})
  Path Group:             scheduler_clk
  Path Type:              Setup (Max at Slow Process Corner)
  Requirement:            25.000ns  (scheduler_clk rise@25.000ns - scheduler_clk rise@0.000ns)
  Data Path Delay:        7.598ns  (logic 2.176ns (28.639%)  route 5.422ns (71.361%))
  Logic Levels:           26  (LUT2=4 LUT3=5 LUT4=4 LUT5=2 LUT6=11)
  Clock Path Skew:        -0.040ns (DCD - SCD + CPR)
    Destination Clock Delay (DCD):    0.080ns = ( 25.080 - 25.000 ) 
    Source Clock Delay      (SCD):    0.120ns
    Clock Pessimism Removal (CPR):    0.000ns
  Clock Uncertainty:      0.300ns  (CJ)/2 + PE + PJ
    Clock Jitter             (CJ):    0.600ns
    Phase Error              (PE):    0.000ns
    Phase Jitter             (PJ):    0.000ns

    Location             Delay type                Incr(ns)  Path(ns)    Netlist Resource(s)
  -------------------------------------------------------------------    -------------------
                         (clock scheduler_clk rise edge)
                                                      0.000     0.000 r  
                                                      0.000     0.000 r  clk_i (IN)
                         net (fo=1740, unset)         0.120     0.120    clk_i
                         FDCE                                         r  refill_top_remaining_q_reg[1]/C
  -------------------------------------------------------------------    -------------------
                         FDCE (Prop_FDCE_C_Q)         0.090     0.210 f  refill_top_remaining_q_reg[1]/Q
                         net (fo=11, unplaced)        0.288     0.498    i_scheduler_core/reg_rsp_o[rdata][4][1]
                         LUT6 (Prop_LUT6_I1_O)        0.088     0.586 r  i_scheduler_core/refill_top_remaining_q[1]_i_5/O
                         net (fo=6, unplaced)         0.167     0.753    i_scheduler_core/refill_top_remaining_q_reg[1]
                         LUT3 (Prop_LUT3_I1_O)        0.082     0.835 f  i_scheduler_core/refill_top_remaining_q[0]_i_2/O
                         net (fo=9, unplaced)         0.176     1.011    i_scheduler_core/refill_top_remaining_q_reg[0]
                         LUT2 (Prop_LUT2_I1_O)        0.082     1.093 f  i_scheduler_core/hot_q[8][eid][5]_i_42/O
                         net (fo=7, unplaced)         0.170     1.263    i_scheduler_core/hot_q[8][eid][5]_i_42_n_0
                         LUT4 (Prop_LUT4_I3_O)        0.082     1.345 r  i_scheduler_core/hot_q[8][eid][5]_i_27/O
                         net (fo=14, unplaced)        0.169     1.514    i_scheduler_core/hot_q[8][eid][5]_i_27_n_0
                         LUT4 (Prop_LUT4_I0_O)        0.096     1.610 r  i_scheduler_core/cold_q[0][valid]_i_8/O
                         net (fo=27, unplaced)        0.201     1.811    i_scheduler_core/cold_q[0][valid]_i_8_n_0
                         LUT2 (Prop_LUT2_I1_O)        0.051     1.862 r  i_scheduler_core/cold_q[1][eid][5]_i_24/O
                         net (fo=11, unplaced)        0.180     2.042    i_scheduler_core/cold_q[1][eid][5]_i_24_n_0
                         LUT2 (Prop_LUT2_I1_O)        0.051     2.093 r  i_scheduler_core/cold_count_q[1]_i_10/O
                         net (fo=11, unplaced)        0.245     2.338    i_scheduler_core/cold_count_q[1]_i_10_n_0
                         LUT6 (Prop_LUT6_I1_O)        0.088     2.426 r  i_scheduler_core/cold_count_q[2]_i_26/O
                         net (fo=24, unplaced)        0.181     2.607    i_scheduler_core/cold_count_q[2]_i_26_n_0
                         LUT4 (Prop_LUT4_I0_O)        0.096     2.703 f  i_scheduler_core/hot_q[0][eid][3]_i_11/O
                         net (fo=19, unplaced)        0.193     2.896    i_scheduler_core/hot_q[0][eid][3]_i_11_n_0
                         LUT2 (Prop_LUT2_I1_O)        0.051     2.947 r  i_scheduler_core/cold_q[1][eid][5]_i_32/O
                         net (fo=7, unplaced)         0.170     3.117    i_scheduler_core/cold_q[1][eid][5]_i_32_n_0
                         LUT5 (Prop_LUT5_I4_O)        0.082     3.199 r  i_scheduler_core/hot_q[8][eid][5]_i_56/O
                         net (fo=2, unplaced)         0.145     3.344    i_scheduler_core/hot_q[8][eid][5]_i_56_n_0
                         LUT3 (Prop_LUT3_I1_O)        0.051     3.395 f  i_scheduler_core/hot_q[8][eid][5]_i_46/O
                         net (fo=11, unplaced)        0.245     3.640    i_scheduler_core/hot_q[8][eid][5]_i_46_n_0
                         LUT6 (Prop_LUT6_I1_O)        0.088     3.728 r  i_scheduler_core/cold_q[4][eid][5]_i_30/O
                         net (fo=51, unplaced)        0.198     3.926    i_scheduler_core/cold_q[4][eid][5]_i_30_n_0
                         LUT4 (Prop_LUT4_I0_O)        0.096     4.022 r  i_scheduler_core/hot_count_q[1]_i_23/O
                         net (fo=27, unplaced)        0.201     4.223    i_scheduler_core/hot_count_q[1]_i_23_n_0
                         LUT3 (Prop_LUT3_I2_O)        0.082     4.305 f  i_scheduler_core/cold_q[4][eid][5]_i_29/O
                         net (fo=3, unplaced)         0.151     4.456    i_scheduler_core/cold_q[4][eid][5]_i_29_n_0
                         LUT3 (Prop_LUT3_I2_O)        0.082     4.538 r  i_scheduler_core/cold_q[4][eid][5]_i_24/O
                         net (fo=3, unplaced)         0.216     4.754    i_scheduler_core/cold_q[4][eid][5]_i_24_n_0
                         LUT6 (Prop_LUT6_I1_O)        0.088     4.842 f  i_scheduler_core/cold_q[4][eid][5]_i_26/O
                         net (fo=3, unplaced)         0.216     5.058    i_scheduler_core/cold_q[4][eid][5]_i_26_n_0
                         LUT6 (Prop_LUT6_I2_O)        0.088     5.146 f  i_scheduler_core/hot_q[8][eid][5]_i_44/O
                         net (fo=8, unplaced)         0.238     5.384    i_scheduler_core/hot_q[8][eid][5]_i_44_n_0
                         LUT6 (Prop_LUT6_I1_O)        0.088     5.472 r  i_scheduler_core/cold_q[2][eid][5]_i_28/O
                         net (fo=7, unplaced)         0.153     5.625    i_scheduler_core/cold_q[2][eid][5]_i_28_n_0
                         LUT6 (Prop_LUT6_I0_O)        0.074     5.699 r  i_scheduler_core/cold_q[2][eid][5]_i_24/O
                         net (fo=36, unplaced)        0.272     5.971    i_scheduler_core/cold_q[2][eid][5]_i_24_n_0
                         LUT6 (Prop_LUT6_I2_O)        0.088     6.059 r  i_scheduler_core/hot_count_q[1]_i_13/O
                         net (fo=3, unplaced)         0.134     6.193    i_scheduler_core/hot_count_q[1]_i_13_n_0
                         LUT3 (Prop_LUT3_I0_O)        0.074     6.267 r  i_scheduler_core/hot_count_q[1]_i_7/O
                         net (fo=6, unplaced)         0.232     6.499    i_scheduler_core/hot_count_q[1]_i_7_n_0
                         LUT6 (Prop_LUT6_I1_O)        0.088     6.587 r  i_scheduler_core/cold_count_q[1]_i_14/O
                         net (fo=14, unplaced)        0.169     6.756    i_scheduler_core/cold_count_q[1]_i_14_n_0
                         LUT5 (Prop_LUT5_I1_O)        0.074     6.830 f  i_scheduler_core/hot_q[4][eid][5]_i_13/O
                         net (fo=17, unplaced)        0.255     7.085    i_scheduler_core/hot_q[4][eid][5]_i_13_n_0
                         LUT6 (Prop_LUT6_I2_O)        0.088     7.173 f  i_scheduler_core/hot_q[4][eid][5]_i_5/O
                         net (fo=1, unplaced)         0.210     7.383    i_scheduler_core/hot_q[4][eid][5]_i_5_n_0
                         LUT6 (Prop_LUT6_I2_O)        0.088     7.471 r  i_scheduler_core/hot_q[4][eid][5]_i_1/O
                         net (fo=16, unplaced)        0.247     7.718    i_scheduler_core_n_81
                         FDCE                                         r  hot_q_reg[4][eid][3]/CE
  -------------------------------------------------------------------    -------------------

                         (clock scheduler_clk rise edge)
                                                     25.000    25.000 r  
                                                      0.000    25.000 r  clk_i (IN)
                         net (fo=1740, unset)         0.080    25.080    clk_i
                         FDCE                                         r  hot_q_reg[4][eid][3]/C
                         clock pessimism              0.000    25.080    
                         clock uncertainty           -0.300    24.780    
                         FDCE (Setup_FDCE_C_CE)      -0.087    24.693    hot_q_reg[4][eid][3]
  -------------------------------------------------------------------
                         required time                         24.693    
                         arrival time                          -7.718    
  -------------------------------------------------------------------
                         slack                                 16.975    





Pulse Width Checks
--------------------------------------------------------------------------------------
Clock Name:         scheduler_clk
Waveform(ns):       { 0.000 12.500 }
Period(ns):         25.000
Sources:            { clk_i }

Check Type        Corner  Lib Pin  Reference Pin  Required(ns)  Actual(ns)  Slack(ns)  Location  Pin
Min Period        n/a     FDCE/C   n/a            0.550         25.000      24.450               active_count_q_reg[0]/C
Min Period        n/a     FDCE/C   n/a            0.550         25.000      24.450               active_count_q_reg[1]/C
Min Period        n/a     FDCE/C   n/a            0.550         25.000      24.450               active_count_q_reg[2]/C
Min Period        n/a     FDCE/C   n/a            0.550         25.000      24.450               active_count_q_reg[3]/C
Min Period        n/a     FDCE/C   n/a            0.550         25.000      24.450               active_count_q_reg[4]/C
Min Period        n/a     FDCE/C   n/a            0.550         25.000      24.450               active_count_q_reg[5]/C
Min Period        n/a     FDCE/C   n/a            0.550         25.000      24.450               active_count_q_reg[6]/C
Min Period        n/a     FDCE/C   n/a            0.550         25.000      24.450               auto_run_q_reg/C
Min Period        n/a     FDCE/C   n/a            0.550         25.000      24.450               cold_count_q_reg[0]/C
Min Period        n/a     FDCE/C   n/a            0.550         25.000      24.450               cold_count_q_reg[1]/C
Min Period        n/a     FDCE/C   n/a            0.550         25.000      24.450               cold_count_q_reg[2]/C
Min Period        n/a     FDCE/C   n/a            0.550         25.000      24.450               cold_q_reg[0][eid][0]/C
Min Period        n/a     FDCE/C   n/a            0.550         25.000      24.450               cold_q_reg[0][eid][1]/C
Min Period        n/a     FDCE/C   n/a            0.550         25.000      24.450               cold_q_reg[0][eid][2]/C
Min Period        n/a     FDCE/C   n/a            0.550         25.000      24.450               cold_q_reg[0][eid][3]/C
Min Period        n/a     FDCE/C   n/a            0.550         25.000      24.450               cold_q_reg[0][eid][4]/C
Min Period        n/a     FDCE/C   n/a            0.550         25.000      24.450               cold_q_reg[0][eid][5]/C
Min Period        n/a     FDCE/C   n/a            0.550         25.000      24.450               cold_q_reg[0][ntok][0]/C
Min Period        n/a     FDCE/C   n/a            0.550         25.000      24.450               cold_q_reg[0][ntok][1]/C
Min Period        n/a     FDCE/C   n/a            0.550         25.000      24.450               cold_q_reg[0][ntok][2]/C
Low Pulse Width   Slow    FDCE/C   n/a            0.275         12.500      12.225               active_count_q_reg[0]/C
Low Pulse Width   Fast    FDCE/C   n/a            0.275         12.500      12.225               active_count_q_reg[0]/C
Low Pulse Width   Slow    FDCE/C   n/a            0.275         12.500      12.225               active_count_q_reg[1]/C
Low Pulse Width   Fast    FDCE/C   n/a            0.275         12.500      12.225               active_count_q_reg[1]/C
Low Pulse Width   Slow    FDCE/C   n/a            0.275         12.500      12.225               active_count_q_reg[2]/C
Low Pulse Width   Fast    FDCE/C   n/a            0.275         12.500      12.225               active_count_q_reg[2]/C
Low Pulse Width   Slow    FDCE/C   n/a            0.275         12.500      12.225               active_count_q_reg[3]/C
Low Pulse Width   Fast    FDCE/C   n/a            0.275         12.500      12.225               active_count_q_reg[3]/C
Low Pulse Width   Slow    FDCE/C   n/a            0.275         12.500      12.225               active_count_q_reg[4]/C
Low Pulse Width   Fast    FDCE/C   n/a            0.275         12.500      12.225               active_count_q_reg[4]/C
Low Pulse Width   Slow    FDCE/C   n/a            0.275         12.500      12.225               active_count_q_reg[5]/C
Low Pulse Width   Fast    FDCE/C   n/a            0.275         12.500      12.225               active_count_q_reg[5]/C
Low Pulse Width   Slow    FDCE/C   n/a            0.275         12.500      12.225               active_count_q_reg[6]/C
Low Pulse Width   Fast    FDCE/C   n/a            0.275         12.500      12.225               active_count_q_reg[6]/C
Low Pulse Width   Slow    FDCE/C   n/a            0.275         12.500      12.225               auto_run_q_reg/C
Low Pulse Width   Fast    FDCE/C   n/a            0.275         12.500      12.225               auto_run_q_reg/C
Low Pulse Width   Slow    FDCE/C   n/a            0.275         12.500      12.225               cold_count_q_reg[0]/C
Low Pulse Width   Fast    FDCE/C   n/a            0.275         12.500      12.225               cold_count_q_reg[0]/C
Low Pulse Width   Slow    FDCE/C   n/a            0.275         12.500      12.225               cold_count_q_reg[1]/C
Low Pulse Width   Fast    FDCE/C   n/a            0.275         12.500      12.225               cold_count_q_reg[1]/C
High Pulse Width  Slow    FDCE/C   n/a            0.275         12.500      12.225               active_count_q_reg[0]/C
High Pulse Width  Fast    FDCE/C   n/a            0.275         12.500      12.225               active_count_q_reg[0]/C
High Pulse Width  Slow    FDCE/C   n/a            0.275         12.500      12.225               active_count_q_reg[1]/C
High Pulse Width  Fast    FDCE/C   n/a            0.275         12.500      12.225               active_count_q_reg[1]/C
High Pulse Width  Slow    FDCE/C   n/a            0.275         12.500      12.225               active_count_q_reg[2]/C
High Pulse Width  Fast    FDCE/C   n/a            0.275         12.500      12.225               active_count_q_reg[2]/C
High Pulse Width  Slow    FDCE/C   n/a            0.275         12.500      12.225               active_count_q_reg[3]/C
High Pulse Width  Fast    FDCE/C   n/a            0.275         12.500      12.225               active_count_q_reg[3]/C
High Pulse Width  Slow    FDCE/C   n/a            0.275         12.500      12.225               active_count_q_reg[4]/C
High Pulse Width  Fast    FDCE/C   n/a            0.275         12.500      12.225               active_count_q_reg[4]/C
High Pulse Width  Slow    FDCE/C   n/a            0.275         12.500      12.225               active_count_q_reg[5]/C
High Pulse Width  Fast    FDCE/C   n/a            0.275         12.500      12.225               active_count_q_reg[5]/C
High Pulse Width  Slow    FDCE/C   n/a            0.275         12.500      12.225               active_count_q_reg[6]/C
High Pulse Width  Fast    FDCE/C   n/a            0.275         12.500      12.225               active_count_q_reg[6]/C
High Pulse Width  Slow    FDCE/C   n/a            0.275         12.500      12.225               auto_run_q_reg/C
High Pulse Width  Fast    FDCE/C   n/a            0.275         12.500      12.225               auto_run_q_reg/C
High Pulse Width  Slow    FDCE/C   n/a            0.275         12.500      12.225               cold_count_q_reg[0]/C
High Pulse Width  Fast    FDCE/C   n/a            0.275         12.500      12.225               cold_count_q_reg[0]/C
High Pulse Width  Slow    FDCE/C   n/a            0.275         12.500      12.225               cold_count_q_reg[1]/C
High Pulse Width  Fast    FDCE/C   n/a            0.275         12.500      12.225               cold_count_q_reg[1]/C



