Copyright 1986-2022 Xilinx, Inc. All Rights Reserved. Copyright 2022-2025 Advanced Micro Devices, Inc. All Rights Reserved.
--------------------------------------------------------------------------------------------------------------------------------------------------
| Tool Version      : Vivado v.2025.2 (lin64) Build 6299465 Fri Nov 14 12:34:56 MST 2025
| Date              : Tue Aug 18 17:45:41 2026
| Host              : amazone.esat.kuleuven.be running 64-bit Rocky Linux 9.8 (Blue Onyx)
| Command           : report_timing_summary -delay_type max -max_paths 20 -file .gen/ooc_commit_compact_200mhz/timing_summary.rpt
| Design            : moe_scheduler_reg_wrapper
| Device            : xcvp1802-lsvc4072
| Speed File        : -2MP  PRODUCTION 2.08 2024-04-16
| Design State      : Synthesized
| Temperature Grade : E
--------------------------------------------------------------------------------------------------------------------------------------------------

Timing Summary Report

------------------------------------------------------------------------------------------------
| Timer Settings
| --------------
------------------------------------------------------------------------------------------------

  Enable Multi Corner Analysis               :  Yes
  Enable Pessimism Removal                   :  Yes
  Pessimism Removal Resolution               :  Nearest Common Node
  Enable Input Delay Default Clock           :  No
  Enable Preset / Clear Arcs                 :  No
  Disable Flight Delays                      :  No
  Ignore I/O Paths                           :  No
  Timing Early Launch at Borrowing Latches   :  No
  Borrow Time for Max Delay Exceptions       :  Yes
  Merge Timing Exceptions                    :  Yes
  Inter-SLR Compensation                     :  Conservative

  Corner  Analyze    Analyze    
  Name    Max Paths  Min Paths  
  ------  ---------  ---------  
  Slow    Yes        Yes        
  Fast    Yes        Yes        


------------------------------------------------------------------------------------------------
| Report Methodology
| ------------------
------------------------------------------------------------------------------------------------

No report available as report_methodology has not been run prior. Run report_methodology on the current design for the summary of methodology violations.



check_timing report

Table of Contents
-----------------
1. checking no_clock (0)
2. checking constant_clock (0)
3. checking pulse_width_clock (0)
4. checking unconstrained_internal_endpoints (0)
5. checking no_input_delay (71)
6. checking no_output_delay (64)
7. checking multiple_clock (0)
8. checking generated_clocks (0)
9. checking loops (0)
10. checking partial_input_delay (0)
11. checking partial_output_delay (0)
12. checking latch_loops (0)

1. checking no_clock (0)
------------------------
 There are 0 register/latch pins with no clock.


2. checking constant_clock (0)
------------------------------
 There are 0 register/latch pins with constant_clock.


3. checking pulse_width_clock (0)
---------------------------------
 There are 0 register/latch pins which need pulse_width check


4. checking unconstrained_internal_endpoints (0)
------------------------------------------------
 There are 0 pins that are not constrained for maximum delay.

 There are 0 pins that are not constrained for maximum delay due to constant clock.


5. checking no_input_delay (71)
-------------------------------
 There are 71 input ports with no input delay specified. (HIGH)

 There are 0 input ports with no input delay but user has a false path constraint.


6. checking no_output_delay (64)
--------------------------------
 There are 64 ports with no output delay specified. (HIGH)

 There are 0 ports with no output delay but user has a false path constraint

 There are 0 ports with no output delay but with a timing clock defined on it or propagating through it


7. checking multiple_clock (0)
------------------------------
 There are 0 register/latch pins with multiple clocks.


8. checking generated_clocks (0)
--------------------------------
 There are 0 generated clocks that are not connected to a clock source.


9. checking loops (0)
---------------------
 There are 0 combinational loops in the design.


10. checking partial_input_delay (0)
------------------------------------
 There are 0 input ports with partial input delay specified.


11. checking partial_output_delay (0)
-------------------------------------
 There are 0 ports with partial output delay specified.


12. checking latch_loops (0)
----------------------------
 There are 0 combinational latch loops in the design through latch input



------------------------------------------------------------------------------------------------
| Design Timing Summary
| ---------------------
------------------------------------------------------------------------------------------------

    WNS(ns)      TNS(ns)  TNS Failing Endpoints  TNS Total Endpoints     WPWS(ns)     TPWS(ns)  TPWS Failing Endpoints  TPWS Total Endpoints  
    -------      -------  ---------------------  -------------------     --------     --------  ----------------------  --------------------  
     -1.999     -459.478                    634                 3547        2.225        0.000                       0                  1915  


Timing constraints are not met.


------------------------------------------------------------------------------------------------
| Clock Summary
| -------------
------------------------------------------------------------------------------------------------

Clock          Waveform(ns)         Period(ns)      Frequency(MHz)
-----          ------------         ----------      --------------
scheduler_clk  {0.000 2.500}        5.000           200.000         


------------------------------------------------------------------------------------------------
| Intra Clock Table
| -----------------
------------------------------------------------------------------------------------------------

Clock              WNS(ns)      TNS(ns)  TNS Failing Endpoints  TNS Total Endpoints     WPWS(ns)     TPWS(ns)  TPWS Failing Endpoints  TPWS Total Endpoints  
-----              -------      -------  ---------------------  -------------------     --------     --------  ----------------------  --------------------  
scheduler_clk       -1.999     -459.478                    634                 3547        2.225        0.000                       0                  1915  


------------------------------------------------------------------------------------------------
| Inter Clock Table
| -----------------
------------------------------------------------------------------------------------------------

From Clock    To Clock          WNS(ns)      TNS(ns)  TNS Failing Endpoints  TNS Total Endpoints  
----------    --------          -------      -------  ---------------------  -------------------  


------------------------------------------------------------------------------------------------
| Other Path Groups Table
| -----------------------
------------------------------------------------------------------------------------------------

Path Group    From Clock    To Clock          WNS(ns)      TNS(ns)  TNS Failing Endpoints  TNS Total Endpoints  
----------    ----------    --------          -------      -------  ---------------------  -------------------  


------------------------------------------------------------------------------------------------
| Timing Details
| --------------
------------------------------------------------------------------------------------------------


---------------------------------------------------------------------------------------------------
From Clock:  scheduler_clk
  To Clock:  scheduler_clk

Setup :          634  Failing Endpoints,  Worst Slack       -1.999ns,  Total Violation     -459.478ns
Hold  :           NA  Failing Endpoints,  Worst Slack           NA  ,  Total Violation           NA
PW    :            0  Failing Endpoints,  Worst Slack        2.225ns,  Total Violation        0.000ns
---------------------------------------------------------------------------------------------------


Max Delay Paths
--------------------------------------------------------------------------------------
Slack (VIOLATED) :        -1.999ns  (required time - arrival time)
  Source:                 i_scheduler_core/i_round_engine/FSM_onehot_st_q_reg[8]/C
                            (rising edge-triggered cell FDCE clocked by scheduler_clk  {rise@0.000ns fall@2.500ns period=5.000ns})
  Destination:            i_scheduler_core/i_round_engine/i_bound_score/h_load_c2_q_reg[11]/D
                            (rising edge-triggered cell FDCE clocked by scheduler_clk  {rise@0.000ns fall@2.500ns period=5.000ns})
  Path Group:             scheduler_clk
  Path Type:              Setup (Max at Slow Process Corner)
  Requirement:            5.000ns  (scheduler_clk rise@5.000ns - scheduler_clk rise@0.000ns)
  Data Path Delay:        6.666ns  (logic 2.060ns (30.903%)  route 4.606ns (69.097%))
  Logic Levels:           26  (LOOKAHEAD8=2 LUT2=1 LUT3=1 LUT4=2 LUT5=1 LUT6=14 LUTCY1=4 LUTCY2=1)
  Clock Path Skew:        -0.040ns (DCD - SCD + CPR)
    Destination Clock Delay (DCD):    0.080ns = ( 5.080 - 5.000 ) 
    Source Clock Delay      (SCD):    0.120ns
    Clock Pessimism Removal (CPR):    0.000ns
  Clock Uncertainty:      0.300ns  (CJ)/2 + PE + PJ
    Clock Jitter             (CJ):    0.600ns
    Phase Error              (PE):    0.000ns
    Phase Jitter             (PJ):    0.000ns

    Location             Delay type                Incr(ns)  Path(ns)    Netlist Resource(s)
  -------------------------------------------------------------------    -------------------
                         (clock scheduler_clk rise edge)
                                                      0.000     0.000 r  
                                                      0.000     0.000 r  clk_i (IN)
                         net (fo=1914, unset)         0.120     0.120    i_scheduler_core/i_round_engine/clk_i
                         FDCE                                         r  i_scheduler_core/i_round_engine/FSM_onehot_st_q_reg[8]/C
  -------------------------------------------------------------------    -------------------
                         FDCE (Prop_FDCE_C_Q)         0.090     0.210 f  i_scheduler_core/i_round_engine/FSM_onehot_st_q_reg[8]/Q
                         net (fo=43, unplaced)        0.319     0.529    i_scheduler_core/i_round_engine/i_transition_eval/FSM_onehot_st_q_reg[0]_1[8]
                         LUT6 (Prop_LUT6_I1_O)        0.088     0.617 r  i_scheduler_core/i_round_engine/i_transition_eval/c2_endpoint_q[task_end][11]_bret__4_bret__7_i_6/O
                         net (fo=2, unplaced)         0.145     0.762    i_scheduler_core/i_round_engine/i_bound_score/c2_endpoint_q[task_end][11]_bret__4_bret__7_i_4_1
                         LUT4 (Prop_LUT4_I3_O)        0.051     0.813 r  i_scheduler_core/i_round_engine/i_bound_score/g0_b0_i_15/O
                         net (fo=2, unplaced)         0.210     1.023    i_scheduler_core/i_round_engine/i_bound_score/g0_b0_i_15_n_0
                         LUT6 (Prop_LUT6_I2_O)        0.088     1.111 r  i_scheduler_core/i_round_engine/i_bound_score/g0_b0_i_8/O
                         net (fo=10, unplaced)        0.243     1.354    i_scheduler_core/i_round_engine/i_bound_score/FSM_onehot_st_q_reg[4]
                         LUT6 (Prop_LUT6_I1_O)        0.088     1.442 f  i_scheduler_core/i_round_engine/i_bound_score/c2_endpoint_q[task_end][1]_bret__6_bret__30_bret__1_i_5/O
                         net (fo=68, unplaced)        0.287     1.729    i_scheduler_core/i_round_engine/i_bound_score/h_load_c2_q[11]_i_84/I2
                         LUT6 (Prop_LUT6_I2_O)        0.088     1.817 r  i_scheduler_core/i_round_engine/i_bound_score/h_load_c2_q[11]_i_84/LUT6/O
                         net (fo=1, unplaced)         0.145     1.962    i_scheduler_core/i_round_engine/i_bound_score/h_load_c2_q[11]_i_84_n_1
                         LUT6 (Prop_LUT6_I4_O)        0.051     2.013 f  i_scheduler_core/i_round_engine/i_bound_score/h_load_c2_q[11]_i_62/O
                         net (fo=13, unplaced)        0.167     2.180    i_scheduler_core/i_round_engine/i_bound_score/h_load_c2_q[11]_i_62_n_0
                         LUT6 (Prop_LUT6_I3_O)        0.074     2.254 r  i_scheduler_core/i_round_engine/i_bound_score/h_load_c2_q[11]_i_37/O
                         net (fo=9, unplaced)         0.241     2.495    i_scheduler_core/i_round_engine/i_bound_score/h_load_c2_q[11]_i_37_n_0
                         LUT6 (Prop_LUT6_I2_O)        0.088     2.583 r  i_scheduler_core/i_round_engine/i_bound_score/scratch_q[24]_i_77/O
                         net (fo=9, unplaced)         0.241     2.824    i_scheduler_core/i_round_engine/i_bound_score/scratch_q[24]_i_77_n_0
                         LUT6 (Prop_LUT6_I2_O)        0.088     2.912 r  i_scheduler_core/i_round_engine/i_bound_score/scratch_q[6]_i_28/O
                         net (fo=1, unplaced)         0.210     3.122    i_scheduler_core/i_round_engine/i_bound_score/eval_bound_head5[2][ntok][1]
                         LUT6 (Prop_LUT6_I1_O)        0.088     3.210 f  i_scheduler_core/i_round_engine/i_bound_score/scratch_q[6]_i_17/O
                         net (fo=2, unplaced)         0.128     3.338    i_scheduler_core/i_round_engine/i_bound_score/scratch_q[6]_i_17_n_0
                         LUT4 (Prop_LUT4_I1_O)        0.074     3.412 r  i_scheduler_core/i_round_engine/i_bound_score/scratch_q[6]_i_9/O
                         net (fo=16, unplaced)        0.254     3.666    i_scheduler_core/i_round_engine/i_bound_score/scratch_q[6]_i_9_n_0
                         LUT6 (Prop_LUT6_I2_O)        0.088     3.754 r  i_scheduler_core/i_round_engine/i_bound_score/scratch_q[24]_i_17/O
                         net (fo=14, unplaced)        0.186     3.940    i_scheduler_core/i_round_engine/i_bound_score/scratch_q[24]_i_17_n_0
                         LUT6 (Prop_LUT6_I5_O)        0.051     3.991 r  i_scheduler_core/i_round_engine/i_bound_score/h_load_c2_q[9]_i_11/O
                         net (fo=17, unplaced)        0.190     4.181    i_scheduler_core/i_round_engine/i_bound_score/p_0_in[7]
                         LUT2 (Prop_LUT2_I1_O)        0.051     4.232 r  i_scheduler_core/i_round_engine/i_bound_score/h_load_c2_q[6]_i_10/O
                         net (fo=10, unplaced)        0.243     4.475    i_scheduler_core/i_round_engine/i_bound_score/h_load_c2_q_reg[6]_i_6/I2
                         LUTCY1 (Prop_LUTCY1_I2_PROP)
                                                      0.085     4.560 r  i_scheduler_core/i_round_engine/i_bound_score/h_load_c2_q_reg[6]_i_6/LUTCY1_INST/PROP
                         net (fo=1, unplaced)         0.002     4.562    i_scheduler_core/i_round_engine/i_bound_score/h_load_c2_q_reg[6]_i_6_n_3
                         LOOKAHEAD8 (Prop_LOOKAHEAD8_PROPG_COUTH)
                                                      0.124     4.686 r  i_scheduler_core/i_round_engine/i_bound_score/h_load_c2_q_reg[8]_i_12/COUTH
                         net (fo=3, unplaced)         0.198     4.884    i_scheduler_core/i_round_engine/i_bound_score/h_load_c2_q_reg[8]_i_6/I4
                         LUTCY1 (Prop_LUTCY1_I4_O)    0.057     4.941 r  i_scheduler_core/i_round_engine/i_bound_score/h_load_c2_q_reg[8]_i_6/LUTCY1_INST/O
                         net (fo=5, unplaced)         0.241     5.182    i_scheduler_core/i_round_engine/i_bound_score/in21[8]
                         LUT3 (Prop_LUT3_I2_O)        0.051     5.233 r  i_scheduler_core/i_round_engine/i_bound_score/h_load_c2_q[8]_i_8/O
                         net (fo=4, unplaced)         0.222     5.455    i_scheduler_core/i_round_engine/i_bound_score/h_load_c2_q[8]_i_8_n_0
                         LUT6 (Prop_LUT6_I1_O)        0.088     5.543 r  i_scheduler_core/i_round_engine/i_bound_score/h_load_c2_q[9]_i_13/O
                         net (fo=1, unplaced)         0.145     5.688    i_scheduler_core/i_round_engine/i_bound_score/h_load_c2_q[9]_i_13_n_0
                         LUT5 (Prop_LUT5_I3_O)        0.051     5.739 r  i_scheduler_core/i_round_engine/i_bound_score/h_load_c2_q[9]_i_12/O
                         net (fo=2, unplaced)         0.187     5.926    i_scheduler_core/i_round_engine/i_bound_score/h_load_c2_q_reg[9]_i_7/I0
                         LUTCY1 (Prop_LUTCY1_I0_PROP)
                                                      0.131     6.057 r  i_scheduler_core/i_round_engine/i_bound_score/h_load_c2_q_reg[9]_i_7/LUTCY1_INST/PROP
                         net (fo=1, unplaced)         0.002     6.059    i_scheduler_core/i_round_engine/i_bound_score/h_load_c2_q_reg[9]_i_7_n_3
                         LOOKAHEAD8 (Prop_LOOKAHEAD8_PROPB_COUTB)
                                                      0.085     6.144 r  i_scheduler_core/i_round_engine/i_bound_score/h_load_c2_q_reg[12]_bret__0_i_7/COUTB
                         net (fo=2, unplaced)         0.013     6.157    i_scheduler_core/i_round_engine/i_bound_score/h_load_c2_q_reg[10]_i_14/I4
                         LUTCY2 (Prop_LUTCY2_I4_O)    0.049     6.206 r  i_scheduler_core/i_round_engine/i_bound_score/h_load_c2_q_reg[10]_i_14/LUTCY2_INST/O
                         net (fo=3, unplaced)         0.015     6.221    i_scheduler_core/i_round_engine/i_bound_score/h_load_c2_q_reg[11]_i_27/I4
                         LUTCY1 (Prop_LUTCY1_I4_O)    0.055     6.276 r  i_scheduler_core/i_round_engine/i_bound_score/h_load_c2_q_reg[11]_i_27/LUTCY1_INST/O
                         net (fo=1, unplaced)         0.294     6.570    i_scheduler_core/i_round_engine/i_bound_score/load_c2_next0[11]
                         LUT6 (Prop_LUT6_I1_O)        0.088     6.658 f  i_scheduler_core/i_round_engine/i_bound_score/h_load_c2_q[11]_i_11/O
                         net (fo=1, unplaced)         0.016     6.674    i_scheduler_core/i_round_engine/i_bound_score/h_load_c2_q[11]_i_11_n_0
                         LUT6 (Prop_LUT6_I4_O)        0.050     6.724 r  i_scheduler_core/i_round_engine/i_bound_score/h_load_c2_q[11]_i_2/O
                         net (fo=1, unplaced)         0.062     6.786    i_scheduler_core/i_round_engine/i_bound_score/h_load_c2_q[11]_i_2_n_0
                         FDCE                                         r  i_scheduler_core/i_round_engine/i_bound_score/h_load_c2_q_reg[11]/D
  -------------------------------------------------------------------    -------------------

                         (clock scheduler_clk rise edge)
                                                      5.000     5.000 r  
                                                      0.000     5.000 r  clk_i (IN)
                         net (fo=1914, unset)         0.080     5.080    i_scheduler_core/i_round_engine/i_bound_score/clk_i
                         FDCE                                         r  i_scheduler_core/i_round_engine/i_bound_score/h_load_c2_q_reg[11]/C
                         clock pessimism              0.000     5.080    
                         clock uncertainty           -0.300     4.780    
                         FDCE (Setup_FDCE_C_D)        0.007     4.787    i_scheduler_core/i_round_engine/i_bound_score/h_load_c2_q_reg[11]
  -------------------------------------------------------------------
                         required time                          4.787    
                         arrival time                          -6.786    
  -------------------------------------------------------------------
                         slack                                 -1.999    

Slack (VIOLATED) :        -1.935ns  (required time - arrival time)
  Source:                 i_scheduler_core/i_round_engine/FSM_onehot_st_q_reg[8]/C
                            (rising edge-triggered cell FDCE clocked by scheduler_clk  {rise@0.000ns fall@2.500ns period=5.000ns})
  Destination:            i_scheduler_core/i_round_engine/i_bound_score/h_load_c2_q_reg[12]_bret__0/D
                            (rising edge-triggered cell FDCE clocked by scheduler_clk  {rise@0.000ns fall@2.500ns period=5.000ns})
  Path Group:             scheduler_clk
  Path Type:              Setup (Max at Slow Process Corner)
  Requirement:            5.000ns  (scheduler_clk rise@5.000ns - scheduler_clk rise@0.000ns)
  Data Path Delay:        6.602ns  (logic 2.026ns (30.688%)  route 4.576ns (69.312%))
  Logic Levels:           24  (LOOKAHEAD8=2 LUT2=1 LUT3=1 LUT4=2 LUT5=1 LUT6=13 LUTCY1=4)
  Clock Path Skew:        -0.040ns (DCD - SCD + CPR)
    Destination Clock Delay (DCD):    0.080ns = ( 5.080 - 5.000 ) 
    Source Clock Delay      (SCD):    0.120ns
    Clock Pessimism Removal (CPR):    0.000ns
  Clock Uncertainty:      0.300ns  (CJ)/2 + PE + PJ
    Clock Jitter             (CJ):    0.600ns
    Phase Error              (PE):    0.000ns
    Phase Jitter             (PJ):    0.000ns

    Location             Delay type                Incr(ns)  Path(ns)    Netlist Resource(s)
  -------------------------------------------------------------------    -------------------
                         (clock scheduler_clk rise edge)
                                                      0.000     0.000 r  
                                                      0.000     0.000 r  clk_i (IN)
                         net (fo=1914, unset)         0.120     0.120    i_scheduler_core/i_round_engine/clk_i
                         FDCE                                         r  i_scheduler_core/i_round_engine/FSM_onehot_st_q_reg[8]/C
  -------------------------------------------------------------------    -------------------
                         FDCE (Prop_FDCE_C_Q)         0.090     0.210 f  i_scheduler_core/i_round_engine/FSM_onehot_st_q_reg[8]/Q
                         net (fo=43, unplaced)        0.319     0.529    i_scheduler_core/i_round_engine/i_transition_eval/FSM_onehot_st_q_reg[0]_1[8]
                         LUT6 (Prop_LUT6_I1_O)        0.088     0.617 r  i_scheduler_core/i_round_engine/i_transition_eval/c2_endpoint_q[task_end][11]_bret__4_bret__7_i_6/O
                         net (fo=2, unplaced)         0.145     0.762    i_scheduler_core/i_round_engine/i_bound_score/c2_endpoint_q[task_end][11]_bret__4_bret__7_i_4_1
                         LUT4 (Prop_LUT4_I3_O)        0.051     0.813 r  i_scheduler_core/i_round_engine/i_bound_score/g0_b0_i_15/O
                         net (fo=2, unplaced)         0.210     1.023    i_scheduler_core/i_round_engine/i_bound_score/g0_b0_i_15_n_0
                         LUT6 (Prop_LUT6_I2_O)        0.088     1.111 r  i_scheduler_core/i_round_engine/i_bound_score/g0_b0_i_8/O
                         net (fo=10, unplaced)        0.243     1.354    i_scheduler_core/i_round_engine/i_bound_score/FSM_onehot_st_q_reg[4]
                         LUT6 (Prop_LUT6_I1_O)        0.088     1.442 f  i_scheduler_core/i_round_engine/i_bound_score/c2_endpoint_q[task_end][1]_bret__6_bret__30_bret__1_i_5/O
                         net (fo=68, unplaced)        0.287     1.729    i_scheduler_core/i_round_engine/i_bound_score/h_load_c2_q[11]_i_84/I2
                         LUT6 (Prop_LUT6_I2_O)        0.088     1.817 r  i_scheduler_core/i_round_engine/i_bound_score/h_load_c2_q[11]_i_84/LUT6/O
                         net (fo=1, unplaced)         0.145     1.962    i_scheduler_core/i_round_engine/i_bound_score/h_load_c2_q[11]_i_84_n_1
                         LUT6 (Prop_LUT6_I4_O)        0.051     2.013 f  i_scheduler_core/i_round_engine/i_bound_score/h_load_c2_q[11]_i_62/O
                         net (fo=13, unplaced)        0.167     2.180    i_scheduler_core/i_round_engine/i_bound_score/h_load_c2_q[11]_i_62_n_0
                         LUT6 (Prop_LUT6_I3_O)        0.074     2.254 r  i_scheduler_core/i_round_engine/i_bound_score/h_load_c2_q[11]_i_37/O
                         net (fo=9, unplaced)         0.241     2.495    i_scheduler_core/i_round_engine/i_bound_score/h_load_c2_q[11]_i_37_n_0
                         LUT6 (Prop_LUT6_I2_O)        0.088     2.583 r  i_scheduler_core/i_round_engine/i_bound_score/scratch_q[24]_i_77/O
                         net (fo=9, unplaced)         0.241     2.824    i_scheduler_core/i_round_engine/i_bound_score/scratch_q[24]_i_77_n_0
                         LUT6 (Prop_LUT6_I2_O)        0.088     2.912 r  i_scheduler_core/i_round_engine/i_bound_score/scratch_q[6]_i_28/O
                         net (fo=1, unplaced)         0.210     3.122    i_scheduler_core/i_round_engine/i_bound_score/eval_bound_head5[2][ntok][1]
                         LUT6 (Prop_LUT6_I1_O)        0.088     3.210 f  i_scheduler_core/i_round_engine/i_bound_score/scratch_q[6]_i_17/O
                         net (fo=2, unplaced)         0.128     3.338    i_scheduler_core/i_round_engine/i_bound_score/scratch_q[6]_i_17_n_0
                         LUT4 (Prop_LUT4_I1_O)        0.074     3.412 r  i_scheduler_core/i_round_engine/i_bound_score/scratch_q[6]_i_9/O
                         net (fo=16, unplaced)        0.254     3.666    i_scheduler_core/i_round_engine/i_bound_score/scratch_q[6]_i_9_n_0
                         LUT6 (Prop_LUT6_I2_O)        0.088     3.754 r  i_scheduler_core/i_round_engine/i_bound_score/scratch_q[24]_i_17/O
                         net (fo=14, unplaced)        0.186     3.940    i_scheduler_core/i_round_engine/i_bound_score/scratch_q[24]_i_17_n_0
                         LUT6 (Prop_LUT6_I5_O)        0.051     3.991 r  i_scheduler_core/i_round_engine/i_bound_score/h_load_c2_q[9]_i_11/O
                         net (fo=17, unplaced)        0.190     4.181    i_scheduler_core/i_round_engine/i_bound_score/p_0_in[7]
                         LUT2 (Prop_LUT2_I1_O)        0.051     4.232 r  i_scheduler_core/i_round_engine/i_bound_score/h_load_c2_q[6]_i_10/O
                         net (fo=10, unplaced)        0.243     4.475    i_scheduler_core/i_round_engine/i_bound_score/h_load_c2_q_reg[6]_i_6/I2
                         LUTCY1 (Prop_LUTCY1_I2_PROP)
                                                      0.085     4.560 r  i_scheduler_core/i_round_engine/i_bound_score/h_load_c2_q_reg[6]_i_6/LUTCY1_INST/PROP
                         net (fo=1, unplaced)         0.002     4.562    i_scheduler_core/i_round_engine/i_bound_score/h_load_c2_q_reg[6]_i_6_n_3
                         LOOKAHEAD8 (Prop_LOOKAHEAD8_PROPG_COUTH)
                                                      0.124     4.686 r  i_scheduler_core/i_round_engine/i_bound_score/h_load_c2_q_reg[8]_i_12/COUTH
                         net (fo=3, unplaced)         0.198     4.884    i_scheduler_core/i_round_engine/i_bound_score/h_load_c2_q_reg[8]_i_6/I4
                         LUTCY1 (Prop_LUTCY1_I4_O)    0.057     4.941 r  i_scheduler_core/i_round_engine/i_bound_score/h_load_c2_q_reg[8]_i_6/LUTCY1_INST/O
                         net (fo=5, unplaced)         0.241     5.182    i_scheduler_core/i_round_engine/i_bound_score/in21[8]
                         LUT3 (Prop_LUT3_I2_O)        0.051     5.233 r  i_scheduler_core/i_round_engine/i_bound_score/h_load_c2_q[8]_i_8/O
                         net (fo=4, unplaced)         0.222     5.455    i_scheduler_core/i_round_engine/i_bound_score/h_load_c2_q[8]_i_8_n_0
                         LUT6 (Prop_LUT6_I1_O)        0.088     5.543 r  i_scheduler_core/i_round_engine/i_bound_score/h_load_c2_q[9]_i_13/O
                         net (fo=1, unplaced)         0.145     5.688    i_scheduler_core/i_round_engine/i_bound_score/h_load_c2_q[9]_i_13_n_0
                         LUT5 (Prop_LUT5_I3_O)        0.051     5.739 r  i_scheduler_core/i_round_engine/i_bound_score/h_load_c2_q[9]_i_12/O
                         net (fo=2, unplaced)         0.187     5.926    i_scheduler_core/i_round_engine/i_bound_score/h_load_c2_q_reg[9]_i_7/I0
                         LUTCY1 (Prop_LUTCY1_I0_PROP)
                                                      0.131     6.057 r  i_scheduler_core/i_round_engine/i_bound_score/h_load_c2_q_reg[9]_i_7/LUTCY1_INST/PROP
                         net (fo=1, unplaced)         0.002     6.059    i_scheduler_core/i_round_engine/i_bound_score/h_load_c2_q_reg[9]_i_7_n_3
                         LOOKAHEAD8 (Prop_LOOKAHEAD8_PROPB_COUTD)
                                                      0.149     6.208 r  i_scheduler_core/i_round_engine/i_bound_score/h_load_c2_q_reg[12]_bret__0_i_7/COUTD
                         net (fo=2, unplaced)         0.014     6.222    i_scheduler_core/i_round_engine/i_bound_score/h_load_c2_q_reg[12]_bret__0_i_3/I4
                         LUTCY1 (Prop_LUTCY1_I4_O)    0.056     6.278 r  i_scheduler_core/i_round_engine/i_bound_score/h_load_c2_q_reg[12]_bret__0_i_3/LUTCY1_INST/O
                         net (fo=1, unplaced)         0.294     6.572    i_scheduler_core/i_round_engine/i_bound_score/load_c2_next0[12]
                         LUT6 (Prop_LUT6_I2_O)        0.088     6.660 r  i_scheduler_core/i_round_engine/i_bound_score/h_load_c2_q[12]_bret__0_i_1/O
                         net (fo=1, unplaced)         0.062     6.722    i_scheduler_core/i_round_engine/i_bound_score/h_load_c2_q[12]_bret__0_i_1_n_0
                         FDCE                                         r  i_scheduler_core/i_round_engine/i_bound_score/h_load_c2_q_reg[12]_bret__0/D
  -------------------------------------------------------------------    -------------------

                         (clock scheduler_clk rise edge)
                                                      5.000     5.000 r  
                                                      0.000     5.000 r  clk_i (IN)
                         net (fo=1914, unset)         0.080     5.080    i_scheduler_core/i_round_engine/i_bound_score/clk_i
                         FDCE                                         r  i_scheduler_core/i_round_engine/i_bound_score/h_load_c2_q_reg[12]_bret__0/C
                         clock pessimism              0.000     5.080    
                         clock uncertainty           -0.300     4.780    
                         FDCE (Setup_FDCE_C_D)        0.007     4.787    i_scheduler_core/i_round_engine/i_bound_score/h_load_c2_q_reg[12]_bret__0
  -------------------------------------------------------------------
                         required time                          4.787    
                         arrival time                          -6.722    
  -------------------------------------------------------------------
                         slack                                 -1.935    

Slack (VIOLATED) :        -1.928ns  (required time - arrival time)
  Source:                 i_scheduler_core/i_round_engine/FSM_onehot_st_q_reg[8]/C
                            (rising edge-triggered cell FDCE clocked by scheduler_clk  {rise@0.000ns fall@2.500ns period=5.000ns})
  Destination:            i_scheduler_core/i_round_engine/i_bound_score/h_load_c3_q_reg[11]/D
                            (rising edge-triggered cell FDCE clocked by scheduler_clk  {rise@0.000ns fall@2.500ns period=5.000ns})
  Path Group:             scheduler_clk
  Path Type:              Setup (Max at Slow Process Corner)
  Requirement:            5.000ns  (scheduler_clk rise@5.000ns - scheduler_clk rise@0.000ns)
  Data Path Delay:        6.595ns  (logic 2.054ns (31.145%)  route 4.541ns (68.855%))
  Logic Levels:           26  (LOOKAHEAD8=2 LUT2=1 LUT3=1 LUT4=2 LUT5=1 LUT6=14 LUTCY1=4 LUTCY2=1)
  Clock Path Skew:        -0.040ns (DCD - SCD + CPR)
    Destination Clock Delay (DCD):    0.080ns = ( 5.080 - 5.000 ) 
    Source Clock Delay      (SCD):    0.120ns
    Clock Pessimism Removal (CPR):    0.000ns
  Clock Uncertainty:      0.300ns  (CJ)/2 + PE + PJ
    Clock Jitter             (CJ):    0.600ns
    Phase Error              (PE):    0.000ns
    Phase Jitter             (PJ):    0.000ns

    Location             Delay type                Incr(ns)  Path(ns)    Netlist Resource(s)
  -------------------------------------------------------------------    -------------------
                         (clock scheduler_clk rise edge)
                                                      0.000     0.000 r  
                                                      0.000     0.000 r  clk_i (IN)
                         net (fo=1914, unset)         0.120     0.120    i_scheduler_core/i_round_engine/clk_i
                         FDCE                                         r  i_scheduler_core/i_round_engine/FSM_onehot_st_q_reg[8]/C
  -------------------------------------------------------------------    -------------------
                         FDCE (Prop_FDCE_C_Q)         0.090     0.210 f  i_scheduler_core/i_round_engine/FSM_onehot_st_q_reg[8]/Q
                         net (fo=43, unplaced)        0.319     0.529    i_scheduler_core/i_round_engine/i_transition_eval/FSM_onehot_st_q_reg[0]_1[8]
                         LUT6 (Prop_LUT6_I1_O)        0.088     0.617 r  i_scheduler_core/i_round_engine/i_transition_eval/c2_endpoint_q[task_end][11]_bret__4_bret__7_i_6/O
                         net (fo=2, unplaced)         0.145     0.762    i_scheduler_core/i_round_engine/i_bound_score/c2_endpoint_q[task_end][11]_bret__4_bret__7_i_4_1
                         LUT4 (Prop_LUT4_I3_O)        0.051     0.813 r  i_scheduler_core/i_round_engine/i_bound_score/g0_b0_i_15/O
                         net (fo=2, unplaced)         0.210     1.023    i_scheduler_core/i_round_engine/i_bound_score/g0_b0_i_15_n_0
                         LUT6 (Prop_LUT6_I2_O)        0.088     1.111 r  i_scheduler_core/i_round_engine/i_bound_score/g0_b0_i_8/O
                         net (fo=10, unplaced)        0.243     1.354    i_scheduler_core/i_round_engine/i_bound_score/FSM_onehot_st_q_reg[4]
                         LUT6 (Prop_LUT6_I1_O)        0.088     1.442 f  i_scheduler_core/i_round_engine/i_bound_score/c2_endpoint_q[task_end][1]_bret__6_bret__30_bret__1_i_5/O
                         net (fo=68, unplaced)        0.287     1.729    i_scheduler_core/i_round_engine/i_bound_score/h_load_c2_q[11]_i_84/I2
                         LUT6 (Prop_LUT6_I2_O)        0.088     1.817 r  i_scheduler_core/i_round_engine/i_bound_score/h_load_c2_q[11]_i_84/LUT6/O
                         net (fo=1, unplaced)         0.145     1.962    i_scheduler_core/i_round_engine/i_bound_score/h_load_c2_q[11]_i_84_n_1
                         LUT6 (Prop_LUT6_I4_O)        0.051     2.013 f  i_scheduler_core/i_round_engine/i_bound_score/h_load_c2_q[11]_i_62/O
                         net (fo=13, unplaced)        0.167     2.180    i_scheduler_core/i_round_engine/i_bound_score/h_load_c2_q[11]_i_62_n_0
                         LUT6 (Prop_LUT6_I3_O)        0.074     2.254 r  i_scheduler_core/i_round_engine/i_bound_score/h_load_c2_q[11]_i_37/O
                         net (fo=9, unplaced)         0.241     2.495    i_scheduler_core/i_round_engine/i_bound_score/h_load_c2_q[11]_i_37_n_0
                         LUT6 (Prop_LUT6_I2_O)        0.088     2.583 r  i_scheduler_core/i_round_engine/i_bound_score/scratch_q[24]_i_77/O
                         net (fo=9, unplaced)         0.241     2.824    i_scheduler_core/i_round_engine/i_bound_score/scratch_q[24]_i_77_n_0
                         LUT6 (Prop_LUT6_I2_O)        0.088     2.912 r  i_scheduler_core/i_round_engine/i_bound_score/scratch_q[6]_i_28/O
                         net (fo=1, unplaced)         0.210     3.122    i_scheduler_core/i_round_engine/i_bound_score/eval_bound_head5[2][ntok][1]
                         LUT6 (Prop_LUT6_I1_O)        0.088     3.210 f  i_scheduler_core/i_round_engine/i_bound_score/scratch_q[6]_i_17/O
                         net (fo=2, unplaced)         0.128     3.338    i_scheduler_core/i_round_engine/i_bound_score/scratch_q[6]_i_17_n_0
                         LUT4 (Prop_LUT4_I1_O)        0.074     3.412 r  i_scheduler_core/i_round_engine/i_bound_score/scratch_q[6]_i_9/O
                         net (fo=16, unplaced)        0.254     3.666    i_scheduler_core/i_round_engine/i_bound_score/scratch_q[6]_i_9_n_0
                         LUT6 (Prop_LUT6_I2_O)        0.088     3.754 r  i_scheduler_core/i_round_engine/i_bound_score/scratch_q[24]_i_17/O
                         net (fo=14, unplaced)        0.186     3.940    i_scheduler_core/i_round_engine/i_bound_score/scratch_q[24]_i_17_n_0
                         LUT6 (Prop_LUT6_I5_O)        0.051     3.991 r  i_scheduler_core/i_round_engine/i_bound_score/h_load_c2_q[9]_i_11/O
                         net (fo=17, unplaced)        0.190     4.181    i_scheduler_core/i_round_engine/i_bound_score/p_0_in[7]
                         LUT2 (Prop_LUT2_I1_O)        0.051     4.232 r  i_scheduler_core/i_round_engine/i_bound_score/h_load_c2_q[6]_i_10/O
                         net (fo=10, unplaced)        0.243     4.475    i_scheduler_core/i_round_engine/i_bound_score/h_load_c3_q_reg[6]_i_4/I2
                         LUTCY1 (Prop_LUTCY1_I2_PROP)
                                                      0.085     4.560 r  i_scheduler_core/i_round_engine/i_bound_score/h_load_c3_q_reg[6]_i_4/LUTCY1_INST/PROP
                         net (fo=1, unplaced)         0.002     4.562    i_scheduler_core/i_round_engine/i_bound_score/h_load_c3_q_reg[6]_i_4_n_3
                         LOOKAHEAD8 (Prop_LOOKAHEAD8_PROPG_COUTH)
                                                      0.124     4.686 r  i_scheduler_core/i_round_engine/i_bound_score/h_load_c3_q_reg[8]_i_14/COUTH
                         net (fo=3, unplaced)         0.198     4.884    i_scheduler_core/i_round_engine/i_bound_score/h_load_c3_q_reg[8]_i_10/I4
                         LUTCY1 (Prop_LUTCY1_I4_O)    0.057     4.941 r  i_scheduler_core/i_round_engine/i_bound_score/h_load_c3_q_reg[8]_i_10/LUTCY1_INST/O
                         net (fo=4, unplaced)         0.235     5.176    i_scheduler_core/i_round_engine/i_bound_score/in16[8]
                         LUT3 (Prop_LUT3_I2_O)        0.082     5.258 r  i_scheduler_core/i_round_engine/i_bound_score/h_load_c3_q[9]_i_12/O
                         net (fo=5, unplaced)         0.163     5.421    i_scheduler_core/i_round_engine/i_bound_score/load_c3_next[8]
                         LUT6 (Prop_LUT6_I5_O)        0.051     5.472 r  i_scheduler_core/i_round_engine/i_bound_score/h_load_c3_q[9]_i_14/O
                         net (fo=1, unplaced)         0.145     5.617    i_scheduler_core/i_round_engine/i_bound_score/h_load_c3_q[9]_i_14_n_0
                         LUT5 (Prop_LUT5_I3_O)        0.051     5.668 r  i_scheduler_core/i_round_engine/i_bound_score/h_load_c3_q[9]_i_11/O
                         net (fo=2, unplaced)         0.187     5.855    i_scheduler_core/i_round_engine/i_bound_score/h_load_c3_q_reg[9]_i_9/I0
                         LUTCY1 (Prop_LUTCY1_I0_PROP)
                                                      0.131     5.986 r  i_scheduler_core/i_round_engine/i_bound_score/h_load_c3_q_reg[9]_i_9/LUTCY1_INST/PROP
                         net (fo=1, unplaced)         0.002     5.988    i_scheduler_core/i_round_engine/i_bound_score/h_load_c3_q_reg[9]_i_9_n_3
                         LOOKAHEAD8 (Prop_LOOKAHEAD8_PROPB_COUTB)
                                                      0.085     6.073 r  i_scheduler_core/i_round_engine/i_bound_score/h_load_c3_q_reg[12]_bret__0_i_8/COUTB
                         net (fo=2, unplaced)         0.013     6.086    i_scheduler_core/i_round_engine/i_bound_score/h_load_c3_q_reg[10]_i_8/I4
                         LUTCY2 (Prop_LUTCY2_I4_O)    0.049     6.135 r  i_scheduler_core/i_round_engine/i_bound_score/h_load_c3_q_reg[10]_i_8/LUTCY2_INST/O
                         net (fo=3, unplaced)         0.015     6.150    i_scheduler_core/i_round_engine/i_bound_score/h_load_c3_q_reg[11]_i_12/I4
                         LUTCY1 (Prop_LUTCY1_I4_O)    0.055     6.205 r  i_scheduler_core/i_round_engine/i_bound_score/h_load_c3_q_reg[11]_i_12/LUTCY1_INST/O
                         net (fo=1, unplaced)         0.294     6.499    i_scheduler_core/i_round_engine/i_bound_score/load_c3_next0[11]
                         LUT6 (Prop_LUT6_I2_O)        0.088     6.587 f  i_scheduler_core/i_round_engine/i_bound_score/h_load_c3_q[11]_i_6/O
                         net (fo=1, unplaced)         0.016     6.603    i_scheduler_core/i_round_engine/i_bound_score/h_load_c3_q[11]_i_6_n_0
                         LUT6 (Prop_LUT6_I4_O)        0.050     6.653 r  i_scheduler_core/i_round_engine/i_bound_score/h_load_c3_q[11]_i_2/O
                         net (fo=1, unplaced)         0.062     6.715    i_scheduler_core/i_round_engine/i_bound_score/h_load_c3_q[11]_i_2_n_0
                         FDCE                                         r  i_scheduler_core/i_round_engine/i_bound_score/h_load_c3_q_reg[11]/D
  -------------------------------------------------------------------    -------------------

                         (clock scheduler_clk rise edge)
                                                      5.000     5.000 r  
                                                      0.000     5.000 r  clk_i (IN)
                         net (fo=1914, unset)         0.080     5.080    i_scheduler_core/i_round_engine/i_bound_score/clk_i
                         FDCE                                         r  i_scheduler_core/i_round_engine/i_bound_score/h_load_c3_q_reg[11]/C
                         clock pessimism              0.000     5.080    
                         clock uncertainty           -0.300     4.780    
                         FDCE (Setup_FDCE_C_D)        0.007     4.787    i_scheduler_core/i_round_engine/i_bound_score/h_load_c3_q_reg[11]
  -------------------------------------------------------------------
                         required time                          4.787    
                         arrival time                          -6.715    
  -------------------------------------------------------------------
                         slack                                 -1.928    

Slack (VIOLATED) :        -1.920ns  (required time - arrival time)
  Source:                 i_scheduler_core/i_round_engine/FSM_onehot_st_q_reg[8]/C
                            (rising edge-triggered cell FDCE clocked by scheduler_clk  {rise@0.000ns fall@2.500ns period=5.000ns})
  Destination:            i_scheduler_core/i_round_engine/i_bound_score/h_load_c2_q_reg[9]/D
                            (rising edge-triggered cell FDCE clocked by scheduler_clk  {rise@0.000ns fall@2.500ns period=5.000ns})
  Path Group:             scheduler_clk
  Path Type:              Setup (Max at Slow Process Corner)
  Requirement:            5.000ns  (scheduler_clk rise@5.000ns - scheduler_clk rise@0.000ns)
  Data Path Delay:        6.587ns  (logic 1.882ns (28.571%)  route 4.705ns (71.429%))
  Logic Levels:           23  (LOOKAHEAD8=1 LUT2=1 LUT3=1 LUT4=2 LUT5=1 LUT6=14 LUTCY1=3)
  Clock Path Skew:        -0.040ns (DCD - SCD + CPR)
    Destination Clock Delay (DCD):    0.080ns = ( 5.080 - 5.000 ) 
    Source Clock Delay      (SCD):    0.120ns
    Clock Pessimism Removal (CPR):    0.000ns
  Clock Uncertainty:      0.300ns  (CJ)/2 + PE + PJ
    Clock Jitter             (CJ):    0.600ns
    Phase Error              (PE):    0.000ns
    Phase Jitter             (PJ):    0.000ns

    Location             Delay type                Incr(ns)  Path(ns)    Netlist Resource(s)
  -------------------------------------------------------------------    -------------------
                         (clock scheduler_clk rise edge)
                                                      0.000     0.000 r  
                                                      0.000     0.000 r  clk_i (IN)
                         net (fo=1914, unset)         0.120     0.120    i_scheduler_core/i_round_engine/clk_i
                         FDCE                                         r  i_scheduler_core/i_round_engine/FSM_onehot_st_q_reg[8]/C
  -------------------------------------------------------------------    -------------------
                         FDCE (Prop_FDCE_C_Q)         0.090     0.210 f  i_scheduler_core/i_round_engine/FSM_onehot_st_q_reg[8]/Q
                         net (fo=43, unplaced)        0.319     0.529    i_scheduler_core/i_round_engine/i_transition_eval/FSM_onehot_st_q_reg[0]_1[8]
                         LUT6 (Prop_LUT6_I1_O)        0.088     0.617 r  i_scheduler_core/i_round_engine/i_transition_eval/c2_endpoint_q[task_end][11]_bret__4_bret__7_i_6/O
                         net (fo=2, unplaced)         0.145     0.762    i_scheduler_core/i_round_engine/i_bound_score/c2_endpoint_q[task_end][11]_bret__4_bret__7_i_4_1
                         LUT4 (Prop_LUT4_I3_O)        0.051     0.813 r  i_scheduler_core/i_round_engine/i_bound_score/g0_b0_i_15/O
                         net (fo=2, unplaced)         0.210     1.023    i_scheduler_core/i_round_engine/i_bound_score/g0_b0_i_15_n_0
                         LUT6 (Prop_LUT6_I2_O)        0.088     1.111 r  i_scheduler_core/i_round_engine/i_bound_score/g0_b0_i_8/O
                         net (fo=10, unplaced)        0.243     1.354    i_scheduler_core/i_round_engine/i_bound_score/FSM_onehot_st_q_reg[4]
                         LUT6 (Prop_LUT6_I1_O)        0.088     1.442 f  i_scheduler_core/i_round_engine/i_bound_score/c2_endpoint_q[task_end][1]_bret__6_bret__30_bret__1_i_5/O
                         net (fo=68, unplaced)        0.287     1.729    i_scheduler_core/i_round_engine/i_bound_score/h_load_c2_q[11]_i_84/I2
                         LUT6 (Prop_LUT6_I2_O)        0.088     1.817 r  i_scheduler_core/i_round_engine/i_bound_score/h_load_c2_q[11]_i_84/LUT6/O
                         net (fo=1, unplaced)         0.145     1.962    i_scheduler_core/i_round_engine/i_bound_score/h_load_c2_q[11]_i_84_n_1
                         LUT6 (Prop_LUT6_I4_O)        0.051     2.013 f  i_scheduler_core/i_round_engine/i_bound_score/h_load_c2_q[11]_i_62/O
                         net (fo=13, unplaced)        0.167     2.180    i_scheduler_core/i_round_engine/i_bound_score/h_load_c2_q[11]_i_62_n_0
                         LUT6 (Prop_LUT6_I3_O)        0.074     2.254 r  i_scheduler_core/i_round_engine/i_bound_score/h_load_c2_q[11]_i_37/O
                         net (fo=9, unplaced)         0.241     2.495    i_scheduler_core/i_round_engine/i_bound_score/h_load_c2_q[11]_i_37_n_0
                         LUT6 (Prop_LUT6_I2_O)        0.088     2.583 r  i_scheduler_core/i_round_engine/i_bound_score/scratch_q[24]_i_77/O
                         net (fo=9, unplaced)         0.241     2.824    i_scheduler_core/i_round_engine/i_bound_score/scratch_q[24]_i_77_n_0
                         LUT6 (Prop_LUT6_I2_O)        0.088     2.912 r  i_scheduler_core/i_round_engine/i_bound_score/scratch_q[6]_i_28/O
                         net (fo=1, unplaced)         0.210     3.122    i_scheduler_core/i_round_engine/i_bound_score/eval_bound_head5[2][ntok][1]
                         LUT6 (Prop_LUT6_I1_O)        0.088     3.210 f  i_scheduler_core/i_round_engine/i_bound_score/scratch_q[6]_i_17/O
                         net (fo=2, unplaced)         0.128     3.338    i_scheduler_core/i_round_engine/i_bound_score/scratch_q[6]_i_17_n_0
                         LUT4 (Prop_LUT4_I1_O)        0.074     3.412 r  i_scheduler_core/i_round_engine/i_bound_score/scratch_q[6]_i_9/O
                         net (fo=16, unplaced)        0.254     3.666    i_scheduler_core/i_round_engine/i_bound_score/scratch_q[6]_i_9_n_0
                         LUT6 (Prop_LUT6_I2_O)        0.088     3.754 r  i_scheduler_core/i_round_engine/i_bound_score/scratch_q[24]_i_17/O
                         net (fo=14, unplaced)        0.186     3.940    i_scheduler_core/i_round_engine/i_bound_score/scratch_q[24]_i_17_n_0
                         LUT6 (Prop_LUT6_I5_O)        0.051     3.991 r  i_scheduler_core/i_round_engine/i_bound_score/h_load_c2_q[9]_i_11/O
                         net (fo=17, unplaced)        0.190     4.181    i_scheduler_core/i_round_engine/i_bound_score/p_0_in[7]
                         LUT2 (Prop_LUT2_I1_O)        0.051     4.232 r  i_scheduler_core/i_round_engine/i_bound_score/h_load_c2_q[6]_i_10/O
                         net (fo=10, unplaced)        0.243     4.475    i_scheduler_core/i_round_engine/i_bound_score/h_load_c2_q_reg[6]_i_6/I2
                         LUTCY1 (Prop_LUTCY1_I2_PROP)
                                                      0.085     4.560 r  i_scheduler_core/i_round_engine/i_bound_score/h_load_c2_q_reg[6]_i_6/LUTCY1_INST/PROP
                         net (fo=1, unplaced)         0.002     4.562    i_scheduler_core/i_round_engine/i_bound_score/h_load_c2_q_reg[6]_i_6_n_3
                         LOOKAHEAD8 (Prop_LOOKAHEAD8_PROPG_COUTH)
                                                      0.124     4.686 r  i_scheduler_core/i_round_engine/i_bound_score/h_load_c2_q_reg[8]_i_12/COUTH
                         net (fo=3, unplaced)         0.198     4.884    i_scheduler_core/i_round_engine/i_bound_score/h_load_c2_q_reg[8]_i_6/I4
                         LUTCY1 (Prop_LUTCY1_I4_O)    0.057     4.941 r  i_scheduler_core/i_round_engine/i_bound_score/h_load_c2_q_reg[8]_i_6/LUTCY1_INST/O
                         net (fo=5, unplaced)         0.241     5.182    i_scheduler_core/i_round_engine/i_bound_score/in21[8]
                         LUT3 (Prop_LUT3_I2_O)        0.051     5.233 r  i_scheduler_core/i_round_engine/i_bound_score/h_load_c2_q[8]_i_8/O
                         net (fo=4, unplaced)         0.222     5.455    i_scheduler_core/i_round_engine/i_bound_score/h_load_c2_q[8]_i_8_n_0
                         LUT6 (Prop_LUT6_I1_O)        0.088     5.543 r  i_scheduler_core/i_round_engine/i_bound_score/h_load_c2_q[9]_i_13/O
                         net (fo=1, unplaced)         0.145     5.688    i_scheduler_core/i_round_engine/i_bound_score/h_load_c2_q[9]_i_13_n_0
                         LUT5 (Prop_LUT5_I3_O)        0.051     5.739 r  i_scheduler_core/i_round_engine/i_bound_score/h_load_c2_q[9]_i_12/O
                         net (fo=2, unplaced)         0.187     5.926    i_scheduler_core/i_round_engine/i_bound_score/h_load_c2_q_reg[9]_i_7/I0
                         LUTCY1 (Prop_LUTCY1_I0_O)    0.141     6.067 r  i_scheduler_core/i_round_engine/i_bound_score/h_load_c2_q_reg[9]_i_7/LUTCY1_INST/O
                         net (fo=1, unplaced)         0.294     6.361    i_scheduler_core/i_round_engine/i_bound_score/load_c2_next0[9]
                         LUT6 (Prop_LUT6_I2_O)        0.088     6.449 r  i_scheduler_core/i_round_engine/i_bound_score/h_load_c2_q[9]_i_4/O
                         net (fo=1, unplaced)         0.145     6.594    i_scheduler_core/i_round_engine/i_bound_score/h_load_c2_q[9]_i_4_n_0
                         LUT6 (Prop_LUT6_I4_O)        0.051     6.645 r  i_scheduler_core/i_round_engine/i_bound_score/h_load_c2_q[9]_i_1/O
                         net (fo=1, unplaced)         0.062     6.707    i_scheduler_core/i_round_engine/i_bound_score/h_load_c2_q[9]_i_1_n_0
                         FDCE                                         r  i_scheduler_core/i_round_engine/i_bound_score/h_load_c2_q_reg[9]/D
  -------------------------------------------------------------------    -------------------

                         (clock scheduler_clk rise edge)
                                                      5.000     5.000 r  
                                                      0.000     5.000 r  clk_i (IN)
                         net (fo=1914, unset)         0.080     5.080    i_scheduler_core/i_round_engine/i_bound_score/clk_i
                         FDCE                                         r  i_scheduler_core/i_round_engine/i_bound_score/h_load_c2_q_reg[9]/C
                         clock pessimism              0.000     5.080    
                         clock uncertainty           -0.300     4.780    
                         FDCE (Setup_FDCE_C_D)        0.007     4.787    i_scheduler_core/i_round_engine/i_bound_score/h_load_c2_q_reg[9]
  -------------------------------------------------------------------
                         required time                          4.787    
                         arrival time                          -6.707    
  -------------------------------------------------------------------
                         slack                                 -1.920    

Slack (VIOLATED) :        -1.884ns  (required time - arrival time)
  Source:                 i_scheduler_core/i_round_engine/FSM_onehot_st_q_reg[13]/C
                            (rising edge-triggered cell FDCE clocked by scheduler_clk  {rise@0.000ns fall@2.500ns period=5.000ns})
  Destination:            i_scheduler_core/i_round_engine/i_start_iter/previous_q_reg[0]/CE
                            (rising edge-triggered cell FDCE clocked by scheduler_clk  {rise@0.000ns fall@2.500ns period=5.000ns})
  Path Group:             scheduler_clk
  Path Type:              Setup (Max at Slow Process Corner)
  Requirement:            5.000ns  (scheduler_clk rise@5.000ns - scheduler_clk rise@0.000ns)
  Data Path Delay:        6.457ns  (logic 1.971ns (30.525%)  route 4.486ns (69.475%))
  Logic Levels:           25  (LOOKAHEAD8=3 LUT3=1 LUT4=1 LUT5=3 LUT6=13 LUTCY1=2 LUTCY2=2)
  Clock Path Skew:        -0.040ns (DCD - SCD + CPR)
    Destination Clock Delay (DCD):    0.080ns = ( 5.080 - 5.000 ) 
    Source Clock Delay      (SCD):    0.120ns
    Clock Pessimism Removal (CPR):    0.000ns
  Clock Uncertainty:      0.300ns  (CJ)/2 + PE + PJ
    Clock Jitter             (CJ):    0.600ns
    Phase Error              (PE):    0.000ns
    Phase Jitter             (PJ):    0.000ns

    Location             Delay type                Incr(ns)  Path(ns)    Netlist Resource(s)
  -------------------------------------------------------------------    -------------------
                         (clock scheduler_clk rise edge)
                                                      0.000     0.000 r  
                                                      0.000     0.000 r  clk_i (IN)
                         net (fo=1914, unset)         0.120     0.120    i_scheduler_core/i_round_engine/clk_i
                         FDCE                                         r  i_scheduler_core/i_round_engine/FSM_onehot_st_q_reg[13]/C
  -------------------------------------------------------------------    -------------------
                         FDCE (Prop_FDCE_C_Q)         0.090     0.210 f  i_scheduler_core/i_round_engine/FSM_onehot_st_q_reg[13]/Q
                         net (fo=115, unplaced)       0.342     0.552    i_scheduler_core/i_round_engine/i_bound_score/g0_b0_i_12_0[12]
                         LUT6 (Prop_LUT6_I1_O)        0.088     0.640 r  i_scheduler_core/i_round_engine/i_bound_score/g0_b0_i_18/O
                         net (fo=1, unplaced)         0.016     0.656    i_scheduler_core/i_round_engine/i_bound_score/g0_b0_i_18_n_0
                         LUT3 (Prop_LUT3_I2_O)        0.050     0.706 r  i_scheduler_core/i_round_engine/i_bound_score/g0_b0_i_10/O
                         net (fo=6, unplaced)         0.232     0.938    i_scheduler_core/i_round_engine/i_bound_score/FSM_onehot_st_q_reg[1]
                         LUT6 (Prop_LUT6_I2_O)        0.088     1.026 r  i_scheduler_core/i_round_engine/i_bound_score/g0_b0_i_6/O
                         net (fo=10, unplaced)        0.243     1.269    i_scheduler_core/i_round_engine/i_transition_eval/commit_task_q_reg[1][shape_s3][0]_0
                         LUT6 (Prop_LUT6_I1_O)        0.088     1.357 r  i_scheduler_core/i_round_engine/i_transition_eval/g0_b0_i_1/O
                         net (fo=56, unplaced)        0.200     1.557    i_scheduler_core/i_round_engine/i_transition_eval/decode_address[0]
                         LUT5 (Prop_LUT5_I2_O)        0.074     1.631 r  i_scheduler_core/i_round_engine/i_transition_eval/commit_task_q[1][tok_start][7]_i_5/O
                         net (fo=46, unplaced)        0.278     1.909    i_scheduler_core/i_round_engine/i_transition_eval/decoded_profile[selector_a][1]
                         LUT6 (Prop_LUT6_I2_O)        0.088     1.997 f  i_scheduler_core/i_round_engine/i_transition_eval/c2_endpoint_q[task_end][1]_bret__6_bret__36_i_5/O
                         net (fo=7, unplaced)         0.153     2.150    i_scheduler_core/i_round_engine/i_start_iter/c2_endpoint_q_reg[task_end][1]_bret__6_bret__36
                         LUT6 (Prop_LUT6_I0_O)        0.074     2.224 r  i_scheduler_core/i_round_engine/i_start_iter/c2_endpoint_q[task_end][1]_bret__6_bret__36_i_2/O
                         net (fo=25, unplaced)        0.264     2.488    i_scheduler_core/i_round_engine/i_start_iter/hot_q_reg[4][ntok][0]
                         LUT6 (Prop_LUT6_I2_O)        0.088     2.576 r  i_scheduler_core/i_round_engine/i_start_iter/minimum_q[8]_bret__4_i_13/O
                         net (fo=13, unplaced)        0.249     2.825    i_scheduler_core/i_round_engine/minimum_q_reg[9]_bret__4_i_26/I2
                         LUTCY1 (Prop_LUTCY1_I2_PROP)
                                                      0.082     2.907 r  i_scheduler_core/i_round_engine/minimum_q_reg[9]_bret__4_i_26/LUTCY1_INST/PROP
                         net (fo=1, unplaced)         0.001     2.908    i_scheduler_core/i_round_engine/minimum_q_reg[9]_bret__4_i_26_n_3
                         LOOKAHEAD8 (Prop_LOOKAHEAD8_PROPH_COUTH)
                                                      0.129     3.037 r  i_scheduler_core/i_round_engine/minimum_q_reg[9]_bret__4_i_15/COUTH
                         net (fo=3, unplaced)         0.002     3.039    i_scheduler_core/i_round_engine/minimum_q_reg[9]_bret__4_i_15_n_3
                         LOOKAHEAD8 (Prop_LOOKAHEAD8_CIN_COUTB)
                                                      0.051     3.090 r  i_scheduler_core/i_round_engine/minimum_q_reg[9]_bret__4_i_11/COUTB
                         net (fo=15, unplaced)        0.341     3.431    i_scheduler_core/i_round_engine/i_target_s4pf/offset_value3
                         LUT6 (Prop_LUT6_I1_O)        0.088     3.519 f  i_scheduler_core/i_round_engine/i_target_s4pf/minimum_q[4]_bret__4_i_8/O
                         net (fo=9, unplaced)         0.176     3.695    i_scheduler_core/i_round_engine/i_target_s4pf/FSM_onehot_st_q_reg[4]_1
                         LUT6 (Prop_LUT6_I4_O)        0.051     3.746 r  i_scheduler_core/i_round_engine/i_target_s4pf/minimum_q[0]_bret__4_i_9/O
                         net (fo=4, unplaced)         0.157     3.903    i_scheduler_core/i_round_engine/i_target_s4pf/minimum_q[2]_bret__4_i_12_0
                         LUT6 (Prop_LUT6_I5_O)        0.051     3.954 r  i_scheduler_core/i_round_engine/i_target_s4pf/minimum_q[1]_bret__4_i_11/O
                         net (fo=1, unplaced)         0.210     4.164    i_scheduler_core/i_round_engine/i_target_s4pf/minimum_q[1]_bret__4_i_11_n_0
                         LUT6 (Prop_LUT6_I2_O)        0.088     4.252 f  i_scheduler_core/i_round_engine/i_target_s4pf/minimum_q[1]_bret__4_i_5/O
                         net (fo=2, unplaced)         0.236     4.488    i_scheduler_core/i_round_engine/i_start_iter/minimum_q_reg[1]_bret__4_i_3/I1
                         LUTCY2 (Prop_LUTCY2_I1_GE)
                                                      0.120     4.608 r  i_scheduler_core/i_round_engine/i_start_iter/minimum_q_reg[1]_bret__4_i_3/LUTCY2_INST/GE
                         net (fo=1, unplaced)         0.015     4.623    i_scheduler_core/i_round_engine/i_start_iter/minimum_q_reg[1]_bret__4_i_3_n_0
                         LOOKAHEAD8 (Prop_LOOKAHEAD8_GEB_COUTB)
                                                      0.053     4.676 r  i_scheduler_core/i_round_engine/i_start_iter/minimum_q_reg[8]_bret__4_i_6/COUTB
                         net (fo=2, unplaced)         0.013     4.689    i_scheduler_core/i_round_engine/i_start_iter/minimum_q_reg[2]_bret__4_i_3/I4
                         LUTCY2 (Prop_LUTCY2_I4_O)    0.049     4.738 r  i_scheduler_core/i_round_engine/i_start_iter/minimum_q_reg[2]_bret__4_i_3/LUTCY2_INST/O
                         net (fo=3, unplaced)         0.015     4.753    i_scheduler_core/i_round_engine/i_start_iter/minimum_q_reg[3]_bret__4_i_3/I4
                         LUTCY1 (Prop_LUTCY1_I4_O)    0.055     4.808 r  i_scheduler_core/i_round_engine/i_start_iter/minimum_q_reg[3]_bret__4_i_3/LUTCY1_INST/O
                         net (fo=9, unplaced)         0.237     5.045    i_scheduler_core/i_round_engine/i_start_iter/source_valid3[3]
                         LUT4 (Prop_LUT4_I0_O)        0.074     5.119 f  i_scheduler_core/i_round_engine/i_start_iter/minimum_valid_q_bret__4_i_52/O
                         net (fo=1, unplaced)         0.210     5.329    i_scheduler_core/i_round_engine/i_start_iter/minimum_valid_q_bret__4_i_52_n_0
                         LUT6 (Prop_LUT6_I1_O)        0.088     5.417 r  i_scheduler_core/i_round_engine/i_start_iter/minimum_valid_q_bret__4_i_29/O
                         net (fo=1, unplaced)         0.128     5.545    i_scheduler_core/i_round_engine/i_start_iter/minimum_valid_q_bret__4_i_29_n_0
                         LUT5 (Prop_LUT5_I2_O)        0.074     5.619 r  i_scheduler_core/i_round_engine/i_start_iter/minimum_valid_q_bret__4_i_8/O
                         net (fo=1, unplaced)         0.145     5.764    i_scheduler_core/i_round_engine/i_start_iter/minimum_valid_q_bret__4_i_8_n_0
                         LUT5 (Prop_LUT5_I4_O)        0.051     5.815 r  i_scheduler_core/i_round_engine/i_start_iter/minimum_valid_q_bret__4_i_2/O
                         net (fo=2, unplaced)         0.210     6.025    i_scheduler_core/i_round_engine/i_start_iter/minimum_valid_q_bret__4_i_2_n_0
                         LUT6 (Prop_LUT6_I1_O)        0.088     6.113 r  i_scheduler_core/i_round_engine/i_start_iter/minimum_valid_q_bret__4_i_1/O
                         net (fo=5, unplaced)         0.163     6.276    i_scheduler_core/i_round_engine/i_start_iter/minimum_valid_q_bret__4_i_1_n_0
                         LUT6 (Prop_LUT6_I5_O)        0.051     6.327 r  i_scheduler_core/i_round_engine/i_start_iter/previous_q[11]_i_1/O
                         net (fo=18, unplaced)        0.250     6.577    i_scheduler_core/i_round_engine/i_start_iter/previous_q[11]_i_1_n_0
                         FDCE                                         r  i_scheduler_core/i_round_engine/i_start_iter/previous_q_reg[0]/CE
  -------------------------------------------------------------------    -------------------

                         (clock scheduler_clk rise edge)
                                                      5.000     5.000 r  
                                                      0.000     5.000 r  clk_i (IN)
                         net (fo=1914, unset)         0.080     5.080    i_scheduler_core/i_round_engine/i_start_iter/clk_i
                         FDCE                                         r  i_scheduler_core/i_round_engine/i_start_iter/previous_q_reg[0]/C
                         clock pessimism              0.000     5.080    
                         clock uncertainty           -0.300     4.780    
                         FDCE (Setup_FDCE_C_CE)      -0.087     4.693    i_scheduler_core/i_round_engine/i_start_iter/previous_q_reg[0]
  -------------------------------------------------------------------
                         required time                          4.693    
                         arrival time                          -6.577    
  -------------------------------------------------------------------
                         slack                                 -1.884    

Slack (VIOLATED) :        -1.884ns  (required time - arrival time)
  Source:                 i_scheduler_core/i_round_engine/FSM_onehot_st_q_reg[13]/C
                            (rising edge-triggered cell FDCE clocked by scheduler_clk  {rise@0.000ns fall@2.500ns period=5.000ns})
  Destination:            i_scheduler_core/i_round_engine/i_start_iter/previous_q_reg[10]/CE
                            (rising edge-triggered cell FDCE clocked by scheduler_clk  {rise@0.000ns fall@2.500ns period=5.000ns})
  Path Group:             scheduler_clk
  Path Type:              Setup (Max at Slow Process Corner)
  Requirement:            5.000ns  (scheduler_clk rise@5.000ns - scheduler_clk rise@0.000ns)
  Data Path Delay:        6.457ns  (logic 1.971ns (30.525%)  route 4.486ns (69.475%))
  Logic Levels:           25  (LOOKAHEAD8=3 LUT3=1 LUT4=1 LUT5=3 LUT6=13 LUTCY1=2 LUTCY2=2)
  Clock Path Skew:        -0.040ns (DCD - SCD + CPR)
    Destination Clock Delay (DCD):    0.080ns = ( 5.080 - 5.000 ) 
    Source Clock Delay      (SCD):    0.120ns
    Clock Pessimism Removal (CPR):    0.000ns
  Clock Uncertainty:      0.300ns  (CJ)/2 + PE + PJ
    Clock Jitter             (CJ):    0.600ns
    Phase Error              (PE):    0.000ns
    Phase Jitter             (PJ):    0.000ns

    Location             Delay type                Incr(ns)  Path(ns)    Netlist Resource(s)
  -------------------------------------------------------------------    -------------------
                         (clock scheduler_clk rise edge)
                                                      0.000     0.000 r  
                                                      0.000     0.000 r  clk_i (IN)
                         net (fo=1914, unset)         0.120     0.120    i_scheduler_core/i_round_engine/clk_i
                         FDCE                                         r  i_scheduler_core/i_round_engine/FSM_onehot_st_q_reg[13]/C
  -------------------------------------------------------------------    -------------------
                         FDCE (Prop_FDCE_C_Q)         0.090     0.210 f  i_scheduler_core/i_round_engine/FSM_onehot_st_q_reg[13]/Q
                         net (fo=115, unplaced)       0.342     0.552    i_scheduler_core/i_round_engine/i_bound_score/g0_b0_i_12_0[12]
                         LUT6 (Prop_LUT6_I1_O)        0.088     0.640 r  i_scheduler_core/i_round_engine/i_bound_score/g0_b0_i_18/O
                         net (fo=1, unplaced)         0.016     0.656    i_scheduler_core/i_round_engine/i_bound_score/g0_b0_i_18_n_0
                         LUT3 (Prop_LUT3_I2_O)        0.050     0.706 r  i_scheduler_core/i_round_engine/i_bound_score/g0_b0_i_10/O
                         net (fo=6, unplaced)         0.232     0.938    i_scheduler_core/i_round_engine/i_bound_score/FSM_onehot_st_q_reg[1]
                         LUT6 (Prop_LUT6_I2_O)        0.088     1.026 r  i_scheduler_core/i_round_engine/i_bound_score/g0_b0_i_6/O
                         net (fo=10, unplaced)        0.243     1.269    i_scheduler_core/i_round_engine/i_transition_eval/commit_task_q_reg[1][shape_s3][0]_0
                         LUT6 (Prop_LUT6_I1_O)        0.088     1.357 r  i_scheduler_core/i_round_engine/i_transition_eval/g0_b0_i_1/O
                         net (fo=56, unplaced)        0.200     1.557    i_scheduler_core/i_round_engine/i_transition_eval/decode_address[0]
                         LUT5 (Prop_LUT5_I2_O)        0.074     1.631 r  i_scheduler_core/i_round_engine/i_transition_eval/commit_task_q[1][tok_start][7]_i_5/O
                         net (fo=46, unplaced)        0.278     1.909    i_scheduler_core/i_round_engine/i_transition_eval/decoded_profile[selector_a][1]
                         LUT6 (Prop_LUT6_I2_O)        0.088     1.997 f  i_scheduler_core/i_round_engine/i_transition_eval/c2_endpoint_q[task_end][1]_bret__6_bret__36_i_5/O
                         net (fo=7, unplaced)         0.153     2.150    i_scheduler_core/i_round_engine/i_start_iter/c2_endpoint_q_reg[task_end][1]_bret__6_bret__36
                         LUT6 (Prop_LUT6_I0_O)        0.074     2.224 r  i_scheduler_core/i_round_engine/i_start_iter/c2_endpoint_q[task_end][1]_bret__6_bret__36_i_2/O
                         net (fo=25, unplaced)        0.264     2.488    i_scheduler_core/i_round_engine/i_start_iter/hot_q_reg[4][ntok][0]
                         LUT6 (Prop_LUT6_I2_O)        0.088     2.576 r  i_scheduler_core/i_round_engine/i_start_iter/minimum_q[8]_bret__4_i_13/O
                         net (fo=13, unplaced)        0.249     2.825    i_scheduler_core/i_round_engine/minimum_q_reg[9]_bret__4_i_26/I2
                         LUTCY1 (Prop_LUTCY1_I2_PROP)
                                                      0.082     2.907 r  i_scheduler_core/i_round_engine/minimum_q_reg[9]_bret__4_i_26/LUTCY1_INST/PROP
                         net (fo=1, unplaced)         0.001     2.908    i_scheduler_core/i_round_engine/minimum_q_reg[9]_bret__4_i_26_n_3
                         LOOKAHEAD8 (Prop_LOOKAHEAD8_PROPH_COUTH)
                                                      0.129     3.037 r  i_scheduler_core/i_round_engine/minimum_q_reg[9]_bret__4_i_15/COUTH
                         net (fo=3, unplaced)         0.002     3.039    i_scheduler_core/i_round_engine/minimum_q_reg[9]_bret__4_i_15_n_3
                         LOOKAHEAD8 (Prop_LOOKAHEAD8_CIN_COUTB)
                                                      0.051     3.090 r  i_scheduler_core/i_round_engine/minimum_q_reg[9]_bret__4_i_11/COUTB
                         net (fo=15, unplaced)        0.341     3.431    i_scheduler_core/i_round_engine/i_target_s4pf/offset_value3
                         LUT6 (Prop_LUT6_I1_O)        0.088     3.519 f  i_scheduler_core/i_round_engine/i_target_s4pf/minimum_q[4]_bret__4_i_8/O
                         net (fo=9, unplaced)         0.176     3.695    i_scheduler_core/i_round_engine/i_target_s4pf/FSM_onehot_st_q_reg[4]_1
                         LUT6 (Prop_LUT6_I4_O)        0.051     3.746 r  i_scheduler_core/i_round_engine/i_target_s4pf/minimum_q[0]_bret__4_i_9/O
                         net (fo=4, unplaced)         0.157     3.903    i_scheduler_core/i_round_engine/i_target_s4pf/minimum_q[2]_bret__4_i_12_0
                         LUT6 (Prop_LUT6_I5_O)        0.051     3.954 r  i_scheduler_core/i_round_engine/i_target_s4pf/minimum_q[1]_bret__4_i_11/O
                         net (fo=1, unplaced)         0.210     4.164    i_scheduler_core/i_round_engine/i_target_s4pf/minimum_q[1]_bret__4_i_11_n_0
                         LUT6 (Prop_LUT6_I2_O)        0.088     4.252 f  i_scheduler_core/i_round_engine/i_target_s4pf/minimum_q[1]_bret__4_i_5/O
                         net (fo=2, unplaced)         0.236     4.488    i_scheduler_core/i_round_engine/i_start_iter/minimum_q_reg[1]_bret__4_i_3/I1
                         LUTCY2 (Prop_LUTCY2_I1_GE)
                                                      0.120     4.608 r  i_scheduler_core/i_round_engine/i_start_iter/minimum_q_reg[1]_bret__4_i_3/LUTCY2_INST/GE
                         net (fo=1, unplaced)         0.015     4.623    i_scheduler_core/i_round_engine/i_start_iter/minimum_q_reg[1]_bret__4_i_3_n_0
                         LOOKAHEAD8 (Prop_LOOKAHEAD8_GEB_COUTB)
                                                      0.053     4.676 r  i_scheduler_core/i_round_engine/i_start_iter/minimum_q_reg[8]_bret__4_i_6/COUTB
                         net (fo=2, unplaced)         0.013     4.689    i_scheduler_core/i_round_engine/i_start_iter/minimum_q_reg[2]_bret__4_i_3/I4
                         LUTCY2 (Prop_LUTCY2_I4_O)    0.049     4.738 r  i_scheduler_core/i_round_engine/i_start_iter/minimum_q_reg[2]_bret__4_i_3/LUTCY2_INST/O
                         net (fo=3, unplaced)         0.015     4.753    i_scheduler_core/i_round_engine/i_start_iter/minimum_q_reg[3]_bret__4_i_3/I4
                         LUTCY1 (Prop_LUTCY1_I4_O)    0.055     4.808 r  i_scheduler_core/i_round_engine/i_start_iter/minimum_q_reg[3]_bret__4_i_3/LUTCY1_INST/O
                         net (fo=9, unplaced)         0.237     5.045    i_scheduler_core/i_round_engine/i_start_iter/source_valid3[3]
                         LUT4 (Prop_LUT4_I0_O)        0.074     5.119 f  i_scheduler_core/i_round_engine/i_start_iter/minimum_valid_q_bret__4_i_52/O
                         net (fo=1, unplaced)         0.210     5.329    i_scheduler_core/i_round_engine/i_start_iter/minimum_valid_q_bret__4_i_52_n_0
                         LUT6 (Prop_LUT6_I1_O)        0.088     5.417 r  i_scheduler_core/i_round_engine/i_start_iter/minimum_valid_q_bret__4_i_29/O
                         net (fo=1, unplaced)         0.128     5.545    i_scheduler_core/i_round_engine/i_start_iter/minimum_valid_q_bret__4_i_29_n_0
                         LUT5 (Prop_LUT5_I2_O)        0.074     5.619 r  i_scheduler_core/i_round_engine/i_start_iter/minimum_valid_q_bret__4_i_8/O
                         net (fo=1, unplaced)         0.145     5.764    i_scheduler_core/i_round_engine/i_start_iter/minimum_valid_q_bret__4_i_8_n_0
                         LUT5 (Prop_LUT5_I4_O)        0.051     5.815 r  i_scheduler_core/i_round_engine/i_start_iter/minimum_valid_q_bret__4_i_2/O
                         net (fo=2, unplaced)         0.210     6.025    i_scheduler_core/i_round_engine/i_start_iter/minimum_valid_q_bret__4_i_2_n_0
                         LUT6 (Prop_LUT6_I1_O)        0.088     6.113 r  i_scheduler_core/i_round_engine/i_start_iter/minimum_valid_q_bret__4_i_1/O
                         net (fo=5, unplaced)         0.163     6.276    i_scheduler_core/i_round_engine/i_start_iter/minimum_valid_q_bret__4_i_1_n_0
                         LUT6 (Prop_LUT6_I5_O)        0.051     6.327 r  i_scheduler_core/i_round_engine/i_start_iter/previous_q[11]_i_1/O
                         net (fo=18, unplaced)        0.250     6.577    i_scheduler_core/i_round_engine/i_start_iter/previous_q[11]_i_1_n_0
                         FDCE                                         r  i_scheduler_core/i_round_engine/i_start_iter/previous_q_reg[10]/CE
  -------------------------------------------------------------------    -------------------

                         (clock scheduler_clk rise edge)
                                                      5.000     5.000 r  
                                                      0.000     5.000 r  clk_i (IN)
                         net (fo=1914, unset)         0.080     5.080    i_scheduler_core/i_round_engine/i_start_iter/clk_i
                         FDCE                                         r  i_scheduler_core/i_round_engine/i_start_iter/previous_q_reg[10]/C
                         clock pessimism              0.000     5.080    
                         clock uncertainty           -0.300     4.780    
                         FDCE (Setup_FDCE_C_CE)      -0.087     4.693    i_scheduler_core/i_round_engine/i_start_iter/previous_q_reg[10]
  -------------------------------------------------------------------
                         required time                          4.693    
                         arrival time                          -6.577    
  -------------------------------------------------------------------
                         slack                                 -1.884    

Slack (VIOLATED) :        -1.884ns  (required time - arrival time)
  Source:                 i_scheduler_core/i_round_engine/FSM_onehot_st_q_reg[13]/C
                            (rising edge-triggered cell FDCE clocked by scheduler_clk  {rise@0.000ns fall@2.500ns period=5.000ns})
  Destination:            i_scheduler_core/i_round_engine/i_start_iter/previous_q_reg[11]/CE
                            (rising edge-triggered cell FDCE clocked by scheduler_clk  {rise@0.000ns fall@2.500ns period=5.000ns})
  Path Group:             scheduler_clk
  Path Type:              Setup (Max at Slow Process Corner)
  Requirement:            5.000ns  (scheduler_clk rise@5.000ns - scheduler_clk rise@0.000ns)
  Data Path Delay:        6.457ns  (logic 1.971ns (30.525%)  route 4.486ns (69.475%))
  Logic Levels:           25  (LOOKAHEAD8=3 LUT3=1 LUT4=1 LUT5=3 LUT6=13 LUTCY1=2 LUTCY2=2)
  Clock Path Skew:        -0.040ns (DCD - SCD + CPR)
    Destination Clock Delay (DCD):    0.080ns = ( 5.080 - 5.000 ) 
    Source Clock Delay      (SCD):    0.120ns
    Clock Pessimism Removal (CPR):    0.000ns
  Clock Uncertainty:      0.300ns  (CJ)/2 + PE + PJ
    Clock Jitter             (CJ):    0.600ns
    Phase Error              (PE):    0.000ns
    Phase Jitter             (PJ):    0.000ns

    Location             Delay type                Incr(ns)  Path(ns)    Netlist Resource(s)
  -------------------------------------------------------------------    -------------------
                         (clock scheduler_clk rise edge)
                                                      0.000     0.000 r  
                                                      0.000     0.000 r  clk_i (IN)
                         net (fo=1914, unset)         0.120     0.120    i_scheduler_core/i_round_engine/clk_i
                         FDCE                                         r  i_scheduler_core/i_round_engine/FSM_onehot_st_q_reg[13]/C
  -------------------------------------------------------------------    -------------------
                         FDCE (Prop_FDCE_C_Q)         0.090     0.210 f  i_scheduler_core/i_round_engine/FSM_onehot_st_q_reg[13]/Q
                         net (fo=115, unplaced)       0.342     0.552    i_scheduler_core/i_round_engine/i_bound_score/g0_b0_i_12_0[12]
                         LUT6 (Prop_LUT6_I1_O)        0.088     0.640 r  i_scheduler_core/i_round_engine/i_bound_score/g0_b0_i_18/O
                         net (fo=1, unplaced)         0.016     0.656    i_scheduler_core/i_round_engine/i_bound_score/g0_b0_i_18_n_0
                         LUT3 (Prop_LUT3_I2_O)        0.050     0.706 r  i_scheduler_core/i_round_engine/i_bound_score/g0_b0_i_10/O
                         net (fo=6, unplaced)         0.232     0.938    i_scheduler_core/i_round_engine/i_bound_score/FSM_onehot_st_q_reg[1]
                         LUT6 (Prop_LUT6_I2_O)        0.088     1.026 r  i_scheduler_core/i_round_engine/i_bound_score/g0_b0_i_6/O
                         net (fo=10, unplaced)        0.243     1.269    i_scheduler_core/i_round_engine/i_transition_eval/commit_task_q_reg[1][shape_s3][0]_0
                         LUT6 (Prop_LUT6_I1_O)        0.088     1.357 r  i_scheduler_core/i_round_engine/i_transition_eval/g0_b0_i_1/O
                         net (fo=56, unplaced)        0.200     1.557    i_scheduler_core/i_round_engine/i_transition_eval/decode_address[0]
                         LUT5 (Prop_LUT5_I2_O)        0.074     1.631 r  i_scheduler_core/i_round_engine/i_transition_eval/commit_task_q[1][tok_start][7]_i_5/O
                         net (fo=46, unplaced)        0.278     1.909    i_scheduler_core/i_round_engine/i_transition_eval/decoded_profile[selector_a][1]
                         LUT6 (Prop_LUT6_I2_O)        0.088     1.997 f  i_scheduler_core/i_round_engine/i_transition_eval/c2_endpoint_q[task_end][1]_bret__6_bret__36_i_5/O
                         net (fo=7, unplaced)         0.153     2.150    i_scheduler_core/i_round_engine/i_start_iter/c2_endpoint_q_reg[task_end][1]_bret__6_bret__36
                         LUT6 (Prop_LUT6_I0_O)        0.074     2.224 r  i_scheduler_core/i_round_engine/i_start_iter/c2_endpoint_q[task_end][1]_bret__6_bret__36_i_2/O
                         net (fo=25, unplaced)        0.264     2.488    i_scheduler_core/i_round_engine/i_start_iter/hot_q_reg[4][ntok][0]
                         LUT6 (Prop_LUT6_I2_O)        0.088     2.576 r  i_scheduler_core/i_round_engine/i_start_iter/minimum_q[8]_bret__4_i_13/O
                         net (fo=13, unplaced)        0.249     2.825    i_scheduler_core/i_round_engine/minimum_q_reg[9]_bret__4_i_26/I2
                         LUTCY1 (Prop_LUTCY1_I2_PROP)
                                                      0.082     2.907 r  i_scheduler_core/i_round_engine/minimum_q_reg[9]_bret__4_i_26/LUTCY1_INST/PROP
                         net (fo=1, unplaced)         0.001     2.908    i_scheduler_core/i_round_engine/minimum_q_reg[9]_bret__4_i_26_n_3
                         LOOKAHEAD8 (Prop_LOOKAHEAD8_PROPH_COUTH)
                                                      0.129     3.037 r  i_scheduler_core/i_round_engine/minimum_q_reg[9]_bret__4_i_15/COUTH
                         net (fo=3, unplaced)         0.002     3.039    i_scheduler_core/i_round_engine/minimum_q_reg[9]_bret__4_i_15_n_3
                         LOOKAHEAD8 (Prop_LOOKAHEAD8_CIN_COUTB)
                                                      0.051     3.090 r  i_scheduler_core/i_round_engine/minimum_q_reg[9]_bret__4_i_11/COUTB
                         net (fo=15, unplaced)        0.341     3.431    i_scheduler_core/i_round_engine/i_target_s4pf/offset_value3
                         LUT6 (Prop_LUT6_I1_O)        0.088     3.519 f  i_scheduler_core/i_round_engine/i_target_s4pf/minimum_q[4]_bret__4_i_8/O
                         net (fo=9, unplaced)         0.176     3.695    i_scheduler_core/i_round_engine/i_target_s4pf/FSM_onehot_st_q_reg[4]_1
                         LUT6 (Prop_LUT6_I4_O)        0.051     3.746 r  i_scheduler_core/i_round_engine/i_target_s4pf/minimum_q[0]_bret__4_i_9/O
                         net (fo=4, unplaced)         0.157     3.903    i_scheduler_core/i_round_engine/i_target_s4pf/minimum_q[2]_bret__4_i_12_0
                         LUT6 (Prop_LUT6_I5_O)        0.051     3.954 r  i_scheduler_core/i_round_engine/i_target_s4pf/minimum_q[1]_bret__4_i_11/O
                         net (fo=1, unplaced)         0.210     4.164    i_scheduler_core/i_round_engine/i_target_s4pf/minimum_q[1]_bret__4_i_11_n_0
                         LUT6 (Prop_LUT6_I2_O)        0.088     4.252 f  i_scheduler_core/i_round_engine/i_target_s4pf/minimum_q[1]_bret__4_i_5/O
                         net (fo=2, unplaced)         0.236     4.488    i_scheduler_core/i_round_engine/i_start_iter/minimum_q_reg[1]_bret__4_i_3/I1
                         LUTCY2 (Prop_LUTCY2_I1_GE)
                                                      0.120     4.608 r  i_scheduler_core/i_round_engine/i_start_iter/minimum_q_reg[1]_bret__4_i_3/LUTCY2_INST/GE
                         net (fo=1, unplaced)         0.015     4.623    i_scheduler_core/i_round_engine/i_start_iter/minimum_q_reg[1]_bret__4_i_3_n_0
                         LOOKAHEAD8 (Prop_LOOKAHEAD8_GEB_COUTB)
                                                      0.053     4.676 r  i_scheduler_core/i_round_engine/i_start_iter/minimum_q_reg[8]_bret__4_i_6/COUTB
                         net (fo=2, unplaced)         0.013     4.689    i_scheduler_core/i_round_engine/i_start_iter/minimum_q_reg[2]_bret__4_i_3/I4
                         LUTCY2 (Prop_LUTCY2_I4_O)    0.049     4.738 r  i_scheduler_core/i_round_engine/i_start_iter/minimum_q_reg[2]_bret__4_i_3/LUTCY2_INST/O
                         net (fo=3, unplaced)         0.015     4.753    i_scheduler_core/i_round_engine/i_start_iter/minimum_q_reg[3]_bret__4_i_3/I4
                         LUTCY1 (Prop_LUTCY1_I4_O)    0.055     4.808 r  i_scheduler_core/i_round_engine/i_start_iter/minimum_q_reg[3]_bret__4_i_3/LUTCY1_INST/O
                         net (fo=9, unplaced)         0.237     5.045    i_scheduler_core/i_round_engine/i_start_iter/source_valid3[3]
                         LUT4 (Prop_LUT4_I0_O)        0.074     5.119 f  i_scheduler_core/i_round_engine/i_start_iter/minimum_valid_q_bret__4_i_52/O
                         net (fo=1, unplaced)         0.210     5.329    i_scheduler_core/i_round_engine/i_start_iter/minimum_valid_q_bret__4_i_52_n_0
                         LUT6 (Prop_LUT6_I1_O)        0.088     5.417 r  i_scheduler_core/i_round_engine/i_start_iter/minimum_valid_q_bret__4_i_29/O
                         net (fo=1, unplaced)         0.128     5.545    i_scheduler_core/i_round_engine/i_start_iter/minimum_valid_q_bret__4_i_29_n_0
                         LUT5 (Prop_LUT5_I2_O)        0.074     5.619 r  i_scheduler_core/i_round_engine/i_start_iter/minimum_valid_q_bret__4_i_8/O
                         net (fo=1, unplaced)         0.145     5.764    i_scheduler_core/i_round_engine/i_start_iter/minimum_valid_q_bret__4_i_8_n_0
                         LUT5 (Prop_LUT5_I4_O)        0.051     5.815 r  i_scheduler_core/i_round_engine/i_start_iter/minimum_valid_q_bret__4_i_2/O
                         net (fo=2, unplaced)         0.210     6.025    i_scheduler_core/i_round_engine/i_start_iter/minimum_valid_q_bret__4_i_2_n_0
                         LUT6 (Prop_LUT6_I1_O)        0.088     6.113 r  i_scheduler_core/i_round_engine/i_start_iter/minimum_valid_q_bret__4_i_1/O
                         net (fo=5, unplaced)         0.163     6.276    i_scheduler_core/i_round_engine/i_start_iter/minimum_valid_q_bret__4_i_1_n_0
                         LUT6 (Prop_LUT6_I5_O)        0.051     6.327 r  i_scheduler_core/i_round_engine/i_start_iter/previous_q[11]_i_1/O
                         net (fo=18, unplaced)        0.250     6.577    i_scheduler_core/i_round_engine/i_start_iter/previous_q[11]_i_1_n_0
                         FDCE                                         r  i_scheduler_core/i_round_engine/i_start_iter/previous_q_reg[11]/CE
  -------------------------------------------------------------------    -------------------

                         (clock scheduler_clk rise edge)
                                                      5.000     5.000 r  
                                                      0.000     5.000 r  clk_i (IN)
                         net (fo=1914, unset)         0.080     5.080    i_scheduler_core/i_round_engine/i_start_iter/clk_i
                         FDCE                                         r  i_scheduler_core/i_round_engine/i_start_iter/previous_q_reg[11]/C
                         clock pessimism              0.000     5.080    
                         clock uncertainty           -0.300     4.780    
                         FDCE (Setup_FDCE_C_CE)      -0.087     4.693    i_scheduler_core/i_round_engine/i_start_iter/previous_q_reg[11]
  -------------------------------------------------------------------
                         required time                          4.693    
                         arrival time                          -6.577    
  -------------------------------------------------------------------
                         slack                                 -1.884    

Slack (VIOLATED) :        -1.884ns  (required time - arrival time)
  Source:                 i_scheduler_core/i_round_engine/FSM_onehot_st_q_reg[13]/C
                            (rising edge-triggered cell FDCE clocked by scheduler_clk  {rise@0.000ns fall@2.500ns period=5.000ns})
  Destination:            i_scheduler_core/i_round_engine/i_start_iter/previous_q_reg[12]_bret__0/CE
                            (rising edge-triggered cell FDCE clocked by scheduler_clk  {rise@0.000ns fall@2.500ns period=5.000ns})
  Path Group:             scheduler_clk
  Path Type:              Setup (Max at Slow Process Corner)
  Requirement:            5.000ns  (scheduler_clk rise@5.000ns - scheduler_clk rise@0.000ns)
  Data Path Delay:        6.457ns  (logic 1.971ns (30.525%)  route 4.486ns (69.475%))
  Logic Levels:           25  (LOOKAHEAD8=3 LUT3=1 LUT4=1 LUT5=3 LUT6=13 LUTCY1=2 LUTCY2=2)
  Clock Path Skew:        -0.040ns (DCD - SCD + CPR)
    Destination Clock Delay (DCD):    0.080ns = ( 5.080 - 5.000 ) 
    Source Clock Delay      (SCD):    0.120ns
    Clock Pessimism Removal (CPR):    0.000ns
  Clock Uncertainty:      0.300ns  (CJ)/2 + PE + PJ
    Clock Jitter             (CJ):    0.600ns
    Phase Error              (PE):    0.000ns
    Phase Jitter             (PJ):    0.000ns

    Location             Delay type                Incr(ns)  Path(ns)    Netlist Resource(s)
  -------------------------------------------------------------------    -------------------
                         (clock scheduler_clk rise edge)
                                                      0.000     0.000 r  
                                                      0.000     0.000 r  clk_i (IN)
                         net (fo=1914, unset)         0.120     0.120    i_scheduler_core/i_round_engine/clk_i
                         FDCE                                         r  i_scheduler_core/i_round_engine/FSM_onehot_st_q_reg[13]/C
  -------------------------------------------------------------------    -------------------
                         FDCE (Prop_FDCE_C_Q)         0.090     0.210 f  i_scheduler_core/i_round_engine/FSM_onehot_st_q_reg[13]/Q
                         net (fo=115, unplaced)       0.342     0.552    i_scheduler_core/i_round_engine/i_bound_score/g0_b0_i_12_0[12]
                         LUT6 (Prop_LUT6_I1_O)        0.088     0.640 r  i_scheduler_core/i_round_engine/i_bound_score/g0_b0_i_18/O
                         net (fo=1, unplaced)         0.016     0.656    i_scheduler_core/i_round_engine/i_bound_score/g0_b0_i_18_n_0
                         LUT3 (Prop_LUT3_I2_O)        0.050     0.706 r  i_scheduler_core/i_round_engine/i_bound_score/g0_b0_i_10/O
                         net (fo=6, unplaced)         0.232     0.938    i_scheduler_core/i_round_engine/i_bound_score/FSM_onehot_st_q_reg[1]
                         LUT6 (Prop_LUT6_I2_O)        0.088     1.026 r  i_scheduler_core/i_round_engine/i_bound_score/g0_b0_i_6/O
                         net (fo=10, unplaced)        0.243     1.269    i_scheduler_core/i_round_engine/i_transition_eval/commit_task_q_reg[1][shape_s3][0]_0
                         LUT6 (Prop_LUT6_I1_O)        0.088     1.357 r  i_scheduler_core/i_round_engine/i_transition_eval/g0_b0_i_1/O
                         net (fo=56, unplaced)        0.200     1.557    i_scheduler_core/i_round_engine/i_transition_eval/decode_address[0]
                         LUT5 (Prop_LUT5_I2_O)        0.074     1.631 r  i_scheduler_core/i_round_engine/i_transition_eval/commit_task_q[1][tok_start][7]_i_5/O
                         net (fo=46, unplaced)        0.278     1.909    i_scheduler_core/i_round_engine/i_transition_eval/decoded_profile[selector_a][1]
                         LUT6 (Prop_LUT6_I2_O)        0.088     1.997 f  i_scheduler_core/i_round_engine/i_transition_eval/c2_endpoint_q[task_end][1]_bret__6_bret__36_i_5/O
                         net (fo=7, unplaced)         0.153     2.150    i_scheduler_core/i_round_engine/i_start_iter/c2_endpoint_q_reg[task_end][1]_bret__6_bret__36
                         LUT6 (Prop_LUT6_I0_O)        0.074     2.224 r  i_scheduler_core/i_round_engine/i_start_iter/c2_endpoint_q[task_end][1]_bret__6_bret__36_i_2/O
                         net (fo=25, unplaced)        0.264     2.488    i_scheduler_core/i_round_engine/i_start_iter/hot_q_reg[4][ntok][0]
                         LUT6 (Prop_LUT6_I2_O)        0.088     2.576 r  i_scheduler_core/i_round_engine/i_start_iter/minimum_q[8]_bret__4_i_13/O
                         net (fo=13, unplaced)        0.249     2.825    i_scheduler_core/i_round_engine/minimum_q_reg[9]_bret__4_i_26/I2
                         LUTCY1 (Prop_LUTCY1_I2_PROP)
                                                      0.082     2.907 r  i_scheduler_core/i_round_engine/minimum_q_reg[9]_bret__4_i_26/LUTCY1_INST/PROP
                         net (fo=1, unplaced)         0.001     2.908    i_scheduler_core/i_round_engine/minimum_q_reg[9]_bret__4_i_26_n_3
                         LOOKAHEAD8 (Prop_LOOKAHEAD8_PROPH_COUTH)
                                                      0.129     3.037 r  i_scheduler_core/i_round_engine/minimum_q_reg[9]_bret__4_i_15/COUTH
                         net (fo=3, unplaced)         0.002     3.039    i_scheduler_core/i_round_engine/minimum_q_reg[9]_bret__4_i_15_n_3
                         LOOKAHEAD8 (Prop_LOOKAHEAD8_CIN_COUTB)
                                                      0.051     3.090 r  i_scheduler_core/i_round_engine/minimum_q_reg[9]_bret__4_i_11/COUTB
                         net (fo=15, unplaced)        0.341     3.431    i_scheduler_core/i_round_engine/i_target_s4pf/offset_value3
                         LUT6 (Prop_LUT6_I1_O)        0.088     3.519 f  i_scheduler_core/i_round_engine/i_target_s4pf/minimum_q[4]_bret__4_i_8/O
                         net (fo=9, unplaced)         0.176     3.695    i_scheduler_core/i_round_engine/i_target_s4pf/FSM_onehot_st_q_reg[4]_1
                         LUT6 (Prop_LUT6_I4_O)        0.051     3.746 r  i_scheduler_core/i_round_engine/i_target_s4pf/minimum_q[0]_bret__4_i_9/O
                         net (fo=4, unplaced)         0.157     3.903    i_scheduler_core/i_round_engine/i_target_s4pf/minimum_q[2]_bret__4_i_12_0
                         LUT6 (Prop_LUT6_I5_O)        0.051     3.954 r  i_scheduler_core/i_round_engine/i_target_s4pf/minimum_q[1]_bret__4_i_11/O
                         net (fo=1, unplaced)         0.210     4.164    i_scheduler_core/i_round_engine/i_target_s4pf/minimum_q[1]_bret__4_i_11_n_0
                         LUT6 (Prop_LUT6_I2_O)        0.088     4.252 f  i_scheduler_core/i_round_engine/i_target_s4pf/minimum_q[1]_bret__4_i_5/O
                         net (fo=2, unplaced)         0.236     4.488    i_scheduler_core/i_round_engine/i_start_iter/minimum_q_reg[1]_bret__4_i_3/I1
                         LUTCY2 (Prop_LUTCY2_I1_GE)
                                                      0.120     4.608 r  i_scheduler_core/i_round_engine/i_start_iter/minimum_q_reg[1]_bret__4_i_3/LUTCY2_INST/GE
                         net (fo=1, unplaced)         0.015     4.623    i_scheduler_core/i_round_engine/i_start_iter/minimum_q_reg[1]_bret__4_i_3_n_0
                         LOOKAHEAD8 (Prop_LOOKAHEAD8_GEB_COUTB)
                                                      0.053     4.676 r  i_scheduler_core/i_round_engine/i_start_iter/minimum_q_reg[8]_bret__4_i_6/COUTB
                         net (fo=2, unplaced)         0.013     4.689    i_scheduler_core/i_round_engine/i_start_iter/minimum_q_reg[2]_bret__4_i_3/I4
                         LUTCY2 (Prop_LUTCY2_I4_O)    0.049     4.738 r  i_scheduler_core/i_round_engine/i_start_iter/minimum_q_reg[2]_bret__4_i_3/LUTCY2_INST/O
                         net (fo=3, unplaced)         0.015     4.753    i_scheduler_core/i_round_engine/i_start_iter/minimum_q_reg[3]_bret__4_i_3/I4
                         LUTCY1 (Prop_LUTCY1_I4_O)    0.055     4.808 r  i_scheduler_core/i_round_engine/i_start_iter/minimum_q_reg[3]_bret__4_i_3/LUTCY1_INST/O
                         net (fo=9, unplaced)         0.237     5.045    i_scheduler_core/i_round_engine/i_start_iter/source_valid3[3]
                         LUT4 (Prop_LUT4_I0_O)        0.074     5.119 f  i_scheduler_core/i_round_engine/i_start_iter/minimum_valid_q_bret__4_i_52/O
                         net (fo=1, unplaced)         0.210     5.329    i_scheduler_core/i_round_engine/i_start_iter/minimum_valid_q_bret__4_i_52_n_0
                         LUT6 (Prop_LUT6_I1_O)        0.088     5.417 r  i_scheduler_core/i_round_engine/i_start_iter/minimum_valid_q_bret__4_i_29/O
                         net (fo=1, unplaced)         0.128     5.545    i_scheduler_core/i_round_engine/i_start_iter/minimum_valid_q_bret__4_i_29_n_0
                         LUT5 (Prop_LUT5_I2_O)        0.074     5.619 r  i_scheduler_core/i_round_engine/i_start_iter/minimum_valid_q_bret__4_i_8/O
                         net (fo=1, unplaced)         0.145     5.764    i_scheduler_core/i_round_engine/i_start_iter/minimum_valid_q_bret__4_i_8_n_0
                         LUT5 (Prop_LUT5_I4_O)        0.051     5.815 r  i_scheduler_core/i_round_engine/i_start_iter/minimum_valid_q_bret__4_i_2/O
                         net (fo=2, unplaced)         0.210     6.025    i_scheduler_core/i_round_engine/i_start_iter/minimum_valid_q_bret__4_i_2_n_0
                         LUT6 (Prop_LUT6_I1_O)        0.088     6.113 r  i_scheduler_core/i_round_engine/i_start_iter/minimum_valid_q_bret__4_i_1/O
                         net (fo=5, unplaced)         0.163     6.276    i_scheduler_core/i_round_engine/i_start_iter/minimum_valid_q_bret__4_i_1_n_0
                         LUT6 (Prop_LUT6_I5_O)        0.051     6.327 r  i_scheduler_core/i_round_engine/i_start_iter/previous_q[11]_i_1/O
                         net (fo=18, unplaced)        0.250     6.577    i_scheduler_core/i_round_engine/i_start_iter/previous_q[11]_i_1_n_0
                         FDCE                                         r  i_scheduler_core/i_round_engine/i_start_iter/previous_q_reg[12]_bret__0/CE
  -------------------------------------------------------------------    -------------------

                         (clock scheduler_clk rise edge)
                                                      5.000     5.000 r  
                                                      0.000     5.000 r  clk_i (IN)
                         net (fo=1914, unset)         0.080     5.080    i_scheduler_core/i_round_engine/i_start_iter/clk_i
                         FDCE                                         r  i_scheduler_core/i_round_engine/i_start_iter/previous_q_reg[12]_bret__0/C
                         clock pessimism              0.000     5.080    
                         clock uncertainty           -0.300     4.780    
                         FDCE (Setup_FDCE_C_CE)      -0.087     4.693    i_scheduler_core/i_round_engine/i_start_iter/previous_q_reg[12]_bret__0
  -------------------------------------------------------------------
                         required time                          4.693    
                         arrival time                          -6.577    
  -------------------------------------------------------------------
                         slack                                 -1.884    

Slack (VIOLATED) :        -1.884ns  (required time - arrival time)
  Source:                 i_scheduler_core/i_round_engine/FSM_onehot_st_q_reg[13]/C
                            (rising edge-triggered cell FDCE clocked by scheduler_clk  {rise@0.000ns fall@2.500ns period=5.000ns})
  Destination:            i_scheduler_core/i_round_engine/i_start_iter/previous_q_reg[12]_bret__1/CE
                            (rising edge-triggered cell FDCE clocked by scheduler_clk  {rise@0.000ns fall@2.500ns period=5.000ns})
  Path Group:             scheduler_clk
  Path Type:              Setup (Max at Slow Process Corner)
  Requirement:            5.000ns  (scheduler_clk rise@5.000ns - scheduler_clk rise@0.000ns)
  Data Path Delay:        6.457ns  (logic 1.971ns (30.525%)  route 4.486ns (69.475%))
  Logic Levels:           25  (LOOKAHEAD8=3 LUT3=1 LUT4=1 LUT5=3 LUT6=13 LUTCY1=2 LUTCY2=2)
  Clock Path Skew:        -0.040ns (DCD - SCD + CPR)
    Destination Clock Delay (DCD):    0.080ns = ( 5.080 - 5.000 ) 
    Source Clock Delay      (SCD):    0.120ns
    Clock Pessimism Removal (CPR):    0.000ns
  Clock Uncertainty:      0.300ns  (CJ)/2 + PE + PJ
    Clock Jitter             (CJ):    0.600ns
    Phase Error              (PE):    0.000ns
    Phase Jitter             (PJ):    0.000ns

    Location             Delay type                Incr(ns)  Path(ns)    Netlist Resource(s)
  -------------------------------------------------------------------    -------------------
                         (clock scheduler_clk rise edge)
                                                      0.000     0.000 r  
                                                      0.000     0.000 r  clk_i (IN)
                         net (fo=1914, unset)         0.120     0.120    i_scheduler_core/i_round_engine/clk_i
                         FDCE                                         r  i_scheduler_core/i_round_engine/FSM_onehot_st_q_reg[13]/C
  -------------------------------------------------------------------    -------------------
                         FDCE (Prop_FDCE_C_Q)         0.090     0.210 f  i_scheduler_core/i_round_engine/FSM_onehot_st_q_reg[13]/Q
                         net (fo=115, unplaced)       0.342     0.552    i_scheduler_core/i_round_engine/i_bound_score/g0_b0_i_12_0[12]
                         LUT6 (Prop_LUT6_I1_O)        0.088     0.640 r  i_scheduler_core/i_round_engine/i_bound_score/g0_b0_i_18/O
                         net (fo=1, unplaced)         0.016     0.656    i_scheduler_core/i_round_engine/i_bound_score/g0_b0_i_18_n_0
                         LUT3 (Prop_LUT3_I2_O)        0.050     0.706 r  i_scheduler_core/i_round_engine/i_bound_score/g0_b0_i_10/O
                         net (fo=6, unplaced)         0.232     0.938    i_scheduler_core/i_round_engine/i_bound_score/FSM_onehot_st_q_reg[1]
                         LUT6 (Prop_LUT6_I2_O)        0.088     1.026 r  i_scheduler_core/i_round_engine/i_bound_score/g0_b0_i_6/O
                         net (fo=10, unplaced)        0.243     1.269    i_scheduler_core/i_round_engine/i_transition_eval/commit_task_q_reg[1][shape_s3][0]_0
                         LUT6 (Prop_LUT6_I1_O)        0.088     1.357 r  i_scheduler_core/i_round_engine/i_transition_eval/g0_b0_i_1/O
                         net (fo=56, unplaced)        0.200     1.557    i_scheduler_core/i_round_engine/i_transition_eval/decode_address[0]
                         LUT5 (Prop_LUT5_I2_O)        0.074     1.631 r  i_scheduler_core/i_round_engine/i_transition_eval/commit_task_q[1][tok_start][7]_i_5/O
                         net (fo=46, unplaced)        0.278     1.909    i_scheduler_core/i_round_engine/i_transition_eval/decoded_profile[selector_a][1]
                         LUT6 (Prop_LUT6_I2_O)        0.088     1.997 f  i_scheduler_core/i_round_engine/i_transition_eval/c2_endpoint_q[task_end][1]_bret__6_bret__36_i_5/O
                         net (fo=7, unplaced)         0.153     2.150    i_scheduler_core/i_round_engine/i_start_iter/c2_endpoint_q_reg[task_end][1]_bret__6_bret__36
                         LUT6 (Prop_LUT6_I0_O)        0.074     2.224 r  i_scheduler_core/i_round_engine/i_start_iter/c2_endpoint_q[task_end][1]_bret__6_bret__36_i_2/O
                         net (fo=25, unplaced)        0.264     2.488    i_scheduler_core/i_round_engine/i_start_iter/hot_q_reg[4][ntok][0]
                         LUT6 (Prop_LUT6_I2_O)        0.088     2.576 r  i_scheduler_core/i_round_engine/i_start_iter/minimum_q[8]_bret__4_i_13/O
                         net (fo=13, unplaced)        0.249     2.825    i_scheduler_core/i_round_engine/minimum_q_reg[9]_bret__4_i_26/I2
                         LUTCY1 (Prop_LUTCY1_I2_PROP)
                                                      0.082     2.907 r  i_scheduler_core/i_round_engine/minimum_q_reg[9]_bret__4_i_26/LUTCY1_INST/PROP
                         net (fo=1, unplaced)         0.001     2.908    i_scheduler_core/i_round_engine/minimum_q_reg[9]_bret__4_i_26_n_3
                         LOOKAHEAD8 (Prop_LOOKAHEAD8_PROPH_COUTH)
                                                      0.129     3.037 r  i_scheduler_core/i_round_engine/minimum_q_reg[9]_bret__4_i_15/COUTH
                         net (fo=3, unplaced)         0.002     3.039    i_scheduler_core/i_round_engine/minimum_q_reg[9]_bret__4_i_15_n_3
                         LOOKAHEAD8 (Prop_LOOKAHEAD8_CIN_COUTB)
                                                      0.051     3.090 r  i_scheduler_core/i_round_engine/minimum_q_reg[9]_bret__4_i_11/COUTB
                         net (fo=15, unplaced)        0.341     3.431    i_scheduler_core/i_round_engine/i_target_s4pf/offset_value3
                         LUT6 (Prop_LUT6_I1_O)        0.088     3.519 f  i_scheduler_core/i_round_engine/i_target_s4pf/minimum_q[4]_bret__4_i_8/O
                         net (fo=9, unplaced)         0.176     3.695    i_scheduler_core/i_round_engine/i_target_s4pf/FSM_onehot_st_q_reg[4]_1
                         LUT6 (Prop_LUT6_I4_O)        0.051     3.746 r  i_scheduler_core/i_round_engine/i_target_s4pf/minimum_q[0]_bret__4_i_9/O
                         net (fo=4, unplaced)         0.157     3.903    i_scheduler_core/i_round_engine/i_target_s4pf/minimum_q[2]_bret__4_i_12_0
                         LUT6 (Prop_LUT6_I5_O)        0.051     3.954 r  i_scheduler_core/i_round_engine/i_target_s4pf/minimum_q[1]_bret__4_i_11/O
                         net (fo=1, unplaced)         0.210     4.164    i_scheduler_core/i_round_engine/i_target_s4pf/minimum_q[1]_bret__4_i_11_n_0
                         LUT6 (Prop_LUT6_I2_O)        0.088     4.252 f  i_scheduler_core/i_round_engine/i_target_s4pf/minimum_q[1]_bret__4_i_5/O
                         net (fo=2, unplaced)         0.236     4.488    i_scheduler_core/i_round_engine/i_start_iter/minimum_q_reg[1]_bret__4_i_3/I1
                         LUTCY2 (Prop_LUTCY2_I1_GE)
                                                      0.120     4.608 r  i_scheduler_core/i_round_engine/i_start_iter/minimum_q_reg[1]_bret__4_i_3/LUTCY2_INST/GE
                         net (fo=1, unplaced)         0.015     4.623    i_scheduler_core/i_round_engine/i_start_iter/minimum_q_reg[1]_bret__4_i_3_n_0
                         LOOKAHEAD8 (Prop_LOOKAHEAD8_GEB_COUTB)
                                                      0.053     4.676 r  i_scheduler_core/i_round_engine/i_start_iter/minimum_q_reg[8]_bret__4_i_6/COUTB
                         net (fo=2, unplaced)         0.013     4.689    i_scheduler_core/i_round_engine/i_start_iter/minimum_q_reg[2]_bret__4_i_3/I4
                         LUTCY2 (Prop_LUTCY2_I4_O)    0.049     4.738 r  i_scheduler_core/i_round_engine/i_start_iter/minimum_q_reg[2]_bret__4_i_3/LUTCY2_INST/O
                         net (fo=3, unplaced)         0.015     4.753    i_scheduler_core/i_round_engine/i_start_iter/minimum_q_reg[3]_bret__4_i_3/I4
                         LUTCY1 (Prop_LUTCY1_I4_O)    0.055     4.808 r  i_scheduler_core/i_round_engine/i_start_iter/minimum_q_reg[3]_bret__4_i_3/LUTCY1_INST/O
                         net (fo=9, unplaced)         0.237     5.045    i_scheduler_core/i_round_engine/i_start_iter/source_valid3[3]
                         LUT4 (Prop_LUT4_I0_O)        0.074     5.119 f  i_scheduler_core/i_round_engine/i_start_iter/minimum_valid_q_bret__4_i_52/O
                         net (fo=1, unplaced)         0.210     5.329    i_scheduler_core/i_round_engine/i_start_iter/minimum_valid_q_bret__4_i_52_n_0
                         LUT6 (Prop_LUT6_I1_O)        0.088     5.417 r  i_scheduler_core/i_round_engine/i_start_iter/minimum_valid_q_bret__4_i_29/O
                         net (fo=1, unplaced)         0.128     5.545    i_scheduler_core/i_round_engine/i_start_iter/minimum_valid_q_bret__4_i_29_n_0
                         LUT5 (Prop_LUT5_I2_O)        0.074     5.619 r  i_scheduler_core/i_round_engine/i_start_iter/minimum_valid_q_bret__4_i_8/O
                         net (fo=1, unplaced)         0.145     5.764    i_scheduler_core/i_round_engine/i_start_iter/minimum_valid_q_bret__4_i_8_n_0
                         LUT5 (Prop_LUT5_I4_O)        0.051     5.815 r  i_scheduler_core/i_round_engine/i_start_iter/minimum_valid_q_bret__4_i_2/O
                         net (fo=2, unplaced)         0.210     6.025    i_scheduler_core/i_round_engine/i_start_iter/minimum_valid_q_bret__4_i_2_n_0
                         LUT6 (Prop_LUT6_I1_O)        0.088     6.113 r  i_scheduler_core/i_round_engine/i_start_iter/minimum_valid_q_bret__4_i_1/O
                         net (fo=5, unplaced)         0.163     6.276    i_scheduler_core/i_round_engine/i_start_iter/minimum_valid_q_bret__4_i_1_n_0
                         LUT6 (Prop_LUT6_I5_O)        0.051     6.327 r  i_scheduler_core/i_round_engine/i_start_iter/previous_q[11]_i_1/O
                         net (fo=18, unplaced)        0.250     6.577    i_scheduler_core/i_round_engine/i_start_iter/previous_q[11]_i_1_n_0
                         FDCE                                         r  i_scheduler_core/i_round_engine/i_start_iter/previous_q_reg[12]_bret__1/CE
  -------------------------------------------------------------------    -------------------

                         (clock scheduler_clk rise edge)
                                                      5.000     5.000 r  
                                                      0.000     5.000 r  clk_i (IN)
                         net (fo=1914, unset)         0.080     5.080    i_scheduler_core/i_round_engine/i_start_iter/clk_i
                         FDCE                                         r  i_scheduler_core/i_round_engine/i_start_iter/previous_q_reg[12]_bret__1/C
                         clock pessimism              0.000     5.080    
                         clock uncertainty           -0.300     4.780    
                         FDCE (Setup_FDCE_C_CE)      -0.087     4.693    i_scheduler_core/i_round_engine/i_start_iter/previous_q_reg[12]_bret__1
  -------------------------------------------------------------------
                         required time                          4.693    
                         arrival time                          -6.577    
  -------------------------------------------------------------------
                         slack                                 -1.884    

Slack (VIOLATED) :        -1.884ns  (required time - arrival time)
  Source:                 i_scheduler_core/i_round_engine/FSM_onehot_st_q_reg[13]/C
                            (rising edge-triggered cell FDCE clocked by scheduler_clk  {rise@0.000ns fall@2.500ns period=5.000ns})
  Destination:            i_scheduler_core/i_round_engine/i_start_iter/previous_q_reg[12]_bret__2/CE
                            (rising edge-triggered cell FDCE clocked by scheduler_clk  {rise@0.000ns fall@2.500ns period=5.000ns})
  Path Group:             scheduler_clk
  Path Type:              Setup (Max at Slow Process Corner)
  Requirement:            5.000ns  (scheduler_clk rise@5.000ns - scheduler_clk rise@0.000ns)
  Data Path Delay:        6.457ns  (logic 1.971ns (30.525%)  route 4.486ns (69.475%))
  Logic Levels:           25  (LOOKAHEAD8=3 LUT3=1 LUT4=1 LUT5=3 LUT6=13 LUTCY1=2 LUTCY2=2)
  Clock Path Skew:        -0.040ns (DCD - SCD + CPR)
    Destination Clock Delay (DCD):    0.080ns = ( 5.080 - 5.000 ) 
    Source Clock Delay      (SCD):    0.120ns
    Clock Pessimism Removal (CPR):    0.000ns
  Clock Uncertainty:      0.300ns  (CJ)/2 + PE + PJ
    Clock Jitter             (CJ):    0.600ns
    Phase Error              (PE):    0.000ns
    Phase Jitter             (PJ):    0.000ns

    Location             Delay type                Incr(ns)  Path(ns)    Netlist Resource(s)
  -------------------------------------------------------------------    -------------------
                         (clock scheduler_clk rise edge)
                                                      0.000     0.000 r  
                                                      0.000     0.000 r  clk_i (IN)
                         net (fo=1914, unset)         0.120     0.120    i_scheduler_core/i_round_engine/clk_i
                         FDCE                                         r  i_scheduler_core/i_round_engine/FSM_onehot_st_q_reg[13]/C
  -------------------------------------------------------------------    -------------------
                         FDCE (Prop_FDCE_C_Q)         0.090     0.210 f  i_scheduler_core/i_round_engine/FSM_onehot_st_q_reg[13]/Q
                         net (fo=115, unplaced)       0.342     0.552    i_scheduler_core/i_round_engine/i_bound_score/g0_b0_i_12_0[12]
                         LUT6 (Prop_LUT6_I1_O)        0.088     0.640 r  i_scheduler_core/i_round_engine/i_bound_score/g0_b0_i_18/O
                         net (fo=1, unplaced)         0.016     0.656    i_scheduler_core/i_round_engine/i_bound_score/g0_b0_i_18_n_0
                         LUT3 (Prop_LUT3_I2_O)        0.050     0.706 r  i_scheduler_core/i_round_engine/i_bound_score/g0_b0_i_10/O
                         net (fo=6, unplaced)         0.232     0.938    i_scheduler_core/i_round_engine/i_bound_score/FSM_onehot_st_q_reg[1]
                         LUT6 (Prop_LUT6_I2_O)        0.088     1.026 r  i_scheduler_core/i_round_engine/i_bound_score/g0_b0_i_6/O
                         net (fo=10, unplaced)        0.243     1.269    i_scheduler_core/i_round_engine/i_transition_eval/commit_task_q_reg[1][shape_s3][0]_0
                         LUT6 (Prop_LUT6_I1_O)        0.088     1.357 r  i_scheduler_core/i_round_engine/i_transition_eval/g0_b0_i_1/O
                         net (fo=56, unplaced)        0.200     1.557    i_scheduler_core/i_round_engine/i_transition_eval/decode_address[0]
                         LUT5 (Prop_LUT5_I2_O)        0.074     1.631 r  i_scheduler_core/i_round_engine/i_transition_eval/commit_task_q[1][tok_start][7]_i_5/O
                         net (fo=46, unplaced)        0.278     1.909    i_scheduler_core/i_round_engine/i_transition_eval/decoded_profile[selector_a][1]
                         LUT6 (Prop_LUT6_I2_O)        0.088     1.997 f  i_scheduler_core/i_round_engine/i_transition_eval/c2_endpoint_q[task_end][1]_bret__6_bret__36_i_5/O
                         net (fo=7, unplaced)         0.153     2.150    i_scheduler_core/i_round_engine/i_start_iter/c2_endpoint_q_reg[task_end][1]_bret__6_bret__36
                         LUT6 (Prop_LUT6_I0_O)        0.074     2.224 r  i_scheduler_core/i_round_engine/i_start_iter/c2_endpoint_q[task_end][1]_bret__6_bret__36_i_2/O
                         net (fo=25, unplaced)        0.264     2.488    i_scheduler_core/i_round_engine/i_start_iter/hot_q_reg[4][ntok][0]
                         LUT6 (Prop_LUT6_I2_O)        0.088     2.576 r  i_scheduler_core/i_round_engine/i_start_iter/minimum_q[8]_bret__4_i_13/O
                         net (fo=13, unplaced)        0.249     2.825    i_scheduler_core/i_round_engine/minimum_q_reg[9]_bret__4_i_26/I2
                         LUTCY1 (Prop_LUTCY1_I2_PROP)
                                                      0.082     2.907 r  i_scheduler_core/i_round_engine/minimum_q_reg[9]_bret__4_i_26/LUTCY1_INST/PROP
                         net (fo=1, unplaced)         0.001     2.908    i_scheduler_core/i_round_engine/minimum_q_reg[9]_bret__4_i_26_n_3
                         LOOKAHEAD8 (Prop_LOOKAHEAD8_PROPH_COUTH)
                                                      0.129     3.037 r  i_scheduler_core/i_round_engine/minimum_q_reg[9]_bret__4_i_15/COUTH
                         net (fo=3, unplaced)         0.002     3.039    i_scheduler_core/i_round_engine/minimum_q_reg[9]_bret__4_i_15_n_3
                         LOOKAHEAD8 (Prop_LOOKAHEAD8_CIN_COUTB)
                                                      0.051     3.090 r  i_scheduler_core/i_round_engine/minimum_q_reg[9]_bret__4_i_11/COUTB
                         net (fo=15, unplaced)        0.341     3.431    i_scheduler_core/i_round_engine/i_target_s4pf/offset_value3
                         LUT6 (Prop_LUT6_I1_O)        0.088     3.519 f  i_scheduler_core/i_round_engine/i_target_s4pf/minimum_q[4]_bret__4_i_8/O
                         net (fo=9, unplaced)         0.176     3.695    i_scheduler_core/i_round_engine/i_target_s4pf/FSM_onehot_st_q_reg[4]_1
                         LUT6 (Prop_LUT6_I4_O)        0.051     3.746 r  i_scheduler_core/i_round_engine/i_target_s4pf/minimum_q[0]_bret__4_i_9/O
                         net (fo=4, unplaced)         0.157     3.903    i_scheduler_core/i_round_engine/i_target_s4pf/minimum_q[2]_bret__4_i_12_0
                         LUT6 (Prop_LUT6_I5_O)        0.051     3.954 r  i_scheduler_core/i_round_engine/i_target_s4pf/minimum_q[1]_bret__4_i_11/O
                         net (fo=1, unplaced)         0.210     4.164    i_scheduler_core/i_round_engine/i_target_s4pf/minimum_q[1]_bret__4_i_11_n_0
                         LUT6 (Prop_LUT6_I2_O)        0.088     4.252 f  i_scheduler_core/i_round_engine/i_target_s4pf/minimum_q[1]_bret__4_i_5/O
                         net (fo=2, unplaced)         0.236     4.488    i_scheduler_core/i_round_engine/i_start_iter/minimum_q_reg[1]_bret__4_i_3/I1
                         LUTCY2 (Prop_LUTCY2_I1_GE)
                                                      0.120     4.608 r  i_scheduler_core/i_round_engine/i_start_iter/minimum_q_reg[1]_bret__4_i_3/LUTCY2_INST/GE
                         net (fo=1, unplaced)         0.015     4.623    i_scheduler_core/i_round_engine/i_start_iter/minimum_q_reg[1]_bret__4_i_3_n_0
                         LOOKAHEAD8 (Prop_LOOKAHEAD8_GEB_COUTB)
                                                      0.053     4.676 r  i_scheduler_core/i_round_engine/i_start_iter/minimum_q_reg[8]_bret__4_i_6/COUTB
                         net (fo=2, unplaced)         0.013     4.689    i_scheduler_core/i_round_engine/i_start_iter/minimum_q_reg[2]_bret__4_i_3/I4
                         LUTCY2 (Prop_LUTCY2_I4_O)    0.049     4.738 r  i_scheduler_core/i_round_engine/i_start_iter/minimum_q_reg[2]_bret__4_i_3/LUTCY2_INST/O
                         net (fo=3, unplaced)         0.015     4.753    i_scheduler_core/i_round_engine/i_start_iter/minimum_q_reg[3]_bret__4_i_3/I4
                         LUTCY1 (Prop_LUTCY1_I4_O)    0.055     4.808 r  i_scheduler_core/i_round_engine/i_start_iter/minimum_q_reg[3]_bret__4_i_3/LUTCY1_INST/O
                         net (fo=9, unplaced)         0.237     5.045    i_scheduler_core/i_round_engine/i_start_iter/source_valid3[3]
                         LUT4 (Prop_LUT4_I0_O)        0.074     5.119 f  i_scheduler_core/i_round_engine/i_start_iter/minimum_valid_q_bret__4_i_52/O
                         net (fo=1, unplaced)         0.210     5.329    i_scheduler_core/i_round_engine/i_start_iter/minimum_valid_q_bret__4_i_52_n_0
                         LUT6 (Prop_LUT6_I1_O)        0.088     5.417 r  i_scheduler_core/i_round_engine/i_start_iter/minimum_valid_q_bret__4_i_29/O
                         net (fo=1, unplaced)         0.128     5.545    i_scheduler_core/i_round_engine/i_start_iter/minimum_valid_q_bret__4_i_29_n_0
                         LUT5 (Prop_LUT5_I2_O)        0.074     5.619 r  i_scheduler_core/i_round_engine/i_start_iter/minimum_valid_q_bret__4_i_8/O
                         net (fo=1, unplaced)         0.145     5.764    i_scheduler_core/i_round_engine/i_start_iter/minimum_valid_q_bret__4_i_8_n_0
                         LUT5 (Prop_LUT5_I4_O)        0.051     5.815 r  i_scheduler_core/i_round_engine/i_start_iter/minimum_valid_q_bret__4_i_2/O
                         net (fo=2, unplaced)         0.210     6.025    i_scheduler_core/i_round_engine/i_start_iter/minimum_valid_q_bret__4_i_2_n_0
                         LUT6 (Prop_LUT6_I1_O)        0.088     6.113 r  i_scheduler_core/i_round_engine/i_start_iter/minimum_valid_q_bret__4_i_1/O
                         net (fo=5, unplaced)         0.163     6.276    i_scheduler_core/i_round_engine/i_start_iter/minimum_valid_q_bret__4_i_1_n_0
                         LUT6 (Prop_LUT6_I5_O)        0.051     6.327 r  i_scheduler_core/i_round_engine/i_start_iter/previous_q[11]_i_1/O
                         net (fo=18, unplaced)        0.250     6.577    i_scheduler_core/i_round_engine/i_start_iter/previous_q[11]_i_1_n_0
                         FDCE                                         r  i_scheduler_core/i_round_engine/i_start_iter/previous_q_reg[12]_bret__2/CE
  -------------------------------------------------------------------    -------------------

                         (clock scheduler_clk rise edge)
                                                      5.000     5.000 r  
                                                      0.000     5.000 r  clk_i (IN)
                         net (fo=1914, unset)         0.080     5.080    i_scheduler_core/i_round_engine/i_start_iter/clk_i
                         FDCE                                         r  i_scheduler_core/i_round_engine/i_start_iter/previous_q_reg[12]_bret__2/C
                         clock pessimism              0.000     5.080    
                         clock uncertainty           -0.300     4.780    
                         FDCE (Setup_FDCE_C_CE)      -0.087     4.693    i_scheduler_core/i_round_engine/i_start_iter/previous_q_reg[12]_bret__2
  -------------------------------------------------------------------
                         required time                          4.693    
                         arrival time                          -6.577    
  -------------------------------------------------------------------
                         slack                                 -1.884    

Slack (VIOLATED) :        -1.884ns  (required time - arrival time)
  Source:                 i_scheduler_core/i_round_engine/FSM_onehot_st_q_reg[13]/C
                            (rising edge-triggered cell FDCE clocked by scheduler_clk  {rise@0.000ns fall@2.500ns period=5.000ns})
  Destination:            i_scheduler_core/i_round_engine/i_start_iter/previous_q_reg[12]_bret__3/CE
                            (rising edge-triggered cell FDCE clocked by scheduler_clk  {rise@0.000ns fall@2.500ns period=5.000ns})
  Path Group:             scheduler_clk
  Path Type:              Setup (Max at Slow Process Corner)
  Requirement:            5.000ns  (scheduler_clk rise@5.000ns - scheduler_clk rise@0.000ns)
  Data Path Delay:        6.457ns  (logic 1.971ns (30.525%)  route 4.486ns (69.475%))
  Logic Levels:           25  (LOOKAHEAD8=3 LUT3=1 LUT4=1 LUT5=3 LUT6=13 LUTCY1=2 LUTCY2=2)
  Clock Path Skew:        -0.040ns (DCD - SCD + CPR)
    Destination Clock Delay (DCD):    0.080ns = ( 5.080 - 5.000 ) 
    Source Clock Delay      (SCD):    0.120ns
    Clock Pessimism Removal (CPR):    0.000ns
  Clock Uncertainty:      0.300ns  (CJ)/2 + PE + PJ
    Clock Jitter             (CJ):    0.600ns
    Phase Error              (PE):    0.000ns
    Phase Jitter             (PJ):    0.000ns

    Location             Delay type                Incr(ns)  Path(ns)    Netlist Resource(s)
  -------------------------------------------------------------------    -------------------
                         (clock scheduler_clk rise edge)
                                                      0.000     0.000 r  
                                                      0.000     0.000 r  clk_i (IN)
                         net (fo=1914, unset)         0.120     0.120    i_scheduler_core/i_round_engine/clk_i
                         FDCE                                         r  i_scheduler_core/i_round_engine/FSM_onehot_st_q_reg[13]/C
  -------------------------------------------------------------------    -------------------
                         FDCE (Prop_FDCE_C_Q)         0.090     0.210 f  i_scheduler_core/i_round_engine/FSM_onehot_st_q_reg[13]/Q
                         net (fo=115, unplaced)       0.342     0.552    i_scheduler_core/i_round_engine/i_bound_score/g0_b0_i_12_0[12]
                         LUT6 (Prop_LUT6_I1_O)        0.088     0.640 r  i_scheduler_core/i_round_engine/i_bound_score/g0_b0_i_18/O
                         net (fo=1, unplaced)         0.016     0.656    i_scheduler_core/i_round_engine/i_bound_score/g0_b0_i_18_n_0
                         LUT3 (Prop_LUT3_I2_O)        0.050     0.706 r  i_scheduler_core/i_round_engine/i_bound_score/g0_b0_i_10/O
                         net (fo=6, unplaced)         0.232     0.938    i_scheduler_core/i_round_engine/i_bound_score/FSM_onehot_st_q_reg[1]
                         LUT6 (Prop_LUT6_I2_O)        0.088     1.026 r  i_scheduler_core/i_round_engine/i_bound_score/g0_b0_i_6/O
                         net (fo=10, unplaced)        0.243     1.269    i_scheduler_core/i_round_engine/i_transition_eval/commit_task_q_reg[1][shape_s3][0]_0
                         LUT6 (Prop_LUT6_I1_O)        0.088     1.357 r  i_scheduler_core/i_round_engine/i_transition_eval/g0_b0_i_1/O
                         net (fo=56, unplaced)        0.200     1.557    i_scheduler_core/i_round_engine/i_transition_eval/decode_address[0]
                         LUT5 (Prop_LUT5_I2_O)        0.074     1.631 r  i_scheduler_core/i_round_engine/i_transition_eval/commit_task_q[1][tok_start][7]_i_5/O
                         net (fo=46, unplaced)        0.278     1.909    i_scheduler_core/i_round_engine/i_transition_eval/decoded_profile[selector_a][1]
                         LUT6 (Prop_LUT6_I2_O)        0.088     1.997 f  i_scheduler_core/i_round_engine/i_transition_eval/c2_endpoint_q[task_end][1]_bret__6_bret__36_i_5/O
                         net (fo=7, unplaced)         0.153     2.150    i_scheduler_core/i_round_engine/i_start_iter/c2_endpoint_q_reg[task_end][1]_bret__6_bret__36
                         LUT6 (Prop_LUT6_I0_O)        0.074     2.224 r  i_scheduler_core/i_round_engine/i_start_iter/c2_endpoint_q[task_end][1]_bret__6_bret__36_i_2/O
                         net (fo=25, unplaced)        0.264     2.488    i_scheduler_core/i_round_engine/i_start_iter/hot_q_reg[4][ntok][0]
                         LUT6 (Prop_LUT6_I2_O)        0.088     2.576 r  i_scheduler_core/i_round_engine/i_start_iter/minimum_q[8]_bret__4_i_13/O
                         net (fo=13, unplaced)        0.249     2.825    i_scheduler_core/i_round_engine/minimum_q_reg[9]_bret__4_i_26/I2
                         LUTCY1 (Prop_LUTCY1_I2_PROP)
                                                      0.082     2.907 r  i_scheduler_core/i_round_engine/minimum_q_reg[9]_bret__4_i_26/LUTCY1_INST/PROP
                         net (fo=1, unplaced)         0.001     2.908    i_scheduler_core/i_round_engine/minimum_q_reg[9]_bret__4_i_26_n_3
                         LOOKAHEAD8 (Prop_LOOKAHEAD8_PROPH_COUTH)
                                                      0.129     3.037 r  i_scheduler_core/i_round_engine/minimum_q_reg[9]_bret__4_i_15/COUTH
                         net (fo=3, unplaced)         0.002     3.039    i_scheduler_core/i_round_engine/minimum_q_reg[9]_bret__4_i_15_n_3
                         LOOKAHEAD8 (Prop_LOOKAHEAD8_CIN_COUTB)
                                                      0.051     3.090 r  i_scheduler_core/i_round_engine/minimum_q_reg[9]_bret__4_i_11/COUTB
                         net (fo=15, unplaced)        0.341     3.431    i_scheduler_core/i_round_engine/i_target_s4pf/offset_value3
                         LUT6 (Prop_LUT6_I1_O)        0.088     3.519 f  i_scheduler_core/i_round_engine/i_target_s4pf/minimum_q[4]_bret__4_i_8/O
                         net (fo=9, unplaced)         0.176     3.695    i_scheduler_core/i_round_engine/i_target_s4pf/FSM_onehot_st_q_reg[4]_1
                         LUT6 (Prop_LUT6_I4_O)        0.051     3.746 r  i_scheduler_core/i_round_engine/i_target_s4pf/minimum_q[0]_bret__4_i_9/O
                         net (fo=4, unplaced)         0.157     3.903    i_scheduler_core/i_round_engine/i_target_s4pf/minimum_q[2]_bret__4_i_12_0
                         LUT6 (Prop_LUT6_I5_O)        0.051     3.954 r  i_scheduler_core/i_round_engine/i_target_s4pf/minimum_q[1]_bret__4_i_11/O
                         net (fo=1, unplaced)         0.210     4.164    i_scheduler_core/i_round_engine/i_target_s4pf/minimum_q[1]_bret__4_i_11_n_0
                         LUT6 (Prop_LUT6_I2_O)        0.088     4.252 f  i_scheduler_core/i_round_engine/i_target_s4pf/minimum_q[1]_bret__4_i_5/O
                         net (fo=2, unplaced)         0.236     4.488    i_scheduler_core/i_round_engine/i_start_iter/minimum_q_reg[1]_bret__4_i_3/I1
                         LUTCY2 (Prop_LUTCY2_I1_GE)
                                                      0.120     4.608 r  i_scheduler_core/i_round_engine/i_start_iter/minimum_q_reg[1]_bret__4_i_3/LUTCY2_INST/GE
                         net (fo=1, unplaced)         0.015     4.623    i_scheduler_core/i_round_engine/i_start_iter/minimum_q_reg[1]_bret__4_i_3_n_0
                         LOOKAHEAD8 (Prop_LOOKAHEAD8_GEB_COUTB)
                                                      0.053     4.676 r  i_scheduler_core/i_round_engine/i_start_iter/minimum_q_reg[8]_bret__4_i_6/COUTB
                         net (fo=2, unplaced)         0.013     4.689    i_scheduler_core/i_round_engine/i_start_iter/minimum_q_reg[2]_bret__4_i_3/I4
                         LUTCY2 (Prop_LUTCY2_I4_O)    0.049     4.738 r  i_scheduler_core/i_round_engine/i_start_iter/minimum_q_reg[2]_bret__4_i_3/LUTCY2_INST/O
                         net (fo=3, unplaced)         0.015     4.753    i_scheduler_core/i_round_engine/i_start_iter/minimum_q_reg[3]_bret__4_i_3/I4
                         LUTCY1 (Prop_LUTCY1_I4_O)    0.055     4.808 r  i_scheduler_core/i_round_engine/i_start_iter/minimum_q_reg[3]_bret__4_i_3/LUTCY1_INST/O
                         net (fo=9, unplaced)         0.237     5.045    i_scheduler_core/i_round_engine/i_start_iter/source_valid3[3]
                         LUT4 (Prop_LUT4_I0_O)        0.074     5.119 f  i_scheduler_core/i_round_engine/i_start_iter/minimum_valid_q_bret__4_i_52/O
                         net (fo=1, unplaced)         0.210     5.329    i_scheduler_core/i_round_engine/i_start_iter/minimum_valid_q_bret__4_i_52_n_0
                         LUT6 (Prop_LUT6_I1_O)        0.088     5.417 r  i_scheduler_core/i_round_engine/i_start_iter/minimum_valid_q_bret__4_i_29/O
                         net (fo=1, unplaced)         0.128     5.545    i_scheduler_core/i_round_engine/i_start_iter/minimum_valid_q_bret__4_i_29_n_0
                         LUT5 (Prop_LUT5_I2_O)        0.074     5.619 r  i_scheduler_core/i_round_engine/i_start_iter/minimum_valid_q_bret__4_i_8/O
                         net (fo=1, unplaced)         0.145     5.764    i_scheduler_core/i_round_engine/i_start_iter/minimum_valid_q_bret__4_i_8_n_0
                         LUT5 (Prop_LUT5_I4_O)        0.051     5.815 r  i_scheduler_core/i_round_engine/i_start_iter/minimum_valid_q_bret__4_i_2/O
                         net (fo=2, unplaced)         0.210     6.025    i_scheduler_core/i_round_engine/i_start_iter/minimum_valid_q_bret__4_i_2_n_0
                         LUT6 (Prop_LUT6_I1_O)        0.088     6.113 r  i_scheduler_core/i_round_engine/i_start_iter/minimum_valid_q_bret__4_i_1/O
                         net (fo=5, unplaced)         0.163     6.276    i_scheduler_core/i_round_engine/i_start_iter/minimum_valid_q_bret__4_i_1_n_0
                         LUT6 (Prop_LUT6_I5_O)        0.051     6.327 r  i_scheduler_core/i_round_engine/i_start_iter/previous_q[11]_i_1/O
                         net (fo=18, unplaced)        0.250     6.577    i_scheduler_core/i_round_engine/i_start_iter/previous_q[11]_i_1_n_0
                         FDCE                                         r  i_scheduler_core/i_round_engine/i_start_iter/previous_q_reg[12]_bret__3/CE
  -------------------------------------------------------------------    -------------------

                         (clock scheduler_clk rise edge)
                                                      5.000     5.000 r  
                                                      0.000     5.000 r  clk_i (IN)
                         net (fo=1914, unset)         0.080     5.080    i_scheduler_core/i_round_engine/i_start_iter/clk_i
                         FDCE                                         r  i_scheduler_core/i_round_engine/i_start_iter/previous_q_reg[12]_bret__3/C
                         clock pessimism              0.000     5.080    
                         clock uncertainty           -0.300     4.780    
                         FDCE (Setup_FDCE_C_CE)      -0.087     4.693    i_scheduler_core/i_round_engine/i_start_iter/previous_q_reg[12]_bret__3
  -------------------------------------------------------------------
                         required time                          4.693    
                         arrival time                          -6.577    
  -------------------------------------------------------------------
                         slack                                 -1.884    

Slack (VIOLATED) :        -1.884ns  (required time - arrival time)
  Source:                 i_scheduler_core/i_round_engine/FSM_onehot_st_q_reg[13]/C
                            (rising edge-triggered cell FDCE clocked by scheduler_clk  {rise@0.000ns fall@2.500ns period=5.000ns})
  Destination:            i_scheduler_core/i_round_engine/i_start_iter/previous_q_reg[12]_bret__4/CE
                            (rising edge-triggered cell FDCE clocked by scheduler_clk  {rise@0.000ns fall@2.500ns period=5.000ns})
  Path Group:             scheduler_clk
  Path Type:              Setup (Max at Slow Process Corner)
  Requirement:            5.000ns  (scheduler_clk rise@5.000ns - scheduler_clk rise@0.000ns)
  Data Path Delay:        6.457ns  (logic 1.971ns (30.525%)  route 4.486ns (69.475%))
  Logic Levels:           25  (LOOKAHEAD8=3 LUT3=1 LUT4=1 LUT5=3 LUT6=13 LUTCY1=2 LUTCY2=2)
  Clock Path Skew:        -0.040ns (DCD - SCD + CPR)
    Destination Clock Delay (DCD):    0.080ns = ( 5.080 - 5.000 ) 
    Source Clock Delay      (SCD):    0.120ns
    Clock Pessimism Removal (CPR):    0.000ns
  Clock Uncertainty:      0.300ns  (CJ)/2 + PE + PJ
    Clock Jitter             (CJ):    0.600ns
    Phase Error              (PE):    0.000ns
    Phase Jitter             (PJ):    0.000ns

    Location             Delay type                Incr(ns)  Path(ns)    Netlist Resource(s)
  -------------------------------------------------------------------    -------------------
                         (clock scheduler_clk rise edge)
                                                      0.000     0.000 r  
                                                      0.000     0.000 r  clk_i (IN)
                         net (fo=1914, unset)         0.120     0.120    i_scheduler_core/i_round_engine/clk_i
                         FDCE                                         r  i_scheduler_core/i_round_engine/FSM_onehot_st_q_reg[13]/C
  -------------------------------------------------------------------    -------------------
                         FDCE (Prop_FDCE_C_Q)         0.090     0.210 f  i_scheduler_core/i_round_engine/FSM_onehot_st_q_reg[13]/Q
                         net (fo=115, unplaced)       0.342     0.552    i_scheduler_core/i_round_engine/i_bound_score/g0_b0_i_12_0[12]
                         LUT6 (Prop_LUT6_I1_O)        0.088     0.640 r  i_scheduler_core/i_round_engine/i_bound_score/g0_b0_i_18/O
                         net (fo=1, unplaced)         0.016     0.656    i_scheduler_core/i_round_engine/i_bound_score/g0_b0_i_18_n_0
                         LUT3 (Prop_LUT3_I2_O)        0.050     0.706 r  i_scheduler_core/i_round_engine/i_bound_score/g0_b0_i_10/O
                         net (fo=6, unplaced)         0.232     0.938    i_scheduler_core/i_round_engine/i_bound_score/FSM_onehot_st_q_reg[1]
                         LUT6 (Prop_LUT6_I2_O)        0.088     1.026 r  i_scheduler_core/i_round_engine/i_bound_score/g0_b0_i_6/O
                         net (fo=10, unplaced)        0.243     1.269    i_scheduler_core/i_round_engine/i_transition_eval/commit_task_q_reg[1][shape_s3][0]_0
                         LUT6 (Prop_LUT6_I1_O)        0.088     1.357 r  i_scheduler_core/i_round_engine/i_transition_eval/g0_b0_i_1/O
                         net (fo=56, unplaced)        0.200     1.557    i_scheduler_core/i_round_engine/i_transition_eval/decode_address[0]
                         LUT5 (Prop_LUT5_I2_O)        0.074     1.631 r  i_scheduler_core/i_round_engine/i_transition_eval/commit_task_q[1][tok_start][7]_i_5/O
                         net (fo=46, unplaced)        0.278     1.909    i_scheduler_core/i_round_engine/i_transition_eval/decoded_profile[selector_a][1]
                         LUT6 (Prop_LUT6_I2_O)        0.088     1.997 f  i_scheduler_core/i_round_engine/i_transition_eval/c2_endpoint_q[task_end][1]_bret__6_bret__36_i_5/O
                         net (fo=7, unplaced)         0.153     2.150    i_scheduler_core/i_round_engine/i_start_iter/c2_endpoint_q_reg[task_end][1]_bret__6_bret__36
                         LUT6 (Prop_LUT6_I0_O)        0.074     2.224 r  i_scheduler_core/i_round_engine/i_start_iter/c2_endpoint_q[task_end][1]_bret__6_bret__36_i_2/O
                         net (fo=25, unplaced)        0.264     2.488    i_scheduler_core/i_round_engine/i_start_iter/hot_q_reg[4][ntok][0]
                         LUT6 (Prop_LUT6_I2_O)        0.088     2.576 r  i_scheduler_core/i_round_engine/i_start_iter/minimum_q[8]_bret__4_i_13/O
                         net (fo=13, unplaced)        0.249     2.825    i_scheduler_core/i_round_engine/minimum_q_reg[9]_bret__4_i_26/I2
                         LUTCY1 (Prop_LUTCY1_I2_PROP)
                                                      0.082     2.907 r  i_scheduler_core/i_round_engine/minimum_q_reg[9]_bret__4_i_26/LUTCY1_INST/PROP
                         net (fo=1, unplaced)         0.001     2.908    i_scheduler_core/i_round_engine/minimum_q_reg[9]_bret__4_i_26_n_3
                         LOOKAHEAD8 (Prop_LOOKAHEAD8_PROPH_COUTH)
                                                      0.129     3.037 r  i_scheduler_core/i_round_engine/minimum_q_reg[9]_bret__4_i_15/COUTH
                         net (fo=3, unplaced)         0.002     3.039    i_scheduler_core/i_round_engine/minimum_q_reg[9]_bret__4_i_15_n_3
                         LOOKAHEAD8 (Prop_LOOKAHEAD8_CIN_COUTB)
                                                      0.051     3.090 r  i_scheduler_core/i_round_engine/minimum_q_reg[9]_bret__4_i_11/COUTB
                         net (fo=15, unplaced)        0.341     3.431    i_scheduler_core/i_round_engine/i_target_s4pf/offset_value3
                         LUT6 (Prop_LUT6_I1_O)        0.088     3.519 f  i_scheduler_core/i_round_engine/i_target_s4pf/minimum_q[4]_bret__4_i_8/O
                         net (fo=9, unplaced)         0.176     3.695    i_scheduler_core/i_round_engine/i_target_s4pf/FSM_onehot_st_q_reg[4]_1
                         LUT6 (Prop_LUT6_I4_O)        0.051     3.746 r  i_scheduler_core/i_round_engine/i_target_s4pf/minimum_q[0]_bret__4_i_9/O
                         net (fo=4, unplaced)         0.157     3.903    i_scheduler_core/i_round_engine/i_target_s4pf/minimum_q[2]_bret__4_i_12_0
                         LUT6 (Prop_LUT6_I5_O)        0.051     3.954 r  i_scheduler_core/i_round_engine/i_target_s4pf/minimum_q[1]_bret__4_i_11/O
                         net (fo=1, unplaced)         0.210     4.164    i_scheduler_core/i_round_engine/i_target_s4pf/minimum_q[1]_bret__4_i_11_n_0
                         LUT6 (Prop_LUT6_I2_O)        0.088     4.252 f  i_scheduler_core/i_round_engine/i_target_s4pf/minimum_q[1]_bret__4_i_5/O
                         net (fo=2, unplaced)         0.236     4.488    i_scheduler_core/i_round_engine/i_start_iter/minimum_q_reg[1]_bret__4_i_3/I1
                         LUTCY2 (Prop_LUTCY2_I1_GE)
                                                      0.120     4.608 r  i_scheduler_core/i_round_engine/i_start_iter/minimum_q_reg[1]_bret__4_i_3/LUTCY2_INST/GE
                         net (fo=1, unplaced)         0.015     4.623    i_scheduler_core/i_round_engine/i_start_iter/minimum_q_reg[1]_bret__4_i_3_n_0
                         LOOKAHEAD8 (Prop_LOOKAHEAD8_GEB_COUTB)
                                                      0.053     4.676 r  i_scheduler_core/i_round_engine/i_start_iter/minimum_q_reg[8]_bret__4_i_6/COUTB
                         net (fo=2, unplaced)         0.013     4.689    i_scheduler_core/i_round_engine/i_start_iter/minimum_q_reg[2]_bret__4_i_3/I4
                         LUTCY2 (Prop_LUTCY2_I4_O)    0.049     4.738 r  i_scheduler_core/i_round_engine/i_start_iter/minimum_q_reg[2]_bret__4_i_3/LUTCY2_INST/O
                         net (fo=3, unplaced)         0.015     4.753    i_scheduler_core/i_round_engine/i_start_iter/minimum_q_reg[3]_bret__4_i_3/I4
                         LUTCY1 (Prop_LUTCY1_I4_O)    0.055     4.808 r  i_scheduler_core/i_round_engine/i_start_iter/minimum_q_reg[3]_bret__4_i_3/LUTCY1_INST/O
                         net (fo=9, unplaced)         0.237     5.045    i_scheduler_core/i_round_engine/i_start_iter/source_valid3[3]
                         LUT4 (Prop_LUT4_I0_O)        0.074     5.119 f  i_scheduler_core/i_round_engine/i_start_iter/minimum_valid_q_bret__4_i_52/O
                         net (fo=1, unplaced)         0.210     5.329    i_scheduler_core/i_round_engine/i_start_iter/minimum_valid_q_bret__4_i_52_n_0
                         LUT6 (Prop_LUT6_I1_O)        0.088     5.417 r  i_scheduler_core/i_round_engine/i_start_iter/minimum_valid_q_bret__4_i_29/O
                         net (fo=1, unplaced)         0.128     5.545    i_scheduler_core/i_round_engine/i_start_iter/minimum_valid_q_bret__4_i_29_n_0
                         LUT5 (Prop_LUT5_I2_O)        0.074     5.619 r  i_scheduler_core/i_round_engine/i_start_iter/minimum_valid_q_bret__4_i_8/O
                         net (fo=1, unplaced)         0.145     5.764    i_scheduler_core/i_round_engine/i_start_iter/minimum_valid_q_bret__4_i_8_n_0
                         LUT5 (Prop_LUT5_I4_O)        0.051     5.815 r  i_scheduler_core/i_round_engine/i_start_iter/minimum_valid_q_bret__4_i_2/O
                         net (fo=2, unplaced)         0.210     6.025    i_scheduler_core/i_round_engine/i_start_iter/minimum_valid_q_bret__4_i_2_n_0
                         LUT6 (Prop_LUT6_I1_O)        0.088     6.113 r  i_scheduler_core/i_round_engine/i_start_iter/minimum_valid_q_bret__4_i_1/O
                         net (fo=5, unplaced)         0.163     6.276    i_scheduler_core/i_round_engine/i_start_iter/minimum_valid_q_bret__4_i_1_n_0
                         LUT6 (Prop_LUT6_I5_O)        0.051     6.327 r  i_scheduler_core/i_round_engine/i_start_iter/previous_q[11]_i_1/O
                         net (fo=18, unplaced)        0.250     6.577    i_scheduler_core/i_round_engine/i_start_iter/previous_q[11]_i_1_n_0
                         FDCE                                         r  i_scheduler_core/i_round_engine/i_start_iter/previous_q_reg[12]_bret__4/CE
  -------------------------------------------------------------------    -------------------

                         (clock scheduler_clk rise edge)
                                                      5.000     5.000 r  
                                                      0.000     5.000 r  clk_i (IN)
                         net (fo=1914, unset)         0.080     5.080    i_scheduler_core/i_round_engine/i_start_iter/clk_i
                         FDCE                                         r  i_scheduler_core/i_round_engine/i_start_iter/previous_q_reg[12]_bret__4/C
                         clock pessimism              0.000     5.080    
                         clock uncertainty           -0.300     4.780    
                         FDCE (Setup_FDCE_C_CE)      -0.087     4.693    i_scheduler_core/i_round_engine/i_start_iter/previous_q_reg[12]_bret__4
  -------------------------------------------------------------------
                         required time                          4.693    
                         arrival time                          -6.577    
  -------------------------------------------------------------------
                         slack                                 -1.884    

Slack (VIOLATED) :        -1.884ns  (required time - arrival time)
  Source:                 i_scheduler_core/i_round_engine/FSM_onehot_st_q_reg[13]/C
                            (rising edge-triggered cell FDCE clocked by scheduler_clk  {rise@0.000ns fall@2.500ns period=5.000ns})
  Destination:            i_scheduler_core/i_round_engine/i_start_iter/previous_q_reg[1]/CE
                            (rising edge-triggered cell FDCE clocked by scheduler_clk  {rise@0.000ns fall@2.500ns period=5.000ns})
  Path Group:             scheduler_clk
  Path Type:              Setup (Max at Slow Process Corner)
  Requirement:            5.000ns  (scheduler_clk rise@5.000ns - scheduler_clk rise@0.000ns)
  Data Path Delay:        6.457ns  (logic 1.971ns (30.525%)  route 4.486ns (69.475%))
  Logic Levels:           25  (LOOKAHEAD8=3 LUT3=1 LUT4=1 LUT5=3 LUT6=13 LUTCY1=2 LUTCY2=2)
  Clock Path Skew:        -0.040ns (DCD - SCD + CPR)
    Destination Clock Delay (DCD):    0.080ns = ( 5.080 - 5.000 ) 
    Source Clock Delay      (SCD):    0.120ns
    Clock Pessimism Removal (CPR):    0.000ns
  Clock Uncertainty:      0.300ns  (CJ)/2 + PE + PJ
    Clock Jitter             (CJ):    0.600ns
    Phase Error              (PE):    0.000ns
    Phase Jitter             (PJ):    0.000ns

    Location             Delay type                Incr(ns)  Path(ns)    Netlist Resource(s)
  -------------------------------------------------------------------    -------------------
                         (clock scheduler_clk rise edge)
                                                      0.000     0.000 r  
                                                      0.000     0.000 r  clk_i (IN)
                         net (fo=1914, unset)         0.120     0.120    i_scheduler_core/i_round_engine/clk_i
                         FDCE                                         r  i_scheduler_core/i_round_engine/FSM_onehot_st_q_reg[13]/C
  -------------------------------------------------------------------    -------------------
                         FDCE (Prop_FDCE_C_Q)         0.090     0.210 f  i_scheduler_core/i_round_engine/FSM_onehot_st_q_reg[13]/Q
                         net (fo=115, unplaced)       0.342     0.552    i_scheduler_core/i_round_engine/i_bound_score/g0_b0_i_12_0[12]
                         LUT6 (Prop_LUT6_I1_O)        0.088     0.640 r  i_scheduler_core/i_round_engine/i_bound_score/g0_b0_i_18/O
                         net (fo=1, unplaced)         0.016     0.656    i_scheduler_core/i_round_engine/i_bound_score/g0_b0_i_18_n_0
                         LUT3 (Prop_LUT3_I2_O)        0.050     0.706 r  i_scheduler_core/i_round_engine/i_bound_score/g0_b0_i_10/O
                         net (fo=6, unplaced)         0.232     0.938    i_scheduler_core/i_round_engine/i_bound_score/FSM_onehot_st_q_reg[1]
                         LUT6 (Prop_LUT6_I2_O)        0.088     1.026 r  i_scheduler_core/i_round_engine/i_bound_score/g0_b0_i_6/O
                         net (fo=10, unplaced)        0.243     1.269    i_scheduler_core/i_round_engine/i_transition_eval/commit_task_q_reg[1][shape_s3][0]_0
                         LUT6 (Prop_LUT6_I1_O)        0.088     1.357 r  i_scheduler_core/i_round_engine/i_transition_eval/g0_b0_i_1/O
                         net (fo=56, unplaced)        0.200     1.557    i_scheduler_core/i_round_engine/i_transition_eval/decode_address[0]
                         LUT5 (Prop_LUT5_I2_O)        0.074     1.631 r  i_scheduler_core/i_round_engine/i_transition_eval/commit_task_q[1][tok_start][7]_i_5/O
                         net (fo=46, unplaced)        0.278     1.909    i_scheduler_core/i_round_engine/i_transition_eval/decoded_profile[selector_a][1]
                         LUT6 (Prop_LUT6_I2_O)        0.088     1.997 f  i_scheduler_core/i_round_engine/i_transition_eval/c2_endpoint_q[task_end][1]_bret__6_bret__36_i_5/O
                         net (fo=7, unplaced)         0.153     2.150    i_scheduler_core/i_round_engine/i_start_iter/c2_endpoint_q_reg[task_end][1]_bret__6_bret__36
                         LUT6 (Prop_LUT6_I0_O)        0.074     2.224 r  i_scheduler_core/i_round_engine/i_start_iter/c2_endpoint_q[task_end][1]_bret__6_bret__36_i_2/O
                         net (fo=25, unplaced)        0.264     2.488    i_scheduler_core/i_round_engine/i_start_iter/hot_q_reg[4][ntok][0]
                         LUT6 (Prop_LUT6_I2_O)        0.088     2.576 r  i_scheduler_core/i_round_engine/i_start_iter/minimum_q[8]_bret__4_i_13/O
                         net (fo=13, unplaced)        0.249     2.825    i_scheduler_core/i_round_engine/minimum_q_reg[9]_bret__4_i_26/I2
                         LUTCY1 (Prop_LUTCY1_I2_PROP)
                                                      0.082     2.907 r  i_scheduler_core/i_round_engine/minimum_q_reg[9]_bret__4_i_26/LUTCY1_INST/PROP
                         net (fo=1, unplaced)         0.001     2.908    i_scheduler_core/i_round_engine/minimum_q_reg[9]_bret__4_i_26_n_3
                         LOOKAHEAD8 (Prop_LOOKAHEAD8_PROPH_COUTH)
                                                      0.129     3.037 r  i_scheduler_core/i_round_engine/minimum_q_reg[9]_bret__4_i_15/COUTH
                         net (fo=3, unplaced)         0.002     3.039    i_scheduler_core/i_round_engine/minimum_q_reg[9]_bret__4_i_15_n_3
                         LOOKAHEAD8 (Prop_LOOKAHEAD8_CIN_COUTB)
                                                      0.051     3.090 r  i_scheduler_core/i_round_engine/minimum_q_reg[9]_bret__4_i_11/COUTB
                         net (fo=15, unplaced)        0.341     3.431    i_scheduler_core/i_round_engine/i_target_s4pf/offset_value3
                         LUT6 (Prop_LUT6_I1_O)        0.088     3.519 f  i_scheduler_core/i_round_engine/i_target_s4pf/minimum_q[4]_bret__4_i_8/O
                         net (fo=9, unplaced)         0.176     3.695    i_scheduler_core/i_round_engine/i_target_s4pf/FSM_onehot_st_q_reg[4]_1
                         LUT6 (Prop_LUT6_I4_O)        0.051     3.746 r  i_scheduler_core/i_round_engine/i_target_s4pf/minimum_q[0]_bret__4_i_9/O
                         net (fo=4, unplaced)         0.157     3.903    i_scheduler_core/i_round_engine/i_target_s4pf/minimum_q[2]_bret__4_i_12_0
                         LUT6 (Prop_LUT6_I5_O)        0.051     3.954 r  i_scheduler_core/i_round_engine/i_target_s4pf/minimum_q[1]_bret__4_i_11/O
                         net (fo=1, unplaced)         0.210     4.164    i_scheduler_core/i_round_engine/i_target_s4pf/minimum_q[1]_bret__4_i_11_n_0
                         LUT6 (Prop_LUT6_I2_O)        0.088     4.252 f  i_scheduler_core/i_round_engine/i_target_s4pf/minimum_q[1]_bret__4_i_5/O
                         net (fo=2, unplaced)         0.236     4.488    i_scheduler_core/i_round_engine/i_start_iter/minimum_q_reg[1]_bret__4_i_3/I1
                         LUTCY2 (Prop_LUTCY2_I1_GE)
                                                      0.120     4.608 r  i_scheduler_core/i_round_engine/i_start_iter/minimum_q_reg[1]_bret__4_i_3/LUTCY2_INST/GE
                         net (fo=1, unplaced)         0.015     4.623    i_scheduler_core/i_round_engine/i_start_iter/minimum_q_reg[1]_bret__4_i_3_n_0
                         LOOKAHEAD8 (Prop_LOOKAHEAD8_GEB_COUTB)
                                                      0.053     4.676 r  i_scheduler_core/i_round_engine/i_start_iter/minimum_q_reg[8]_bret__4_i_6/COUTB
                         net (fo=2, unplaced)         0.013     4.689    i_scheduler_core/i_round_engine/i_start_iter/minimum_q_reg[2]_bret__4_i_3/I4
                         LUTCY2 (Prop_LUTCY2_I4_O)    0.049     4.738 r  i_scheduler_core/i_round_engine/i_start_iter/minimum_q_reg[2]_bret__4_i_3/LUTCY2_INST/O
                         net (fo=3, unplaced)         0.015     4.753    i_scheduler_core/i_round_engine/i_start_iter/minimum_q_reg[3]_bret__4_i_3/I4
                         LUTCY1 (Prop_LUTCY1_I4_O)    0.055     4.808 r  i_scheduler_core/i_round_engine/i_start_iter/minimum_q_reg[3]_bret__4_i_3/LUTCY1_INST/O
                         net (fo=9, unplaced)         0.237     5.045    i_scheduler_core/i_round_engine/i_start_iter/source_valid3[3]
                         LUT4 (Prop_LUT4_I0_O)        0.074     5.119 f  i_scheduler_core/i_round_engine/i_start_iter/minimum_valid_q_bret__4_i_52/O
                         net (fo=1, unplaced)         0.210     5.329    i_scheduler_core/i_round_engine/i_start_iter/minimum_valid_q_bret__4_i_52_n_0
                         LUT6 (Prop_LUT6_I1_O)        0.088     5.417 r  i_scheduler_core/i_round_engine/i_start_iter/minimum_valid_q_bret__4_i_29/O
                         net (fo=1, unplaced)         0.128     5.545    i_scheduler_core/i_round_engine/i_start_iter/minimum_valid_q_bret__4_i_29_n_0
                         LUT5 (Prop_LUT5_I2_O)        0.074     5.619 r  i_scheduler_core/i_round_engine/i_start_iter/minimum_valid_q_bret__4_i_8/O
                         net (fo=1, unplaced)         0.145     5.764    i_scheduler_core/i_round_engine/i_start_iter/minimum_valid_q_bret__4_i_8_n_0
                         LUT5 (Prop_LUT5_I4_O)        0.051     5.815 r  i_scheduler_core/i_round_engine/i_start_iter/minimum_valid_q_bret__4_i_2/O
                         net (fo=2, unplaced)         0.210     6.025    i_scheduler_core/i_round_engine/i_start_iter/minimum_valid_q_bret__4_i_2_n_0
                         LUT6 (Prop_LUT6_I1_O)        0.088     6.113 r  i_scheduler_core/i_round_engine/i_start_iter/minimum_valid_q_bret__4_i_1/O
                         net (fo=5, unplaced)         0.163     6.276    i_scheduler_core/i_round_engine/i_start_iter/minimum_valid_q_bret__4_i_1_n_0
                         LUT6 (Prop_LUT6_I5_O)        0.051     6.327 r  i_scheduler_core/i_round_engine/i_start_iter/previous_q[11]_i_1/O
                         net (fo=18, unplaced)        0.250     6.577    i_scheduler_core/i_round_engine/i_start_iter/previous_q[11]_i_1_n_0
                         FDCE                                         r  i_scheduler_core/i_round_engine/i_start_iter/previous_q_reg[1]/CE
  -------------------------------------------------------------------    -------------------

                         (clock scheduler_clk rise edge)
                                                      5.000     5.000 r  
                                                      0.000     5.000 r  clk_i (IN)
                         net (fo=1914, unset)         0.080     5.080    i_scheduler_core/i_round_engine/i_start_iter/clk_i
                         FDCE                                         r  i_scheduler_core/i_round_engine/i_start_iter/previous_q_reg[1]/C
                         clock pessimism              0.000     5.080    
                         clock uncertainty           -0.300     4.780    
                         FDCE (Setup_FDCE_C_CE)      -0.087     4.693    i_scheduler_core/i_round_engine/i_start_iter/previous_q_reg[1]
  -------------------------------------------------------------------
                         required time                          4.693    
                         arrival time                          -6.577    
  -------------------------------------------------------------------
                         slack                                 -1.884    

Slack (VIOLATED) :        -1.884ns  (required time - arrival time)
  Source:                 i_scheduler_core/i_round_engine/FSM_onehot_st_q_reg[13]/C
                            (rising edge-triggered cell FDCE clocked by scheduler_clk  {rise@0.000ns fall@2.500ns period=5.000ns})
  Destination:            i_scheduler_core/i_round_engine/i_start_iter/previous_q_reg[2]/CE
                            (rising edge-triggered cell FDCE clocked by scheduler_clk  {rise@0.000ns fall@2.500ns period=5.000ns})
  Path Group:             scheduler_clk
  Path Type:              Setup (Max at Slow Process Corner)
  Requirement:            5.000ns  (scheduler_clk rise@5.000ns - scheduler_clk rise@0.000ns)
  Data Path Delay:        6.457ns  (logic 1.971ns (30.525%)  route 4.486ns (69.475%))
  Logic Levels:           25  (LOOKAHEAD8=3 LUT3=1 LUT4=1 LUT5=3 LUT6=13 LUTCY1=2 LUTCY2=2)
  Clock Path Skew:        -0.040ns (DCD - SCD + CPR)
    Destination Clock Delay (DCD):    0.080ns = ( 5.080 - 5.000 ) 
    Source Clock Delay      (SCD):    0.120ns
    Clock Pessimism Removal (CPR):    0.000ns
  Clock Uncertainty:      0.300ns  (CJ)/2 + PE + PJ
    Clock Jitter             (CJ):    0.600ns
    Phase Error              (PE):    0.000ns
    Phase Jitter             (PJ):    0.000ns

    Location             Delay type                Incr(ns)  Path(ns)    Netlist Resource(s)
  -------------------------------------------------------------------    -------------------
                         (clock scheduler_clk rise edge)
                                                      0.000     0.000 r  
                                                      0.000     0.000 r  clk_i (IN)
                         net (fo=1914, unset)         0.120     0.120    i_scheduler_core/i_round_engine/clk_i
                         FDCE                                         r  i_scheduler_core/i_round_engine/FSM_onehot_st_q_reg[13]/C
  -------------------------------------------------------------------    -------------------
                         FDCE (Prop_FDCE_C_Q)         0.090     0.210 f  i_scheduler_core/i_round_engine/FSM_onehot_st_q_reg[13]/Q
                         net (fo=115, unplaced)       0.342     0.552    i_scheduler_core/i_round_engine/i_bound_score/g0_b0_i_12_0[12]
                         LUT6 (Prop_LUT6_I1_O)        0.088     0.640 r  i_scheduler_core/i_round_engine/i_bound_score/g0_b0_i_18/O
                         net (fo=1, unplaced)         0.016     0.656    i_scheduler_core/i_round_engine/i_bound_score/g0_b0_i_18_n_0
                         LUT3 (Prop_LUT3_I2_O)        0.050     0.706 r  i_scheduler_core/i_round_engine/i_bound_score/g0_b0_i_10/O
                         net (fo=6, unplaced)         0.232     0.938    i_scheduler_core/i_round_engine/i_bound_score/FSM_onehot_st_q_reg[1]
                         LUT6 (Prop_LUT6_I2_O)        0.088     1.026 r  i_scheduler_core/i_round_engine/i_bound_score/g0_b0_i_6/O
                         net (fo=10, unplaced)        0.243     1.269    i_scheduler_core/i_round_engine/i_transition_eval/commit_task_q_reg[1][shape_s3][0]_0
                         LUT6 (Prop_LUT6_I1_O)        0.088     1.357 r  i_scheduler_core/i_round_engine/i_transition_eval/g0_b0_i_1/O
                         net (fo=56, unplaced)        0.200     1.557    i_scheduler_core/i_round_engine/i_transition_eval/decode_address[0]
                         LUT5 (Prop_LUT5_I2_O)        0.074     1.631 r  i_scheduler_core/i_round_engine/i_transition_eval/commit_task_q[1][tok_start][7]_i_5/O
                         net (fo=46, unplaced)        0.278     1.909    i_scheduler_core/i_round_engine/i_transition_eval/decoded_profile[selector_a][1]
                         LUT6 (Prop_LUT6_I2_O)        0.088     1.997 f  i_scheduler_core/i_round_engine/i_transition_eval/c2_endpoint_q[task_end][1]_bret__6_bret__36_i_5/O
                         net (fo=7, unplaced)         0.153     2.150    i_scheduler_core/i_round_engine/i_start_iter/c2_endpoint_q_reg[task_end][1]_bret__6_bret__36
                         LUT6 (Prop_LUT6_I0_O)        0.074     2.224 r  i_scheduler_core/i_round_engine/i_start_iter/c2_endpoint_q[task_end][1]_bret__6_bret__36_i_2/O
                         net (fo=25, unplaced)        0.264     2.488    i_scheduler_core/i_round_engine/i_start_iter/hot_q_reg[4][ntok][0]
                         LUT6 (Prop_LUT6_I2_O)        0.088     2.576 r  i_scheduler_core/i_round_engine/i_start_iter/minimum_q[8]_bret__4_i_13/O
                         net (fo=13, unplaced)        0.249     2.825    i_scheduler_core/i_round_engine/minimum_q_reg[9]_bret__4_i_26/I2
                         LUTCY1 (Prop_LUTCY1_I2_PROP)
                                                      0.082     2.907 r  i_scheduler_core/i_round_engine/minimum_q_reg[9]_bret__4_i_26/LUTCY1_INST/PROP
                         net (fo=1, unplaced)         0.001     2.908    i_scheduler_core/i_round_engine/minimum_q_reg[9]_bret__4_i_26_n_3
                         LOOKAHEAD8 (Prop_LOOKAHEAD8_PROPH_COUTH)
                                                      0.129     3.037 r  i_scheduler_core/i_round_engine/minimum_q_reg[9]_bret__4_i_15/COUTH
                         net (fo=3, unplaced)         0.002     3.039    i_scheduler_core/i_round_engine/minimum_q_reg[9]_bret__4_i_15_n_3
                         LOOKAHEAD8 (Prop_LOOKAHEAD8_CIN_COUTB)
                                                      0.051     3.090 r  i_scheduler_core/i_round_engine/minimum_q_reg[9]_bret__4_i_11/COUTB
                         net (fo=15, unplaced)        0.341     3.431    i_scheduler_core/i_round_engine/i_target_s4pf/offset_value3
                         LUT6 (Prop_LUT6_I1_O)        0.088     3.519 f  i_scheduler_core/i_round_engine/i_target_s4pf/minimum_q[4]_bret__4_i_8/O
                         net (fo=9, unplaced)         0.176     3.695    i_scheduler_core/i_round_engine/i_target_s4pf/FSM_onehot_st_q_reg[4]_1
                         LUT6 (Prop_LUT6_I4_O)        0.051     3.746 r  i_scheduler_core/i_round_engine/i_target_s4pf/minimum_q[0]_bret__4_i_9/O
                         net (fo=4, unplaced)         0.157     3.903    i_scheduler_core/i_round_engine/i_target_s4pf/minimum_q[2]_bret__4_i_12_0
                         LUT6 (Prop_LUT6_I5_O)        0.051     3.954 r  i_scheduler_core/i_round_engine/i_target_s4pf/minimum_q[1]_bret__4_i_11/O
                         net (fo=1, unplaced)         0.210     4.164    i_scheduler_core/i_round_engine/i_target_s4pf/minimum_q[1]_bret__4_i_11_n_0
                         LUT6 (Prop_LUT6_I2_O)        0.088     4.252 f  i_scheduler_core/i_round_engine/i_target_s4pf/minimum_q[1]_bret__4_i_5/O
                         net (fo=2, unplaced)         0.236     4.488    i_scheduler_core/i_round_engine/i_start_iter/minimum_q_reg[1]_bret__4_i_3/I1
                         LUTCY2 (Prop_LUTCY2_I1_GE)
                                                      0.120     4.608 r  i_scheduler_core/i_round_engine/i_start_iter/minimum_q_reg[1]_bret__4_i_3/LUTCY2_INST/GE
                         net (fo=1, unplaced)         0.015     4.623    i_scheduler_core/i_round_engine/i_start_iter/minimum_q_reg[1]_bret__4_i_3_n_0
                         LOOKAHEAD8 (Prop_LOOKAHEAD8_GEB_COUTB)
                                                      0.053     4.676 r  i_scheduler_core/i_round_engine/i_start_iter/minimum_q_reg[8]_bret__4_i_6/COUTB
                         net (fo=2, unplaced)         0.013     4.689    i_scheduler_core/i_round_engine/i_start_iter/minimum_q_reg[2]_bret__4_i_3/I4
                         LUTCY2 (Prop_LUTCY2_I4_O)    0.049     4.738 r  i_scheduler_core/i_round_engine/i_start_iter/minimum_q_reg[2]_bret__4_i_3/LUTCY2_INST/O
                         net (fo=3, unplaced)         0.015     4.753    i_scheduler_core/i_round_engine/i_start_iter/minimum_q_reg[3]_bret__4_i_3/I4
                         LUTCY1 (Prop_LUTCY1_I4_O)    0.055     4.808 r  i_scheduler_core/i_round_engine/i_start_iter/minimum_q_reg[3]_bret__4_i_3/LUTCY1_INST/O
                         net (fo=9, unplaced)         0.237     5.045    i_scheduler_core/i_round_engine/i_start_iter/source_valid3[3]
                         LUT4 (Prop_LUT4_I0_O)        0.074     5.119 f  i_scheduler_core/i_round_engine/i_start_iter/minimum_valid_q_bret__4_i_52/O
                         net (fo=1, unplaced)         0.210     5.329    i_scheduler_core/i_round_engine/i_start_iter/minimum_valid_q_bret__4_i_52_n_0
                         LUT6 (Prop_LUT6_I1_O)        0.088     5.417 r  i_scheduler_core/i_round_engine/i_start_iter/minimum_valid_q_bret__4_i_29/O
                         net (fo=1, unplaced)         0.128     5.545    i_scheduler_core/i_round_engine/i_start_iter/minimum_valid_q_bret__4_i_29_n_0
                         LUT5 (Prop_LUT5_I2_O)        0.074     5.619 r  i_scheduler_core/i_round_engine/i_start_iter/minimum_valid_q_bret__4_i_8/O
                         net (fo=1, unplaced)         0.145     5.764    i_scheduler_core/i_round_engine/i_start_iter/minimum_valid_q_bret__4_i_8_n_0
                         LUT5 (Prop_LUT5_I4_O)        0.051     5.815 r  i_scheduler_core/i_round_engine/i_start_iter/minimum_valid_q_bret__4_i_2/O
                         net (fo=2, unplaced)         0.210     6.025    i_scheduler_core/i_round_engine/i_start_iter/minimum_valid_q_bret__4_i_2_n_0
                         LUT6 (Prop_LUT6_I1_O)        0.088     6.113 r  i_scheduler_core/i_round_engine/i_start_iter/minimum_valid_q_bret__4_i_1/O
                         net (fo=5, unplaced)         0.163     6.276    i_scheduler_core/i_round_engine/i_start_iter/minimum_valid_q_bret__4_i_1_n_0
                         LUT6 (Prop_LUT6_I5_O)        0.051     6.327 r  i_scheduler_core/i_round_engine/i_start_iter/previous_q[11]_i_1/O
                         net (fo=18, unplaced)        0.250     6.577    i_scheduler_core/i_round_engine/i_start_iter/previous_q[11]_i_1_n_0
                         FDCE                                         r  i_scheduler_core/i_round_engine/i_start_iter/previous_q_reg[2]/CE
  -------------------------------------------------------------------    -------------------

                         (clock scheduler_clk rise edge)
                                                      5.000     5.000 r  
                                                      0.000     5.000 r  clk_i (IN)
                         net (fo=1914, unset)         0.080     5.080    i_scheduler_core/i_round_engine/i_start_iter/clk_i
                         FDCE                                         r  i_scheduler_core/i_round_engine/i_start_iter/previous_q_reg[2]/C
                         clock pessimism              0.000     5.080    
                         clock uncertainty           -0.300     4.780    
                         FDCE (Setup_FDCE_C_CE)      -0.087     4.693    i_scheduler_core/i_round_engine/i_start_iter/previous_q_reg[2]
  -------------------------------------------------------------------
                         required time                          4.693    
                         arrival time                          -6.577    
  -------------------------------------------------------------------
                         slack                                 -1.884    

Slack (VIOLATED) :        -1.884ns  (required time - arrival time)
  Source:                 i_scheduler_core/i_round_engine/FSM_onehot_st_q_reg[13]/C
                            (rising edge-triggered cell FDCE clocked by scheduler_clk  {rise@0.000ns fall@2.500ns period=5.000ns})
  Destination:            i_scheduler_core/i_round_engine/i_start_iter/previous_q_reg[3]/CE
                            (rising edge-triggered cell FDCE clocked by scheduler_clk  {rise@0.000ns fall@2.500ns period=5.000ns})
  Path Group:             scheduler_clk
  Path Type:              Setup (Max at Slow Process Corner)
  Requirement:            5.000ns  (scheduler_clk rise@5.000ns - scheduler_clk rise@0.000ns)
  Data Path Delay:        6.457ns  (logic 1.971ns (30.525%)  route 4.486ns (69.475%))
  Logic Levels:           25  (LOOKAHEAD8=3 LUT3=1 LUT4=1 LUT5=3 LUT6=13 LUTCY1=2 LUTCY2=2)
  Clock Path Skew:        -0.040ns (DCD - SCD + CPR)
    Destination Clock Delay (DCD):    0.080ns = ( 5.080 - 5.000 ) 
    Source Clock Delay      (SCD):    0.120ns
    Clock Pessimism Removal (CPR):    0.000ns
  Clock Uncertainty:      0.300ns  (CJ)/2 + PE + PJ
    Clock Jitter             (CJ):    0.600ns
    Phase Error              (PE):    0.000ns
    Phase Jitter             (PJ):    0.000ns

    Location             Delay type                Incr(ns)  Path(ns)    Netlist Resource(s)
  -------------------------------------------------------------------    -------------------
                         (clock scheduler_clk rise edge)
                                                      0.000     0.000 r  
                                                      0.000     0.000 r  clk_i (IN)
                         net (fo=1914, unset)         0.120     0.120    i_scheduler_core/i_round_engine/clk_i
                         FDCE                                         r  i_scheduler_core/i_round_engine/FSM_onehot_st_q_reg[13]/C
  -------------------------------------------------------------------    -------------------
                         FDCE (Prop_FDCE_C_Q)         0.090     0.210 f  i_scheduler_core/i_round_engine/FSM_onehot_st_q_reg[13]/Q
                         net (fo=115, unplaced)       0.342     0.552    i_scheduler_core/i_round_engine/i_bound_score/g0_b0_i_12_0[12]
                         LUT6 (Prop_LUT6_I1_O)        0.088     0.640 r  i_scheduler_core/i_round_engine/i_bound_score/g0_b0_i_18/O
                         net (fo=1, unplaced)         0.016     0.656    i_scheduler_core/i_round_engine/i_bound_score/g0_b0_i_18_n_0
                         LUT3 (Prop_LUT3_I2_O)        0.050     0.706 r  i_scheduler_core/i_round_engine/i_bound_score/g0_b0_i_10/O
                         net (fo=6, unplaced)         0.232     0.938    i_scheduler_core/i_round_engine/i_bound_score/FSM_onehot_st_q_reg[1]
                         LUT6 (Prop_LUT6_I2_O)        0.088     1.026 r  i_scheduler_core/i_round_engine/i_bound_score/g0_b0_i_6/O
                         net (fo=10, unplaced)        0.243     1.269    i_scheduler_core/i_round_engine/i_transition_eval/commit_task_q_reg[1][shape_s3][0]_0
                         LUT6 (Prop_LUT6_I1_O)        0.088     1.357 r  i_scheduler_core/i_round_engine/i_transition_eval/g0_b0_i_1/O
                         net (fo=56, unplaced)        0.200     1.557    i_scheduler_core/i_round_engine/i_transition_eval/decode_address[0]
                         LUT5 (Prop_LUT5_I2_O)        0.074     1.631 r  i_scheduler_core/i_round_engine/i_transition_eval/commit_task_q[1][tok_start][7]_i_5/O
                         net (fo=46, unplaced)        0.278     1.909    i_scheduler_core/i_round_engine/i_transition_eval/decoded_profile[selector_a][1]
                         LUT6 (Prop_LUT6_I2_O)        0.088     1.997 f  i_scheduler_core/i_round_engine/i_transition_eval/c2_endpoint_q[task_end][1]_bret__6_bret__36_i_5/O
                         net (fo=7, unplaced)         0.153     2.150    i_scheduler_core/i_round_engine/i_start_iter/c2_endpoint_q_reg[task_end][1]_bret__6_bret__36
                         LUT6 (Prop_LUT6_I0_O)        0.074     2.224 r  i_scheduler_core/i_round_engine/i_start_iter/c2_endpoint_q[task_end][1]_bret__6_bret__36_i_2/O
                         net (fo=25, unplaced)        0.264     2.488    i_scheduler_core/i_round_engine/i_start_iter/hot_q_reg[4][ntok][0]
                         LUT6 (Prop_LUT6_I2_O)        0.088     2.576 r  i_scheduler_core/i_round_engine/i_start_iter/minimum_q[8]_bret__4_i_13/O
                         net (fo=13, unplaced)        0.249     2.825    i_scheduler_core/i_round_engine/minimum_q_reg[9]_bret__4_i_26/I2
                         LUTCY1 (Prop_LUTCY1_I2_PROP)
                                                      0.082     2.907 r  i_scheduler_core/i_round_engine/minimum_q_reg[9]_bret__4_i_26/LUTCY1_INST/PROP
                         net (fo=1, unplaced)         0.001     2.908    i_scheduler_core/i_round_engine/minimum_q_reg[9]_bret__4_i_26_n_3
                         LOOKAHEAD8 (Prop_LOOKAHEAD8_PROPH_COUTH)
                                                      0.129     3.037 r  i_scheduler_core/i_round_engine/minimum_q_reg[9]_bret__4_i_15/COUTH
                         net (fo=3, unplaced)         0.002     3.039    i_scheduler_core/i_round_engine/minimum_q_reg[9]_bret__4_i_15_n_3
                         LOOKAHEAD8 (Prop_LOOKAHEAD8_CIN_COUTB)
                                                      0.051     3.090 r  i_scheduler_core/i_round_engine/minimum_q_reg[9]_bret__4_i_11/COUTB
                         net (fo=15, unplaced)        0.341     3.431    i_scheduler_core/i_round_engine/i_target_s4pf/offset_value3
                         LUT6 (Prop_LUT6_I1_O)        0.088     3.519 f  i_scheduler_core/i_round_engine/i_target_s4pf/minimum_q[4]_bret__4_i_8/O
                         net (fo=9, unplaced)         0.176     3.695    i_scheduler_core/i_round_engine/i_target_s4pf/FSM_onehot_st_q_reg[4]_1
                         LUT6 (Prop_LUT6_I4_O)        0.051     3.746 r  i_scheduler_core/i_round_engine/i_target_s4pf/minimum_q[0]_bret__4_i_9/O
                         net (fo=4, unplaced)         0.157     3.903    i_scheduler_core/i_round_engine/i_target_s4pf/minimum_q[2]_bret__4_i_12_0
                         LUT6 (Prop_LUT6_I5_O)        0.051     3.954 r  i_scheduler_core/i_round_engine/i_target_s4pf/minimum_q[1]_bret__4_i_11/O
                         net (fo=1, unplaced)         0.210     4.164    i_scheduler_core/i_round_engine/i_target_s4pf/minimum_q[1]_bret__4_i_11_n_0
                         LUT6 (Prop_LUT6_I2_O)        0.088     4.252 f  i_scheduler_core/i_round_engine/i_target_s4pf/minimum_q[1]_bret__4_i_5/O
                         net (fo=2, unplaced)         0.236     4.488    i_scheduler_core/i_round_engine/i_start_iter/minimum_q_reg[1]_bret__4_i_3/I1
                         LUTCY2 (Prop_LUTCY2_I1_GE)
                                                      0.120     4.608 r  i_scheduler_core/i_round_engine/i_start_iter/minimum_q_reg[1]_bret__4_i_3/LUTCY2_INST/GE
                         net (fo=1, unplaced)         0.015     4.623    i_scheduler_core/i_round_engine/i_start_iter/minimum_q_reg[1]_bret__4_i_3_n_0
                         LOOKAHEAD8 (Prop_LOOKAHEAD8_GEB_COUTB)
                                                      0.053     4.676 r  i_scheduler_core/i_round_engine/i_start_iter/minimum_q_reg[8]_bret__4_i_6/COUTB
                         net (fo=2, unplaced)         0.013     4.689    i_scheduler_core/i_round_engine/i_start_iter/minimum_q_reg[2]_bret__4_i_3/I4
                         LUTCY2 (Prop_LUTCY2_I4_O)    0.049     4.738 r  i_scheduler_core/i_round_engine/i_start_iter/minimum_q_reg[2]_bret__4_i_3/LUTCY2_INST/O
                         net (fo=3, unplaced)         0.015     4.753    i_scheduler_core/i_round_engine/i_start_iter/minimum_q_reg[3]_bret__4_i_3/I4
                         LUTCY1 (Prop_LUTCY1_I4_O)    0.055     4.808 r  i_scheduler_core/i_round_engine/i_start_iter/minimum_q_reg[3]_bret__4_i_3/LUTCY1_INST/O
                         net (fo=9, unplaced)         0.237     5.045    i_scheduler_core/i_round_engine/i_start_iter/source_valid3[3]
                         LUT4 (Prop_LUT4_I0_O)        0.074     5.119 f  i_scheduler_core/i_round_engine/i_start_iter/minimum_valid_q_bret__4_i_52/O
                         net (fo=1, unplaced)         0.210     5.329    i_scheduler_core/i_round_engine/i_start_iter/minimum_valid_q_bret__4_i_52_n_0
                         LUT6 (Prop_LUT6_I1_O)        0.088     5.417 r  i_scheduler_core/i_round_engine/i_start_iter/minimum_valid_q_bret__4_i_29/O
                         net (fo=1, unplaced)         0.128     5.545    i_scheduler_core/i_round_engine/i_start_iter/minimum_valid_q_bret__4_i_29_n_0
                         LUT5 (Prop_LUT5_I2_O)        0.074     5.619 r  i_scheduler_core/i_round_engine/i_start_iter/minimum_valid_q_bret__4_i_8/O
                         net (fo=1, unplaced)         0.145     5.764    i_scheduler_core/i_round_engine/i_start_iter/minimum_valid_q_bret__4_i_8_n_0
                         LUT5 (Prop_LUT5_I4_O)        0.051     5.815 r  i_scheduler_core/i_round_engine/i_start_iter/minimum_valid_q_bret__4_i_2/O
                         net (fo=2, unplaced)         0.210     6.025    i_scheduler_core/i_round_engine/i_start_iter/minimum_valid_q_bret__4_i_2_n_0
                         LUT6 (Prop_LUT6_I1_O)        0.088     6.113 r  i_scheduler_core/i_round_engine/i_start_iter/minimum_valid_q_bret__4_i_1/O
                         net (fo=5, unplaced)         0.163     6.276    i_scheduler_core/i_round_engine/i_start_iter/minimum_valid_q_bret__4_i_1_n_0
                         LUT6 (Prop_LUT6_I5_O)        0.051     6.327 r  i_scheduler_core/i_round_engine/i_start_iter/previous_q[11]_i_1/O
                         net (fo=18, unplaced)        0.250     6.577    i_scheduler_core/i_round_engine/i_start_iter/previous_q[11]_i_1_n_0
                         FDCE                                         r  i_scheduler_core/i_round_engine/i_start_iter/previous_q_reg[3]/CE
  -------------------------------------------------------------------    -------------------

                         (clock scheduler_clk rise edge)
                                                      5.000     5.000 r  
                                                      0.000     5.000 r  clk_i (IN)
                         net (fo=1914, unset)         0.080     5.080    i_scheduler_core/i_round_engine/i_start_iter/clk_i
                         FDCE                                         r  i_scheduler_core/i_round_engine/i_start_iter/previous_q_reg[3]/C
                         clock pessimism              0.000     5.080    
                         clock uncertainty           -0.300     4.780    
                         FDCE (Setup_FDCE_C_CE)      -0.087     4.693    i_scheduler_core/i_round_engine/i_start_iter/previous_q_reg[3]
  -------------------------------------------------------------------
                         required time                          4.693    
                         arrival time                          -6.577    
  -------------------------------------------------------------------
                         slack                                 -1.884    

Slack (VIOLATED) :        -1.884ns  (required time - arrival time)
  Source:                 i_scheduler_core/i_round_engine/FSM_onehot_st_q_reg[13]/C
                            (rising edge-triggered cell FDCE clocked by scheduler_clk  {rise@0.000ns fall@2.500ns period=5.000ns})
  Destination:            i_scheduler_core/i_round_engine/i_start_iter/previous_q_reg[4]/CE
                            (rising edge-triggered cell FDCE clocked by scheduler_clk  {rise@0.000ns fall@2.500ns period=5.000ns})
  Path Group:             scheduler_clk
  Path Type:              Setup (Max at Slow Process Corner)
  Requirement:            5.000ns  (scheduler_clk rise@5.000ns - scheduler_clk rise@0.000ns)
  Data Path Delay:        6.457ns  (logic 1.971ns (30.525%)  route 4.486ns (69.475%))
  Logic Levels:           25  (LOOKAHEAD8=3 LUT3=1 LUT4=1 LUT5=3 LUT6=13 LUTCY1=2 LUTCY2=2)
  Clock Path Skew:        -0.040ns (DCD - SCD + CPR)
    Destination Clock Delay (DCD):    0.080ns = ( 5.080 - 5.000 ) 
    Source Clock Delay      (SCD):    0.120ns
    Clock Pessimism Removal (CPR):    0.000ns
  Clock Uncertainty:      0.300ns  (CJ)/2 + PE + PJ
    Clock Jitter             (CJ):    0.600ns
    Phase Error              (PE):    0.000ns
    Phase Jitter             (PJ):    0.000ns

    Location             Delay type                Incr(ns)  Path(ns)    Netlist Resource(s)
  -------------------------------------------------------------------    -------------------
                         (clock scheduler_clk rise edge)
                                                      0.000     0.000 r  
                                                      0.000     0.000 r  clk_i (IN)
                         net (fo=1914, unset)         0.120     0.120    i_scheduler_core/i_round_engine/clk_i
                         FDCE                                         r  i_scheduler_core/i_round_engine/FSM_onehot_st_q_reg[13]/C
  -------------------------------------------------------------------    -------------------
                         FDCE (Prop_FDCE_C_Q)         0.090     0.210 f  i_scheduler_core/i_round_engine/FSM_onehot_st_q_reg[13]/Q
                         net (fo=115, unplaced)       0.342     0.552    i_scheduler_core/i_round_engine/i_bound_score/g0_b0_i_12_0[12]
                         LUT6 (Prop_LUT6_I1_O)        0.088     0.640 r  i_scheduler_core/i_round_engine/i_bound_score/g0_b0_i_18/O
                         net (fo=1, unplaced)         0.016     0.656    i_scheduler_core/i_round_engine/i_bound_score/g0_b0_i_18_n_0
                         LUT3 (Prop_LUT3_I2_O)        0.050     0.706 r  i_scheduler_core/i_round_engine/i_bound_score/g0_b0_i_10/O
                         net (fo=6, unplaced)         0.232     0.938    i_scheduler_core/i_round_engine/i_bound_score/FSM_onehot_st_q_reg[1]
                         LUT6 (Prop_LUT6_I2_O)        0.088     1.026 r  i_scheduler_core/i_round_engine/i_bound_score/g0_b0_i_6/O
                         net (fo=10, unplaced)        0.243     1.269    i_scheduler_core/i_round_engine/i_transition_eval/commit_task_q_reg[1][shape_s3][0]_0
                         LUT6 (Prop_LUT6_I1_O)        0.088     1.357 r  i_scheduler_core/i_round_engine/i_transition_eval/g0_b0_i_1/O
                         net (fo=56, unplaced)        0.200     1.557    i_scheduler_core/i_round_engine/i_transition_eval/decode_address[0]
                         LUT5 (Prop_LUT5_I2_O)        0.074     1.631 r  i_scheduler_core/i_round_engine/i_transition_eval/commit_task_q[1][tok_start][7]_i_5/O
                         net (fo=46, unplaced)        0.278     1.909    i_scheduler_core/i_round_engine/i_transition_eval/decoded_profile[selector_a][1]
                         LUT6 (Prop_LUT6_I2_O)        0.088     1.997 f  i_scheduler_core/i_round_engine/i_transition_eval/c2_endpoint_q[task_end][1]_bret__6_bret__36_i_5/O
                         net (fo=7, unplaced)         0.153     2.150    i_scheduler_core/i_round_engine/i_start_iter/c2_endpoint_q_reg[task_end][1]_bret__6_bret__36
                         LUT6 (Prop_LUT6_I0_O)        0.074     2.224 r  i_scheduler_core/i_round_engine/i_start_iter/c2_endpoint_q[task_end][1]_bret__6_bret__36_i_2/O
                         net (fo=25, unplaced)        0.264     2.488    i_scheduler_core/i_round_engine/i_start_iter/hot_q_reg[4][ntok][0]
                         LUT6 (Prop_LUT6_I2_O)        0.088     2.576 r  i_scheduler_core/i_round_engine/i_start_iter/minimum_q[8]_bret__4_i_13/O
                         net (fo=13, unplaced)        0.249     2.825    i_scheduler_core/i_round_engine/minimum_q_reg[9]_bret__4_i_26/I2
                         LUTCY1 (Prop_LUTCY1_I2_PROP)
                                                      0.082     2.907 r  i_scheduler_core/i_round_engine/minimum_q_reg[9]_bret__4_i_26/LUTCY1_INST/PROP
                         net (fo=1, unplaced)         0.001     2.908    i_scheduler_core/i_round_engine/minimum_q_reg[9]_bret__4_i_26_n_3
                         LOOKAHEAD8 (Prop_LOOKAHEAD8_PROPH_COUTH)
                                                      0.129     3.037 r  i_scheduler_core/i_round_engine/minimum_q_reg[9]_bret__4_i_15/COUTH
                         net (fo=3, unplaced)         0.002     3.039    i_scheduler_core/i_round_engine/minimum_q_reg[9]_bret__4_i_15_n_3
                         LOOKAHEAD8 (Prop_LOOKAHEAD8_CIN_COUTB)
                                                      0.051     3.090 r  i_scheduler_core/i_round_engine/minimum_q_reg[9]_bret__4_i_11/COUTB
                         net (fo=15, unplaced)        0.341     3.431    i_scheduler_core/i_round_engine/i_target_s4pf/offset_value3
                         LUT6 (Prop_LUT6_I1_O)        0.088     3.519 f  i_scheduler_core/i_round_engine/i_target_s4pf/minimum_q[4]_bret__4_i_8/O
                         net (fo=9, unplaced)         0.176     3.695    i_scheduler_core/i_round_engine/i_target_s4pf/FSM_onehot_st_q_reg[4]_1
                         LUT6 (Prop_LUT6_I4_O)        0.051     3.746 r  i_scheduler_core/i_round_engine/i_target_s4pf/minimum_q[0]_bret__4_i_9/O
                         net (fo=4, unplaced)         0.157     3.903    i_scheduler_core/i_round_engine/i_target_s4pf/minimum_q[2]_bret__4_i_12_0
                         LUT6 (Prop_LUT6_I5_O)        0.051     3.954 r  i_scheduler_core/i_round_engine/i_target_s4pf/minimum_q[1]_bret__4_i_11/O
                         net (fo=1, unplaced)         0.210     4.164    i_scheduler_core/i_round_engine/i_target_s4pf/minimum_q[1]_bret__4_i_11_n_0
                         LUT6 (Prop_LUT6_I2_O)        0.088     4.252 f  i_scheduler_core/i_round_engine/i_target_s4pf/minimum_q[1]_bret__4_i_5/O
                         net (fo=2, unplaced)         0.236     4.488    i_scheduler_core/i_round_engine/i_start_iter/minimum_q_reg[1]_bret__4_i_3/I1
                         LUTCY2 (Prop_LUTCY2_I1_GE)
                                                      0.120     4.608 r  i_scheduler_core/i_round_engine/i_start_iter/minimum_q_reg[1]_bret__4_i_3/LUTCY2_INST/GE
                         net (fo=1, unplaced)         0.015     4.623    i_scheduler_core/i_round_engine/i_start_iter/minimum_q_reg[1]_bret__4_i_3_n_0
                         LOOKAHEAD8 (Prop_LOOKAHEAD8_GEB_COUTB)
                                                      0.053     4.676 r  i_scheduler_core/i_round_engine/i_start_iter/minimum_q_reg[8]_bret__4_i_6/COUTB
                         net (fo=2, unplaced)         0.013     4.689    i_scheduler_core/i_round_engine/i_start_iter/minimum_q_reg[2]_bret__4_i_3/I4
                         LUTCY2 (Prop_LUTCY2_I4_O)    0.049     4.738 r  i_scheduler_core/i_round_engine/i_start_iter/minimum_q_reg[2]_bret__4_i_3/LUTCY2_INST/O
                         net (fo=3, unplaced)         0.015     4.753    i_scheduler_core/i_round_engine/i_start_iter/minimum_q_reg[3]_bret__4_i_3/I4
                         LUTCY1 (Prop_LUTCY1_I4_O)    0.055     4.808 r  i_scheduler_core/i_round_engine/i_start_iter/minimum_q_reg[3]_bret__4_i_3/LUTCY1_INST/O
                         net (fo=9, unplaced)         0.237     5.045    i_scheduler_core/i_round_engine/i_start_iter/source_valid3[3]
                         LUT4 (Prop_LUT4_I0_O)        0.074     5.119 f  i_scheduler_core/i_round_engine/i_start_iter/minimum_valid_q_bret__4_i_52/O
                         net (fo=1, unplaced)         0.210     5.329    i_scheduler_core/i_round_engine/i_start_iter/minimum_valid_q_bret__4_i_52_n_0
                         LUT6 (Prop_LUT6_I1_O)        0.088     5.417 r  i_scheduler_core/i_round_engine/i_start_iter/minimum_valid_q_bret__4_i_29/O
                         net (fo=1, unplaced)         0.128     5.545    i_scheduler_core/i_round_engine/i_start_iter/minimum_valid_q_bret__4_i_29_n_0
                         LUT5 (Prop_LUT5_I2_O)        0.074     5.619 r  i_scheduler_core/i_round_engine/i_start_iter/minimum_valid_q_bret__4_i_8/O
                         net (fo=1, unplaced)         0.145     5.764    i_scheduler_core/i_round_engine/i_start_iter/minimum_valid_q_bret__4_i_8_n_0
                         LUT5 (Prop_LUT5_I4_O)        0.051     5.815 r  i_scheduler_core/i_round_engine/i_start_iter/minimum_valid_q_bret__4_i_2/O
                         net (fo=2, unplaced)         0.210     6.025    i_scheduler_core/i_round_engine/i_start_iter/minimum_valid_q_bret__4_i_2_n_0
                         LUT6 (Prop_LUT6_I1_O)        0.088     6.113 r  i_scheduler_core/i_round_engine/i_start_iter/minimum_valid_q_bret__4_i_1/O
                         net (fo=5, unplaced)         0.163     6.276    i_scheduler_core/i_round_engine/i_start_iter/minimum_valid_q_bret__4_i_1_n_0
                         LUT6 (Prop_LUT6_I5_O)        0.051     6.327 r  i_scheduler_core/i_round_engine/i_start_iter/previous_q[11]_i_1/O
                         net (fo=18, unplaced)        0.250     6.577    i_scheduler_core/i_round_engine/i_start_iter/previous_q[11]_i_1_n_0
                         FDCE                                         r  i_scheduler_core/i_round_engine/i_start_iter/previous_q_reg[4]/CE
  -------------------------------------------------------------------    -------------------

                         (clock scheduler_clk rise edge)
                                                      5.000     5.000 r  
                                                      0.000     5.000 r  clk_i (IN)
                         net (fo=1914, unset)         0.080     5.080    i_scheduler_core/i_round_engine/i_start_iter/clk_i
                         FDCE                                         r  i_scheduler_core/i_round_engine/i_start_iter/previous_q_reg[4]/C
                         clock pessimism              0.000     5.080    
                         clock uncertainty           -0.300     4.780    
                         FDCE (Setup_FDCE_C_CE)      -0.087     4.693    i_scheduler_core/i_round_engine/i_start_iter/previous_q_reg[4]
  -------------------------------------------------------------------
                         required time                          4.693    
                         arrival time                          -6.577    
  -------------------------------------------------------------------
                         slack                                 -1.884    

Slack (VIOLATED) :        -1.884ns  (required time - arrival time)
  Source:                 i_scheduler_core/i_round_engine/FSM_onehot_st_q_reg[13]/C
                            (rising edge-triggered cell FDCE clocked by scheduler_clk  {rise@0.000ns fall@2.500ns period=5.000ns})
  Destination:            i_scheduler_core/i_round_engine/i_start_iter/previous_q_reg[5]/CE
                            (rising edge-triggered cell FDCE clocked by scheduler_clk  {rise@0.000ns fall@2.500ns period=5.000ns})
  Path Group:             scheduler_clk
  Path Type:              Setup (Max at Slow Process Corner)
  Requirement:            5.000ns  (scheduler_clk rise@5.000ns - scheduler_clk rise@0.000ns)
  Data Path Delay:        6.457ns  (logic 1.971ns (30.525%)  route 4.486ns (69.475%))
  Logic Levels:           25  (LOOKAHEAD8=3 LUT3=1 LUT4=1 LUT5=3 LUT6=13 LUTCY1=2 LUTCY2=2)
  Clock Path Skew:        -0.040ns (DCD - SCD + CPR)
    Destination Clock Delay (DCD):    0.080ns = ( 5.080 - 5.000 ) 
    Source Clock Delay      (SCD):    0.120ns
    Clock Pessimism Removal (CPR):    0.000ns
  Clock Uncertainty:      0.300ns  (CJ)/2 + PE + PJ
    Clock Jitter             (CJ):    0.600ns
    Phase Error              (PE):    0.000ns
    Phase Jitter             (PJ):    0.000ns

    Location             Delay type                Incr(ns)  Path(ns)    Netlist Resource(s)
  -------------------------------------------------------------------    -------------------
                         (clock scheduler_clk rise edge)
                                                      0.000     0.000 r  
                                                      0.000     0.000 r  clk_i (IN)
                         net (fo=1914, unset)         0.120     0.120    i_scheduler_core/i_round_engine/clk_i
                         FDCE                                         r  i_scheduler_core/i_round_engine/FSM_onehot_st_q_reg[13]/C
  -------------------------------------------------------------------    -------------------
                         FDCE (Prop_FDCE_C_Q)         0.090     0.210 f  i_scheduler_core/i_round_engine/FSM_onehot_st_q_reg[13]/Q
                         net (fo=115, unplaced)       0.342     0.552    i_scheduler_core/i_round_engine/i_bound_score/g0_b0_i_12_0[12]
                         LUT6 (Prop_LUT6_I1_O)        0.088     0.640 r  i_scheduler_core/i_round_engine/i_bound_score/g0_b0_i_18/O
                         net (fo=1, unplaced)         0.016     0.656    i_scheduler_core/i_round_engine/i_bound_score/g0_b0_i_18_n_0
                         LUT3 (Prop_LUT3_I2_O)        0.050     0.706 r  i_scheduler_core/i_round_engine/i_bound_score/g0_b0_i_10/O
                         net (fo=6, unplaced)         0.232     0.938    i_scheduler_core/i_round_engine/i_bound_score/FSM_onehot_st_q_reg[1]
                         LUT6 (Prop_LUT6_I2_O)        0.088     1.026 r  i_scheduler_core/i_round_engine/i_bound_score/g0_b0_i_6/O
                         net (fo=10, unplaced)        0.243     1.269    i_scheduler_core/i_round_engine/i_transition_eval/commit_task_q_reg[1][shape_s3][0]_0
                         LUT6 (Prop_LUT6_I1_O)        0.088     1.357 r  i_scheduler_core/i_round_engine/i_transition_eval/g0_b0_i_1/O
                         net (fo=56, unplaced)        0.200     1.557    i_scheduler_core/i_round_engine/i_transition_eval/decode_address[0]
                         LUT5 (Prop_LUT5_I2_O)        0.074     1.631 r  i_scheduler_core/i_round_engine/i_transition_eval/commit_task_q[1][tok_start][7]_i_5/O
                         net (fo=46, unplaced)        0.278     1.909    i_scheduler_core/i_round_engine/i_transition_eval/decoded_profile[selector_a][1]
                         LUT6 (Prop_LUT6_I2_O)        0.088     1.997 f  i_scheduler_core/i_round_engine/i_transition_eval/c2_endpoint_q[task_end][1]_bret__6_bret__36_i_5/O
                         net (fo=7, unplaced)         0.153     2.150    i_scheduler_core/i_round_engine/i_start_iter/c2_endpoint_q_reg[task_end][1]_bret__6_bret__36
                         LUT6 (Prop_LUT6_I0_O)        0.074     2.224 r  i_scheduler_core/i_round_engine/i_start_iter/c2_endpoint_q[task_end][1]_bret__6_bret__36_i_2/O
                         net (fo=25, unplaced)        0.264     2.488    i_scheduler_core/i_round_engine/i_start_iter/hot_q_reg[4][ntok][0]
                         LUT6 (Prop_LUT6_I2_O)        0.088     2.576 r  i_scheduler_core/i_round_engine/i_start_iter/minimum_q[8]_bret__4_i_13/O
                         net (fo=13, unplaced)        0.249     2.825    i_scheduler_core/i_round_engine/minimum_q_reg[9]_bret__4_i_26/I2
                         LUTCY1 (Prop_LUTCY1_I2_PROP)
                                                      0.082     2.907 r  i_scheduler_core/i_round_engine/minimum_q_reg[9]_bret__4_i_26/LUTCY1_INST/PROP
                         net (fo=1, unplaced)         0.001     2.908    i_scheduler_core/i_round_engine/minimum_q_reg[9]_bret__4_i_26_n_3
                         LOOKAHEAD8 (Prop_LOOKAHEAD8_PROPH_COUTH)
                                                      0.129     3.037 r  i_scheduler_core/i_round_engine/minimum_q_reg[9]_bret__4_i_15/COUTH
                         net (fo=3, unplaced)         0.002     3.039    i_scheduler_core/i_round_engine/minimum_q_reg[9]_bret__4_i_15_n_3
                         LOOKAHEAD8 (Prop_LOOKAHEAD8_CIN_COUTB)
                                                      0.051     3.090 r  i_scheduler_core/i_round_engine/minimum_q_reg[9]_bret__4_i_11/COUTB
                         net (fo=15, unplaced)        0.341     3.431    i_scheduler_core/i_round_engine/i_target_s4pf/offset_value3
                         LUT6 (Prop_LUT6_I1_O)        0.088     3.519 f  i_scheduler_core/i_round_engine/i_target_s4pf/minimum_q[4]_bret__4_i_8/O
                         net (fo=9, unplaced)         0.176     3.695    i_scheduler_core/i_round_engine/i_target_s4pf/FSM_onehot_st_q_reg[4]_1
                         LUT6 (Prop_LUT6_I4_O)        0.051     3.746 r  i_scheduler_core/i_round_engine/i_target_s4pf/minimum_q[0]_bret__4_i_9/O
                         net (fo=4, unplaced)         0.157     3.903    i_scheduler_core/i_round_engine/i_target_s4pf/minimum_q[2]_bret__4_i_12_0
                         LUT6 (Prop_LUT6_I5_O)        0.051     3.954 r  i_scheduler_core/i_round_engine/i_target_s4pf/minimum_q[1]_bret__4_i_11/O
                         net (fo=1, unplaced)         0.210     4.164    i_scheduler_core/i_round_engine/i_target_s4pf/minimum_q[1]_bret__4_i_11_n_0
                         LUT6 (Prop_LUT6_I2_O)        0.088     4.252 f  i_scheduler_core/i_round_engine/i_target_s4pf/minimum_q[1]_bret__4_i_5/O
                         net (fo=2, unplaced)         0.236     4.488    i_scheduler_core/i_round_engine/i_start_iter/minimum_q_reg[1]_bret__4_i_3/I1
                         LUTCY2 (Prop_LUTCY2_I1_GE)
                                                      0.120     4.608 r  i_scheduler_core/i_round_engine/i_start_iter/minimum_q_reg[1]_bret__4_i_3/LUTCY2_INST/GE
                         net (fo=1, unplaced)         0.015     4.623    i_scheduler_core/i_round_engine/i_start_iter/minimum_q_reg[1]_bret__4_i_3_n_0
                         LOOKAHEAD8 (Prop_LOOKAHEAD8_GEB_COUTB)
                                                      0.053     4.676 r  i_scheduler_core/i_round_engine/i_start_iter/minimum_q_reg[8]_bret__4_i_6/COUTB
                         net (fo=2, unplaced)         0.013     4.689    i_scheduler_core/i_round_engine/i_start_iter/minimum_q_reg[2]_bret__4_i_3/I4
                         LUTCY2 (Prop_LUTCY2_I4_O)    0.049     4.738 r  i_scheduler_core/i_round_engine/i_start_iter/minimum_q_reg[2]_bret__4_i_3/LUTCY2_INST/O
                         net (fo=3, unplaced)         0.015     4.753    i_scheduler_core/i_round_engine/i_start_iter/minimum_q_reg[3]_bret__4_i_3/I4
                         LUTCY1 (Prop_LUTCY1_I4_O)    0.055     4.808 r  i_scheduler_core/i_round_engine/i_start_iter/minimum_q_reg[3]_bret__4_i_3/LUTCY1_INST/O
                         net (fo=9, unplaced)         0.237     5.045    i_scheduler_core/i_round_engine/i_start_iter/source_valid3[3]
                         LUT4 (Prop_LUT4_I0_O)        0.074     5.119 f  i_scheduler_core/i_round_engine/i_start_iter/minimum_valid_q_bret__4_i_52/O
                         net (fo=1, unplaced)         0.210     5.329    i_scheduler_core/i_round_engine/i_start_iter/minimum_valid_q_bret__4_i_52_n_0
                         LUT6 (Prop_LUT6_I1_O)        0.088     5.417 r  i_scheduler_core/i_round_engine/i_start_iter/minimum_valid_q_bret__4_i_29/O
                         net (fo=1, unplaced)         0.128     5.545    i_scheduler_core/i_round_engine/i_start_iter/minimum_valid_q_bret__4_i_29_n_0
                         LUT5 (Prop_LUT5_I2_O)        0.074     5.619 r  i_scheduler_core/i_round_engine/i_start_iter/minimum_valid_q_bret__4_i_8/O
                         net (fo=1, unplaced)         0.145     5.764    i_scheduler_core/i_round_engine/i_start_iter/minimum_valid_q_bret__4_i_8_n_0
                         LUT5 (Prop_LUT5_I4_O)        0.051     5.815 r  i_scheduler_core/i_round_engine/i_start_iter/minimum_valid_q_bret__4_i_2/O
                         net (fo=2, unplaced)         0.210     6.025    i_scheduler_core/i_round_engine/i_start_iter/minimum_valid_q_bret__4_i_2_n_0
                         LUT6 (Prop_LUT6_I1_O)        0.088     6.113 r  i_scheduler_core/i_round_engine/i_start_iter/minimum_valid_q_bret__4_i_1/O
                         net (fo=5, unplaced)         0.163     6.276    i_scheduler_core/i_round_engine/i_start_iter/minimum_valid_q_bret__4_i_1_n_0
                         LUT6 (Prop_LUT6_I5_O)        0.051     6.327 r  i_scheduler_core/i_round_engine/i_start_iter/previous_q[11]_i_1/O
                         net (fo=18, unplaced)        0.250     6.577    i_scheduler_core/i_round_engine/i_start_iter/previous_q[11]_i_1_n_0
                         FDCE                                         r  i_scheduler_core/i_round_engine/i_start_iter/previous_q_reg[5]/CE
  -------------------------------------------------------------------    -------------------

                         (clock scheduler_clk rise edge)
                                                      5.000     5.000 r  
                                                      0.000     5.000 r  clk_i (IN)
                         net (fo=1914, unset)         0.080     5.080    i_scheduler_core/i_round_engine/i_start_iter/clk_i
                         FDCE                                         r  i_scheduler_core/i_round_engine/i_start_iter/previous_q_reg[5]/C
                         clock pessimism              0.000     5.080    
                         clock uncertainty           -0.300     4.780    
                         FDCE (Setup_FDCE_C_CE)      -0.087     4.693    i_scheduler_core/i_round_engine/i_start_iter/previous_q_reg[5]
  -------------------------------------------------------------------
                         required time                          4.693    
                         arrival time                          -6.577    
  -------------------------------------------------------------------
                         slack                                 -1.884    

Slack (VIOLATED) :        -1.884ns  (required time - arrival time)
  Source:                 i_scheduler_core/i_round_engine/FSM_onehot_st_q_reg[13]/C
                            (rising edge-triggered cell FDCE clocked by scheduler_clk  {rise@0.000ns fall@2.500ns period=5.000ns})
  Destination:            i_scheduler_core/i_round_engine/i_start_iter/previous_q_reg[6]/CE
                            (rising edge-triggered cell FDCE clocked by scheduler_clk  {rise@0.000ns fall@2.500ns period=5.000ns})
  Path Group:             scheduler_clk
  Path Type:              Setup (Max at Slow Process Corner)
  Requirement:            5.000ns  (scheduler_clk rise@5.000ns - scheduler_clk rise@0.000ns)
  Data Path Delay:        6.457ns  (logic 1.971ns (30.525%)  route 4.486ns (69.475%))
  Logic Levels:           25  (LOOKAHEAD8=3 LUT3=1 LUT4=1 LUT5=3 LUT6=13 LUTCY1=2 LUTCY2=2)
  Clock Path Skew:        -0.040ns (DCD - SCD + CPR)
    Destination Clock Delay (DCD):    0.080ns = ( 5.080 - 5.000 ) 
    Source Clock Delay      (SCD):    0.120ns
    Clock Pessimism Removal (CPR):    0.000ns
  Clock Uncertainty:      0.300ns  (CJ)/2 + PE + PJ
    Clock Jitter             (CJ):    0.600ns
    Phase Error              (PE):    0.000ns
    Phase Jitter             (PJ):    0.000ns

    Location             Delay type                Incr(ns)  Path(ns)    Netlist Resource(s)
  -------------------------------------------------------------------    -------------------
                         (clock scheduler_clk rise edge)
                                                      0.000     0.000 r  
                                                      0.000     0.000 r  clk_i (IN)
                         net (fo=1914, unset)         0.120     0.120    i_scheduler_core/i_round_engine/clk_i
                         FDCE                                         r  i_scheduler_core/i_round_engine/FSM_onehot_st_q_reg[13]/C
  -------------------------------------------------------------------    -------------------
                         FDCE (Prop_FDCE_C_Q)         0.090     0.210 f  i_scheduler_core/i_round_engine/FSM_onehot_st_q_reg[13]/Q
                         net (fo=115, unplaced)       0.342     0.552    i_scheduler_core/i_round_engine/i_bound_score/g0_b0_i_12_0[12]
                         LUT6 (Prop_LUT6_I1_O)        0.088     0.640 r  i_scheduler_core/i_round_engine/i_bound_score/g0_b0_i_18/O
                         net (fo=1, unplaced)         0.016     0.656    i_scheduler_core/i_round_engine/i_bound_score/g0_b0_i_18_n_0
                         LUT3 (Prop_LUT3_I2_O)        0.050     0.706 r  i_scheduler_core/i_round_engine/i_bound_score/g0_b0_i_10/O
                         net (fo=6, unplaced)         0.232     0.938    i_scheduler_core/i_round_engine/i_bound_score/FSM_onehot_st_q_reg[1]
                         LUT6 (Prop_LUT6_I2_O)        0.088     1.026 r  i_scheduler_core/i_round_engine/i_bound_score/g0_b0_i_6/O
                         net (fo=10, unplaced)        0.243     1.269    i_scheduler_core/i_round_engine/i_transition_eval/commit_task_q_reg[1][shape_s3][0]_0
                         LUT6 (Prop_LUT6_I1_O)        0.088     1.357 r  i_scheduler_core/i_round_engine/i_transition_eval/g0_b0_i_1/O
                         net (fo=56, unplaced)        0.200     1.557    i_scheduler_core/i_round_engine/i_transition_eval/decode_address[0]
                         LUT5 (Prop_LUT5_I2_O)        0.074     1.631 r  i_scheduler_core/i_round_engine/i_transition_eval/commit_task_q[1][tok_start][7]_i_5/O
                         net (fo=46, unplaced)        0.278     1.909    i_scheduler_core/i_round_engine/i_transition_eval/decoded_profile[selector_a][1]
                         LUT6 (Prop_LUT6_I2_O)        0.088     1.997 f  i_scheduler_core/i_round_engine/i_transition_eval/c2_endpoint_q[task_end][1]_bret__6_bret__36_i_5/O
                         net (fo=7, unplaced)         0.153     2.150    i_scheduler_core/i_round_engine/i_start_iter/c2_endpoint_q_reg[task_end][1]_bret__6_bret__36
                         LUT6 (Prop_LUT6_I0_O)        0.074     2.224 r  i_scheduler_core/i_round_engine/i_start_iter/c2_endpoint_q[task_end][1]_bret__6_bret__36_i_2/O
                         net (fo=25, unplaced)        0.264     2.488    i_scheduler_core/i_round_engine/i_start_iter/hot_q_reg[4][ntok][0]
                         LUT6 (Prop_LUT6_I2_O)        0.088     2.576 r  i_scheduler_core/i_round_engine/i_start_iter/minimum_q[8]_bret__4_i_13/O
                         net (fo=13, unplaced)        0.249     2.825    i_scheduler_core/i_round_engine/minimum_q_reg[9]_bret__4_i_26/I2
                         LUTCY1 (Prop_LUTCY1_I2_PROP)
                                                      0.082     2.907 r  i_scheduler_core/i_round_engine/minimum_q_reg[9]_bret__4_i_26/LUTCY1_INST/PROP
                         net (fo=1, unplaced)         0.001     2.908    i_scheduler_core/i_round_engine/minimum_q_reg[9]_bret__4_i_26_n_3
                         LOOKAHEAD8 (Prop_LOOKAHEAD8_PROPH_COUTH)
                                                      0.129     3.037 r  i_scheduler_core/i_round_engine/minimum_q_reg[9]_bret__4_i_15/COUTH
                         net (fo=3, unplaced)         0.002     3.039    i_scheduler_core/i_round_engine/minimum_q_reg[9]_bret__4_i_15_n_3
                         LOOKAHEAD8 (Prop_LOOKAHEAD8_CIN_COUTB)
                                                      0.051     3.090 r  i_scheduler_core/i_round_engine/minimum_q_reg[9]_bret__4_i_11/COUTB
                         net (fo=15, unplaced)        0.341     3.431    i_scheduler_core/i_round_engine/i_target_s4pf/offset_value3
                         LUT6 (Prop_LUT6_I1_O)        0.088     3.519 f  i_scheduler_core/i_round_engine/i_target_s4pf/minimum_q[4]_bret__4_i_8/O
                         net (fo=9, unplaced)         0.176     3.695    i_scheduler_core/i_round_engine/i_target_s4pf/FSM_onehot_st_q_reg[4]_1
                         LUT6 (Prop_LUT6_I4_O)        0.051     3.746 r  i_scheduler_core/i_round_engine/i_target_s4pf/minimum_q[0]_bret__4_i_9/O
                         net (fo=4, unplaced)         0.157     3.903    i_scheduler_core/i_round_engine/i_target_s4pf/minimum_q[2]_bret__4_i_12_0
                         LUT6 (Prop_LUT6_I5_O)        0.051     3.954 r  i_scheduler_core/i_round_engine/i_target_s4pf/minimum_q[1]_bret__4_i_11/O
                         net (fo=1, unplaced)         0.210     4.164    i_scheduler_core/i_round_engine/i_target_s4pf/minimum_q[1]_bret__4_i_11_n_0
                         LUT6 (Prop_LUT6_I2_O)        0.088     4.252 f  i_scheduler_core/i_round_engine/i_target_s4pf/minimum_q[1]_bret__4_i_5/O
                         net (fo=2, unplaced)         0.236     4.488    i_scheduler_core/i_round_engine/i_start_iter/minimum_q_reg[1]_bret__4_i_3/I1
                         LUTCY2 (Prop_LUTCY2_I1_GE)
                                                      0.120     4.608 r  i_scheduler_core/i_round_engine/i_start_iter/minimum_q_reg[1]_bret__4_i_3/LUTCY2_INST/GE
                         net (fo=1, unplaced)         0.015     4.623    i_scheduler_core/i_round_engine/i_start_iter/minimum_q_reg[1]_bret__4_i_3_n_0
                         LOOKAHEAD8 (Prop_LOOKAHEAD8_GEB_COUTB)
                                                      0.053     4.676 r  i_scheduler_core/i_round_engine/i_start_iter/minimum_q_reg[8]_bret__4_i_6/COUTB
                         net (fo=2, unplaced)         0.013     4.689    i_scheduler_core/i_round_engine/i_start_iter/minimum_q_reg[2]_bret__4_i_3/I4
                         LUTCY2 (Prop_LUTCY2_I4_O)    0.049     4.738 r  i_scheduler_core/i_round_engine/i_start_iter/minimum_q_reg[2]_bret__4_i_3/LUTCY2_INST/O
                         net (fo=3, unplaced)         0.015     4.753    i_scheduler_core/i_round_engine/i_start_iter/minimum_q_reg[3]_bret__4_i_3/I4
                         LUTCY1 (Prop_LUTCY1_I4_O)    0.055     4.808 r  i_scheduler_core/i_round_engine/i_start_iter/minimum_q_reg[3]_bret__4_i_3/LUTCY1_INST/O
                         net (fo=9, unplaced)         0.237     5.045    i_scheduler_core/i_round_engine/i_start_iter/source_valid3[3]
                         LUT4 (Prop_LUT4_I0_O)        0.074     5.119 f  i_scheduler_core/i_round_engine/i_start_iter/minimum_valid_q_bret__4_i_52/O
                         net (fo=1, unplaced)         0.210     5.329    i_scheduler_core/i_round_engine/i_start_iter/minimum_valid_q_bret__4_i_52_n_0
                         LUT6 (Prop_LUT6_I1_O)        0.088     5.417 r  i_scheduler_core/i_round_engine/i_start_iter/minimum_valid_q_bret__4_i_29/O
                         net (fo=1, unplaced)         0.128     5.545    i_scheduler_core/i_round_engine/i_start_iter/minimum_valid_q_bret__4_i_29_n_0
                         LUT5 (Prop_LUT5_I2_O)        0.074     5.619 r  i_scheduler_core/i_round_engine/i_start_iter/minimum_valid_q_bret__4_i_8/O
                         net (fo=1, unplaced)         0.145     5.764    i_scheduler_core/i_round_engine/i_start_iter/minimum_valid_q_bret__4_i_8_n_0
                         LUT5 (Prop_LUT5_I4_O)        0.051     5.815 r  i_scheduler_core/i_round_engine/i_start_iter/minimum_valid_q_bret__4_i_2/O
                         net (fo=2, unplaced)         0.210     6.025    i_scheduler_core/i_round_engine/i_start_iter/minimum_valid_q_bret__4_i_2_n_0
                         LUT6 (Prop_LUT6_I1_O)        0.088     6.113 r  i_scheduler_core/i_round_engine/i_start_iter/minimum_valid_q_bret__4_i_1/O
                         net (fo=5, unplaced)         0.163     6.276    i_scheduler_core/i_round_engine/i_start_iter/minimum_valid_q_bret__4_i_1_n_0
                         LUT6 (Prop_LUT6_I5_O)        0.051     6.327 r  i_scheduler_core/i_round_engine/i_start_iter/previous_q[11]_i_1/O
                         net (fo=18, unplaced)        0.250     6.577    i_scheduler_core/i_round_engine/i_start_iter/previous_q[11]_i_1_n_0
                         FDCE                                         r  i_scheduler_core/i_round_engine/i_start_iter/previous_q_reg[6]/CE
  -------------------------------------------------------------------    -------------------

                         (clock scheduler_clk rise edge)
                                                      5.000     5.000 r  
                                                      0.000     5.000 r  clk_i (IN)
                         net (fo=1914, unset)         0.080     5.080    i_scheduler_core/i_round_engine/i_start_iter/clk_i
                         FDCE                                         r  i_scheduler_core/i_round_engine/i_start_iter/previous_q_reg[6]/C
                         clock pessimism              0.000     5.080    
                         clock uncertainty           -0.300     4.780    
                         FDCE (Setup_FDCE_C_CE)      -0.087     4.693    i_scheduler_core/i_round_engine/i_start_iter/previous_q_reg[6]
  -------------------------------------------------------------------
                         required time                          4.693    
                         arrival time                          -6.577    
  -------------------------------------------------------------------
                         slack                                 -1.884    

Slack (VIOLATED) :        -1.884ns  (required time - arrival time)
  Source:                 i_scheduler_core/i_round_engine/FSM_onehot_st_q_reg[13]/C
                            (rising edge-triggered cell FDCE clocked by scheduler_clk  {rise@0.000ns fall@2.500ns period=5.000ns})
  Destination:            i_scheduler_core/i_round_engine/i_start_iter/previous_q_reg[7]/CE
                            (rising edge-triggered cell FDCE clocked by scheduler_clk  {rise@0.000ns fall@2.500ns period=5.000ns})
  Path Group:             scheduler_clk
  Path Type:              Setup (Max at Slow Process Corner)
  Requirement:            5.000ns  (scheduler_clk rise@5.000ns - scheduler_clk rise@0.000ns)
  Data Path Delay:        6.457ns  (logic 1.971ns (30.525%)  route 4.486ns (69.475%))
  Logic Levels:           25  (LOOKAHEAD8=3 LUT3=1 LUT4=1 LUT5=3 LUT6=13 LUTCY1=2 LUTCY2=2)
  Clock Path Skew:        -0.040ns (DCD - SCD + CPR)
    Destination Clock Delay (DCD):    0.080ns = ( 5.080 - 5.000 ) 
    Source Clock Delay      (SCD):    0.120ns
    Clock Pessimism Removal (CPR):    0.000ns
  Clock Uncertainty:      0.300ns  (CJ)/2 + PE + PJ
    Clock Jitter             (CJ):    0.600ns
    Phase Error              (PE):    0.000ns
    Phase Jitter             (PJ):    0.000ns

    Location             Delay type                Incr(ns)  Path(ns)    Netlist Resource(s)
  -------------------------------------------------------------------    -------------------
                         (clock scheduler_clk rise edge)
                                                      0.000     0.000 r  
                                                      0.000     0.000 r  clk_i (IN)
                         net (fo=1914, unset)         0.120     0.120    i_scheduler_core/i_round_engine/clk_i
                         FDCE                                         r  i_scheduler_core/i_round_engine/FSM_onehot_st_q_reg[13]/C
  -------------------------------------------------------------------    -------------------
                         FDCE (Prop_FDCE_C_Q)         0.090     0.210 f  i_scheduler_core/i_round_engine/FSM_onehot_st_q_reg[13]/Q
                         net (fo=115, unplaced)       0.342     0.552    i_scheduler_core/i_round_engine/i_bound_score/g0_b0_i_12_0[12]
                         LUT6 (Prop_LUT6_I1_O)        0.088     0.640 r  i_scheduler_core/i_round_engine/i_bound_score/g0_b0_i_18/O
                         net (fo=1, unplaced)         0.016     0.656    i_scheduler_core/i_round_engine/i_bound_score/g0_b0_i_18_n_0
                         LUT3 (Prop_LUT3_I2_O)        0.050     0.706 r  i_scheduler_core/i_round_engine/i_bound_score/g0_b0_i_10/O
                         net (fo=6, unplaced)         0.232     0.938    i_scheduler_core/i_round_engine/i_bound_score/FSM_onehot_st_q_reg[1]
                         LUT6 (Prop_LUT6_I2_O)        0.088     1.026 r  i_scheduler_core/i_round_engine/i_bound_score/g0_b0_i_6/O
                         net (fo=10, unplaced)        0.243     1.269    i_scheduler_core/i_round_engine/i_transition_eval/commit_task_q_reg[1][shape_s3][0]_0
                         LUT6 (Prop_LUT6_I1_O)        0.088     1.357 r  i_scheduler_core/i_round_engine/i_transition_eval/g0_b0_i_1/O
                         net (fo=56, unplaced)        0.200     1.557    i_scheduler_core/i_round_engine/i_transition_eval/decode_address[0]
                         LUT5 (Prop_LUT5_I2_O)        0.074     1.631 r  i_scheduler_core/i_round_engine/i_transition_eval/commit_task_q[1][tok_start][7]_i_5/O
                         net (fo=46, unplaced)        0.278     1.909    i_scheduler_core/i_round_engine/i_transition_eval/decoded_profile[selector_a][1]
                         LUT6 (Prop_LUT6_I2_O)        0.088     1.997 f  i_scheduler_core/i_round_engine/i_transition_eval/c2_endpoint_q[task_end][1]_bret__6_bret__36_i_5/O
                         net (fo=7, unplaced)         0.153     2.150    i_scheduler_core/i_round_engine/i_start_iter/c2_endpoint_q_reg[task_end][1]_bret__6_bret__36
                         LUT6 (Prop_LUT6_I0_O)        0.074     2.224 r  i_scheduler_core/i_round_engine/i_start_iter/c2_endpoint_q[task_end][1]_bret__6_bret__36_i_2/O
                         net (fo=25, unplaced)        0.264     2.488    i_scheduler_core/i_round_engine/i_start_iter/hot_q_reg[4][ntok][0]
                         LUT6 (Prop_LUT6_I2_O)        0.088     2.576 r  i_scheduler_core/i_round_engine/i_start_iter/minimum_q[8]_bret__4_i_13/O
                         net (fo=13, unplaced)        0.249     2.825    i_scheduler_core/i_round_engine/minimum_q_reg[9]_bret__4_i_26/I2
                         LUTCY1 (Prop_LUTCY1_I2_PROP)
                                                      0.082     2.907 r  i_scheduler_core/i_round_engine/minimum_q_reg[9]_bret__4_i_26/LUTCY1_INST/PROP
                         net (fo=1, unplaced)         0.001     2.908    i_scheduler_core/i_round_engine/minimum_q_reg[9]_bret__4_i_26_n_3
                         LOOKAHEAD8 (Prop_LOOKAHEAD8_PROPH_COUTH)
                                                      0.129     3.037 r  i_scheduler_core/i_round_engine/minimum_q_reg[9]_bret__4_i_15/COUTH
                         net (fo=3, unplaced)         0.002     3.039    i_scheduler_core/i_round_engine/minimum_q_reg[9]_bret__4_i_15_n_3
                         LOOKAHEAD8 (Prop_LOOKAHEAD8_CIN_COUTB)
                                                      0.051     3.090 r  i_scheduler_core/i_round_engine/minimum_q_reg[9]_bret__4_i_11/COUTB
                         net (fo=15, unplaced)        0.341     3.431    i_scheduler_core/i_round_engine/i_target_s4pf/offset_value3
                         LUT6 (Prop_LUT6_I1_O)        0.088     3.519 f  i_scheduler_core/i_round_engine/i_target_s4pf/minimum_q[4]_bret__4_i_8/O
                         net (fo=9, unplaced)         0.176     3.695    i_scheduler_core/i_round_engine/i_target_s4pf/FSM_onehot_st_q_reg[4]_1
                         LUT6 (Prop_LUT6_I4_O)        0.051     3.746 r  i_scheduler_core/i_round_engine/i_target_s4pf/minimum_q[0]_bret__4_i_9/O
                         net (fo=4, unplaced)         0.157     3.903    i_scheduler_core/i_round_engine/i_target_s4pf/minimum_q[2]_bret__4_i_12_0
                         LUT6 (Prop_LUT6_I5_O)        0.051     3.954 r  i_scheduler_core/i_round_engine/i_target_s4pf/minimum_q[1]_bret__4_i_11/O
                         net (fo=1, unplaced)         0.210     4.164    i_scheduler_core/i_round_engine/i_target_s4pf/minimum_q[1]_bret__4_i_11_n_0
                         LUT6 (Prop_LUT6_I2_O)        0.088     4.252 f  i_scheduler_core/i_round_engine/i_target_s4pf/minimum_q[1]_bret__4_i_5/O
                         net (fo=2, unplaced)         0.236     4.488    i_scheduler_core/i_round_engine/i_start_iter/minimum_q_reg[1]_bret__4_i_3/I1
                         LUTCY2 (Prop_LUTCY2_I1_GE)
                                                      0.120     4.608 r  i_scheduler_core/i_round_engine/i_start_iter/minimum_q_reg[1]_bret__4_i_3/LUTCY2_INST/GE
                         net (fo=1, unplaced)         0.015     4.623    i_scheduler_core/i_round_engine/i_start_iter/minimum_q_reg[1]_bret__4_i_3_n_0
                         LOOKAHEAD8 (Prop_LOOKAHEAD8_GEB_COUTB)
                                                      0.053     4.676 r  i_scheduler_core/i_round_engine/i_start_iter/minimum_q_reg[8]_bret__4_i_6/COUTB
                         net (fo=2, unplaced)         0.013     4.689    i_scheduler_core/i_round_engine/i_start_iter/minimum_q_reg[2]_bret__4_i_3/I4
                         LUTCY2 (Prop_LUTCY2_I4_O)    0.049     4.738 r  i_scheduler_core/i_round_engine/i_start_iter/minimum_q_reg[2]_bret__4_i_3/LUTCY2_INST/O
                         net (fo=3, unplaced)         0.015     4.753    i_scheduler_core/i_round_engine/i_start_iter/minimum_q_reg[3]_bret__4_i_3/I4
                         LUTCY1 (Prop_LUTCY1_I4_O)    0.055     4.808 r  i_scheduler_core/i_round_engine/i_start_iter/minimum_q_reg[3]_bret__4_i_3/LUTCY1_INST/O
                         net (fo=9, unplaced)         0.237     5.045    i_scheduler_core/i_round_engine/i_start_iter/source_valid3[3]
                         LUT4 (Prop_LUT4_I0_O)        0.074     5.119 f  i_scheduler_core/i_round_engine/i_start_iter/minimum_valid_q_bret__4_i_52/O
                         net (fo=1, unplaced)         0.210     5.329    i_scheduler_core/i_round_engine/i_start_iter/minimum_valid_q_bret__4_i_52_n_0
                         LUT6 (Prop_LUT6_I1_O)        0.088     5.417 r  i_scheduler_core/i_round_engine/i_start_iter/minimum_valid_q_bret__4_i_29/O
                         net (fo=1, unplaced)         0.128     5.545    i_scheduler_core/i_round_engine/i_start_iter/minimum_valid_q_bret__4_i_29_n_0
                         LUT5 (Prop_LUT5_I2_O)        0.074     5.619 r  i_scheduler_core/i_round_engine/i_start_iter/minimum_valid_q_bret__4_i_8/O
                         net (fo=1, unplaced)         0.145     5.764    i_scheduler_core/i_round_engine/i_start_iter/minimum_valid_q_bret__4_i_8_n_0
                         LUT5 (Prop_LUT5_I4_O)        0.051     5.815 r  i_scheduler_core/i_round_engine/i_start_iter/minimum_valid_q_bret__4_i_2/O
                         net (fo=2, unplaced)         0.210     6.025    i_scheduler_core/i_round_engine/i_start_iter/minimum_valid_q_bret__4_i_2_n_0
                         LUT6 (Prop_LUT6_I1_O)        0.088     6.113 r  i_scheduler_core/i_round_engine/i_start_iter/minimum_valid_q_bret__4_i_1/O
                         net (fo=5, unplaced)         0.163     6.276    i_scheduler_core/i_round_engine/i_start_iter/minimum_valid_q_bret__4_i_1_n_0
                         LUT6 (Prop_LUT6_I5_O)        0.051     6.327 r  i_scheduler_core/i_round_engine/i_start_iter/previous_q[11]_i_1/O
                         net (fo=18, unplaced)        0.250     6.577    i_scheduler_core/i_round_engine/i_start_iter/previous_q[11]_i_1_n_0
                         FDCE                                         r  i_scheduler_core/i_round_engine/i_start_iter/previous_q_reg[7]/CE
  -------------------------------------------------------------------    -------------------

                         (clock scheduler_clk rise edge)
                                                      5.000     5.000 r  
                                                      0.000     5.000 r  clk_i (IN)
                         net (fo=1914, unset)         0.080     5.080    i_scheduler_core/i_round_engine/i_start_iter/clk_i
                         FDCE                                         r  i_scheduler_core/i_round_engine/i_start_iter/previous_q_reg[7]/C
                         clock pessimism              0.000     5.080    
                         clock uncertainty           -0.300     4.780    
                         FDCE (Setup_FDCE_C_CE)      -0.087     4.693    i_scheduler_core/i_round_engine/i_start_iter/previous_q_reg[7]
  -------------------------------------------------------------------
                         required time                          4.693    
                         arrival time                          -6.577    
  -------------------------------------------------------------------
                         slack                                 -1.884    

Slack (VIOLATED) :        -1.884ns  (required time - arrival time)
  Source:                 i_scheduler_core/i_round_engine/FSM_onehot_st_q_reg[13]/C
                            (rising edge-triggered cell FDCE clocked by scheduler_clk  {rise@0.000ns fall@2.500ns period=5.000ns})
  Destination:            i_scheduler_core/i_round_engine/i_start_iter/previous_q_reg[8]/CE
                            (rising edge-triggered cell FDCE clocked by scheduler_clk  {rise@0.000ns fall@2.500ns period=5.000ns})
  Path Group:             scheduler_clk
  Path Type:              Setup (Max at Slow Process Corner)
  Requirement:            5.000ns  (scheduler_clk rise@5.000ns - scheduler_clk rise@0.000ns)
  Data Path Delay:        6.457ns  (logic 1.971ns (30.525%)  route 4.486ns (69.475%))
  Logic Levels:           25  (LOOKAHEAD8=3 LUT3=1 LUT4=1 LUT5=3 LUT6=13 LUTCY1=2 LUTCY2=2)
  Clock Path Skew:        -0.040ns (DCD - SCD + CPR)
    Destination Clock Delay (DCD):    0.080ns = ( 5.080 - 5.000 ) 
    Source Clock Delay      (SCD):    0.120ns
    Clock Pessimism Removal (CPR):    0.000ns
  Clock Uncertainty:      0.300ns  (CJ)/2 + PE + PJ
    Clock Jitter             (CJ):    0.600ns
    Phase Error              (PE):    0.000ns
    Phase Jitter             (PJ):    0.000ns

    Location             Delay type                Incr(ns)  Path(ns)    Netlist Resource(s)
  -------------------------------------------------------------------    -------------------
                         (clock scheduler_clk rise edge)
                                                      0.000     0.000 r  
                                                      0.000     0.000 r  clk_i (IN)
                         net (fo=1914, unset)         0.120     0.120    i_scheduler_core/i_round_engine/clk_i
                         FDCE                                         r  i_scheduler_core/i_round_engine/FSM_onehot_st_q_reg[13]/C
  -------------------------------------------------------------------    -------------------
                         FDCE (Prop_FDCE_C_Q)         0.090     0.210 f  i_scheduler_core/i_round_engine/FSM_onehot_st_q_reg[13]/Q
                         net (fo=115, unplaced)       0.342     0.552    i_scheduler_core/i_round_engine/i_bound_score/g0_b0_i_12_0[12]
                         LUT6 (Prop_LUT6_I1_O)        0.088     0.640 r  i_scheduler_core/i_round_engine/i_bound_score/g0_b0_i_18/O
                         net (fo=1, unplaced)         0.016     0.656    i_scheduler_core/i_round_engine/i_bound_score/g0_b0_i_18_n_0
                         LUT3 (Prop_LUT3_I2_O)        0.050     0.706 r  i_scheduler_core/i_round_engine/i_bound_score/g0_b0_i_10/O
                         net (fo=6, unplaced)         0.232     0.938    i_scheduler_core/i_round_engine/i_bound_score/FSM_onehot_st_q_reg[1]
                         LUT6 (Prop_LUT6_I2_O)        0.088     1.026 r  i_scheduler_core/i_round_engine/i_bound_score/g0_b0_i_6/O
                         net (fo=10, unplaced)        0.243     1.269    i_scheduler_core/i_round_engine/i_transition_eval/commit_task_q_reg[1][shape_s3][0]_0
                         LUT6 (Prop_LUT6_I1_O)        0.088     1.357 r  i_scheduler_core/i_round_engine/i_transition_eval/g0_b0_i_1/O
                         net (fo=56, unplaced)        0.200     1.557    i_scheduler_core/i_round_engine/i_transition_eval/decode_address[0]
                         LUT5 (Prop_LUT5_I2_O)        0.074     1.631 r  i_scheduler_core/i_round_engine/i_transition_eval/commit_task_q[1][tok_start][7]_i_5/O
                         net (fo=46, unplaced)        0.278     1.909    i_scheduler_core/i_round_engine/i_transition_eval/decoded_profile[selector_a][1]
                         LUT6 (Prop_LUT6_I2_O)        0.088     1.997 f  i_scheduler_core/i_round_engine/i_transition_eval/c2_endpoint_q[task_end][1]_bret__6_bret__36_i_5/O
                         net (fo=7, unplaced)         0.153     2.150    i_scheduler_core/i_round_engine/i_start_iter/c2_endpoint_q_reg[task_end][1]_bret__6_bret__36
                         LUT6 (Prop_LUT6_I0_O)        0.074     2.224 r  i_scheduler_core/i_round_engine/i_start_iter/c2_endpoint_q[task_end][1]_bret__6_bret__36_i_2/O
                         net (fo=25, unplaced)        0.264     2.488    i_scheduler_core/i_round_engine/i_start_iter/hot_q_reg[4][ntok][0]
                         LUT6 (Prop_LUT6_I2_O)        0.088     2.576 r  i_scheduler_core/i_round_engine/i_start_iter/minimum_q[8]_bret__4_i_13/O
                         net (fo=13, unplaced)        0.249     2.825    i_scheduler_core/i_round_engine/minimum_q_reg[9]_bret__4_i_26/I2
                         LUTCY1 (Prop_LUTCY1_I2_PROP)
                                                      0.082     2.907 r  i_scheduler_core/i_round_engine/minimum_q_reg[9]_bret__4_i_26/LUTCY1_INST/PROP
                         net (fo=1, unplaced)         0.001     2.908    i_scheduler_core/i_round_engine/minimum_q_reg[9]_bret__4_i_26_n_3
                         LOOKAHEAD8 (Prop_LOOKAHEAD8_PROPH_COUTH)
                                                      0.129     3.037 r  i_scheduler_core/i_round_engine/minimum_q_reg[9]_bret__4_i_15/COUTH
                         net (fo=3, unplaced)         0.002     3.039    i_scheduler_core/i_round_engine/minimum_q_reg[9]_bret__4_i_15_n_3
                         LOOKAHEAD8 (Prop_LOOKAHEAD8_CIN_COUTB)
                                                      0.051     3.090 r  i_scheduler_core/i_round_engine/minimum_q_reg[9]_bret__4_i_11/COUTB
                         net (fo=15, unplaced)        0.341     3.431    i_scheduler_core/i_round_engine/i_target_s4pf/offset_value3
                         LUT6 (Prop_LUT6_I1_O)        0.088     3.519 f  i_scheduler_core/i_round_engine/i_target_s4pf/minimum_q[4]_bret__4_i_8/O
                         net (fo=9, unplaced)         0.176     3.695    i_scheduler_core/i_round_engine/i_target_s4pf/FSM_onehot_st_q_reg[4]_1
                         LUT6 (Prop_LUT6_I4_O)        0.051     3.746 r  i_scheduler_core/i_round_engine/i_target_s4pf/minimum_q[0]_bret__4_i_9/O
                         net (fo=4, unplaced)         0.157     3.903    i_scheduler_core/i_round_engine/i_target_s4pf/minimum_q[2]_bret__4_i_12_0
                         LUT6 (Prop_LUT6_I5_O)        0.051     3.954 r  i_scheduler_core/i_round_engine/i_target_s4pf/minimum_q[1]_bret__4_i_11/O
                         net (fo=1, unplaced)         0.210     4.164    i_scheduler_core/i_round_engine/i_target_s4pf/minimum_q[1]_bret__4_i_11_n_0
                         LUT6 (Prop_LUT6_I2_O)        0.088     4.252 f  i_scheduler_core/i_round_engine/i_target_s4pf/minimum_q[1]_bret__4_i_5/O
                         net (fo=2, unplaced)         0.236     4.488    i_scheduler_core/i_round_engine/i_start_iter/minimum_q_reg[1]_bret__4_i_3/I1
                         LUTCY2 (Prop_LUTCY2_I1_GE)
                                                      0.120     4.608 r  i_scheduler_core/i_round_engine/i_start_iter/minimum_q_reg[1]_bret__4_i_3/LUTCY2_INST/GE
                         net (fo=1, unplaced)         0.015     4.623    i_scheduler_core/i_round_engine/i_start_iter/minimum_q_reg[1]_bret__4_i_3_n_0
                         LOOKAHEAD8 (Prop_LOOKAHEAD8_GEB_COUTB)
                                                      0.053     4.676 r  i_scheduler_core/i_round_engine/i_start_iter/minimum_q_reg[8]_bret__4_i_6/COUTB
                         net (fo=2, unplaced)         0.013     4.689    i_scheduler_core/i_round_engine/i_start_iter/minimum_q_reg[2]_bret__4_i_3/I4
                         LUTCY2 (Prop_LUTCY2_I4_O)    0.049     4.738 r  i_scheduler_core/i_round_engine/i_start_iter/minimum_q_reg[2]_bret__4_i_3/LUTCY2_INST/O
                         net (fo=3, unplaced)         0.015     4.753    i_scheduler_core/i_round_engine/i_start_iter/minimum_q_reg[3]_bret__4_i_3/I4
                         LUTCY1 (Prop_LUTCY1_I4_O)    0.055     4.808 r  i_scheduler_core/i_round_engine/i_start_iter/minimum_q_reg[3]_bret__4_i_3/LUTCY1_INST/O
                         net (fo=9, unplaced)         0.237     5.045    i_scheduler_core/i_round_engine/i_start_iter/source_valid3[3]
                         LUT4 (Prop_LUT4_I0_O)        0.074     5.119 f  i_scheduler_core/i_round_engine/i_start_iter/minimum_valid_q_bret__4_i_52/O
                         net (fo=1, unplaced)         0.210     5.329    i_scheduler_core/i_round_engine/i_start_iter/minimum_valid_q_bret__4_i_52_n_0
                         LUT6 (Prop_LUT6_I1_O)        0.088     5.417 r  i_scheduler_core/i_round_engine/i_start_iter/minimum_valid_q_bret__4_i_29/O
                         net (fo=1, unplaced)         0.128     5.545    i_scheduler_core/i_round_engine/i_start_iter/minimum_valid_q_bret__4_i_29_n_0
                         LUT5 (Prop_LUT5_I2_O)        0.074     5.619 r  i_scheduler_core/i_round_engine/i_start_iter/minimum_valid_q_bret__4_i_8/O
                         net (fo=1, unplaced)         0.145     5.764    i_scheduler_core/i_round_engine/i_start_iter/minimum_valid_q_bret__4_i_8_n_0
                         LUT5 (Prop_LUT5_I4_O)        0.051     5.815 r  i_scheduler_core/i_round_engine/i_start_iter/minimum_valid_q_bret__4_i_2/O
                         net (fo=2, unplaced)         0.210     6.025    i_scheduler_core/i_round_engine/i_start_iter/minimum_valid_q_bret__4_i_2_n_0
                         LUT6 (Prop_LUT6_I1_O)        0.088     6.113 r  i_scheduler_core/i_round_engine/i_start_iter/minimum_valid_q_bret__4_i_1/O
                         net (fo=5, unplaced)         0.163     6.276    i_scheduler_core/i_round_engine/i_start_iter/minimum_valid_q_bret__4_i_1_n_0
                         LUT6 (Prop_LUT6_I5_O)        0.051     6.327 r  i_scheduler_core/i_round_engine/i_start_iter/previous_q[11]_i_1/O
                         net (fo=18, unplaced)        0.250     6.577    i_scheduler_core/i_round_engine/i_start_iter/previous_q[11]_i_1_n_0
                         FDCE                                         r  i_scheduler_core/i_round_engine/i_start_iter/previous_q_reg[8]/CE
  -------------------------------------------------------------------    -------------------

                         (clock scheduler_clk rise edge)
                                                      5.000     5.000 r  
                                                      0.000     5.000 r  clk_i (IN)
                         net (fo=1914, unset)         0.080     5.080    i_scheduler_core/i_round_engine/i_start_iter/clk_i
                         FDCE                                         r  i_scheduler_core/i_round_engine/i_start_iter/previous_q_reg[8]/C
                         clock pessimism              0.000     5.080    
                         clock uncertainty           -0.300     4.780    
                         FDCE (Setup_FDCE_C_CE)      -0.087     4.693    i_scheduler_core/i_round_engine/i_start_iter/previous_q_reg[8]
  -------------------------------------------------------------------
                         required time                          4.693    
                         arrival time                          -6.577    
  -------------------------------------------------------------------
                         slack                                 -1.884    





Pulse Width Checks
--------------------------------------------------------------------------------------
Clock Name:         scheduler_clk
Waveform(ns):       { 0.000 2.500 }
Period(ns):         5.000
Sources:            { clk_i }

Check Type        Corner  Lib Pin  Reference Pin  Required(ns)  Actual(ns)  Slack(ns)  Location  Pin
Min Period        n/a     FDCE/C   n/a            0.550         5.000       4.450                active_count_q_reg[0]/C
Min Period        n/a     FDCE/C   n/a            0.550         5.000       4.450                active_count_q_reg[1]/C
Min Period        n/a     FDCE/C   n/a            0.550         5.000       4.450                active_count_q_reg[2]/C
Min Period        n/a     FDCE/C   n/a            0.550         5.000       4.450                active_count_q_reg[3]/C
Min Period        n/a     FDCE/C   n/a            0.550         5.000       4.450                active_count_q_reg[4]/C
Min Period        n/a     FDCE/C   n/a            0.550         5.000       4.450                active_count_q_reg[5]/C
Min Period        n/a     FDCE/C   n/a            0.550         5.000       4.450                active_count_q_reg[6]/C
Min Period        n/a     FDCE/C   n/a            0.550         5.000       4.450                auto_run_q_reg/C
Min Period        n/a     FDCE/C   n/a            0.550         5.000       4.450                cold_count_q_reg[0]/C
Min Period        n/a     FDCE/C   n/a            0.550         5.000       4.450                cold_count_q_reg[1]/C
Min Period        n/a     FDCE/C   n/a            0.550         5.000       4.450                cold_count_q_reg[2]/C
Min Period        n/a     FDCE/C   n/a            0.550         5.000       4.450                cold_q_reg[0][eid][0]/C
Min Period        n/a     FDCE/C   n/a            0.550         5.000       4.450                cold_q_reg[0][eid][1]/C
Min Period        n/a     FDCE/C   n/a            0.550         5.000       4.450                cold_q_reg[0][eid][2]/C
Min Period        n/a     FDCE/C   n/a            0.550         5.000       4.450                cold_q_reg[0][eid][3]/C
Min Period        n/a     FDCE/C   n/a            0.550         5.000       4.450                cold_q_reg[0][eid][4]/C
Min Period        n/a     FDCE/C   n/a            0.550         5.000       4.450                cold_q_reg[0][eid][5]/C
Min Period        n/a     FDCE/C   n/a            0.550         5.000       4.450                cold_q_reg[0][ntok][0]/C
Min Period        n/a     FDCE/C   n/a            0.550         5.000       4.450                cold_q_reg[0][ntok][1]/C
Min Period        n/a     FDCE/C   n/a            0.550         5.000       4.450                cold_q_reg[0][ntok][2]/C
Low Pulse Width   Slow    FDCE/C   n/a            0.275         2.500       2.225                active_count_q_reg[0]/C
Low Pulse Width   Fast    FDCE/C   n/a            0.275         2.500       2.225                active_count_q_reg[0]/C
Low Pulse Width   Slow    FDCE/C   n/a            0.275         2.500       2.225                active_count_q_reg[1]/C
Low Pulse Width   Fast    FDCE/C   n/a            0.275         2.500       2.225                active_count_q_reg[1]/C
Low Pulse Width   Slow    FDCE/C   n/a            0.275         2.500       2.225                active_count_q_reg[2]/C
Low Pulse Width   Fast    FDCE/C   n/a            0.275         2.500       2.225                active_count_q_reg[2]/C
Low Pulse Width   Slow    FDCE/C   n/a            0.275         2.500       2.225                active_count_q_reg[3]/C
Low Pulse Width   Fast    FDCE/C   n/a            0.275         2.500       2.225                active_count_q_reg[3]/C
Low Pulse Width   Slow    FDCE/C   n/a            0.275         2.500       2.225                active_count_q_reg[4]/C
Low Pulse Width   Fast    FDCE/C   n/a            0.275         2.500       2.225                active_count_q_reg[4]/C
Low Pulse Width   Slow    FDCE/C   n/a            0.275         2.500       2.225                active_count_q_reg[5]/C
Low Pulse Width   Fast    FDCE/C   n/a            0.275         2.500       2.225                active_count_q_reg[5]/C
Low Pulse Width   Slow    FDCE/C   n/a            0.275         2.500       2.225                active_count_q_reg[6]/C
Low Pulse Width   Fast    FDCE/C   n/a            0.275         2.500       2.225                active_count_q_reg[6]/C
Low Pulse Width   Slow    FDCE/C   n/a            0.275         2.500       2.225                auto_run_q_reg/C
Low Pulse Width   Fast    FDCE/C   n/a            0.275         2.500       2.225                auto_run_q_reg/C
Low Pulse Width   Slow    FDCE/C   n/a            0.275         2.500       2.225                cold_count_q_reg[0]/C
Low Pulse Width   Fast    FDCE/C   n/a            0.275         2.500       2.225                cold_count_q_reg[0]/C
Low Pulse Width   Slow    FDCE/C   n/a            0.275         2.500       2.225                cold_count_q_reg[1]/C
Low Pulse Width   Fast    FDCE/C   n/a            0.275         2.500       2.225                cold_count_q_reg[1]/C
High Pulse Width  Slow    FDCE/C   n/a            0.275         2.500       2.225                active_count_q_reg[0]/C
High Pulse Width  Fast    FDCE/C   n/a            0.275         2.500       2.225                active_count_q_reg[0]/C
High Pulse Width  Slow    FDCE/C   n/a            0.275         2.500       2.225                active_count_q_reg[1]/C
High Pulse Width  Fast    FDCE/C   n/a            0.275         2.500       2.225                active_count_q_reg[1]/C
High Pulse Width  Slow    FDCE/C   n/a            0.275         2.500       2.225                active_count_q_reg[2]/C
High Pulse Width  Fast    FDCE/C   n/a            0.275         2.500       2.225                active_count_q_reg[2]/C
High Pulse Width  Slow    FDCE/C   n/a            0.275         2.500       2.225                active_count_q_reg[3]/C
High Pulse Width  Fast    FDCE/C   n/a            0.275         2.500       2.225                active_count_q_reg[3]/C
High Pulse Width  Slow    FDCE/C   n/a            0.275         2.500       2.225                active_count_q_reg[4]/C
High Pulse Width  Fast    FDCE/C   n/a            0.275         2.500       2.225                active_count_q_reg[4]/C
High Pulse Width  Slow    FDCE/C   n/a            0.275         2.500       2.225                active_count_q_reg[5]/C
High Pulse Width  Fast    FDCE/C   n/a            0.275         2.500       2.225                active_count_q_reg[5]/C
High Pulse Width  Slow    FDCE/C   n/a            0.275         2.500       2.225                active_count_q_reg[6]/C
High Pulse Width  Fast    FDCE/C   n/a            0.275         2.500       2.225                active_count_q_reg[6]/C
High Pulse Width  Slow    FDCE/C   n/a            0.275         2.500       2.225                auto_run_q_reg/C
High Pulse Width  Fast    FDCE/C   n/a            0.275         2.500       2.225                auto_run_q_reg/C
High Pulse Width  Slow    FDCE/C   n/a            0.275         2.500       2.225                cold_count_q_reg[0]/C
High Pulse Width  Fast    FDCE/C   n/a            0.275         2.500       2.225                cold_count_q_reg[0]/C
High Pulse Width  Slow    FDCE/C   n/a            0.275         2.500       2.225                cold_count_q_reg[1]/C
High Pulse Width  Fast    FDCE/C   n/a            0.275         2.500       2.225                cold_count_q_reg[1]/C



