Copyright 1986-2022 Xilinx, Inc. All Rights Reserved. Copyright 2022-2025 Advanced Micro Devices, Inc. All Rights Reserved.
--------------------------------------------------------------------------------------------------------------------------------------------------
| Tool Version      : Vivado v.2025.2 (lin64) Build 6299465 Fri Nov 14 12:34:56 MST 2025
| Date              : Tue Aug 18 17:55:50 2026
| Host              : amazone.esat.kuleuven.be running 64-bit Rocky Linux 9.8 (Blue Onyx)
| Command           : report_timing_summary -delay_type max -max_paths 20 -file .gen/ooc_stream_head_200mhz/timing_summary.rpt
| Design            : moe_scheduler_reg_wrapper
| Device            : xcvp1802-lsvc4072
| Speed File        : -2MP  PRODUCTION 2.08 2024-04-16
| Design State      : Synthesized
| Temperature Grade : E
--------------------------------------------------------------------------------------------------------------------------------------------------

Timing Summary Report

------------------------------------------------------------------------------------------------
| Timer Settings
| --------------
------------------------------------------------------------------------------------------------

  Enable Multi Corner Analysis               :  Yes
  Enable Pessimism Removal                   :  Yes
  Pessimism Removal Resolution               :  Nearest Common Node
  Enable Input Delay Default Clock           :  No
  Enable Preset / Clear Arcs                 :  No
  Disable Flight Delays                      :  No
  Ignore I/O Paths                           :  No
  Timing Early Launch at Borrowing Latches   :  No
  Borrow Time for Max Delay Exceptions       :  Yes
  Merge Timing Exceptions                    :  Yes
  Inter-SLR Compensation                     :  Conservative

  Corner  Analyze    Analyze    
  Name    Max Paths  Min Paths  
  ------  ---------  ---------  
  Slow    Yes        Yes        
  Fast    Yes        Yes        


------------------------------------------------------------------------------------------------
| Report Methodology
| ------------------
------------------------------------------------------------------------------------------------

No report available as report_methodology has not been run prior. Run report_methodology on the current design for the summary of methodology violations.



check_timing report

Table of Contents
-----------------
1. checking no_clock (0)
2. checking constant_clock (0)
3. checking pulse_width_clock (0)
4. checking unconstrained_internal_endpoints (0)
5. checking no_input_delay (71)
6. checking no_output_delay (64)
7. checking multiple_clock (0)
8. checking generated_clocks (0)
9. checking loops (0)
10. checking partial_input_delay (0)
11. checking partial_output_delay (0)
12. checking latch_loops (0)

1. checking no_clock (0)
------------------------
 There are 0 register/latch pins with no clock.


2. checking constant_clock (0)
------------------------------
 There are 0 register/latch pins with constant_clock.


3. checking pulse_width_clock (0)
---------------------------------
 There are 0 register/latch pins which need pulse_width check


4. checking unconstrained_internal_endpoints (0)
------------------------------------------------
 There are 0 pins that are not constrained for maximum delay.

 There are 0 pins that are not constrained for maximum delay due to constant clock.


5. checking no_input_delay (71)
-------------------------------
 There are 71 input ports with no input delay specified. (HIGH)

 There are 0 input ports with no input delay but user has a false path constraint.


6. checking no_output_delay (64)
--------------------------------
 There are 64 ports with no output delay specified. (HIGH)

 There are 0 ports with no output delay but user has a false path constraint

 There are 0 ports with no output delay but with a timing clock defined on it or propagating through it


7. checking multiple_clock (0)
------------------------------
 There are 0 register/latch pins with multiple clocks.


8. checking generated_clocks (0)
--------------------------------
 There are 0 generated clocks that are not connected to a clock source.


9. checking loops (0)
---------------------
 There are 0 combinational loops in the design.


10. checking partial_input_delay (0)
------------------------------------
 There are 0 input ports with partial input delay specified.


11. checking partial_output_delay (0)
-------------------------------------
 There are 0 ports with partial output delay specified.


12. checking latch_loops (0)
----------------------------
 There are 0 combinational latch loops in the design through latch input



------------------------------------------------------------------------------------------------
| Design Timing Summary
| ---------------------
------------------------------------------------------------------------------------------------

    WNS(ns)      TNS(ns)  TNS Failing Endpoints  TNS Total Endpoints     WPWS(ns)     TPWS(ns)  TPWS Failing Endpoints  TPWS Total Endpoints  
    -------      -------  ---------------------  -------------------     --------     --------  ----------------------  --------------------  
     -1.665     -437.244                    590                 3590        2.225        0.000                       0                  1937  


Timing constraints are not met.


------------------------------------------------------------------------------------------------
| Clock Summary
| -------------
------------------------------------------------------------------------------------------------

Clock          Waveform(ns)         Period(ns)      Frequency(MHz)
-----          ------------         ----------      --------------
scheduler_clk  {0.000 2.500}        5.000           200.000         


------------------------------------------------------------------------------------------------
| Intra Clock Table
| -----------------
------------------------------------------------------------------------------------------------

Clock              WNS(ns)      TNS(ns)  TNS Failing Endpoints  TNS Total Endpoints     WPWS(ns)     TPWS(ns)  TPWS Failing Endpoints  TPWS Total Endpoints  
-----              -------      -------  ---------------------  -------------------     --------     --------  ----------------------  --------------------  
scheduler_clk       -1.665     -437.244                    590                 3590        2.225        0.000                       0                  1937  


------------------------------------------------------------------------------------------------
| Inter Clock Table
| -----------------
------------------------------------------------------------------------------------------------

From Clock    To Clock          WNS(ns)      TNS(ns)  TNS Failing Endpoints  TNS Total Endpoints  
----------    --------          -------      -------  ---------------------  -------------------  


------------------------------------------------------------------------------------------------
| Other Path Groups Table
| -----------------------
------------------------------------------------------------------------------------------------

Path Group    From Clock    To Clock          WNS(ns)      TNS(ns)  TNS Failing Endpoints  TNS Total Endpoints  
----------    ----------    --------          -------      -------  ---------------------  -------------------  


------------------------------------------------------------------------------------------------
| Timing Details
| --------------
------------------------------------------------------------------------------------------------


---------------------------------------------------------------------------------------------------
From Clock:  scheduler_clk
  To Clock:  scheduler_clk

Setup :          590  Failing Endpoints,  Worst Slack       -1.665ns,  Total Violation     -437.244ns
Hold  :           NA  Failing Endpoints,  Worst Slack           NA  ,  Total Violation           NA
PW    :            0  Failing Endpoints,  Worst Slack        2.225ns,  Total Violation        0.000ns
---------------------------------------------------------------------------------------------------


Max Delay Paths
--------------------------------------------------------------------------------------
Slack (VIOLATED) :        -1.665ns  (required time - arrival time)
  Source:                 i_scheduler_core/i_round_engine/FSM_onehot_st_q_reg[13]/C
                            (rising edge-triggered cell FDCE clocked by scheduler_clk  {rise@0.000ns fall@2.500ns period=5.000ns})
  Destination:            i_scheduler_core/i_round_engine/i_start_iter/previous_q_reg[0]/CE
                            (rising edge-triggered cell FDCE clocked by scheduler_clk  {rise@0.000ns fall@2.500ns period=5.000ns})
  Path Group:             scheduler_clk
  Path Type:              Setup (Max at Slow Process Corner)
  Requirement:            5.000ns  (scheduler_clk rise@5.000ns - scheduler_clk rise@0.000ns)
  Data Path Delay:        6.238ns  (logic 1.938ns (31.068%)  route 4.300ns (68.932%))
  Logic Levels:           22  (LOOKAHEAD8=4 LUT5=2 LUT6=11 LUTCY1=4 LUTCY2=1)
  Clock Path Skew:        -0.040ns (DCD - SCD + CPR)
    Destination Clock Delay (DCD):    0.080ns = ( 5.080 - 5.000 ) 
    Source Clock Delay      (SCD):    0.120ns
    Clock Pessimism Removal (CPR):    0.000ns
  Clock Uncertainty:      0.300ns  (CJ)/2 + PE + PJ
    Clock Jitter             (CJ):    0.600ns
    Phase Error              (PE):    0.000ns
    Phase Jitter             (PJ):    0.000ns

    Location             Delay type                Incr(ns)  Path(ns)    Netlist Resource(s)
  -------------------------------------------------------------------    -------------------
                         (clock scheduler_clk rise edge)
                                                      0.000     0.000 r  
                                                      0.000     0.000 r  clk_i (IN)
                         net (fo=1936, unset)         0.120     0.120    i_scheduler_core/i_round_engine/clk_i
                         FDCE                                         r  i_scheduler_core/i_round_engine/FSM_onehot_st_q_reg[13]/C
  -------------------------------------------------------------------    -------------------
                         FDCE (Prop_FDCE_C_Q)         0.090     0.210 r  i_scheduler_core/i_round_engine/FSM_onehot_st_q_reg[13]/Q
                         net (fo=113, unplaced)       0.341     0.551    i_scheduler_core/i_round_engine/i_start_iter/c2_endpoint_q[task_end][9]_bret__4_bret__1_i_3[12]
                         LUT6 (Prop_LUT6_I1_O)        0.088     0.639 r  i_scheduler_core/i_round_engine/i_start_iter/g0_b0_i_11/O
                         net (fo=7, unplaced)         0.235     0.874    i_scheduler_core/i_round_engine/i_start_iter/FSM_onehot_st_q_reg[3]_2
                         LUT6 (Prop_LUT6_I2_O)        0.088     0.962 r  i_scheduler_core/i_round_engine/i_start_iter/g0_b0_i_6/O
                         net (fo=10, unplaced)        0.178     1.140    i_scheduler_core/i_round_engine/i_start_iter/FSM_onehot_st_q_reg[13]
                         LUT6 (Prop_LUT6_I5_O)        0.051     1.191 r  i_scheduler_core/i_round_engine/i_start_iter/c2_endpoint_q[task_end][1]_bret__6_bret__30_bret__1_i_6/O
                         net (fo=69, unplaced)        0.222     1.413    i_scheduler_core/i_round_engine/i_bound_score/commit_task_q_reg[1][tok_start][4]_0
                         LUT5 (Prop_LUT5_I3_O)        0.082     1.495 r  i_scheduler_core/i_round_engine/i_bound_score/commit_task_q[1][tok_start][7]_i_5/O
                         net (fo=39, unplaced)        0.274     1.769    i_scheduler_core/i_round_engine/i_transition_eval/commit_task_q_reg[1][tok_start][4][1]
                         LUT6 (Prop_LUT6_I2_O)        0.088     1.857 f  i_scheduler_core/i_round_engine/i_transition_eval/commit_task_q[1][tok_start][1]_i_3/O
                         net (fo=3, unplaced)         0.134     1.991    i_scheduler_core/i_round_engine/i_bound_score/c2_endpoint_q_reg[task_end][1]_bret__6_bret__32
                         LUT6 (Prop_LUT6_I0_O)        0.074     2.065 f  i_scheduler_core/i_round_engine/i_bound_score/c2_endpoint_q[task_end][1]_bret__6_bret__32_i_4/O
                         net (fo=54, unplaced)        0.281     2.346    i_scheduler_core/i_round_engine/i_start_iter/p_1_in[1]
                         LUT6 (Prop_LUT6_I2_O)        0.088     2.434 r  i_scheduler_core/i_round_engine/i_start_iter/minimum_q[8]_bret__4_i_13/O
                         net (fo=13, unplaced)        0.249     2.683    i_scheduler_core/i_round_engine/minimum_q_reg[9]_bret__4_i_28/I2
                         LUTCY1 (Prop_LUTCY1_I2_PROP)
                                                      0.082     2.765 r  i_scheduler_core/i_round_engine/minimum_q_reg[9]_bret__4_i_28/LUTCY1_INST/PROP
                         net (fo=1, unplaced)         0.001     2.766    i_scheduler_core/i_round_engine/minimum_q_reg[9]_bret__4_i_28_n_3
                         LOOKAHEAD8 (Prop_LOOKAHEAD8_PROPH_COUTH)
                                                      0.129     2.895 r  i_scheduler_core/i_round_engine/minimum_q_reg[9]_bret__4_i_17/COUTH
                         net (fo=3, unplaced)         0.002     2.897    i_scheduler_core/i_round_engine/minimum_q_reg[9]_bret__4_i_17_n_3
                         LOOKAHEAD8 (Prop_LOOKAHEAD8_CIN_COUTB)
                                                      0.051     2.948 r  i_scheduler_core/i_round_engine/minimum_q_reg[9]_bret__4_i_13/COUTB
                         net (fo=15, unplaced)        0.341     3.289    i_scheduler_core/i_round_engine/i_target_s4pf/offset_value3
                         LUT6 (Prop_LUT6_I1_O)        0.088     3.377 f  i_scheduler_core/i_round_engine/i_target_s4pf/minimum_q[4]_bret__4_i_8/O
                         net (fo=9, unplaced)         0.176     3.553    i_scheduler_core/i_round_engine/i_target_s4pf/FSM_sequential_st_q_reg[3]_2
                         LUT5 (Prop_LUT5_I3_O)        0.051     3.604 r  i_scheduler_core/i_round_engine/i_target_s4pf/minimum_q[0]_bret__4_i_9/O
                         net (fo=4, unplaced)         0.157     3.761    i_scheduler_core/i_round_engine/i_target_s4pf/minimum_q[2]_bret__4_i_12_0
                         LUT6 (Prop_LUT6_I5_O)        0.051     3.812 f  i_scheduler_core/i_round_engine/i_target_s4pf/minimum_q[1]_bret__4_i_11/O
                         net (fo=1, unplaced)         0.210     4.022    i_scheduler_core/i_round_engine/i_target_s4pf/minimum_q[1]_bret__4_i_11_n_0
                         LUT6 (Prop_LUT6_I2_O)        0.088     4.110 r  i_scheduler_core/i_round_engine/i_target_s4pf/minimum_q[1]_bret__4_i_5/O
                         net (fo=2, unplaced)         0.236     4.346    i_scheduler_core/i_round_engine/i_start_iter/minimum_q_reg[1]_bret__4_i_3/I1
                         LUTCY1 (Prop_LUTCY1_I1_PROP)
                                                      0.117     4.463 r  i_scheduler_core/i_round_engine/i_start_iter/minimum_q_reg[1]_bret__4_i_3/LUTCY1_INST/PROP
                         net (fo=1, unplaced)         0.002     4.465    i_scheduler_core/i_round_engine/i_start_iter/minimum_q_reg[1]_bret__4_i_3_n_3
                         LOOKAHEAD8 (Prop_LOOKAHEAD8_PROPB_COUTH)
                                                      0.177     4.642 r  i_scheduler_core/i_round_engine/i_start_iter/minimum_q_reg[8]_bret__4_i_6/COUTH
                         net (fo=3, unplaced)         0.198     4.840    i_scheduler_core/i_round_engine/i_start_iter/minimum_q_reg[8]_bret__4_i_3/I4
                         LUTCY2 (Prop_LUTCY2_I4_O)    0.051     4.891 r  i_scheduler_core/i_round_engine/i_start_iter/minimum_q_reg[8]_bret__4_i_3/LUTCY2_INST/O
                         net (fo=3, unplaced)         0.016     4.907    i_scheduler_core/i_round_engine/i_start_iter/minimum_q_reg[9]_bret__4_i_3/I4
                         LUTCY1 (Prop_LUTCY1_I4_O)    0.055     4.962 r  i_scheduler_core/i_round_engine/i_start_iter/minimum_q_reg[9]_bret__4_i_3/LUTCY1_INST/O
                         net (fo=9, unplaced)         0.340     5.302    i_scheduler_core/i_round_engine/i_start_iter/minimum_valid_q_reg_bret__4_i_28/I1
                         LUTCY1 (Prop_LUTCY1_I1_PROP)
                                                      0.117     5.419 r  i_scheduler_core/i_round_engine/i_start_iter/minimum_valid_q_reg_bret__4_i_28/LUTCY1_INST/PROP
                         net (fo=1, unplaced)         0.002     5.421    i_scheduler_core/i_round_engine/i_start_iter/minimum_valid_q_reg_bret__4_i_28_n_3
                         LOOKAHEAD8 (Prop_LOOKAHEAD8_PROPE_COUTH)
                                                      0.130     5.551 r  i_scheduler_core/i_round_engine/i_start_iter/minimum_valid_q_reg_bret__4_i_5/COUTH
                         net (fo=2, unplaced)         0.277     5.828    i_scheduler_core/i_round_engine/i_start_iter/source_valid1
                         LUT6 (Prop_LUT6_I4_O)        0.051     5.879 r  i_scheduler_core/i_round_engine/i_start_iter/minimum_valid_q_bret__4_i_1/O
                         net (fo=5, unplaced)         0.163     6.042    i_scheduler_core/i_round_engine/i_start_iter/minimum_valid_q_bret__4_i_1_n_0
                         LUT6 (Prop_LUT6_I5_O)        0.051     6.093 r  i_scheduler_core/i_round_engine/i_start_iter/previous_q[2]_i_1/O
                         net (fo=36, unplaced)        0.265     6.358    i_scheduler_core/i_round_engine/i_start_iter/previous_q[2]_i_1_n_0
                         FDCE                                         r  i_scheduler_core/i_round_engine/i_start_iter/previous_q_reg[0]/CE
  -------------------------------------------------------------------    -------------------

                         (clock scheduler_clk rise edge)
                                                      5.000     5.000 r  
                                                      0.000     5.000 r  clk_i (IN)
                         net (fo=1936, unset)         0.080     5.080    i_scheduler_core/i_round_engine/i_start_iter/clk_i
                         FDCE                                         r  i_scheduler_core/i_round_engine/i_start_iter/previous_q_reg[0]/C
                         clock pessimism              0.000     5.080    
                         clock uncertainty           -0.300     4.780    
                         FDCE (Setup_FDCE_C_CE)      -0.087     4.693    i_scheduler_core/i_round_engine/i_start_iter/previous_q_reg[0]
  -------------------------------------------------------------------
                         required time                          4.693    
                         arrival time                          -6.358    
  -------------------------------------------------------------------
                         slack                                 -1.665    

Slack (VIOLATED) :        -1.665ns  (required time - arrival time)
  Source:                 i_scheduler_core/i_round_engine/FSM_onehot_st_q_reg[13]/C
                            (rising edge-triggered cell FDCE clocked by scheduler_clk  {rise@0.000ns fall@2.500ns period=5.000ns})
  Destination:            i_scheduler_core/i_round_engine/i_start_iter/previous_q_reg[10]_bret__0/CE
                            (rising edge-triggered cell FDCE clocked by scheduler_clk  {rise@0.000ns fall@2.500ns period=5.000ns})
  Path Group:             scheduler_clk
  Path Type:              Setup (Max at Slow Process Corner)
  Requirement:            5.000ns  (scheduler_clk rise@5.000ns - scheduler_clk rise@0.000ns)
  Data Path Delay:        6.238ns  (logic 1.938ns (31.068%)  route 4.300ns (68.932%))
  Logic Levels:           22  (LOOKAHEAD8=4 LUT5=2 LUT6=11 LUTCY1=4 LUTCY2=1)
  Clock Path Skew:        -0.040ns (DCD - SCD + CPR)
    Destination Clock Delay (DCD):    0.080ns = ( 5.080 - 5.000 ) 
    Source Clock Delay      (SCD):    0.120ns
    Clock Pessimism Removal (CPR):    0.000ns
  Clock Uncertainty:      0.300ns  (CJ)/2 + PE + PJ
    Clock Jitter             (CJ):    0.600ns
    Phase Error              (PE):    0.000ns
    Phase Jitter             (PJ):    0.000ns

    Location             Delay type                Incr(ns)  Path(ns)    Netlist Resource(s)
  -------------------------------------------------------------------    -------------------
                         (clock scheduler_clk rise edge)
                                                      0.000     0.000 r  
                                                      0.000     0.000 r  clk_i (IN)
                         net (fo=1936, unset)         0.120     0.120    i_scheduler_core/i_round_engine/clk_i
                         FDCE                                         r  i_scheduler_core/i_round_engine/FSM_onehot_st_q_reg[13]/C
  -------------------------------------------------------------------    -------------------
                         FDCE (Prop_FDCE_C_Q)         0.090     0.210 r  i_scheduler_core/i_round_engine/FSM_onehot_st_q_reg[13]/Q
                         net (fo=113, unplaced)       0.341     0.551    i_scheduler_core/i_round_engine/i_start_iter/c2_endpoint_q[task_end][9]_bret__4_bret__1_i_3[12]
                         LUT6 (Prop_LUT6_I1_O)        0.088     0.639 r  i_scheduler_core/i_round_engine/i_start_iter/g0_b0_i_11/O
                         net (fo=7, unplaced)         0.235     0.874    i_scheduler_core/i_round_engine/i_start_iter/FSM_onehot_st_q_reg[3]_2
                         LUT6 (Prop_LUT6_I2_O)        0.088     0.962 r  i_scheduler_core/i_round_engine/i_start_iter/g0_b0_i_6/O
                         net (fo=10, unplaced)        0.178     1.140    i_scheduler_core/i_round_engine/i_start_iter/FSM_onehot_st_q_reg[13]
                         LUT6 (Prop_LUT6_I5_O)        0.051     1.191 r  i_scheduler_core/i_round_engine/i_start_iter/c2_endpoint_q[task_end][1]_bret__6_bret__30_bret__1_i_6/O
                         net (fo=69, unplaced)        0.222     1.413    i_scheduler_core/i_round_engine/i_bound_score/commit_task_q_reg[1][tok_start][4]_0
                         LUT5 (Prop_LUT5_I3_O)        0.082     1.495 r  i_scheduler_core/i_round_engine/i_bound_score/commit_task_q[1][tok_start][7]_i_5/O
                         net (fo=39, unplaced)        0.274     1.769    i_scheduler_core/i_round_engine/i_transition_eval/commit_task_q_reg[1][tok_start][4][1]
                         LUT6 (Prop_LUT6_I2_O)        0.088     1.857 f  i_scheduler_core/i_round_engine/i_transition_eval/commit_task_q[1][tok_start][1]_i_3/O
                         net (fo=3, unplaced)         0.134     1.991    i_scheduler_core/i_round_engine/i_bound_score/c2_endpoint_q_reg[task_end][1]_bret__6_bret__32
                         LUT6 (Prop_LUT6_I0_O)        0.074     2.065 f  i_scheduler_core/i_round_engine/i_bound_score/c2_endpoint_q[task_end][1]_bret__6_bret__32_i_4/O
                         net (fo=54, unplaced)        0.281     2.346    i_scheduler_core/i_round_engine/i_start_iter/p_1_in[1]
                         LUT6 (Prop_LUT6_I2_O)        0.088     2.434 r  i_scheduler_core/i_round_engine/i_start_iter/minimum_q[8]_bret__4_i_13/O
                         net (fo=13, unplaced)        0.249     2.683    i_scheduler_core/i_round_engine/minimum_q_reg[9]_bret__4_i_28/I2
                         LUTCY1 (Prop_LUTCY1_I2_PROP)
                                                      0.082     2.765 r  i_scheduler_core/i_round_engine/minimum_q_reg[9]_bret__4_i_28/LUTCY1_INST/PROP
                         net (fo=1, unplaced)         0.001     2.766    i_scheduler_core/i_round_engine/minimum_q_reg[9]_bret__4_i_28_n_3
                         LOOKAHEAD8 (Prop_LOOKAHEAD8_PROPH_COUTH)
                                                      0.129     2.895 r  i_scheduler_core/i_round_engine/minimum_q_reg[9]_bret__4_i_17/COUTH
                         net (fo=3, unplaced)         0.002     2.897    i_scheduler_core/i_round_engine/minimum_q_reg[9]_bret__4_i_17_n_3
                         LOOKAHEAD8 (Prop_LOOKAHEAD8_CIN_COUTB)
                                                      0.051     2.948 r  i_scheduler_core/i_round_engine/minimum_q_reg[9]_bret__4_i_13/COUTB
                         net (fo=15, unplaced)        0.341     3.289    i_scheduler_core/i_round_engine/i_target_s4pf/offset_value3
                         LUT6 (Prop_LUT6_I1_O)        0.088     3.377 f  i_scheduler_core/i_round_engine/i_target_s4pf/minimum_q[4]_bret__4_i_8/O
                         net (fo=9, unplaced)         0.176     3.553    i_scheduler_core/i_round_engine/i_target_s4pf/FSM_sequential_st_q_reg[3]_2
                         LUT5 (Prop_LUT5_I3_O)        0.051     3.604 r  i_scheduler_core/i_round_engine/i_target_s4pf/minimum_q[0]_bret__4_i_9/O
                         net (fo=4, unplaced)         0.157     3.761    i_scheduler_core/i_round_engine/i_target_s4pf/minimum_q[2]_bret__4_i_12_0
                         LUT6 (Prop_LUT6_I5_O)        0.051     3.812 f  i_scheduler_core/i_round_engine/i_target_s4pf/minimum_q[1]_bret__4_i_11/O
                         net (fo=1, unplaced)         0.210     4.022    i_scheduler_core/i_round_engine/i_target_s4pf/minimum_q[1]_bret__4_i_11_n_0
                         LUT6 (Prop_LUT6_I2_O)        0.088     4.110 r  i_scheduler_core/i_round_engine/i_target_s4pf/minimum_q[1]_bret__4_i_5/O
                         net (fo=2, unplaced)         0.236     4.346    i_scheduler_core/i_round_engine/i_start_iter/minimum_q_reg[1]_bret__4_i_3/I1
                         LUTCY1 (Prop_LUTCY1_I1_PROP)
                                                      0.117     4.463 r  i_scheduler_core/i_round_engine/i_start_iter/minimum_q_reg[1]_bret__4_i_3/LUTCY1_INST/PROP
                         net (fo=1, unplaced)         0.002     4.465    i_scheduler_core/i_round_engine/i_start_iter/minimum_q_reg[1]_bret__4_i_3_n_3
                         LOOKAHEAD8 (Prop_LOOKAHEAD8_PROPB_COUTH)
                                                      0.177     4.642 r  i_scheduler_core/i_round_engine/i_start_iter/minimum_q_reg[8]_bret__4_i_6/COUTH
                         net (fo=3, unplaced)         0.198     4.840    i_scheduler_core/i_round_engine/i_start_iter/minimum_q_reg[8]_bret__4_i_3/I4
                         LUTCY2 (Prop_LUTCY2_I4_O)    0.051     4.891 r  i_scheduler_core/i_round_engine/i_start_iter/minimum_q_reg[8]_bret__4_i_3/LUTCY2_INST/O
                         net (fo=3, unplaced)         0.016     4.907    i_scheduler_core/i_round_engine/i_start_iter/minimum_q_reg[9]_bret__4_i_3/I4
                         LUTCY1 (Prop_LUTCY1_I4_O)    0.055     4.962 r  i_scheduler_core/i_round_engine/i_start_iter/minimum_q_reg[9]_bret__4_i_3/LUTCY1_INST/O
                         net (fo=9, unplaced)         0.340     5.302    i_scheduler_core/i_round_engine/i_start_iter/minimum_valid_q_reg_bret__4_i_28/I1
                         LUTCY1 (Prop_LUTCY1_I1_PROP)
                                                      0.117     5.419 r  i_scheduler_core/i_round_engine/i_start_iter/minimum_valid_q_reg_bret__4_i_28/LUTCY1_INST/PROP
                         net (fo=1, unplaced)         0.002     5.421    i_scheduler_core/i_round_engine/i_start_iter/minimum_valid_q_reg_bret__4_i_28_n_3
                         LOOKAHEAD8 (Prop_LOOKAHEAD8_PROPE_COUTH)
                                                      0.130     5.551 r  i_scheduler_core/i_round_engine/i_start_iter/minimum_valid_q_reg_bret__4_i_5/COUTH
                         net (fo=2, unplaced)         0.277     5.828    i_scheduler_core/i_round_engine/i_start_iter/source_valid1
                         LUT6 (Prop_LUT6_I4_O)        0.051     5.879 r  i_scheduler_core/i_round_engine/i_start_iter/minimum_valid_q_bret__4_i_1/O
                         net (fo=5, unplaced)         0.163     6.042    i_scheduler_core/i_round_engine/i_start_iter/minimum_valid_q_bret__4_i_1_n_0
                         LUT6 (Prop_LUT6_I5_O)        0.051     6.093 r  i_scheduler_core/i_round_engine/i_start_iter/previous_q[2]_i_1/O
                         net (fo=36, unplaced)        0.265     6.358    i_scheduler_core/i_round_engine/i_start_iter/previous_q[2]_i_1_n_0
                         FDCE                                         r  i_scheduler_core/i_round_engine/i_start_iter/previous_q_reg[10]_bret__0/CE
  -------------------------------------------------------------------    -------------------

                         (clock scheduler_clk rise edge)
                                                      5.000     5.000 r  
                                                      0.000     5.000 r  clk_i (IN)
                         net (fo=1936, unset)         0.080     5.080    i_scheduler_core/i_round_engine/i_start_iter/clk_i
                         FDCE                                         r  i_scheduler_core/i_round_engine/i_start_iter/previous_q_reg[10]_bret__0/C
                         clock pessimism              0.000     5.080    
                         clock uncertainty           -0.300     4.780    
                         FDCE (Setup_FDCE_C_CE)      -0.087     4.693    i_scheduler_core/i_round_engine/i_start_iter/previous_q_reg[10]_bret__0
  -------------------------------------------------------------------
                         required time                          4.693    
                         arrival time                          -6.358    
  -------------------------------------------------------------------
                         slack                                 -1.665    

Slack (VIOLATED) :        -1.665ns  (required time - arrival time)
  Source:                 i_scheduler_core/i_round_engine/FSM_onehot_st_q_reg[13]/C
                            (rising edge-triggered cell FDCE clocked by scheduler_clk  {rise@0.000ns fall@2.500ns period=5.000ns})
  Destination:            i_scheduler_core/i_round_engine/i_start_iter/previous_q_reg[10]_bret__3/CE
                            (rising edge-triggered cell FDCE clocked by scheduler_clk  {rise@0.000ns fall@2.500ns period=5.000ns})
  Path Group:             scheduler_clk
  Path Type:              Setup (Max at Slow Process Corner)
  Requirement:            5.000ns  (scheduler_clk rise@5.000ns - scheduler_clk rise@0.000ns)
  Data Path Delay:        6.238ns  (logic 1.938ns (31.068%)  route 4.300ns (68.932%))
  Logic Levels:           22  (LOOKAHEAD8=4 LUT5=2 LUT6=11 LUTCY1=4 LUTCY2=1)
  Clock Path Skew:        -0.040ns (DCD - SCD + CPR)
    Destination Clock Delay (DCD):    0.080ns = ( 5.080 - 5.000 ) 
    Source Clock Delay      (SCD):    0.120ns
    Clock Pessimism Removal (CPR):    0.000ns
  Clock Uncertainty:      0.300ns  (CJ)/2 + PE + PJ
    Clock Jitter             (CJ):    0.600ns
    Phase Error              (PE):    0.000ns
    Phase Jitter             (PJ):    0.000ns

    Location             Delay type                Incr(ns)  Path(ns)    Netlist Resource(s)
  -------------------------------------------------------------------    -------------------
                         (clock scheduler_clk rise edge)
                                                      0.000     0.000 r  
                                                      0.000     0.000 r  clk_i (IN)
                         net (fo=1936, unset)         0.120     0.120    i_scheduler_core/i_round_engine/clk_i
                         FDCE                                         r  i_scheduler_core/i_round_engine/FSM_onehot_st_q_reg[13]/C
  -------------------------------------------------------------------    -------------------
                         FDCE (Prop_FDCE_C_Q)         0.090     0.210 r  i_scheduler_core/i_round_engine/FSM_onehot_st_q_reg[13]/Q
                         net (fo=113, unplaced)       0.341     0.551    i_scheduler_core/i_round_engine/i_start_iter/c2_endpoint_q[task_end][9]_bret__4_bret__1_i_3[12]
                         LUT6 (Prop_LUT6_I1_O)        0.088     0.639 r  i_scheduler_core/i_round_engine/i_start_iter/g0_b0_i_11/O
                         net (fo=7, unplaced)         0.235     0.874    i_scheduler_core/i_round_engine/i_start_iter/FSM_onehot_st_q_reg[3]_2
                         LUT6 (Prop_LUT6_I2_O)        0.088     0.962 r  i_scheduler_core/i_round_engine/i_start_iter/g0_b0_i_6/O
                         net (fo=10, unplaced)        0.178     1.140    i_scheduler_core/i_round_engine/i_start_iter/FSM_onehot_st_q_reg[13]
                         LUT6 (Prop_LUT6_I5_O)        0.051     1.191 r  i_scheduler_core/i_round_engine/i_start_iter/c2_endpoint_q[task_end][1]_bret__6_bret__30_bret__1_i_6/O
                         net (fo=69, unplaced)        0.222     1.413    i_scheduler_core/i_round_engine/i_bound_score/commit_task_q_reg[1][tok_start][4]_0
                         LUT5 (Prop_LUT5_I3_O)        0.082     1.495 r  i_scheduler_core/i_round_engine/i_bound_score/commit_task_q[1][tok_start][7]_i_5/O
                         net (fo=39, unplaced)        0.274     1.769    i_scheduler_core/i_round_engine/i_transition_eval/commit_task_q_reg[1][tok_start][4][1]
                         LUT6 (Prop_LUT6_I2_O)        0.088     1.857 f  i_scheduler_core/i_round_engine/i_transition_eval/commit_task_q[1][tok_start][1]_i_3/O
                         net (fo=3, unplaced)         0.134     1.991    i_scheduler_core/i_round_engine/i_bound_score/c2_endpoint_q_reg[task_end][1]_bret__6_bret__32
                         LUT6 (Prop_LUT6_I0_O)        0.074     2.065 f  i_scheduler_core/i_round_engine/i_bound_score/c2_endpoint_q[task_end][1]_bret__6_bret__32_i_4/O
                         net (fo=54, unplaced)        0.281     2.346    i_scheduler_core/i_round_engine/i_start_iter/p_1_in[1]
                         LUT6 (Prop_LUT6_I2_O)        0.088     2.434 r  i_scheduler_core/i_round_engine/i_start_iter/minimum_q[8]_bret__4_i_13/O
                         net (fo=13, unplaced)        0.249     2.683    i_scheduler_core/i_round_engine/minimum_q_reg[9]_bret__4_i_28/I2
                         LUTCY1 (Prop_LUTCY1_I2_PROP)
                                                      0.082     2.765 r  i_scheduler_core/i_round_engine/minimum_q_reg[9]_bret__4_i_28/LUTCY1_INST/PROP
                         net (fo=1, unplaced)         0.001     2.766    i_scheduler_core/i_round_engine/minimum_q_reg[9]_bret__4_i_28_n_3
                         LOOKAHEAD8 (Prop_LOOKAHEAD8_PROPH_COUTH)
                                                      0.129     2.895 r  i_scheduler_core/i_round_engine/minimum_q_reg[9]_bret__4_i_17/COUTH
                         net (fo=3, unplaced)         0.002     2.897    i_scheduler_core/i_round_engine/minimum_q_reg[9]_bret__4_i_17_n_3
                         LOOKAHEAD8 (Prop_LOOKAHEAD8_CIN_COUTB)
                                                      0.051     2.948 r  i_scheduler_core/i_round_engine/minimum_q_reg[9]_bret__4_i_13/COUTB
                         net (fo=15, unplaced)        0.341     3.289    i_scheduler_core/i_round_engine/i_target_s4pf/offset_value3
                         LUT6 (Prop_LUT6_I1_O)        0.088     3.377 f  i_scheduler_core/i_round_engine/i_target_s4pf/minimum_q[4]_bret__4_i_8/O
                         net (fo=9, unplaced)         0.176     3.553    i_scheduler_core/i_round_engine/i_target_s4pf/FSM_sequential_st_q_reg[3]_2
                         LUT5 (Prop_LUT5_I3_O)        0.051     3.604 r  i_scheduler_core/i_round_engine/i_target_s4pf/minimum_q[0]_bret__4_i_9/O
                         net (fo=4, unplaced)         0.157     3.761    i_scheduler_core/i_round_engine/i_target_s4pf/minimum_q[2]_bret__4_i_12_0
                         LUT6 (Prop_LUT6_I5_O)        0.051     3.812 f  i_scheduler_core/i_round_engine/i_target_s4pf/minimum_q[1]_bret__4_i_11/O
                         net (fo=1, unplaced)         0.210     4.022    i_scheduler_core/i_round_engine/i_target_s4pf/minimum_q[1]_bret__4_i_11_n_0
                         LUT6 (Prop_LUT6_I2_O)        0.088     4.110 r  i_scheduler_core/i_round_engine/i_target_s4pf/minimum_q[1]_bret__4_i_5/O
                         net (fo=2, unplaced)         0.236     4.346    i_scheduler_core/i_round_engine/i_start_iter/minimum_q_reg[1]_bret__4_i_3/I1
                         LUTCY1 (Prop_LUTCY1_I1_PROP)
                                                      0.117     4.463 r  i_scheduler_core/i_round_engine/i_start_iter/minimum_q_reg[1]_bret__4_i_3/LUTCY1_INST/PROP
                         net (fo=1, unplaced)         0.002     4.465    i_scheduler_core/i_round_engine/i_start_iter/minimum_q_reg[1]_bret__4_i_3_n_3
                         LOOKAHEAD8 (Prop_LOOKAHEAD8_PROPB_COUTH)
                                                      0.177     4.642 r  i_scheduler_core/i_round_engine/i_start_iter/minimum_q_reg[8]_bret__4_i_6/COUTH
                         net (fo=3, unplaced)         0.198     4.840    i_scheduler_core/i_round_engine/i_start_iter/minimum_q_reg[8]_bret__4_i_3/I4
                         LUTCY2 (Prop_LUTCY2_I4_O)    0.051     4.891 r  i_scheduler_core/i_round_engine/i_start_iter/minimum_q_reg[8]_bret__4_i_3/LUTCY2_INST/O
                         net (fo=3, unplaced)         0.016     4.907    i_scheduler_core/i_round_engine/i_start_iter/minimum_q_reg[9]_bret__4_i_3/I4
                         LUTCY1 (Prop_LUTCY1_I4_O)    0.055     4.962 r  i_scheduler_core/i_round_engine/i_start_iter/minimum_q_reg[9]_bret__4_i_3/LUTCY1_INST/O
                         net (fo=9, unplaced)         0.340     5.302    i_scheduler_core/i_round_engine/i_start_iter/minimum_valid_q_reg_bret__4_i_28/I1
                         LUTCY1 (Prop_LUTCY1_I1_PROP)
                                                      0.117     5.419 r  i_scheduler_core/i_round_engine/i_start_iter/minimum_valid_q_reg_bret__4_i_28/LUTCY1_INST/PROP
                         net (fo=1, unplaced)         0.002     5.421    i_scheduler_core/i_round_engine/i_start_iter/minimum_valid_q_reg_bret__4_i_28_n_3
                         LOOKAHEAD8 (Prop_LOOKAHEAD8_PROPE_COUTH)
                                                      0.130     5.551 r  i_scheduler_core/i_round_engine/i_start_iter/minimum_valid_q_reg_bret__4_i_5/COUTH
                         net (fo=2, unplaced)         0.277     5.828    i_scheduler_core/i_round_engine/i_start_iter/source_valid1
                         LUT6 (Prop_LUT6_I4_O)        0.051     5.879 r  i_scheduler_core/i_round_engine/i_start_iter/minimum_valid_q_bret__4_i_1/O
                         net (fo=5, unplaced)         0.163     6.042    i_scheduler_core/i_round_engine/i_start_iter/minimum_valid_q_bret__4_i_1_n_0
                         LUT6 (Prop_LUT6_I5_O)        0.051     6.093 r  i_scheduler_core/i_round_engine/i_start_iter/previous_q[2]_i_1/O
                         net (fo=36, unplaced)        0.265     6.358    i_scheduler_core/i_round_engine/i_start_iter/previous_q[2]_i_1_n_0
                         FDCE                                         r  i_scheduler_core/i_round_engine/i_start_iter/previous_q_reg[10]_bret__3/CE
  -------------------------------------------------------------------    -------------------

                         (clock scheduler_clk rise edge)
                                                      5.000     5.000 r  
                                                      0.000     5.000 r  clk_i (IN)
                         net (fo=1936, unset)         0.080     5.080    i_scheduler_core/i_round_engine/i_start_iter/clk_i
                         FDCE                                         r  i_scheduler_core/i_round_engine/i_start_iter/previous_q_reg[10]_bret__3/C
                         clock pessimism              0.000     5.080    
                         clock uncertainty           -0.300     4.780    
                         FDCE (Setup_FDCE_C_CE)      -0.087     4.693    i_scheduler_core/i_round_engine/i_start_iter/previous_q_reg[10]_bret__3
  -------------------------------------------------------------------
                         required time                          4.693    
                         arrival time                          -6.358    
  -------------------------------------------------------------------
                         slack                                 -1.665    

Slack (VIOLATED) :        -1.665ns  (required time - arrival time)
  Source:                 i_scheduler_core/i_round_engine/FSM_onehot_st_q_reg[13]/C
                            (rising edge-triggered cell FDCE clocked by scheduler_clk  {rise@0.000ns fall@2.500ns period=5.000ns})
  Destination:            i_scheduler_core/i_round_engine/i_start_iter/previous_q_reg[11]_bret__0/CE
                            (rising edge-triggered cell FDCE clocked by scheduler_clk  {rise@0.000ns fall@2.500ns period=5.000ns})
  Path Group:             scheduler_clk
  Path Type:              Setup (Max at Slow Process Corner)
  Requirement:            5.000ns  (scheduler_clk rise@5.000ns - scheduler_clk rise@0.000ns)
  Data Path Delay:        6.238ns  (logic 1.938ns (31.068%)  route 4.300ns (68.932%))
  Logic Levels:           22  (LOOKAHEAD8=4 LUT5=2 LUT6=11 LUTCY1=4 LUTCY2=1)
  Clock Path Skew:        -0.040ns (DCD - SCD + CPR)
    Destination Clock Delay (DCD):    0.080ns = ( 5.080 - 5.000 ) 
    Source Clock Delay      (SCD):    0.120ns
    Clock Pessimism Removal (CPR):    0.000ns
  Clock Uncertainty:      0.300ns  (CJ)/2 + PE + PJ
    Clock Jitter             (CJ):    0.600ns
    Phase Error              (PE):    0.000ns
    Phase Jitter             (PJ):    0.000ns

    Location             Delay type                Incr(ns)  Path(ns)    Netlist Resource(s)
  -------------------------------------------------------------------    -------------------
                         (clock scheduler_clk rise edge)
                                                      0.000     0.000 r  
                                                      0.000     0.000 r  clk_i (IN)
                         net (fo=1936, unset)         0.120     0.120    i_scheduler_core/i_round_engine/clk_i
                         FDCE                                         r  i_scheduler_core/i_round_engine/FSM_onehot_st_q_reg[13]/C
  -------------------------------------------------------------------    -------------------
                         FDCE (Prop_FDCE_C_Q)         0.090     0.210 r  i_scheduler_core/i_round_engine/FSM_onehot_st_q_reg[13]/Q
                         net (fo=113, unplaced)       0.341     0.551    i_scheduler_core/i_round_engine/i_start_iter/c2_endpoint_q[task_end][9]_bret__4_bret__1_i_3[12]
                         LUT6 (Prop_LUT6_I1_O)        0.088     0.639 r  i_scheduler_core/i_round_engine/i_start_iter/g0_b0_i_11/O
                         net (fo=7, unplaced)         0.235     0.874    i_scheduler_core/i_round_engine/i_start_iter/FSM_onehot_st_q_reg[3]_2
                         LUT6 (Prop_LUT6_I2_O)        0.088     0.962 r  i_scheduler_core/i_round_engine/i_start_iter/g0_b0_i_6/O
                         net (fo=10, unplaced)        0.178     1.140    i_scheduler_core/i_round_engine/i_start_iter/FSM_onehot_st_q_reg[13]
                         LUT6 (Prop_LUT6_I5_O)        0.051     1.191 r  i_scheduler_core/i_round_engine/i_start_iter/c2_endpoint_q[task_end][1]_bret__6_bret__30_bret__1_i_6/O
                         net (fo=69, unplaced)        0.222     1.413    i_scheduler_core/i_round_engine/i_bound_score/commit_task_q_reg[1][tok_start][4]_0
                         LUT5 (Prop_LUT5_I3_O)        0.082     1.495 r  i_scheduler_core/i_round_engine/i_bound_score/commit_task_q[1][tok_start][7]_i_5/O
                         net (fo=39, unplaced)        0.274     1.769    i_scheduler_core/i_round_engine/i_transition_eval/commit_task_q_reg[1][tok_start][4][1]
                         LUT6 (Prop_LUT6_I2_O)        0.088     1.857 f  i_scheduler_core/i_round_engine/i_transition_eval/commit_task_q[1][tok_start][1]_i_3/O
                         net (fo=3, unplaced)         0.134     1.991    i_scheduler_core/i_round_engine/i_bound_score/c2_endpoint_q_reg[task_end][1]_bret__6_bret__32
                         LUT6 (Prop_LUT6_I0_O)        0.074     2.065 f  i_scheduler_core/i_round_engine/i_bound_score/c2_endpoint_q[task_end][1]_bret__6_bret__32_i_4/O
                         net (fo=54, unplaced)        0.281     2.346    i_scheduler_core/i_round_engine/i_start_iter/p_1_in[1]
                         LUT6 (Prop_LUT6_I2_O)        0.088     2.434 r  i_scheduler_core/i_round_engine/i_start_iter/minimum_q[8]_bret__4_i_13/O
                         net (fo=13, unplaced)        0.249     2.683    i_scheduler_core/i_round_engine/minimum_q_reg[9]_bret__4_i_28/I2
                         LUTCY1 (Prop_LUTCY1_I2_PROP)
                                                      0.082     2.765 r  i_scheduler_core/i_round_engine/minimum_q_reg[9]_bret__4_i_28/LUTCY1_INST/PROP
                         net (fo=1, unplaced)         0.001     2.766    i_scheduler_core/i_round_engine/minimum_q_reg[9]_bret__4_i_28_n_3
                         LOOKAHEAD8 (Prop_LOOKAHEAD8_PROPH_COUTH)
                                                      0.129     2.895 r  i_scheduler_core/i_round_engine/minimum_q_reg[9]_bret__4_i_17/COUTH
                         net (fo=3, unplaced)         0.002     2.897    i_scheduler_core/i_round_engine/minimum_q_reg[9]_bret__4_i_17_n_3
                         LOOKAHEAD8 (Prop_LOOKAHEAD8_CIN_COUTB)
                                                      0.051     2.948 r  i_scheduler_core/i_round_engine/minimum_q_reg[9]_bret__4_i_13/COUTB
                         net (fo=15, unplaced)        0.341     3.289    i_scheduler_core/i_round_engine/i_target_s4pf/offset_value3
                         LUT6 (Prop_LUT6_I1_O)        0.088     3.377 f  i_scheduler_core/i_round_engine/i_target_s4pf/minimum_q[4]_bret__4_i_8/O
                         net (fo=9, unplaced)         0.176     3.553    i_scheduler_core/i_round_engine/i_target_s4pf/FSM_sequential_st_q_reg[3]_2
                         LUT5 (Prop_LUT5_I3_O)        0.051     3.604 r  i_scheduler_core/i_round_engine/i_target_s4pf/minimum_q[0]_bret__4_i_9/O
                         net (fo=4, unplaced)         0.157     3.761    i_scheduler_core/i_round_engine/i_target_s4pf/minimum_q[2]_bret__4_i_12_0
                         LUT6 (Prop_LUT6_I5_O)        0.051     3.812 f  i_scheduler_core/i_round_engine/i_target_s4pf/minimum_q[1]_bret__4_i_11/O
                         net (fo=1, unplaced)         0.210     4.022    i_scheduler_core/i_round_engine/i_target_s4pf/minimum_q[1]_bret__4_i_11_n_0
                         LUT6 (Prop_LUT6_I2_O)        0.088     4.110 r  i_scheduler_core/i_round_engine/i_target_s4pf/minimum_q[1]_bret__4_i_5/O
                         net (fo=2, unplaced)         0.236     4.346    i_scheduler_core/i_round_engine/i_start_iter/minimum_q_reg[1]_bret__4_i_3/I1
                         LUTCY1 (Prop_LUTCY1_I1_PROP)
                                                      0.117     4.463 r  i_scheduler_core/i_round_engine/i_start_iter/minimum_q_reg[1]_bret__4_i_3/LUTCY1_INST/PROP
                         net (fo=1, unplaced)         0.002     4.465    i_scheduler_core/i_round_engine/i_start_iter/minimum_q_reg[1]_bret__4_i_3_n_3
                         LOOKAHEAD8 (Prop_LOOKAHEAD8_PROPB_COUTH)
                                                      0.177     4.642 r  i_scheduler_core/i_round_engine/i_start_iter/minimum_q_reg[8]_bret__4_i_6/COUTH
                         net (fo=3, unplaced)         0.198     4.840    i_scheduler_core/i_round_engine/i_start_iter/minimum_q_reg[8]_bret__4_i_3/I4
                         LUTCY2 (Prop_LUTCY2_I4_O)    0.051     4.891 r  i_scheduler_core/i_round_engine/i_start_iter/minimum_q_reg[8]_bret__4_i_3/LUTCY2_INST/O
                         net (fo=3, unplaced)         0.016     4.907    i_scheduler_core/i_round_engine/i_start_iter/minimum_q_reg[9]_bret__4_i_3/I4
                         LUTCY1 (Prop_LUTCY1_I4_O)    0.055     4.962 r  i_scheduler_core/i_round_engine/i_start_iter/minimum_q_reg[9]_bret__4_i_3/LUTCY1_INST/O
                         net (fo=9, unplaced)         0.340     5.302    i_scheduler_core/i_round_engine/i_start_iter/minimum_valid_q_reg_bret__4_i_28/I1
                         LUTCY1 (Prop_LUTCY1_I1_PROP)
                                                      0.117     5.419 r  i_scheduler_core/i_round_engine/i_start_iter/minimum_valid_q_reg_bret__4_i_28/LUTCY1_INST/PROP
                         net (fo=1, unplaced)         0.002     5.421    i_scheduler_core/i_round_engine/i_start_iter/minimum_valid_q_reg_bret__4_i_28_n_3
                         LOOKAHEAD8 (Prop_LOOKAHEAD8_PROPE_COUTH)
                                                      0.130     5.551 r  i_scheduler_core/i_round_engine/i_start_iter/minimum_valid_q_reg_bret__4_i_5/COUTH
                         net (fo=2, unplaced)         0.277     5.828    i_scheduler_core/i_round_engine/i_start_iter/source_valid1
                         LUT6 (Prop_LUT6_I4_O)        0.051     5.879 r  i_scheduler_core/i_round_engine/i_start_iter/minimum_valid_q_bret__4_i_1/O
                         net (fo=5, unplaced)         0.163     6.042    i_scheduler_core/i_round_engine/i_start_iter/minimum_valid_q_bret__4_i_1_n_0
                         LUT6 (Prop_LUT6_I5_O)        0.051     6.093 r  i_scheduler_core/i_round_engine/i_start_iter/previous_q[2]_i_1/O
                         net (fo=36, unplaced)        0.265     6.358    i_scheduler_core/i_round_engine/i_start_iter/previous_q[2]_i_1_n_0
                         FDCE                                         r  i_scheduler_core/i_round_engine/i_start_iter/previous_q_reg[11]_bret__0/CE
  -------------------------------------------------------------------    -------------------

                         (clock scheduler_clk rise edge)
                                                      5.000     5.000 r  
                                                      0.000     5.000 r  clk_i (IN)
                         net (fo=1936, unset)         0.080     5.080    i_scheduler_core/i_round_engine/i_start_iter/clk_i
                         FDCE                                         r  i_scheduler_core/i_round_engine/i_start_iter/previous_q_reg[11]_bret__0/C
                         clock pessimism              0.000     5.080    
                         clock uncertainty           -0.300     4.780    
                         FDCE (Setup_FDCE_C_CE)      -0.087     4.693    i_scheduler_core/i_round_engine/i_start_iter/previous_q_reg[11]_bret__0
  -------------------------------------------------------------------
                         required time                          4.693    
                         arrival time                          -6.358    
  -------------------------------------------------------------------
                         slack                                 -1.665    

Slack (VIOLATED) :        -1.665ns  (required time - arrival time)
  Source:                 i_scheduler_core/i_round_engine/FSM_onehot_st_q_reg[13]/C
                            (rising edge-triggered cell FDCE clocked by scheduler_clk  {rise@0.000ns fall@2.500ns period=5.000ns})
  Destination:            i_scheduler_core/i_round_engine/i_start_iter/previous_q_reg[11]_bret__3/CE
                            (rising edge-triggered cell FDCE clocked by scheduler_clk  {rise@0.000ns fall@2.500ns period=5.000ns})
  Path Group:             scheduler_clk
  Path Type:              Setup (Max at Slow Process Corner)
  Requirement:            5.000ns  (scheduler_clk rise@5.000ns - scheduler_clk rise@0.000ns)
  Data Path Delay:        6.238ns  (logic 1.938ns (31.068%)  route 4.300ns (68.932%))
  Logic Levels:           22  (LOOKAHEAD8=4 LUT5=2 LUT6=11 LUTCY1=4 LUTCY2=1)
  Clock Path Skew:        -0.040ns (DCD - SCD + CPR)
    Destination Clock Delay (DCD):    0.080ns = ( 5.080 - 5.000 ) 
    Source Clock Delay      (SCD):    0.120ns
    Clock Pessimism Removal (CPR):    0.000ns
  Clock Uncertainty:      0.300ns  (CJ)/2 + PE + PJ
    Clock Jitter             (CJ):    0.600ns
    Phase Error              (PE):    0.000ns
    Phase Jitter             (PJ):    0.000ns

    Location             Delay type                Incr(ns)  Path(ns)    Netlist Resource(s)
  -------------------------------------------------------------------    -------------------
                         (clock scheduler_clk rise edge)
                                                      0.000     0.000 r  
                                                      0.000     0.000 r  clk_i (IN)
                         net (fo=1936, unset)         0.120     0.120    i_scheduler_core/i_round_engine/clk_i
                         FDCE                                         r  i_scheduler_core/i_round_engine/FSM_onehot_st_q_reg[13]/C
  -------------------------------------------------------------------    -------------------
                         FDCE (Prop_FDCE_C_Q)         0.090     0.210 r  i_scheduler_core/i_round_engine/FSM_onehot_st_q_reg[13]/Q
                         net (fo=113, unplaced)       0.341     0.551    i_scheduler_core/i_round_engine/i_start_iter/c2_endpoint_q[task_end][9]_bret__4_bret__1_i_3[12]
                         LUT6 (Prop_LUT6_I1_O)        0.088     0.639 r  i_scheduler_core/i_round_engine/i_start_iter/g0_b0_i_11/O
                         net (fo=7, unplaced)         0.235     0.874    i_scheduler_core/i_round_engine/i_start_iter/FSM_onehot_st_q_reg[3]_2
                         LUT6 (Prop_LUT6_I2_O)        0.088     0.962 r  i_scheduler_core/i_round_engine/i_start_iter/g0_b0_i_6/O
                         net (fo=10, unplaced)        0.178     1.140    i_scheduler_core/i_round_engine/i_start_iter/FSM_onehot_st_q_reg[13]
                         LUT6 (Prop_LUT6_I5_O)        0.051     1.191 r  i_scheduler_core/i_round_engine/i_start_iter/c2_endpoint_q[task_end][1]_bret__6_bret__30_bret__1_i_6/O
                         net (fo=69, unplaced)        0.222     1.413    i_scheduler_core/i_round_engine/i_bound_score/commit_task_q_reg[1][tok_start][4]_0
                         LUT5 (Prop_LUT5_I3_O)        0.082     1.495 r  i_scheduler_core/i_round_engine/i_bound_score/commit_task_q[1][tok_start][7]_i_5/O
                         net (fo=39, unplaced)        0.274     1.769    i_scheduler_core/i_round_engine/i_transition_eval/commit_task_q_reg[1][tok_start][4][1]
                         LUT6 (Prop_LUT6_I2_O)        0.088     1.857 f  i_scheduler_core/i_round_engine/i_transition_eval/commit_task_q[1][tok_start][1]_i_3/O
                         net (fo=3, unplaced)         0.134     1.991    i_scheduler_core/i_round_engine/i_bound_score/c2_endpoint_q_reg[task_end][1]_bret__6_bret__32
                         LUT6 (Prop_LUT6_I0_O)        0.074     2.065 f  i_scheduler_core/i_round_engine/i_bound_score/c2_endpoint_q[task_end][1]_bret__6_bret__32_i_4/O
                         net (fo=54, unplaced)        0.281     2.346    i_scheduler_core/i_round_engine/i_start_iter/p_1_in[1]
                         LUT6 (Prop_LUT6_I2_O)        0.088     2.434 r  i_scheduler_core/i_round_engine/i_start_iter/minimum_q[8]_bret__4_i_13/O
                         net (fo=13, unplaced)        0.249     2.683    i_scheduler_core/i_round_engine/minimum_q_reg[9]_bret__4_i_28/I2
                         LUTCY1 (Prop_LUTCY1_I2_PROP)
                                                      0.082     2.765 r  i_scheduler_core/i_round_engine/minimum_q_reg[9]_bret__4_i_28/LUTCY1_INST/PROP
                         net (fo=1, unplaced)         0.001     2.766    i_scheduler_core/i_round_engine/minimum_q_reg[9]_bret__4_i_28_n_3
                         LOOKAHEAD8 (Prop_LOOKAHEAD8_PROPH_COUTH)
                                                      0.129     2.895 r  i_scheduler_core/i_round_engine/minimum_q_reg[9]_bret__4_i_17/COUTH
                         net (fo=3, unplaced)         0.002     2.897    i_scheduler_core/i_round_engine/minimum_q_reg[9]_bret__4_i_17_n_3
                         LOOKAHEAD8 (Prop_LOOKAHEAD8_CIN_COUTB)
                                                      0.051     2.948 r  i_scheduler_core/i_round_engine/minimum_q_reg[9]_bret__4_i_13/COUTB
                         net (fo=15, unplaced)        0.341     3.289    i_scheduler_core/i_round_engine/i_target_s4pf/offset_value3
                         LUT6 (Prop_LUT6_I1_O)        0.088     3.377 f  i_scheduler_core/i_round_engine/i_target_s4pf/minimum_q[4]_bret__4_i_8/O
                         net (fo=9, unplaced)         0.176     3.553    i_scheduler_core/i_round_engine/i_target_s4pf/FSM_sequential_st_q_reg[3]_2
                         LUT5 (Prop_LUT5_I3_O)        0.051     3.604 r  i_scheduler_core/i_round_engine/i_target_s4pf/minimum_q[0]_bret__4_i_9/O
                         net (fo=4, unplaced)         0.157     3.761    i_scheduler_core/i_round_engine/i_target_s4pf/minimum_q[2]_bret__4_i_12_0
                         LUT6 (Prop_LUT6_I5_O)        0.051     3.812 f  i_scheduler_core/i_round_engine/i_target_s4pf/minimum_q[1]_bret__4_i_11/O
                         net (fo=1, unplaced)         0.210     4.022    i_scheduler_core/i_round_engine/i_target_s4pf/minimum_q[1]_bret__4_i_11_n_0
                         LUT6 (Prop_LUT6_I2_O)        0.088     4.110 r  i_scheduler_core/i_round_engine/i_target_s4pf/minimum_q[1]_bret__4_i_5/O
                         net (fo=2, unplaced)         0.236     4.346    i_scheduler_core/i_round_engine/i_start_iter/minimum_q_reg[1]_bret__4_i_3/I1
                         LUTCY1 (Prop_LUTCY1_I1_PROP)
                                                      0.117     4.463 r  i_scheduler_core/i_round_engine/i_start_iter/minimum_q_reg[1]_bret__4_i_3/LUTCY1_INST/PROP
                         net (fo=1, unplaced)         0.002     4.465    i_scheduler_core/i_round_engine/i_start_iter/minimum_q_reg[1]_bret__4_i_3_n_3
                         LOOKAHEAD8 (Prop_LOOKAHEAD8_PROPB_COUTH)
                                                      0.177     4.642 r  i_scheduler_core/i_round_engine/i_start_iter/minimum_q_reg[8]_bret__4_i_6/COUTH
                         net (fo=3, unplaced)         0.198     4.840    i_scheduler_core/i_round_engine/i_start_iter/minimum_q_reg[8]_bret__4_i_3/I4
                         LUTCY2 (Prop_LUTCY2_I4_O)    0.051     4.891 r  i_scheduler_core/i_round_engine/i_start_iter/minimum_q_reg[8]_bret__4_i_3/LUTCY2_INST/O
                         net (fo=3, unplaced)         0.016     4.907    i_scheduler_core/i_round_engine/i_start_iter/minimum_q_reg[9]_bret__4_i_3/I4
                         LUTCY1 (Prop_LUTCY1_I4_O)    0.055     4.962 r  i_scheduler_core/i_round_engine/i_start_iter/minimum_q_reg[9]_bret__4_i_3/LUTCY1_INST/O
                         net (fo=9, unplaced)         0.340     5.302    i_scheduler_core/i_round_engine/i_start_iter/minimum_valid_q_reg_bret__4_i_28/I1
                         LUTCY1 (Prop_LUTCY1_I1_PROP)
                                                      0.117     5.419 r  i_scheduler_core/i_round_engine/i_start_iter/minimum_valid_q_reg_bret__4_i_28/LUTCY1_INST/PROP
                         net (fo=1, unplaced)         0.002     5.421    i_scheduler_core/i_round_engine/i_start_iter/minimum_valid_q_reg_bret__4_i_28_n_3
                         LOOKAHEAD8 (Prop_LOOKAHEAD8_PROPE_COUTH)
                                                      0.130     5.551 r  i_scheduler_core/i_round_engine/i_start_iter/minimum_valid_q_reg_bret__4_i_5/COUTH
                         net (fo=2, unplaced)         0.277     5.828    i_scheduler_core/i_round_engine/i_start_iter/source_valid1
                         LUT6 (Prop_LUT6_I4_O)        0.051     5.879 r  i_scheduler_core/i_round_engine/i_start_iter/minimum_valid_q_bret__4_i_1/O
                         net (fo=5, unplaced)         0.163     6.042    i_scheduler_core/i_round_engine/i_start_iter/minimum_valid_q_bret__4_i_1_n_0
                         LUT6 (Prop_LUT6_I5_O)        0.051     6.093 r  i_scheduler_core/i_round_engine/i_start_iter/previous_q[2]_i_1/O
                         net (fo=36, unplaced)        0.265     6.358    i_scheduler_core/i_round_engine/i_start_iter/previous_q[2]_i_1_n_0
                         FDCE                                         r  i_scheduler_core/i_round_engine/i_start_iter/previous_q_reg[11]_bret__3/CE
  -------------------------------------------------------------------    -------------------

                         (clock scheduler_clk rise edge)
                                                      5.000     5.000 r  
                                                      0.000     5.000 r  clk_i (IN)
                         net (fo=1936, unset)         0.080     5.080    i_scheduler_core/i_round_engine/i_start_iter/clk_i
                         FDCE                                         r  i_scheduler_core/i_round_engine/i_start_iter/previous_q_reg[11]_bret__3/C
                         clock pessimism              0.000     5.080    
                         clock uncertainty           -0.300     4.780    
                         FDCE (Setup_FDCE_C_CE)      -0.087     4.693    i_scheduler_core/i_round_engine/i_start_iter/previous_q_reg[11]_bret__3
  -------------------------------------------------------------------
                         required time                          4.693    
                         arrival time                          -6.358    
  -------------------------------------------------------------------
                         slack                                 -1.665    

Slack (VIOLATED) :        -1.665ns  (required time - arrival time)
  Source:                 i_scheduler_core/i_round_engine/FSM_onehot_st_q_reg[13]/C
                            (rising edge-triggered cell FDCE clocked by scheduler_clk  {rise@0.000ns fall@2.500ns period=5.000ns})
  Destination:            i_scheduler_core/i_round_engine/i_start_iter/previous_q_reg[12]_bret__0/CE
                            (rising edge-triggered cell FDCE clocked by scheduler_clk  {rise@0.000ns fall@2.500ns period=5.000ns})
  Path Group:             scheduler_clk
  Path Type:              Setup (Max at Slow Process Corner)
  Requirement:            5.000ns  (scheduler_clk rise@5.000ns - scheduler_clk rise@0.000ns)
  Data Path Delay:        6.238ns  (logic 1.938ns (31.068%)  route 4.300ns (68.932%))
  Logic Levels:           22  (LOOKAHEAD8=4 LUT5=2 LUT6=11 LUTCY1=4 LUTCY2=1)
  Clock Path Skew:        -0.040ns (DCD - SCD + CPR)
    Destination Clock Delay (DCD):    0.080ns = ( 5.080 - 5.000 ) 
    Source Clock Delay      (SCD):    0.120ns
    Clock Pessimism Removal (CPR):    0.000ns
  Clock Uncertainty:      0.300ns  (CJ)/2 + PE + PJ
    Clock Jitter             (CJ):    0.600ns
    Phase Error              (PE):    0.000ns
    Phase Jitter             (PJ):    0.000ns

    Location             Delay type                Incr(ns)  Path(ns)    Netlist Resource(s)
  -------------------------------------------------------------------    -------------------
                         (clock scheduler_clk rise edge)
                                                      0.000     0.000 r  
                                                      0.000     0.000 r  clk_i (IN)
                         net (fo=1936, unset)         0.120     0.120    i_scheduler_core/i_round_engine/clk_i
                         FDCE                                         r  i_scheduler_core/i_round_engine/FSM_onehot_st_q_reg[13]/C
  -------------------------------------------------------------------    -------------------
                         FDCE (Prop_FDCE_C_Q)         0.090     0.210 r  i_scheduler_core/i_round_engine/FSM_onehot_st_q_reg[13]/Q
                         net (fo=113, unplaced)       0.341     0.551    i_scheduler_core/i_round_engine/i_start_iter/c2_endpoint_q[task_end][9]_bret__4_bret__1_i_3[12]
                         LUT6 (Prop_LUT6_I1_O)        0.088     0.639 r  i_scheduler_core/i_round_engine/i_start_iter/g0_b0_i_11/O
                         net (fo=7, unplaced)         0.235     0.874    i_scheduler_core/i_round_engine/i_start_iter/FSM_onehot_st_q_reg[3]_2
                         LUT6 (Prop_LUT6_I2_O)        0.088     0.962 r  i_scheduler_core/i_round_engine/i_start_iter/g0_b0_i_6/O
                         net (fo=10, unplaced)        0.178     1.140    i_scheduler_core/i_round_engine/i_start_iter/FSM_onehot_st_q_reg[13]
                         LUT6 (Prop_LUT6_I5_O)        0.051     1.191 r  i_scheduler_core/i_round_engine/i_start_iter/c2_endpoint_q[task_end][1]_bret__6_bret__30_bret__1_i_6/O
                         net (fo=69, unplaced)        0.222     1.413    i_scheduler_core/i_round_engine/i_bound_score/commit_task_q_reg[1][tok_start][4]_0
                         LUT5 (Prop_LUT5_I3_O)        0.082     1.495 r  i_scheduler_core/i_round_engine/i_bound_score/commit_task_q[1][tok_start][7]_i_5/O
                         net (fo=39, unplaced)        0.274     1.769    i_scheduler_core/i_round_engine/i_transition_eval/commit_task_q_reg[1][tok_start][4][1]
                         LUT6 (Prop_LUT6_I2_O)        0.088     1.857 f  i_scheduler_core/i_round_engine/i_transition_eval/commit_task_q[1][tok_start][1]_i_3/O
                         net (fo=3, unplaced)         0.134     1.991    i_scheduler_core/i_round_engine/i_bound_score/c2_endpoint_q_reg[task_end][1]_bret__6_bret__32
                         LUT6 (Prop_LUT6_I0_O)        0.074     2.065 f  i_scheduler_core/i_round_engine/i_bound_score/c2_endpoint_q[task_end][1]_bret__6_bret__32_i_4/O
                         net (fo=54, unplaced)        0.281     2.346    i_scheduler_core/i_round_engine/i_start_iter/p_1_in[1]
                         LUT6 (Prop_LUT6_I2_O)        0.088     2.434 r  i_scheduler_core/i_round_engine/i_start_iter/minimum_q[8]_bret__4_i_13/O
                         net (fo=13, unplaced)        0.249     2.683    i_scheduler_core/i_round_engine/minimum_q_reg[9]_bret__4_i_28/I2
                         LUTCY1 (Prop_LUTCY1_I2_PROP)
                                                      0.082     2.765 r  i_scheduler_core/i_round_engine/minimum_q_reg[9]_bret__4_i_28/LUTCY1_INST/PROP
                         net (fo=1, unplaced)         0.001     2.766    i_scheduler_core/i_round_engine/minimum_q_reg[9]_bret__4_i_28_n_3
                         LOOKAHEAD8 (Prop_LOOKAHEAD8_PROPH_COUTH)
                                                      0.129     2.895 r  i_scheduler_core/i_round_engine/minimum_q_reg[9]_bret__4_i_17/COUTH
                         net (fo=3, unplaced)         0.002     2.897    i_scheduler_core/i_round_engine/minimum_q_reg[9]_bret__4_i_17_n_3
                         LOOKAHEAD8 (Prop_LOOKAHEAD8_CIN_COUTB)
                                                      0.051     2.948 r  i_scheduler_core/i_round_engine/minimum_q_reg[9]_bret__4_i_13/COUTB
                         net (fo=15, unplaced)        0.341     3.289    i_scheduler_core/i_round_engine/i_target_s4pf/offset_value3
                         LUT6 (Prop_LUT6_I1_O)        0.088     3.377 f  i_scheduler_core/i_round_engine/i_target_s4pf/minimum_q[4]_bret__4_i_8/O
                         net (fo=9, unplaced)         0.176     3.553    i_scheduler_core/i_round_engine/i_target_s4pf/FSM_sequential_st_q_reg[3]_2
                         LUT5 (Prop_LUT5_I3_O)        0.051     3.604 r  i_scheduler_core/i_round_engine/i_target_s4pf/minimum_q[0]_bret__4_i_9/O
                         net (fo=4, unplaced)         0.157     3.761    i_scheduler_core/i_round_engine/i_target_s4pf/minimum_q[2]_bret__4_i_12_0
                         LUT6 (Prop_LUT6_I5_O)        0.051     3.812 f  i_scheduler_core/i_round_engine/i_target_s4pf/minimum_q[1]_bret__4_i_11/O
                         net (fo=1, unplaced)         0.210     4.022    i_scheduler_core/i_round_engine/i_target_s4pf/minimum_q[1]_bret__4_i_11_n_0
                         LUT6 (Prop_LUT6_I2_O)        0.088     4.110 r  i_scheduler_core/i_round_engine/i_target_s4pf/minimum_q[1]_bret__4_i_5/O
                         net (fo=2, unplaced)         0.236     4.346    i_scheduler_core/i_round_engine/i_start_iter/minimum_q_reg[1]_bret__4_i_3/I1
                         LUTCY1 (Prop_LUTCY1_I1_PROP)
                                                      0.117     4.463 r  i_scheduler_core/i_round_engine/i_start_iter/minimum_q_reg[1]_bret__4_i_3/LUTCY1_INST/PROP
                         net (fo=1, unplaced)         0.002     4.465    i_scheduler_core/i_round_engine/i_start_iter/minimum_q_reg[1]_bret__4_i_3_n_3
                         LOOKAHEAD8 (Prop_LOOKAHEAD8_PROPB_COUTH)
                                                      0.177     4.642 r  i_scheduler_core/i_round_engine/i_start_iter/minimum_q_reg[8]_bret__4_i_6/COUTH
                         net (fo=3, unplaced)         0.198     4.840    i_scheduler_core/i_round_engine/i_start_iter/minimum_q_reg[8]_bret__4_i_3/I4
                         LUTCY2 (Prop_LUTCY2_I4_O)    0.051     4.891 r  i_scheduler_core/i_round_engine/i_start_iter/minimum_q_reg[8]_bret__4_i_3/LUTCY2_INST/O
                         net (fo=3, unplaced)         0.016     4.907    i_scheduler_core/i_round_engine/i_start_iter/minimum_q_reg[9]_bret__4_i_3/I4
                         LUTCY1 (Prop_LUTCY1_I4_O)    0.055     4.962 r  i_scheduler_core/i_round_engine/i_start_iter/minimum_q_reg[9]_bret__4_i_3/LUTCY1_INST/O
                         net (fo=9, unplaced)         0.340     5.302    i_scheduler_core/i_round_engine/i_start_iter/minimum_valid_q_reg_bret__4_i_28/I1
                         LUTCY1 (Prop_LUTCY1_I1_PROP)
                                                      0.117     5.419 r  i_scheduler_core/i_round_engine/i_start_iter/minimum_valid_q_reg_bret__4_i_28/LUTCY1_INST/PROP
                         net (fo=1, unplaced)         0.002     5.421    i_scheduler_core/i_round_engine/i_start_iter/minimum_valid_q_reg_bret__4_i_28_n_3
                         LOOKAHEAD8 (Prop_LOOKAHEAD8_PROPE_COUTH)
                                                      0.130     5.551 r  i_scheduler_core/i_round_engine/i_start_iter/minimum_valid_q_reg_bret__4_i_5/COUTH
                         net (fo=2, unplaced)         0.277     5.828    i_scheduler_core/i_round_engine/i_start_iter/source_valid1
                         LUT6 (Prop_LUT6_I4_O)        0.051     5.879 r  i_scheduler_core/i_round_engine/i_start_iter/minimum_valid_q_bret__4_i_1/O
                         net (fo=5, unplaced)         0.163     6.042    i_scheduler_core/i_round_engine/i_start_iter/minimum_valid_q_bret__4_i_1_n_0
                         LUT6 (Prop_LUT6_I5_O)        0.051     6.093 r  i_scheduler_core/i_round_engine/i_start_iter/previous_q[2]_i_1/O
                         net (fo=36, unplaced)        0.265     6.358    i_scheduler_core/i_round_engine/i_start_iter/previous_q[2]_i_1_n_0
                         FDCE                                         r  i_scheduler_core/i_round_engine/i_start_iter/previous_q_reg[12]_bret__0/CE
  -------------------------------------------------------------------    -------------------

                         (clock scheduler_clk rise edge)
                                                      5.000     5.000 r  
                                                      0.000     5.000 r  clk_i (IN)
                         net (fo=1936, unset)         0.080     5.080    i_scheduler_core/i_round_engine/i_start_iter/clk_i
                         FDCE                                         r  i_scheduler_core/i_round_engine/i_start_iter/previous_q_reg[12]_bret__0/C
                         clock pessimism              0.000     5.080    
                         clock uncertainty           -0.300     4.780    
                         FDCE (Setup_FDCE_C_CE)      -0.087     4.693    i_scheduler_core/i_round_engine/i_start_iter/previous_q_reg[12]_bret__0
  -------------------------------------------------------------------
                         required time                          4.693    
                         arrival time                          -6.358    
  -------------------------------------------------------------------
                         slack                                 -1.665    

Slack (VIOLATED) :        -1.665ns  (required time - arrival time)
  Source:                 i_scheduler_core/i_round_engine/FSM_onehot_st_q_reg[13]/C
                            (rising edge-triggered cell FDCE clocked by scheduler_clk  {rise@0.000ns fall@2.500ns period=5.000ns})
  Destination:            i_scheduler_core/i_round_engine/i_start_iter/previous_q_reg[12]_bret__3/CE
                            (rising edge-triggered cell FDCE clocked by scheduler_clk  {rise@0.000ns fall@2.500ns period=5.000ns})
  Path Group:             scheduler_clk
  Path Type:              Setup (Max at Slow Process Corner)
  Requirement:            5.000ns  (scheduler_clk rise@5.000ns - scheduler_clk rise@0.000ns)
  Data Path Delay:        6.238ns  (logic 1.938ns (31.068%)  route 4.300ns (68.932%))
  Logic Levels:           22  (LOOKAHEAD8=4 LUT5=2 LUT6=11 LUTCY1=4 LUTCY2=1)
  Clock Path Skew:        -0.040ns (DCD - SCD + CPR)
    Destination Clock Delay (DCD):    0.080ns = ( 5.080 - 5.000 ) 
    Source Clock Delay      (SCD):    0.120ns
    Clock Pessimism Removal (CPR):    0.000ns
  Clock Uncertainty:      0.300ns  (CJ)/2 + PE + PJ
    Clock Jitter             (CJ):    0.600ns
    Phase Error              (PE):    0.000ns
    Phase Jitter             (PJ):    0.000ns

    Location             Delay type                Incr(ns)  Path(ns)    Netlist Resource(s)
  -------------------------------------------------------------------    -------------------
                         (clock scheduler_clk rise edge)
                                                      0.000     0.000 r  
                                                      0.000     0.000 r  clk_i (IN)
                         net (fo=1936, unset)         0.120     0.120    i_scheduler_core/i_round_engine/clk_i
                         FDCE                                         r  i_scheduler_core/i_round_engine/FSM_onehot_st_q_reg[13]/C
  -------------------------------------------------------------------    -------------------
                         FDCE (Prop_FDCE_C_Q)         0.090     0.210 r  i_scheduler_core/i_round_engine/FSM_onehot_st_q_reg[13]/Q
                         net (fo=113, unplaced)       0.341     0.551    i_scheduler_core/i_round_engine/i_start_iter/c2_endpoint_q[task_end][9]_bret__4_bret__1_i_3[12]
                         LUT6 (Prop_LUT6_I1_O)        0.088     0.639 r  i_scheduler_core/i_round_engine/i_start_iter/g0_b0_i_11/O
                         net (fo=7, unplaced)         0.235     0.874    i_scheduler_core/i_round_engine/i_start_iter/FSM_onehot_st_q_reg[3]_2
                         LUT6 (Prop_LUT6_I2_O)        0.088     0.962 r  i_scheduler_core/i_round_engine/i_start_iter/g0_b0_i_6/O
                         net (fo=10, unplaced)        0.178     1.140    i_scheduler_core/i_round_engine/i_start_iter/FSM_onehot_st_q_reg[13]
                         LUT6 (Prop_LUT6_I5_O)        0.051     1.191 r  i_scheduler_core/i_round_engine/i_start_iter/c2_endpoint_q[task_end][1]_bret__6_bret__30_bret__1_i_6/O
                         net (fo=69, unplaced)        0.222     1.413    i_scheduler_core/i_round_engine/i_bound_score/commit_task_q_reg[1][tok_start][4]_0
                         LUT5 (Prop_LUT5_I3_O)        0.082     1.495 r  i_scheduler_core/i_round_engine/i_bound_score/commit_task_q[1][tok_start][7]_i_5/O
                         net (fo=39, unplaced)        0.274     1.769    i_scheduler_core/i_round_engine/i_transition_eval/commit_task_q_reg[1][tok_start][4][1]
                         LUT6 (Prop_LUT6_I2_O)        0.088     1.857 f  i_scheduler_core/i_round_engine/i_transition_eval/commit_task_q[1][tok_start][1]_i_3/O
                         net (fo=3, unplaced)         0.134     1.991    i_scheduler_core/i_round_engine/i_bound_score/c2_endpoint_q_reg[task_end][1]_bret__6_bret__32
                         LUT6 (Prop_LUT6_I0_O)        0.074     2.065 f  i_scheduler_core/i_round_engine/i_bound_score/c2_endpoint_q[task_end][1]_bret__6_bret__32_i_4/O
                         net (fo=54, unplaced)        0.281     2.346    i_scheduler_core/i_round_engine/i_start_iter/p_1_in[1]
                         LUT6 (Prop_LUT6_I2_O)        0.088     2.434 r  i_scheduler_core/i_round_engine/i_start_iter/minimum_q[8]_bret__4_i_13/O
                         net (fo=13, unplaced)        0.249     2.683    i_scheduler_core/i_round_engine/minimum_q_reg[9]_bret__4_i_28/I2
                         LUTCY1 (Prop_LUTCY1_I2_PROP)
                                                      0.082     2.765 r  i_scheduler_core/i_round_engine/minimum_q_reg[9]_bret__4_i_28/LUTCY1_INST/PROP
                         net (fo=1, unplaced)         0.001     2.766    i_scheduler_core/i_round_engine/minimum_q_reg[9]_bret__4_i_28_n_3
                         LOOKAHEAD8 (Prop_LOOKAHEAD8_PROPH_COUTH)
                                                      0.129     2.895 r  i_scheduler_core/i_round_engine/minimum_q_reg[9]_bret__4_i_17/COUTH
                         net (fo=3, unplaced)         0.002     2.897    i_scheduler_core/i_round_engine/minimum_q_reg[9]_bret__4_i_17_n_3
                         LOOKAHEAD8 (Prop_LOOKAHEAD8_CIN_COUTB)
                                                      0.051     2.948 r  i_scheduler_core/i_round_engine/minimum_q_reg[9]_bret__4_i_13/COUTB
                         net (fo=15, unplaced)        0.341     3.289    i_scheduler_core/i_round_engine/i_target_s4pf/offset_value3
                         LUT6 (Prop_LUT6_I1_O)        0.088     3.377 f  i_scheduler_core/i_round_engine/i_target_s4pf/minimum_q[4]_bret__4_i_8/O
                         net (fo=9, unplaced)         0.176     3.553    i_scheduler_core/i_round_engine/i_target_s4pf/FSM_sequential_st_q_reg[3]_2
                         LUT5 (Prop_LUT5_I3_O)        0.051     3.604 r  i_scheduler_core/i_round_engine/i_target_s4pf/minimum_q[0]_bret__4_i_9/O
                         net (fo=4, unplaced)         0.157     3.761    i_scheduler_core/i_round_engine/i_target_s4pf/minimum_q[2]_bret__4_i_12_0
                         LUT6 (Prop_LUT6_I5_O)        0.051     3.812 f  i_scheduler_core/i_round_engine/i_target_s4pf/minimum_q[1]_bret__4_i_11/O
                         net (fo=1, unplaced)         0.210     4.022    i_scheduler_core/i_round_engine/i_target_s4pf/minimum_q[1]_bret__4_i_11_n_0
                         LUT6 (Prop_LUT6_I2_O)        0.088     4.110 r  i_scheduler_core/i_round_engine/i_target_s4pf/minimum_q[1]_bret__4_i_5/O
                         net (fo=2, unplaced)         0.236     4.346    i_scheduler_core/i_round_engine/i_start_iter/minimum_q_reg[1]_bret__4_i_3/I1
                         LUTCY1 (Prop_LUTCY1_I1_PROP)
                                                      0.117     4.463 r  i_scheduler_core/i_round_engine/i_start_iter/minimum_q_reg[1]_bret__4_i_3/LUTCY1_INST/PROP
                         net (fo=1, unplaced)         0.002     4.465    i_scheduler_core/i_round_engine/i_start_iter/minimum_q_reg[1]_bret__4_i_3_n_3
                         LOOKAHEAD8 (Prop_LOOKAHEAD8_PROPB_COUTH)
                                                      0.177     4.642 r  i_scheduler_core/i_round_engine/i_start_iter/minimum_q_reg[8]_bret__4_i_6/COUTH
                         net (fo=3, unplaced)         0.198     4.840    i_scheduler_core/i_round_engine/i_start_iter/minimum_q_reg[8]_bret__4_i_3/I4
                         LUTCY2 (Prop_LUTCY2_I4_O)    0.051     4.891 r  i_scheduler_core/i_round_engine/i_start_iter/minimum_q_reg[8]_bret__4_i_3/LUTCY2_INST/O
                         net (fo=3, unplaced)         0.016     4.907    i_scheduler_core/i_round_engine/i_start_iter/minimum_q_reg[9]_bret__4_i_3/I4
                         LUTCY1 (Prop_LUTCY1_I4_O)    0.055     4.962 r  i_scheduler_core/i_round_engine/i_start_iter/minimum_q_reg[9]_bret__4_i_3/LUTCY1_INST/O
                         net (fo=9, unplaced)         0.340     5.302    i_scheduler_core/i_round_engine/i_start_iter/minimum_valid_q_reg_bret__4_i_28/I1
                         LUTCY1 (Prop_LUTCY1_I1_PROP)
                                                      0.117     5.419 r  i_scheduler_core/i_round_engine/i_start_iter/minimum_valid_q_reg_bret__4_i_28/LUTCY1_INST/PROP
                         net (fo=1, unplaced)         0.002     5.421    i_scheduler_core/i_round_engine/i_start_iter/minimum_valid_q_reg_bret__4_i_28_n_3
                         LOOKAHEAD8 (Prop_LOOKAHEAD8_PROPE_COUTH)
                                                      0.130     5.551 r  i_scheduler_core/i_round_engine/i_start_iter/minimum_valid_q_reg_bret__4_i_5/COUTH
                         net (fo=2, unplaced)         0.277     5.828    i_scheduler_core/i_round_engine/i_start_iter/source_valid1
                         LUT6 (Prop_LUT6_I4_O)        0.051     5.879 r  i_scheduler_core/i_round_engine/i_start_iter/minimum_valid_q_bret__4_i_1/O
                         net (fo=5, unplaced)         0.163     6.042    i_scheduler_core/i_round_engine/i_start_iter/minimum_valid_q_bret__4_i_1_n_0
                         LUT6 (Prop_LUT6_I5_O)        0.051     6.093 r  i_scheduler_core/i_round_engine/i_start_iter/previous_q[2]_i_1/O
                         net (fo=36, unplaced)        0.265     6.358    i_scheduler_core/i_round_engine/i_start_iter/previous_q[2]_i_1_n_0
                         FDCE                                         r  i_scheduler_core/i_round_engine/i_start_iter/previous_q_reg[12]_bret__3/CE
  -------------------------------------------------------------------    -------------------

                         (clock scheduler_clk rise edge)
                                                      5.000     5.000 r  
                                                      0.000     5.000 r  clk_i (IN)
                         net (fo=1936, unset)         0.080     5.080    i_scheduler_core/i_round_engine/i_start_iter/clk_i
                         FDCE                                         r  i_scheduler_core/i_round_engine/i_start_iter/previous_q_reg[12]_bret__3/C
                         clock pessimism              0.000     5.080    
                         clock uncertainty           -0.300     4.780    
                         FDCE (Setup_FDCE_C_CE)      -0.087     4.693    i_scheduler_core/i_round_engine/i_start_iter/previous_q_reg[12]_bret__3
  -------------------------------------------------------------------
                         required time                          4.693    
                         arrival time                          -6.358    
  -------------------------------------------------------------------
                         slack                                 -1.665    

Slack (VIOLATED) :        -1.665ns  (required time - arrival time)
  Source:                 i_scheduler_core/i_round_engine/FSM_onehot_st_q_reg[13]/C
                            (rising edge-triggered cell FDCE clocked by scheduler_clk  {rise@0.000ns fall@2.500ns period=5.000ns})
  Destination:            i_scheduler_core/i_round_engine/i_start_iter/previous_q_reg[12]_bret__4/CE
                            (rising edge-triggered cell FDCE clocked by scheduler_clk  {rise@0.000ns fall@2.500ns period=5.000ns})
  Path Group:             scheduler_clk
  Path Type:              Setup (Max at Slow Process Corner)
  Requirement:            5.000ns  (scheduler_clk rise@5.000ns - scheduler_clk rise@0.000ns)
  Data Path Delay:        6.238ns  (logic 1.938ns (31.068%)  route 4.300ns (68.932%))
  Logic Levels:           22  (LOOKAHEAD8=4 LUT5=2 LUT6=11 LUTCY1=4 LUTCY2=1)
  Clock Path Skew:        -0.040ns (DCD - SCD + CPR)
    Destination Clock Delay (DCD):    0.080ns = ( 5.080 - 5.000 ) 
    Source Clock Delay      (SCD):    0.120ns
    Clock Pessimism Removal (CPR):    0.000ns
  Clock Uncertainty:      0.300ns  (CJ)/2 + PE + PJ
    Clock Jitter             (CJ):    0.600ns
    Phase Error              (PE):    0.000ns
    Phase Jitter             (PJ):    0.000ns

    Location             Delay type                Incr(ns)  Path(ns)    Netlist Resource(s)
  -------------------------------------------------------------------    -------------------
                         (clock scheduler_clk rise edge)
                                                      0.000     0.000 r  
                                                      0.000     0.000 r  clk_i (IN)
                         net (fo=1936, unset)         0.120     0.120    i_scheduler_core/i_round_engine/clk_i
                         FDCE                                         r  i_scheduler_core/i_round_engine/FSM_onehot_st_q_reg[13]/C
  -------------------------------------------------------------------    -------------------
                         FDCE (Prop_FDCE_C_Q)         0.090     0.210 r  i_scheduler_core/i_round_engine/FSM_onehot_st_q_reg[13]/Q
                         net (fo=113, unplaced)       0.341     0.551    i_scheduler_core/i_round_engine/i_start_iter/c2_endpoint_q[task_end][9]_bret__4_bret__1_i_3[12]
                         LUT6 (Prop_LUT6_I1_O)        0.088     0.639 r  i_scheduler_core/i_round_engine/i_start_iter/g0_b0_i_11/O
                         net (fo=7, unplaced)         0.235     0.874    i_scheduler_core/i_round_engine/i_start_iter/FSM_onehot_st_q_reg[3]_2
                         LUT6 (Prop_LUT6_I2_O)        0.088     0.962 r  i_scheduler_core/i_round_engine/i_start_iter/g0_b0_i_6/O
                         net (fo=10, unplaced)        0.178     1.140    i_scheduler_core/i_round_engine/i_start_iter/FSM_onehot_st_q_reg[13]
                         LUT6 (Prop_LUT6_I5_O)        0.051     1.191 r  i_scheduler_core/i_round_engine/i_start_iter/c2_endpoint_q[task_end][1]_bret__6_bret__30_bret__1_i_6/O
                         net (fo=69, unplaced)        0.222     1.413    i_scheduler_core/i_round_engine/i_bound_score/commit_task_q_reg[1][tok_start][4]_0
                         LUT5 (Prop_LUT5_I3_O)        0.082     1.495 r  i_scheduler_core/i_round_engine/i_bound_score/commit_task_q[1][tok_start][7]_i_5/O
                         net (fo=39, unplaced)        0.274     1.769    i_scheduler_core/i_round_engine/i_transition_eval/commit_task_q_reg[1][tok_start][4][1]
                         LUT6 (Prop_LUT6_I2_O)        0.088     1.857 f  i_scheduler_core/i_round_engine/i_transition_eval/commit_task_q[1][tok_start][1]_i_3/O
                         net (fo=3, unplaced)         0.134     1.991    i_scheduler_core/i_round_engine/i_bound_score/c2_endpoint_q_reg[task_end][1]_bret__6_bret__32
                         LUT6 (Prop_LUT6_I0_O)        0.074     2.065 f  i_scheduler_core/i_round_engine/i_bound_score/c2_endpoint_q[task_end][1]_bret__6_bret__32_i_4/O
                         net (fo=54, unplaced)        0.281     2.346    i_scheduler_core/i_round_engine/i_start_iter/p_1_in[1]
                         LUT6 (Prop_LUT6_I2_O)        0.088     2.434 r  i_scheduler_core/i_round_engine/i_start_iter/minimum_q[8]_bret__4_i_13/O
                         net (fo=13, unplaced)        0.249     2.683    i_scheduler_core/i_round_engine/minimum_q_reg[9]_bret__4_i_28/I2
                         LUTCY1 (Prop_LUTCY1_I2_PROP)
                                                      0.082     2.765 r  i_scheduler_core/i_round_engine/minimum_q_reg[9]_bret__4_i_28/LUTCY1_INST/PROP
                         net (fo=1, unplaced)         0.001     2.766    i_scheduler_core/i_round_engine/minimum_q_reg[9]_bret__4_i_28_n_3
                         LOOKAHEAD8 (Prop_LOOKAHEAD8_PROPH_COUTH)
                                                      0.129     2.895 r  i_scheduler_core/i_round_engine/minimum_q_reg[9]_bret__4_i_17/COUTH
                         net (fo=3, unplaced)         0.002     2.897    i_scheduler_core/i_round_engine/minimum_q_reg[9]_bret__4_i_17_n_3
                         LOOKAHEAD8 (Prop_LOOKAHEAD8_CIN_COUTB)
                                                      0.051     2.948 r  i_scheduler_core/i_round_engine/minimum_q_reg[9]_bret__4_i_13/COUTB
                         net (fo=15, unplaced)        0.341     3.289    i_scheduler_core/i_round_engine/i_target_s4pf/offset_value3
                         LUT6 (Prop_LUT6_I1_O)        0.088     3.377 f  i_scheduler_core/i_round_engine/i_target_s4pf/minimum_q[4]_bret__4_i_8/O
                         net (fo=9, unplaced)         0.176     3.553    i_scheduler_core/i_round_engine/i_target_s4pf/FSM_sequential_st_q_reg[3]_2
                         LUT5 (Prop_LUT5_I3_O)        0.051     3.604 r  i_scheduler_core/i_round_engine/i_target_s4pf/minimum_q[0]_bret__4_i_9/O
                         net (fo=4, unplaced)         0.157     3.761    i_scheduler_core/i_round_engine/i_target_s4pf/minimum_q[2]_bret__4_i_12_0
                         LUT6 (Prop_LUT6_I5_O)        0.051     3.812 f  i_scheduler_core/i_round_engine/i_target_s4pf/minimum_q[1]_bret__4_i_11/O
                         net (fo=1, unplaced)         0.210     4.022    i_scheduler_core/i_round_engine/i_target_s4pf/minimum_q[1]_bret__4_i_11_n_0
                         LUT6 (Prop_LUT6_I2_O)        0.088     4.110 r  i_scheduler_core/i_round_engine/i_target_s4pf/minimum_q[1]_bret__4_i_5/O
                         net (fo=2, unplaced)         0.236     4.346    i_scheduler_core/i_round_engine/i_start_iter/minimum_q_reg[1]_bret__4_i_3/I1
                         LUTCY1 (Prop_LUTCY1_I1_PROP)
                                                      0.117     4.463 r  i_scheduler_core/i_round_engine/i_start_iter/minimum_q_reg[1]_bret__4_i_3/LUTCY1_INST/PROP
                         net (fo=1, unplaced)         0.002     4.465    i_scheduler_core/i_round_engine/i_start_iter/minimum_q_reg[1]_bret__4_i_3_n_3
                         LOOKAHEAD8 (Prop_LOOKAHEAD8_PROPB_COUTH)
                                                      0.177     4.642 r  i_scheduler_core/i_round_engine/i_start_iter/minimum_q_reg[8]_bret__4_i_6/COUTH
                         net (fo=3, unplaced)         0.198     4.840    i_scheduler_core/i_round_engine/i_start_iter/minimum_q_reg[8]_bret__4_i_3/I4
                         LUTCY2 (Prop_LUTCY2_I4_O)    0.051     4.891 r  i_scheduler_core/i_round_engine/i_start_iter/minimum_q_reg[8]_bret__4_i_3/LUTCY2_INST/O
                         net (fo=3, unplaced)         0.016     4.907    i_scheduler_core/i_round_engine/i_start_iter/minimum_q_reg[9]_bret__4_i_3/I4
                         LUTCY1 (Prop_LUTCY1_I4_O)    0.055     4.962 r  i_scheduler_core/i_round_engine/i_start_iter/minimum_q_reg[9]_bret__4_i_3/LUTCY1_INST/O
                         net (fo=9, unplaced)         0.340     5.302    i_scheduler_core/i_round_engine/i_start_iter/minimum_valid_q_reg_bret__4_i_28/I1
                         LUTCY1 (Prop_LUTCY1_I1_PROP)
                                                      0.117     5.419 r  i_scheduler_core/i_round_engine/i_start_iter/minimum_valid_q_reg_bret__4_i_28/LUTCY1_INST/PROP
                         net (fo=1, unplaced)         0.002     5.421    i_scheduler_core/i_round_engine/i_start_iter/minimum_valid_q_reg_bret__4_i_28_n_3
                         LOOKAHEAD8 (Prop_LOOKAHEAD8_PROPE_COUTH)
                                                      0.130     5.551 r  i_scheduler_core/i_round_engine/i_start_iter/minimum_valid_q_reg_bret__4_i_5/COUTH
                         net (fo=2, unplaced)         0.277     5.828    i_scheduler_core/i_round_engine/i_start_iter/source_valid1
                         LUT6 (Prop_LUT6_I4_O)        0.051     5.879 r  i_scheduler_core/i_round_engine/i_start_iter/minimum_valid_q_bret__4_i_1/O
                         net (fo=5, unplaced)         0.163     6.042    i_scheduler_core/i_round_engine/i_start_iter/minimum_valid_q_bret__4_i_1_n_0
                         LUT6 (Prop_LUT6_I5_O)        0.051     6.093 r  i_scheduler_core/i_round_engine/i_start_iter/previous_q[2]_i_1/O
                         net (fo=36, unplaced)        0.265     6.358    i_scheduler_core/i_round_engine/i_start_iter/previous_q[2]_i_1_n_0
                         FDCE                                         r  i_scheduler_core/i_round_engine/i_start_iter/previous_q_reg[12]_bret__4/CE
  -------------------------------------------------------------------    -------------------

                         (clock scheduler_clk rise edge)
                                                      5.000     5.000 r  
                                                      0.000     5.000 r  clk_i (IN)
                         net (fo=1936, unset)         0.080     5.080    i_scheduler_core/i_round_engine/i_start_iter/clk_i
                         FDCE                                         r  i_scheduler_core/i_round_engine/i_start_iter/previous_q_reg[12]_bret__4/C
                         clock pessimism              0.000     5.080    
                         clock uncertainty           -0.300     4.780    
                         FDCE (Setup_FDCE_C_CE)      -0.087     4.693    i_scheduler_core/i_round_engine/i_start_iter/previous_q_reg[12]_bret__4
  -------------------------------------------------------------------
                         required time                          4.693    
                         arrival time                          -6.358    
  -------------------------------------------------------------------
                         slack                                 -1.665    

Slack (VIOLATED) :        -1.665ns  (required time - arrival time)
  Source:                 i_scheduler_core/i_round_engine/FSM_onehot_st_q_reg[13]/C
                            (rising edge-triggered cell FDCE clocked by scheduler_clk  {rise@0.000ns fall@2.500ns period=5.000ns})
  Destination:            i_scheduler_core/i_round_engine/i_start_iter/previous_q_reg[1]/CE
                            (rising edge-triggered cell FDCE clocked by scheduler_clk  {rise@0.000ns fall@2.500ns period=5.000ns})
  Path Group:             scheduler_clk
  Path Type:              Setup (Max at Slow Process Corner)
  Requirement:            5.000ns  (scheduler_clk rise@5.000ns - scheduler_clk rise@0.000ns)
  Data Path Delay:        6.238ns  (logic 1.938ns (31.068%)  route 4.300ns (68.932%))
  Logic Levels:           22  (LOOKAHEAD8=4 LUT5=2 LUT6=11 LUTCY1=4 LUTCY2=1)
  Clock Path Skew:        -0.040ns (DCD - SCD + CPR)
    Destination Clock Delay (DCD):    0.080ns = ( 5.080 - 5.000 ) 
    Source Clock Delay      (SCD):    0.120ns
    Clock Pessimism Removal (CPR):    0.000ns
  Clock Uncertainty:      0.300ns  (CJ)/2 + PE + PJ
    Clock Jitter             (CJ):    0.600ns
    Phase Error              (PE):    0.000ns
    Phase Jitter             (PJ):    0.000ns

    Location             Delay type                Incr(ns)  Path(ns)    Netlist Resource(s)
  -------------------------------------------------------------------    -------------------
                         (clock scheduler_clk rise edge)
                                                      0.000     0.000 r  
                                                      0.000     0.000 r  clk_i (IN)
                         net (fo=1936, unset)         0.120     0.120    i_scheduler_core/i_round_engine/clk_i
                         FDCE                                         r  i_scheduler_core/i_round_engine/FSM_onehot_st_q_reg[13]/C
  -------------------------------------------------------------------    -------------------
                         FDCE (Prop_FDCE_C_Q)         0.090     0.210 r  i_scheduler_core/i_round_engine/FSM_onehot_st_q_reg[13]/Q
                         net (fo=113, unplaced)       0.341     0.551    i_scheduler_core/i_round_engine/i_start_iter/c2_endpoint_q[task_end][9]_bret__4_bret__1_i_3[12]
                         LUT6 (Prop_LUT6_I1_O)        0.088     0.639 r  i_scheduler_core/i_round_engine/i_start_iter/g0_b0_i_11/O
                         net (fo=7, unplaced)         0.235     0.874    i_scheduler_core/i_round_engine/i_start_iter/FSM_onehot_st_q_reg[3]_2
                         LUT6 (Prop_LUT6_I2_O)        0.088     0.962 r  i_scheduler_core/i_round_engine/i_start_iter/g0_b0_i_6/O
                         net (fo=10, unplaced)        0.178     1.140    i_scheduler_core/i_round_engine/i_start_iter/FSM_onehot_st_q_reg[13]
                         LUT6 (Prop_LUT6_I5_O)        0.051     1.191 r  i_scheduler_core/i_round_engine/i_start_iter/c2_endpoint_q[task_end][1]_bret__6_bret__30_bret__1_i_6/O
                         net (fo=69, unplaced)        0.222     1.413    i_scheduler_core/i_round_engine/i_bound_score/commit_task_q_reg[1][tok_start][4]_0
                         LUT5 (Prop_LUT5_I3_O)        0.082     1.495 r  i_scheduler_core/i_round_engine/i_bound_score/commit_task_q[1][tok_start][7]_i_5/O
                         net (fo=39, unplaced)        0.274     1.769    i_scheduler_core/i_round_engine/i_transition_eval/commit_task_q_reg[1][tok_start][4][1]
                         LUT6 (Prop_LUT6_I2_O)        0.088     1.857 f  i_scheduler_core/i_round_engine/i_transition_eval/commit_task_q[1][tok_start][1]_i_3/O
                         net (fo=3, unplaced)         0.134     1.991    i_scheduler_core/i_round_engine/i_bound_score/c2_endpoint_q_reg[task_end][1]_bret__6_bret__32
                         LUT6 (Prop_LUT6_I0_O)        0.074     2.065 f  i_scheduler_core/i_round_engine/i_bound_score/c2_endpoint_q[task_end][1]_bret__6_bret__32_i_4/O
                         net (fo=54, unplaced)        0.281     2.346    i_scheduler_core/i_round_engine/i_start_iter/p_1_in[1]
                         LUT6 (Prop_LUT6_I2_O)        0.088     2.434 r  i_scheduler_core/i_round_engine/i_start_iter/minimum_q[8]_bret__4_i_13/O
                         net (fo=13, unplaced)        0.249     2.683    i_scheduler_core/i_round_engine/minimum_q_reg[9]_bret__4_i_28/I2
                         LUTCY1 (Prop_LUTCY1_I2_PROP)
                                                      0.082     2.765 r  i_scheduler_core/i_round_engine/minimum_q_reg[9]_bret__4_i_28/LUTCY1_INST/PROP
                         net (fo=1, unplaced)         0.001     2.766    i_scheduler_core/i_round_engine/minimum_q_reg[9]_bret__4_i_28_n_3
                         LOOKAHEAD8 (Prop_LOOKAHEAD8_PROPH_COUTH)
                                                      0.129     2.895 r  i_scheduler_core/i_round_engine/minimum_q_reg[9]_bret__4_i_17/COUTH
                         net (fo=3, unplaced)         0.002     2.897    i_scheduler_core/i_round_engine/minimum_q_reg[9]_bret__4_i_17_n_3
                         LOOKAHEAD8 (Prop_LOOKAHEAD8_CIN_COUTB)
                                                      0.051     2.948 r  i_scheduler_core/i_round_engine/minimum_q_reg[9]_bret__4_i_13/COUTB
                         net (fo=15, unplaced)        0.341     3.289    i_scheduler_core/i_round_engine/i_target_s4pf/offset_value3
                         LUT6 (Prop_LUT6_I1_O)        0.088     3.377 f  i_scheduler_core/i_round_engine/i_target_s4pf/minimum_q[4]_bret__4_i_8/O
                         net (fo=9, unplaced)         0.176     3.553    i_scheduler_core/i_round_engine/i_target_s4pf/FSM_sequential_st_q_reg[3]_2
                         LUT5 (Prop_LUT5_I3_O)        0.051     3.604 r  i_scheduler_core/i_round_engine/i_target_s4pf/minimum_q[0]_bret__4_i_9/O
                         net (fo=4, unplaced)         0.157     3.761    i_scheduler_core/i_round_engine/i_target_s4pf/minimum_q[2]_bret__4_i_12_0
                         LUT6 (Prop_LUT6_I5_O)        0.051     3.812 f  i_scheduler_core/i_round_engine/i_target_s4pf/minimum_q[1]_bret__4_i_11/O
                         net (fo=1, unplaced)         0.210     4.022    i_scheduler_core/i_round_engine/i_target_s4pf/minimum_q[1]_bret__4_i_11_n_0
                         LUT6 (Prop_LUT6_I2_O)        0.088     4.110 r  i_scheduler_core/i_round_engine/i_target_s4pf/minimum_q[1]_bret__4_i_5/O
                         net (fo=2, unplaced)         0.236     4.346    i_scheduler_core/i_round_engine/i_start_iter/minimum_q_reg[1]_bret__4_i_3/I1
                         LUTCY1 (Prop_LUTCY1_I1_PROP)
                                                      0.117     4.463 r  i_scheduler_core/i_round_engine/i_start_iter/minimum_q_reg[1]_bret__4_i_3/LUTCY1_INST/PROP
                         net (fo=1, unplaced)         0.002     4.465    i_scheduler_core/i_round_engine/i_start_iter/minimum_q_reg[1]_bret__4_i_3_n_3
                         LOOKAHEAD8 (Prop_LOOKAHEAD8_PROPB_COUTH)
                                                      0.177     4.642 r  i_scheduler_core/i_round_engine/i_start_iter/minimum_q_reg[8]_bret__4_i_6/COUTH
                         net (fo=3, unplaced)         0.198     4.840    i_scheduler_core/i_round_engine/i_start_iter/minimum_q_reg[8]_bret__4_i_3/I4
                         LUTCY2 (Prop_LUTCY2_I4_O)    0.051     4.891 r  i_scheduler_core/i_round_engine/i_start_iter/minimum_q_reg[8]_bret__4_i_3/LUTCY2_INST/O
                         net (fo=3, unplaced)         0.016     4.907    i_scheduler_core/i_round_engine/i_start_iter/minimum_q_reg[9]_bret__4_i_3/I4
                         LUTCY1 (Prop_LUTCY1_I4_O)    0.055     4.962 r  i_scheduler_core/i_round_engine/i_start_iter/minimum_q_reg[9]_bret__4_i_3/LUTCY1_INST/O
                         net (fo=9, unplaced)         0.340     5.302    i_scheduler_core/i_round_engine/i_start_iter/minimum_valid_q_reg_bret__4_i_28/I1
                         LUTCY1 (Prop_LUTCY1_I1_PROP)
                                                      0.117     5.419 r  i_scheduler_core/i_round_engine/i_start_iter/minimum_valid_q_reg_bret__4_i_28/LUTCY1_INST/PROP
                         net (fo=1, unplaced)         0.002     5.421    i_scheduler_core/i_round_engine/i_start_iter/minimum_valid_q_reg_bret__4_i_28_n_3
                         LOOKAHEAD8 (Prop_LOOKAHEAD8_PROPE_COUTH)
                                                      0.130     5.551 r  i_scheduler_core/i_round_engine/i_start_iter/minimum_valid_q_reg_bret__4_i_5/COUTH
                         net (fo=2, unplaced)         0.277     5.828    i_scheduler_core/i_round_engine/i_start_iter/source_valid1
                         LUT6 (Prop_LUT6_I4_O)        0.051     5.879 r  i_scheduler_core/i_round_engine/i_start_iter/minimum_valid_q_bret__4_i_1/O
                         net (fo=5, unplaced)         0.163     6.042    i_scheduler_core/i_round_engine/i_start_iter/minimum_valid_q_bret__4_i_1_n_0
                         LUT6 (Prop_LUT6_I5_O)        0.051     6.093 r  i_scheduler_core/i_round_engine/i_start_iter/previous_q[2]_i_1/O
                         net (fo=36, unplaced)        0.265     6.358    i_scheduler_core/i_round_engine/i_start_iter/previous_q[2]_i_1_n_0
                         FDCE                                         r  i_scheduler_core/i_round_engine/i_start_iter/previous_q_reg[1]/CE
  -------------------------------------------------------------------    -------------------

                         (clock scheduler_clk rise edge)
                                                      5.000     5.000 r  
                                                      0.000     5.000 r  clk_i (IN)
                         net (fo=1936, unset)         0.080     5.080    i_scheduler_core/i_round_engine/i_start_iter/clk_i
                         FDCE                                         r  i_scheduler_core/i_round_engine/i_start_iter/previous_q_reg[1]/C
                         clock pessimism              0.000     5.080    
                         clock uncertainty           -0.300     4.780    
                         FDCE (Setup_FDCE_C_CE)      -0.087     4.693    i_scheduler_core/i_round_engine/i_start_iter/previous_q_reg[1]
  -------------------------------------------------------------------
                         required time                          4.693    
                         arrival time                          -6.358    
  -------------------------------------------------------------------
                         slack                                 -1.665    

Slack (VIOLATED) :        -1.665ns  (required time - arrival time)
  Source:                 i_scheduler_core/i_round_engine/FSM_onehot_st_q_reg[13]/C
                            (rising edge-triggered cell FDCE clocked by scheduler_clk  {rise@0.000ns fall@2.500ns period=5.000ns})
  Destination:            i_scheduler_core/i_round_engine/i_start_iter/previous_q_reg[2]/CE
                            (rising edge-triggered cell FDCE clocked by scheduler_clk  {rise@0.000ns fall@2.500ns period=5.000ns})
  Path Group:             scheduler_clk
  Path Type:              Setup (Max at Slow Process Corner)
  Requirement:            5.000ns  (scheduler_clk rise@5.000ns - scheduler_clk rise@0.000ns)
  Data Path Delay:        6.238ns  (logic 1.938ns (31.068%)  route 4.300ns (68.932%))
  Logic Levels:           22  (LOOKAHEAD8=4 LUT5=2 LUT6=11 LUTCY1=4 LUTCY2=1)
  Clock Path Skew:        -0.040ns (DCD - SCD + CPR)
    Destination Clock Delay (DCD):    0.080ns = ( 5.080 - 5.000 ) 
    Source Clock Delay      (SCD):    0.120ns
    Clock Pessimism Removal (CPR):    0.000ns
  Clock Uncertainty:      0.300ns  (CJ)/2 + PE + PJ
    Clock Jitter             (CJ):    0.600ns
    Phase Error              (PE):    0.000ns
    Phase Jitter             (PJ):    0.000ns

    Location             Delay type                Incr(ns)  Path(ns)    Netlist Resource(s)
  -------------------------------------------------------------------    -------------------
                         (clock scheduler_clk rise edge)
                                                      0.000     0.000 r  
                                                      0.000     0.000 r  clk_i (IN)
                         net (fo=1936, unset)         0.120     0.120    i_scheduler_core/i_round_engine/clk_i
                         FDCE                                         r  i_scheduler_core/i_round_engine/FSM_onehot_st_q_reg[13]/C
  -------------------------------------------------------------------    -------------------
                         FDCE (Prop_FDCE_C_Q)         0.090     0.210 r  i_scheduler_core/i_round_engine/FSM_onehot_st_q_reg[13]/Q
                         net (fo=113, unplaced)       0.341     0.551    i_scheduler_core/i_round_engine/i_start_iter/c2_endpoint_q[task_end][9]_bret__4_bret__1_i_3[12]
                         LUT6 (Prop_LUT6_I1_O)        0.088     0.639 r  i_scheduler_core/i_round_engine/i_start_iter/g0_b0_i_11/O
                         net (fo=7, unplaced)         0.235     0.874    i_scheduler_core/i_round_engine/i_start_iter/FSM_onehot_st_q_reg[3]_2
                         LUT6 (Prop_LUT6_I2_O)        0.088     0.962 r  i_scheduler_core/i_round_engine/i_start_iter/g0_b0_i_6/O
                         net (fo=10, unplaced)        0.178     1.140    i_scheduler_core/i_round_engine/i_start_iter/FSM_onehot_st_q_reg[13]
                         LUT6 (Prop_LUT6_I5_O)        0.051     1.191 r  i_scheduler_core/i_round_engine/i_start_iter/c2_endpoint_q[task_end][1]_bret__6_bret__30_bret__1_i_6/O
                         net (fo=69, unplaced)        0.222     1.413    i_scheduler_core/i_round_engine/i_bound_score/commit_task_q_reg[1][tok_start][4]_0
                         LUT5 (Prop_LUT5_I3_O)        0.082     1.495 r  i_scheduler_core/i_round_engine/i_bound_score/commit_task_q[1][tok_start][7]_i_5/O
                         net (fo=39, unplaced)        0.274     1.769    i_scheduler_core/i_round_engine/i_transition_eval/commit_task_q_reg[1][tok_start][4][1]
                         LUT6 (Prop_LUT6_I2_O)        0.088     1.857 f  i_scheduler_core/i_round_engine/i_transition_eval/commit_task_q[1][tok_start][1]_i_3/O
                         net (fo=3, unplaced)         0.134     1.991    i_scheduler_core/i_round_engine/i_bound_score/c2_endpoint_q_reg[task_end][1]_bret__6_bret__32
                         LUT6 (Prop_LUT6_I0_O)        0.074     2.065 f  i_scheduler_core/i_round_engine/i_bound_score/c2_endpoint_q[task_end][1]_bret__6_bret__32_i_4/O
                         net (fo=54, unplaced)        0.281     2.346    i_scheduler_core/i_round_engine/i_start_iter/p_1_in[1]
                         LUT6 (Prop_LUT6_I2_O)        0.088     2.434 r  i_scheduler_core/i_round_engine/i_start_iter/minimum_q[8]_bret__4_i_13/O
                         net (fo=13, unplaced)        0.249     2.683    i_scheduler_core/i_round_engine/minimum_q_reg[9]_bret__4_i_28/I2
                         LUTCY1 (Prop_LUTCY1_I2_PROP)
                                                      0.082     2.765 r  i_scheduler_core/i_round_engine/minimum_q_reg[9]_bret__4_i_28/LUTCY1_INST/PROP
                         net (fo=1, unplaced)         0.001     2.766    i_scheduler_core/i_round_engine/minimum_q_reg[9]_bret__4_i_28_n_3
                         LOOKAHEAD8 (Prop_LOOKAHEAD8_PROPH_COUTH)
                                                      0.129     2.895 r  i_scheduler_core/i_round_engine/minimum_q_reg[9]_bret__4_i_17/COUTH
                         net (fo=3, unplaced)         0.002     2.897    i_scheduler_core/i_round_engine/minimum_q_reg[9]_bret__4_i_17_n_3
                         LOOKAHEAD8 (Prop_LOOKAHEAD8_CIN_COUTB)
                                                      0.051     2.948 r  i_scheduler_core/i_round_engine/minimum_q_reg[9]_bret__4_i_13/COUTB
                         net (fo=15, unplaced)        0.341     3.289    i_scheduler_core/i_round_engine/i_target_s4pf/offset_value3
                         LUT6 (Prop_LUT6_I1_O)        0.088     3.377 f  i_scheduler_core/i_round_engine/i_target_s4pf/minimum_q[4]_bret__4_i_8/O
                         net (fo=9, unplaced)         0.176     3.553    i_scheduler_core/i_round_engine/i_target_s4pf/FSM_sequential_st_q_reg[3]_2
                         LUT5 (Prop_LUT5_I3_O)        0.051     3.604 r  i_scheduler_core/i_round_engine/i_target_s4pf/minimum_q[0]_bret__4_i_9/O
                         net (fo=4, unplaced)         0.157     3.761    i_scheduler_core/i_round_engine/i_target_s4pf/minimum_q[2]_bret__4_i_12_0
                         LUT6 (Prop_LUT6_I5_O)        0.051     3.812 f  i_scheduler_core/i_round_engine/i_target_s4pf/minimum_q[1]_bret__4_i_11/O
                         net (fo=1, unplaced)         0.210     4.022    i_scheduler_core/i_round_engine/i_target_s4pf/minimum_q[1]_bret__4_i_11_n_0
                         LUT6 (Prop_LUT6_I2_O)        0.088     4.110 r  i_scheduler_core/i_round_engine/i_target_s4pf/minimum_q[1]_bret__4_i_5/O
                         net (fo=2, unplaced)         0.236     4.346    i_scheduler_core/i_round_engine/i_start_iter/minimum_q_reg[1]_bret__4_i_3/I1
                         LUTCY1 (Prop_LUTCY1_I1_PROP)
                                                      0.117     4.463 r  i_scheduler_core/i_round_engine/i_start_iter/minimum_q_reg[1]_bret__4_i_3/LUTCY1_INST/PROP
                         net (fo=1, unplaced)         0.002     4.465    i_scheduler_core/i_round_engine/i_start_iter/minimum_q_reg[1]_bret__4_i_3_n_3
                         LOOKAHEAD8 (Prop_LOOKAHEAD8_PROPB_COUTH)
                                                      0.177     4.642 r  i_scheduler_core/i_round_engine/i_start_iter/minimum_q_reg[8]_bret__4_i_6/COUTH
                         net (fo=3, unplaced)         0.198     4.840    i_scheduler_core/i_round_engine/i_start_iter/minimum_q_reg[8]_bret__4_i_3/I4
                         LUTCY2 (Prop_LUTCY2_I4_O)    0.051     4.891 r  i_scheduler_core/i_round_engine/i_start_iter/minimum_q_reg[8]_bret__4_i_3/LUTCY2_INST/O
                         net (fo=3, unplaced)         0.016     4.907    i_scheduler_core/i_round_engine/i_start_iter/minimum_q_reg[9]_bret__4_i_3/I4
                         LUTCY1 (Prop_LUTCY1_I4_O)    0.055     4.962 r  i_scheduler_core/i_round_engine/i_start_iter/minimum_q_reg[9]_bret__4_i_3/LUTCY1_INST/O
                         net (fo=9, unplaced)         0.340     5.302    i_scheduler_core/i_round_engine/i_start_iter/minimum_valid_q_reg_bret__4_i_28/I1
                         LUTCY1 (Prop_LUTCY1_I1_PROP)
                                                      0.117     5.419 r  i_scheduler_core/i_round_engine/i_start_iter/minimum_valid_q_reg_bret__4_i_28/LUTCY1_INST/PROP
                         net (fo=1, unplaced)         0.002     5.421    i_scheduler_core/i_round_engine/i_start_iter/minimum_valid_q_reg_bret__4_i_28_n_3
                         LOOKAHEAD8 (Prop_LOOKAHEAD8_PROPE_COUTH)
                                                      0.130     5.551 r  i_scheduler_core/i_round_engine/i_start_iter/minimum_valid_q_reg_bret__4_i_5/COUTH
                         net (fo=2, unplaced)         0.277     5.828    i_scheduler_core/i_round_engine/i_start_iter/source_valid1
                         LUT6 (Prop_LUT6_I4_O)        0.051     5.879 r  i_scheduler_core/i_round_engine/i_start_iter/minimum_valid_q_bret__4_i_1/O
                         net (fo=5, unplaced)         0.163     6.042    i_scheduler_core/i_round_engine/i_start_iter/minimum_valid_q_bret__4_i_1_n_0
                         LUT6 (Prop_LUT6_I5_O)        0.051     6.093 r  i_scheduler_core/i_round_engine/i_start_iter/previous_q[2]_i_1/O
                         net (fo=36, unplaced)        0.265     6.358    i_scheduler_core/i_round_engine/i_start_iter/previous_q[2]_i_1_n_0
                         FDCE                                         r  i_scheduler_core/i_round_engine/i_start_iter/previous_q_reg[2]/CE
  -------------------------------------------------------------------    -------------------

                         (clock scheduler_clk rise edge)
                                                      5.000     5.000 r  
                                                      0.000     5.000 r  clk_i (IN)
                         net (fo=1936, unset)         0.080     5.080    i_scheduler_core/i_round_engine/i_start_iter/clk_i
                         FDCE                                         r  i_scheduler_core/i_round_engine/i_start_iter/previous_q_reg[2]/C
                         clock pessimism              0.000     5.080    
                         clock uncertainty           -0.300     4.780    
                         FDCE (Setup_FDCE_C_CE)      -0.087     4.693    i_scheduler_core/i_round_engine/i_start_iter/previous_q_reg[2]
  -------------------------------------------------------------------
                         required time                          4.693    
                         arrival time                          -6.358    
  -------------------------------------------------------------------
                         slack                                 -1.665    

Slack (VIOLATED) :        -1.665ns  (required time - arrival time)
  Source:                 i_scheduler_core/i_round_engine/FSM_onehot_st_q_reg[13]/C
                            (rising edge-triggered cell FDCE clocked by scheduler_clk  {rise@0.000ns fall@2.500ns period=5.000ns})
  Destination:            i_scheduler_core/i_round_engine/i_start_iter/previous_q_reg[3]_bret__0/CE
                            (rising edge-triggered cell FDCE clocked by scheduler_clk  {rise@0.000ns fall@2.500ns period=5.000ns})
  Path Group:             scheduler_clk
  Path Type:              Setup (Max at Slow Process Corner)
  Requirement:            5.000ns  (scheduler_clk rise@5.000ns - scheduler_clk rise@0.000ns)
  Data Path Delay:        6.238ns  (logic 1.938ns (31.068%)  route 4.300ns (68.932%))
  Logic Levels:           22  (LOOKAHEAD8=4 LUT5=2 LUT6=11 LUTCY1=4 LUTCY2=1)
  Clock Path Skew:        -0.040ns (DCD - SCD + CPR)
    Destination Clock Delay (DCD):    0.080ns = ( 5.080 - 5.000 ) 
    Source Clock Delay      (SCD):    0.120ns
    Clock Pessimism Removal (CPR):    0.000ns
  Clock Uncertainty:      0.300ns  (CJ)/2 + PE + PJ
    Clock Jitter             (CJ):    0.600ns
    Phase Error              (PE):    0.000ns
    Phase Jitter             (PJ):    0.000ns

    Location             Delay type                Incr(ns)  Path(ns)    Netlist Resource(s)
  -------------------------------------------------------------------    -------------------
                         (clock scheduler_clk rise edge)
                                                      0.000     0.000 r  
                                                      0.000     0.000 r  clk_i (IN)
                         net (fo=1936, unset)         0.120     0.120    i_scheduler_core/i_round_engine/clk_i
                         FDCE                                         r  i_scheduler_core/i_round_engine/FSM_onehot_st_q_reg[13]/C
  -------------------------------------------------------------------    -------------------
                         FDCE (Prop_FDCE_C_Q)         0.090     0.210 r  i_scheduler_core/i_round_engine/FSM_onehot_st_q_reg[13]/Q
                         net (fo=113, unplaced)       0.341     0.551    i_scheduler_core/i_round_engine/i_start_iter/c2_endpoint_q[task_end][9]_bret__4_bret__1_i_3[12]
                         LUT6 (Prop_LUT6_I1_O)        0.088     0.639 r  i_scheduler_core/i_round_engine/i_start_iter/g0_b0_i_11/O
                         net (fo=7, unplaced)         0.235     0.874    i_scheduler_core/i_round_engine/i_start_iter/FSM_onehot_st_q_reg[3]_2
                         LUT6 (Prop_LUT6_I2_O)        0.088     0.962 r  i_scheduler_core/i_round_engine/i_start_iter/g0_b0_i_6/O
                         net (fo=10, unplaced)        0.178     1.140    i_scheduler_core/i_round_engine/i_start_iter/FSM_onehot_st_q_reg[13]
                         LUT6 (Prop_LUT6_I5_O)        0.051     1.191 r  i_scheduler_core/i_round_engine/i_start_iter/c2_endpoint_q[task_end][1]_bret__6_bret__30_bret__1_i_6/O
                         net (fo=69, unplaced)        0.222     1.413    i_scheduler_core/i_round_engine/i_bound_score/commit_task_q_reg[1][tok_start][4]_0
                         LUT5 (Prop_LUT5_I3_O)        0.082     1.495 r  i_scheduler_core/i_round_engine/i_bound_score/commit_task_q[1][tok_start][7]_i_5/O
                         net (fo=39, unplaced)        0.274     1.769    i_scheduler_core/i_round_engine/i_transition_eval/commit_task_q_reg[1][tok_start][4][1]
                         LUT6 (Prop_LUT6_I2_O)        0.088     1.857 f  i_scheduler_core/i_round_engine/i_transition_eval/commit_task_q[1][tok_start][1]_i_3/O
                         net (fo=3, unplaced)         0.134     1.991    i_scheduler_core/i_round_engine/i_bound_score/c2_endpoint_q_reg[task_end][1]_bret__6_bret__32
                         LUT6 (Prop_LUT6_I0_O)        0.074     2.065 f  i_scheduler_core/i_round_engine/i_bound_score/c2_endpoint_q[task_end][1]_bret__6_bret__32_i_4/O
                         net (fo=54, unplaced)        0.281     2.346    i_scheduler_core/i_round_engine/i_start_iter/p_1_in[1]
                         LUT6 (Prop_LUT6_I2_O)        0.088     2.434 r  i_scheduler_core/i_round_engine/i_start_iter/minimum_q[8]_bret__4_i_13/O
                         net (fo=13, unplaced)        0.249     2.683    i_scheduler_core/i_round_engine/minimum_q_reg[9]_bret__4_i_28/I2
                         LUTCY1 (Prop_LUTCY1_I2_PROP)
                                                      0.082     2.765 r  i_scheduler_core/i_round_engine/minimum_q_reg[9]_bret__4_i_28/LUTCY1_INST/PROP
                         net (fo=1, unplaced)         0.001     2.766    i_scheduler_core/i_round_engine/minimum_q_reg[9]_bret__4_i_28_n_3
                         LOOKAHEAD8 (Prop_LOOKAHEAD8_PROPH_COUTH)
                                                      0.129     2.895 r  i_scheduler_core/i_round_engine/minimum_q_reg[9]_bret__4_i_17/COUTH
                         net (fo=3, unplaced)         0.002     2.897    i_scheduler_core/i_round_engine/minimum_q_reg[9]_bret__4_i_17_n_3
                         LOOKAHEAD8 (Prop_LOOKAHEAD8_CIN_COUTB)
                                                      0.051     2.948 r  i_scheduler_core/i_round_engine/minimum_q_reg[9]_bret__4_i_13/COUTB
                         net (fo=15, unplaced)        0.341     3.289    i_scheduler_core/i_round_engine/i_target_s4pf/offset_value3
                         LUT6 (Prop_LUT6_I1_O)        0.088     3.377 f  i_scheduler_core/i_round_engine/i_target_s4pf/minimum_q[4]_bret__4_i_8/O
                         net (fo=9, unplaced)         0.176     3.553    i_scheduler_core/i_round_engine/i_target_s4pf/FSM_sequential_st_q_reg[3]_2
                         LUT5 (Prop_LUT5_I3_O)        0.051     3.604 r  i_scheduler_core/i_round_engine/i_target_s4pf/minimum_q[0]_bret__4_i_9/O
                         net (fo=4, unplaced)         0.157     3.761    i_scheduler_core/i_round_engine/i_target_s4pf/minimum_q[2]_bret__4_i_12_0
                         LUT6 (Prop_LUT6_I5_O)        0.051     3.812 f  i_scheduler_core/i_round_engine/i_target_s4pf/minimum_q[1]_bret__4_i_11/O
                         net (fo=1, unplaced)         0.210     4.022    i_scheduler_core/i_round_engine/i_target_s4pf/minimum_q[1]_bret__4_i_11_n_0
                         LUT6 (Prop_LUT6_I2_O)        0.088     4.110 r  i_scheduler_core/i_round_engine/i_target_s4pf/minimum_q[1]_bret__4_i_5/O
                         net (fo=2, unplaced)         0.236     4.346    i_scheduler_core/i_round_engine/i_start_iter/minimum_q_reg[1]_bret__4_i_3/I1
                         LUTCY1 (Prop_LUTCY1_I1_PROP)
                                                      0.117     4.463 r  i_scheduler_core/i_round_engine/i_start_iter/minimum_q_reg[1]_bret__4_i_3/LUTCY1_INST/PROP
                         net (fo=1, unplaced)         0.002     4.465    i_scheduler_core/i_round_engine/i_start_iter/minimum_q_reg[1]_bret__4_i_3_n_3
                         LOOKAHEAD8 (Prop_LOOKAHEAD8_PROPB_COUTH)
                                                      0.177     4.642 r  i_scheduler_core/i_round_engine/i_start_iter/minimum_q_reg[8]_bret__4_i_6/COUTH
                         net (fo=3, unplaced)         0.198     4.840    i_scheduler_core/i_round_engine/i_start_iter/minimum_q_reg[8]_bret__4_i_3/I4
                         LUTCY2 (Prop_LUTCY2_I4_O)    0.051     4.891 r  i_scheduler_core/i_round_engine/i_start_iter/minimum_q_reg[8]_bret__4_i_3/LUTCY2_INST/O
                         net (fo=3, unplaced)         0.016     4.907    i_scheduler_core/i_round_engine/i_start_iter/minimum_q_reg[9]_bret__4_i_3/I4
                         LUTCY1 (Prop_LUTCY1_I4_O)    0.055     4.962 r  i_scheduler_core/i_round_engine/i_start_iter/minimum_q_reg[9]_bret__4_i_3/LUTCY1_INST/O
                         net (fo=9, unplaced)         0.340     5.302    i_scheduler_core/i_round_engine/i_start_iter/minimum_valid_q_reg_bret__4_i_28/I1
                         LUTCY1 (Prop_LUTCY1_I1_PROP)
                                                      0.117     5.419 r  i_scheduler_core/i_round_engine/i_start_iter/minimum_valid_q_reg_bret__4_i_28/LUTCY1_INST/PROP
                         net (fo=1, unplaced)         0.002     5.421    i_scheduler_core/i_round_engine/i_start_iter/minimum_valid_q_reg_bret__4_i_28_n_3
                         LOOKAHEAD8 (Prop_LOOKAHEAD8_PROPE_COUTH)
                                                      0.130     5.551 r  i_scheduler_core/i_round_engine/i_start_iter/minimum_valid_q_reg_bret__4_i_5/COUTH
                         net (fo=2, unplaced)         0.277     5.828    i_scheduler_core/i_round_engine/i_start_iter/source_valid1
                         LUT6 (Prop_LUT6_I4_O)        0.051     5.879 r  i_scheduler_core/i_round_engine/i_start_iter/minimum_valid_q_bret__4_i_1/O
                         net (fo=5, unplaced)         0.163     6.042    i_scheduler_core/i_round_engine/i_start_iter/minimum_valid_q_bret__4_i_1_n_0
                         LUT6 (Prop_LUT6_I5_O)        0.051     6.093 r  i_scheduler_core/i_round_engine/i_start_iter/previous_q[2]_i_1/O
                         net (fo=36, unplaced)        0.265     6.358    i_scheduler_core/i_round_engine/i_start_iter/previous_q[2]_i_1_n_0
                         FDCE                                         r  i_scheduler_core/i_round_engine/i_start_iter/previous_q_reg[3]_bret__0/CE
  -------------------------------------------------------------------    -------------------

                         (clock scheduler_clk rise edge)
                                                      5.000     5.000 r  
                                                      0.000     5.000 r  clk_i (IN)
                         net (fo=1936, unset)         0.080     5.080    i_scheduler_core/i_round_engine/i_start_iter/clk_i
                         FDCE                                         r  i_scheduler_core/i_round_engine/i_start_iter/previous_q_reg[3]_bret__0/C
                         clock pessimism              0.000     5.080    
                         clock uncertainty           -0.300     4.780    
                         FDCE (Setup_FDCE_C_CE)      -0.087     4.693    i_scheduler_core/i_round_engine/i_start_iter/previous_q_reg[3]_bret__0
  -------------------------------------------------------------------
                         required time                          4.693    
                         arrival time                          -6.358    
  -------------------------------------------------------------------
                         slack                                 -1.665    

Slack (VIOLATED) :        -1.665ns  (required time - arrival time)
  Source:                 i_scheduler_core/i_round_engine/FSM_onehot_st_q_reg[13]/C
                            (rising edge-triggered cell FDCE clocked by scheduler_clk  {rise@0.000ns fall@2.500ns period=5.000ns})
  Destination:            i_scheduler_core/i_round_engine/i_start_iter/previous_q_reg[3]_bret__3/CE
                            (rising edge-triggered cell FDCE clocked by scheduler_clk  {rise@0.000ns fall@2.500ns period=5.000ns})
  Path Group:             scheduler_clk
  Path Type:              Setup (Max at Slow Process Corner)
  Requirement:            5.000ns  (scheduler_clk rise@5.000ns - scheduler_clk rise@0.000ns)
  Data Path Delay:        6.238ns  (logic 1.938ns (31.068%)  route 4.300ns (68.932%))
  Logic Levels:           22  (LOOKAHEAD8=4 LUT5=2 LUT6=11 LUTCY1=4 LUTCY2=1)
  Clock Path Skew:        -0.040ns (DCD - SCD + CPR)
    Destination Clock Delay (DCD):    0.080ns = ( 5.080 - 5.000 ) 
    Source Clock Delay      (SCD):    0.120ns
    Clock Pessimism Removal (CPR):    0.000ns
  Clock Uncertainty:      0.300ns  (CJ)/2 + PE + PJ
    Clock Jitter             (CJ):    0.600ns
    Phase Error              (PE):    0.000ns
    Phase Jitter             (PJ):    0.000ns

    Location             Delay type                Incr(ns)  Path(ns)    Netlist Resource(s)
  -------------------------------------------------------------------    -------------------
                         (clock scheduler_clk rise edge)
                                                      0.000     0.000 r  
                                                      0.000     0.000 r  clk_i (IN)
                         net (fo=1936, unset)         0.120     0.120    i_scheduler_core/i_round_engine/clk_i
                         FDCE                                         r  i_scheduler_core/i_round_engine/FSM_onehot_st_q_reg[13]/C
  -------------------------------------------------------------------    -------------------
                         FDCE (Prop_FDCE_C_Q)         0.090     0.210 r  i_scheduler_core/i_round_engine/FSM_onehot_st_q_reg[13]/Q
                         net (fo=113, unplaced)       0.341     0.551    i_scheduler_core/i_round_engine/i_start_iter/c2_endpoint_q[task_end][9]_bret__4_bret__1_i_3[12]
                         LUT6 (Prop_LUT6_I1_O)        0.088     0.639 r  i_scheduler_core/i_round_engine/i_start_iter/g0_b0_i_11/O
                         net (fo=7, unplaced)         0.235     0.874    i_scheduler_core/i_round_engine/i_start_iter/FSM_onehot_st_q_reg[3]_2
                         LUT6 (Prop_LUT6_I2_O)        0.088     0.962 r  i_scheduler_core/i_round_engine/i_start_iter/g0_b0_i_6/O
                         net (fo=10, unplaced)        0.178     1.140    i_scheduler_core/i_round_engine/i_start_iter/FSM_onehot_st_q_reg[13]
                         LUT6 (Prop_LUT6_I5_O)        0.051     1.191 r  i_scheduler_core/i_round_engine/i_start_iter/c2_endpoint_q[task_end][1]_bret__6_bret__30_bret__1_i_6/O
                         net (fo=69, unplaced)        0.222     1.413    i_scheduler_core/i_round_engine/i_bound_score/commit_task_q_reg[1][tok_start][4]_0
                         LUT5 (Prop_LUT5_I3_O)        0.082     1.495 r  i_scheduler_core/i_round_engine/i_bound_score/commit_task_q[1][tok_start][7]_i_5/O
                         net (fo=39, unplaced)        0.274     1.769    i_scheduler_core/i_round_engine/i_transition_eval/commit_task_q_reg[1][tok_start][4][1]
                         LUT6 (Prop_LUT6_I2_O)        0.088     1.857 f  i_scheduler_core/i_round_engine/i_transition_eval/commit_task_q[1][tok_start][1]_i_3/O
                         net (fo=3, unplaced)         0.134     1.991    i_scheduler_core/i_round_engine/i_bound_score/c2_endpoint_q_reg[task_end][1]_bret__6_bret__32
                         LUT6 (Prop_LUT6_I0_O)        0.074     2.065 f  i_scheduler_core/i_round_engine/i_bound_score/c2_endpoint_q[task_end][1]_bret__6_bret__32_i_4/O
                         net (fo=54, unplaced)        0.281     2.346    i_scheduler_core/i_round_engine/i_start_iter/p_1_in[1]
                         LUT6 (Prop_LUT6_I2_O)        0.088     2.434 r  i_scheduler_core/i_round_engine/i_start_iter/minimum_q[8]_bret__4_i_13/O
                         net (fo=13, unplaced)        0.249     2.683    i_scheduler_core/i_round_engine/minimum_q_reg[9]_bret__4_i_28/I2
                         LUTCY1 (Prop_LUTCY1_I2_PROP)
                                                      0.082     2.765 r  i_scheduler_core/i_round_engine/minimum_q_reg[9]_bret__4_i_28/LUTCY1_INST/PROP
                         net (fo=1, unplaced)         0.001     2.766    i_scheduler_core/i_round_engine/minimum_q_reg[9]_bret__4_i_28_n_3
                         LOOKAHEAD8 (Prop_LOOKAHEAD8_PROPH_COUTH)
                                                      0.129     2.895 r  i_scheduler_core/i_round_engine/minimum_q_reg[9]_bret__4_i_17/COUTH
                         net (fo=3, unplaced)         0.002     2.897    i_scheduler_core/i_round_engine/minimum_q_reg[9]_bret__4_i_17_n_3
                         LOOKAHEAD8 (Prop_LOOKAHEAD8_CIN_COUTB)
                                                      0.051     2.948 r  i_scheduler_core/i_round_engine/minimum_q_reg[9]_bret__4_i_13/COUTB
                         net (fo=15, unplaced)        0.341     3.289    i_scheduler_core/i_round_engine/i_target_s4pf/offset_value3
                         LUT6 (Prop_LUT6_I1_O)        0.088     3.377 f  i_scheduler_core/i_round_engine/i_target_s4pf/minimum_q[4]_bret__4_i_8/O
                         net (fo=9, unplaced)         0.176     3.553    i_scheduler_core/i_round_engine/i_target_s4pf/FSM_sequential_st_q_reg[3]_2
                         LUT5 (Prop_LUT5_I3_O)        0.051     3.604 r  i_scheduler_core/i_round_engine/i_target_s4pf/minimum_q[0]_bret__4_i_9/O
                         net (fo=4, unplaced)         0.157     3.761    i_scheduler_core/i_round_engine/i_target_s4pf/minimum_q[2]_bret__4_i_12_0
                         LUT6 (Prop_LUT6_I5_O)        0.051     3.812 f  i_scheduler_core/i_round_engine/i_target_s4pf/minimum_q[1]_bret__4_i_11/O
                         net (fo=1, unplaced)         0.210     4.022    i_scheduler_core/i_round_engine/i_target_s4pf/minimum_q[1]_bret__4_i_11_n_0
                         LUT6 (Prop_LUT6_I2_O)        0.088     4.110 r  i_scheduler_core/i_round_engine/i_target_s4pf/minimum_q[1]_bret__4_i_5/O
                         net (fo=2, unplaced)         0.236     4.346    i_scheduler_core/i_round_engine/i_start_iter/minimum_q_reg[1]_bret__4_i_3/I1
                         LUTCY1 (Prop_LUTCY1_I1_PROP)
                                                      0.117     4.463 r  i_scheduler_core/i_round_engine/i_start_iter/minimum_q_reg[1]_bret__4_i_3/LUTCY1_INST/PROP
                         net (fo=1, unplaced)         0.002     4.465    i_scheduler_core/i_round_engine/i_start_iter/minimum_q_reg[1]_bret__4_i_3_n_3
                         LOOKAHEAD8 (Prop_LOOKAHEAD8_PROPB_COUTH)
                                                      0.177     4.642 r  i_scheduler_core/i_round_engine/i_start_iter/minimum_q_reg[8]_bret__4_i_6/COUTH
                         net (fo=3, unplaced)         0.198     4.840    i_scheduler_core/i_round_engine/i_start_iter/minimum_q_reg[8]_bret__4_i_3/I4
                         LUTCY2 (Prop_LUTCY2_I4_O)    0.051     4.891 r  i_scheduler_core/i_round_engine/i_start_iter/minimum_q_reg[8]_bret__4_i_3/LUTCY2_INST/O
                         net (fo=3, unplaced)         0.016     4.907    i_scheduler_core/i_round_engine/i_start_iter/minimum_q_reg[9]_bret__4_i_3/I4
                         LUTCY1 (Prop_LUTCY1_I4_O)    0.055     4.962 r  i_scheduler_core/i_round_engine/i_start_iter/minimum_q_reg[9]_bret__4_i_3/LUTCY1_INST/O
                         net (fo=9, unplaced)         0.340     5.302    i_scheduler_core/i_round_engine/i_start_iter/minimum_valid_q_reg_bret__4_i_28/I1
                         LUTCY1 (Prop_LUTCY1_I1_PROP)
                                                      0.117     5.419 r  i_scheduler_core/i_round_engine/i_start_iter/minimum_valid_q_reg_bret__4_i_28/LUTCY1_INST/PROP
                         net (fo=1, unplaced)         0.002     5.421    i_scheduler_core/i_round_engine/i_start_iter/minimum_valid_q_reg_bret__4_i_28_n_3
                         LOOKAHEAD8 (Prop_LOOKAHEAD8_PROPE_COUTH)
                                                      0.130     5.551 r  i_scheduler_core/i_round_engine/i_start_iter/minimum_valid_q_reg_bret__4_i_5/COUTH
                         net (fo=2, unplaced)         0.277     5.828    i_scheduler_core/i_round_engine/i_start_iter/source_valid1
                         LUT6 (Prop_LUT6_I4_O)        0.051     5.879 r  i_scheduler_core/i_round_engine/i_start_iter/minimum_valid_q_bret__4_i_1/O
                         net (fo=5, unplaced)         0.163     6.042    i_scheduler_core/i_round_engine/i_start_iter/minimum_valid_q_bret__4_i_1_n_0
                         LUT6 (Prop_LUT6_I5_O)        0.051     6.093 r  i_scheduler_core/i_round_engine/i_start_iter/previous_q[2]_i_1/O
                         net (fo=36, unplaced)        0.265     6.358    i_scheduler_core/i_round_engine/i_start_iter/previous_q[2]_i_1_n_0
                         FDCE                                         r  i_scheduler_core/i_round_engine/i_start_iter/previous_q_reg[3]_bret__3/CE
  -------------------------------------------------------------------    -------------------

                         (clock scheduler_clk rise edge)
                                                      5.000     5.000 r  
                                                      0.000     5.000 r  clk_i (IN)
                         net (fo=1936, unset)         0.080     5.080    i_scheduler_core/i_round_engine/i_start_iter/clk_i
                         FDCE                                         r  i_scheduler_core/i_round_engine/i_start_iter/previous_q_reg[3]_bret__3/C
                         clock pessimism              0.000     5.080    
                         clock uncertainty           -0.300     4.780    
                         FDCE (Setup_FDCE_C_CE)      -0.087     4.693    i_scheduler_core/i_round_engine/i_start_iter/previous_q_reg[3]_bret__3
  -------------------------------------------------------------------
                         required time                          4.693    
                         arrival time                          -6.358    
  -------------------------------------------------------------------
                         slack                                 -1.665    

Slack (VIOLATED) :        -1.665ns  (required time - arrival time)
  Source:                 i_scheduler_core/i_round_engine/FSM_onehot_st_q_reg[13]/C
                            (rising edge-triggered cell FDCE clocked by scheduler_clk  {rise@0.000ns fall@2.500ns period=5.000ns})
  Destination:            i_scheduler_core/i_round_engine/i_start_iter/previous_q_reg[4]_bret__0/CE
                            (rising edge-triggered cell FDCE clocked by scheduler_clk  {rise@0.000ns fall@2.500ns period=5.000ns})
  Path Group:             scheduler_clk
  Path Type:              Setup (Max at Slow Process Corner)
  Requirement:            5.000ns  (scheduler_clk rise@5.000ns - scheduler_clk rise@0.000ns)
  Data Path Delay:        6.238ns  (logic 1.938ns (31.068%)  route 4.300ns (68.932%))
  Logic Levels:           22  (LOOKAHEAD8=4 LUT5=2 LUT6=11 LUTCY1=4 LUTCY2=1)
  Clock Path Skew:        -0.040ns (DCD - SCD + CPR)
    Destination Clock Delay (DCD):    0.080ns = ( 5.080 - 5.000 ) 
    Source Clock Delay      (SCD):    0.120ns
    Clock Pessimism Removal (CPR):    0.000ns
  Clock Uncertainty:      0.300ns  (CJ)/2 + PE + PJ
    Clock Jitter             (CJ):    0.600ns
    Phase Error              (PE):    0.000ns
    Phase Jitter             (PJ):    0.000ns

    Location             Delay type                Incr(ns)  Path(ns)    Netlist Resource(s)
  -------------------------------------------------------------------    -------------------
                         (clock scheduler_clk rise edge)
                                                      0.000     0.000 r  
                                                      0.000     0.000 r  clk_i (IN)
                         net (fo=1936, unset)         0.120     0.120    i_scheduler_core/i_round_engine/clk_i
                         FDCE                                         r  i_scheduler_core/i_round_engine/FSM_onehot_st_q_reg[13]/C
  -------------------------------------------------------------------    -------------------
                         FDCE (Prop_FDCE_C_Q)         0.090     0.210 r  i_scheduler_core/i_round_engine/FSM_onehot_st_q_reg[13]/Q
                         net (fo=113, unplaced)       0.341     0.551    i_scheduler_core/i_round_engine/i_start_iter/c2_endpoint_q[task_end][9]_bret__4_bret__1_i_3[12]
                         LUT6 (Prop_LUT6_I1_O)        0.088     0.639 r  i_scheduler_core/i_round_engine/i_start_iter/g0_b0_i_11/O
                         net (fo=7, unplaced)         0.235     0.874    i_scheduler_core/i_round_engine/i_start_iter/FSM_onehot_st_q_reg[3]_2
                         LUT6 (Prop_LUT6_I2_O)        0.088     0.962 r  i_scheduler_core/i_round_engine/i_start_iter/g0_b0_i_6/O
                         net (fo=10, unplaced)        0.178     1.140    i_scheduler_core/i_round_engine/i_start_iter/FSM_onehot_st_q_reg[13]
                         LUT6 (Prop_LUT6_I5_O)        0.051     1.191 r  i_scheduler_core/i_round_engine/i_start_iter/c2_endpoint_q[task_end][1]_bret__6_bret__30_bret__1_i_6/O
                         net (fo=69, unplaced)        0.222     1.413    i_scheduler_core/i_round_engine/i_bound_score/commit_task_q_reg[1][tok_start][4]_0
                         LUT5 (Prop_LUT5_I3_O)        0.082     1.495 r  i_scheduler_core/i_round_engine/i_bound_score/commit_task_q[1][tok_start][7]_i_5/O
                         net (fo=39, unplaced)        0.274     1.769    i_scheduler_core/i_round_engine/i_transition_eval/commit_task_q_reg[1][tok_start][4][1]
                         LUT6 (Prop_LUT6_I2_O)        0.088     1.857 f  i_scheduler_core/i_round_engine/i_transition_eval/commit_task_q[1][tok_start][1]_i_3/O
                         net (fo=3, unplaced)         0.134     1.991    i_scheduler_core/i_round_engine/i_bound_score/c2_endpoint_q_reg[task_end][1]_bret__6_bret__32
                         LUT6 (Prop_LUT6_I0_O)        0.074     2.065 f  i_scheduler_core/i_round_engine/i_bound_score/c2_endpoint_q[task_end][1]_bret__6_bret__32_i_4/O
                         net (fo=54, unplaced)        0.281     2.346    i_scheduler_core/i_round_engine/i_start_iter/p_1_in[1]
                         LUT6 (Prop_LUT6_I2_O)        0.088     2.434 r  i_scheduler_core/i_round_engine/i_start_iter/minimum_q[8]_bret__4_i_13/O
                         net (fo=13, unplaced)        0.249     2.683    i_scheduler_core/i_round_engine/minimum_q_reg[9]_bret__4_i_28/I2
                         LUTCY1 (Prop_LUTCY1_I2_PROP)
                                                      0.082     2.765 r  i_scheduler_core/i_round_engine/minimum_q_reg[9]_bret__4_i_28/LUTCY1_INST/PROP
                         net (fo=1, unplaced)         0.001     2.766    i_scheduler_core/i_round_engine/minimum_q_reg[9]_bret__4_i_28_n_3
                         LOOKAHEAD8 (Prop_LOOKAHEAD8_PROPH_COUTH)
                                                      0.129     2.895 r  i_scheduler_core/i_round_engine/minimum_q_reg[9]_bret__4_i_17/COUTH
                         net (fo=3, unplaced)         0.002     2.897    i_scheduler_core/i_round_engine/minimum_q_reg[9]_bret__4_i_17_n_3
                         LOOKAHEAD8 (Prop_LOOKAHEAD8_CIN_COUTB)
                                                      0.051     2.948 r  i_scheduler_core/i_round_engine/minimum_q_reg[9]_bret__4_i_13/COUTB
                         net (fo=15, unplaced)        0.341     3.289    i_scheduler_core/i_round_engine/i_target_s4pf/offset_value3
                         LUT6 (Prop_LUT6_I1_O)        0.088     3.377 f  i_scheduler_core/i_round_engine/i_target_s4pf/minimum_q[4]_bret__4_i_8/O
                         net (fo=9, unplaced)         0.176     3.553    i_scheduler_core/i_round_engine/i_target_s4pf/FSM_sequential_st_q_reg[3]_2
                         LUT5 (Prop_LUT5_I3_O)        0.051     3.604 r  i_scheduler_core/i_round_engine/i_target_s4pf/minimum_q[0]_bret__4_i_9/O
                         net (fo=4, unplaced)         0.157     3.761    i_scheduler_core/i_round_engine/i_target_s4pf/minimum_q[2]_bret__4_i_12_0
                         LUT6 (Prop_LUT6_I5_O)        0.051     3.812 f  i_scheduler_core/i_round_engine/i_target_s4pf/minimum_q[1]_bret__4_i_11/O
                         net (fo=1, unplaced)         0.210     4.022    i_scheduler_core/i_round_engine/i_target_s4pf/minimum_q[1]_bret__4_i_11_n_0
                         LUT6 (Prop_LUT6_I2_O)        0.088     4.110 r  i_scheduler_core/i_round_engine/i_target_s4pf/minimum_q[1]_bret__4_i_5/O
                         net (fo=2, unplaced)         0.236     4.346    i_scheduler_core/i_round_engine/i_start_iter/minimum_q_reg[1]_bret__4_i_3/I1
                         LUTCY1 (Prop_LUTCY1_I1_PROP)
                                                      0.117     4.463 r  i_scheduler_core/i_round_engine/i_start_iter/minimum_q_reg[1]_bret__4_i_3/LUTCY1_INST/PROP
                         net (fo=1, unplaced)         0.002     4.465    i_scheduler_core/i_round_engine/i_start_iter/minimum_q_reg[1]_bret__4_i_3_n_3
                         LOOKAHEAD8 (Prop_LOOKAHEAD8_PROPB_COUTH)
                                                      0.177     4.642 r  i_scheduler_core/i_round_engine/i_start_iter/minimum_q_reg[8]_bret__4_i_6/COUTH
                         net (fo=3, unplaced)         0.198     4.840    i_scheduler_core/i_round_engine/i_start_iter/minimum_q_reg[8]_bret__4_i_3/I4
                         LUTCY2 (Prop_LUTCY2_I4_O)    0.051     4.891 r  i_scheduler_core/i_round_engine/i_start_iter/minimum_q_reg[8]_bret__4_i_3/LUTCY2_INST/O
                         net (fo=3, unplaced)         0.016     4.907    i_scheduler_core/i_round_engine/i_start_iter/minimum_q_reg[9]_bret__4_i_3/I4
                         LUTCY1 (Prop_LUTCY1_I4_O)    0.055     4.962 r  i_scheduler_core/i_round_engine/i_start_iter/minimum_q_reg[9]_bret__4_i_3/LUTCY1_INST/O
                         net (fo=9, unplaced)         0.340     5.302    i_scheduler_core/i_round_engine/i_start_iter/minimum_valid_q_reg_bret__4_i_28/I1
                         LUTCY1 (Prop_LUTCY1_I1_PROP)
                                                      0.117     5.419 r  i_scheduler_core/i_round_engine/i_start_iter/minimum_valid_q_reg_bret__4_i_28/LUTCY1_INST/PROP
                         net (fo=1, unplaced)         0.002     5.421    i_scheduler_core/i_round_engine/i_start_iter/minimum_valid_q_reg_bret__4_i_28_n_3
                         LOOKAHEAD8 (Prop_LOOKAHEAD8_PROPE_COUTH)
                                                      0.130     5.551 r  i_scheduler_core/i_round_engine/i_start_iter/minimum_valid_q_reg_bret__4_i_5/COUTH
                         net (fo=2, unplaced)         0.277     5.828    i_scheduler_core/i_round_engine/i_start_iter/source_valid1
                         LUT6 (Prop_LUT6_I4_O)        0.051     5.879 r  i_scheduler_core/i_round_engine/i_start_iter/minimum_valid_q_bret__4_i_1/O
                         net (fo=5, unplaced)         0.163     6.042    i_scheduler_core/i_round_engine/i_start_iter/minimum_valid_q_bret__4_i_1_n_0
                         LUT6 (Prop_LUT6_I5_O)        0.051     6.093 r  i_scheduler_core/i_round_engine/i_start_iter/previous_q[2]_i_1/O
                         net (fo=36, unplaced)        0.265     6.358    i_scheduler_core/i_round_engine/i_start_iter/previous_q[2]_i_1_n_0
                         FDCE                                         r  i_scheduler_core/i_round_engine/i_start_iter/previous_q_reg[4]_bret__0/CE
  -------------------------------------------------------------------    -------------------

                         (clock scheduler_clk rise edge)
                                                      5.000     5.000 r  
                                                      0.000     5.000 r  clk_i (IN)
                         net (fo=1936, unset)         0.080     5.080    i_scheduler_core/i_round_engine/i_start_iter/clk_i
                         FDCE                                         r  i_scheduler_core/i_round_engine/i_start_iter/previous_q_reg[4]_bret__0/C
                         clock pessimism              0.000     5.080    
                         clock uncertainty           -0.300     4.780    
                         FDCE (Setup_FDCE_C_CE)      -0.087     4.693    i_scheduler_core/i_round_engine/i_start_iter/previous_q_reg[4]_bret__0
  -------------------------------------------------------------------
                         required time                          4.693    
                         arrival time                          -6.358    
  -------------------------------------------------------------------
                         slack                                 -1.665    

Slack (VIOLATED) :        -1.665ns  (required time - arrival time)
  Source:                 i_scheduler_core/i_round_engine/FSM_onehot_st_q_reg[13]/C
                            (rising edge-triggered cell FDCE clocked by scheduler_clk  {rise@0.000ns fall@2.500ns period=5.000ns})
  Destination:            i_scheduler_core/i_round_engine/i_start_iter/previous_q_reg[4]_bret__3/CE
                            (rising edge-triggered cell FDCE clocked by scheduler_clk  {rise@0.000ns fall@2.500ns period=5.000ns})
  Path Group:             scheduler_clk
  Path Type:              Setup (Max at Slow Process Corner)
  Requirement:            5.000ns  (scheduler_clk rise@5.000ns - scheduler_clk rise@0.000ns)
  Data Path Delay:        6.238ns  (logic 1.938ns (31.068%)  route 4.300ns (68.932%))
  Logic Levels:           22  (LOOKAHEAD8=4 LUT5=2 LUT6=11 LUTCY1=4 LUTCY2=1)
  Clock Path Skew:        -0.040ns (DCD - SCD + CPR)
    Destination Clock Delay (DCD):    0.080ns = ( 5.080 - 5.000 ) 
    Source Clock Delay      (SCD):    0.120ns
    Clock Pessimism Removal (CPR):    0.000ns
  Clock Uncertainty:      0.300ns  (CJ)/2 + PE + PJ
    Clock Jitter             (CJ):    0.600ns
    Phase Error              (PE):    0.000ns
    Phase Jitter             (PJ):    0.000ns

    Location             Delay type                Incr(ns)  Path(ns)    Netlist Resource(s)
  -------------------------------------------------------------------    -------------------
                         (clock scheduler_clk rise edge)
                                                      0.000     0.000 r  
                                                      0.000     0.000 r  clk_i (IN)
                         net (fo=1936, unset)         0.120     0.120    i_scheduler_core/i_round_engine/clk_i
                         FDCE                                         r  i_scheduler_core/i_round_engine/FSM_onehot_st_q_reg[13]/C
  -------------------------------------------------------------------    -------------------
                         FDCE (Prop_FDCE_C_Q)         0.090     0.210 r  i_scheduler_core/i_round_engine/FSM_onehot_st_q_reg[13]/Q
                         net (fo=113, unplaced)       0.341     0.551    i_scheduler_core/i_round_engine/i_start_iter/c2_endpoint_q[task_end][9]_bret__4_bret__1_i_3[12]
                         LUT6 (Prop_LUT6_I1_O)        0.088     0.639 r  i_scheduler_core/i_round_engine/i_start_iter/g0_b0_i_11/O
                         net (fo=7, unplaced)         0.235     0.874    i_scheduler_core/i_round_engine/i_start_iter/FSM_onehot_st_q_reg[3]_2
                         LUT6 (Prop_LUT6_I2_O)        0.088     0.962 r  i_scheduler_core/i_round_engine/i_start_iter/g0_b0_i_6/O
                         net (fo=10, unplaced)        0.178     1.140    i_scheduler_core/i_round_engine/i_start_iter/FSM_onehot_st_q_reg[13]
                         LUT6 (Prop_LUT6_I5_O)        0.051     1.191 r  i_scheduler_core/i_round_engine/i_start_iter/c2_endpoint_q[task_end][1]_bret__6_bret__30_bret__1_i_6/O
                         net (fo=69, unplaced)        0.222     1.413    i_scheduler_core/i_round_engine/i_bound_score/commit_task_q_reg[1][tok_start][4]_0
                         LUT5 (Prop_LUT5_I3_O)        0.082     1.495 r  i_scheduler_core/i_round_engine/i_bound_score/commit_task_q[1][tok_start][7]_i_5/O
                         net (fo=39, unplaced)        0.274     1.769    i_scheduler_core/i_round_engine/i_transition_eval/commit_task_q_reg[1][tok_start][4][1]
                         LUT6 (Prop_LUT6_I2_O)        0.088     1.857 f  i_scheduler_core/i_round_engine/i_transition_eval/commit_task_q[1][tok_start][1]_i_3/O
                         net (fo=3, unplaced)         0.134     1.991    i_scheduler_core/i_round_engine/i_bound_score/c2_endpoint_q_reg[task_end][1]_bret__6_bret__32
                         LUT6 (Prop_LUT6_I0_O)        0.074     2.065 f  i_scheduler_core/i_round_engine/i_bound_score/c2_endpoint_q[task_end][1]_bret__6_bret__32_i_4/O
                         net (fo=54, unplaced)        0.281     2.346    i_scheduler_core/i_round_engine/i_start_iter/p_1_in[1]
                         LUT6 (Prop_LUT6_I2_O)        0.088     2.434 r  i_scheduler_core/i_round_engine/i_start_iter/minimum_q[8]_bret__4_i_13/O
                         net (fo=13, unplaced)        0.249     2.683    i_scheduler_core/i_round_engine/minimum_q_reg[9]_bret__4_i_28/I2
                         LUTCY1 (Prop_LUTCY1_I2_PROP)
                                                      0.082     2.765 r  i_scheduler_core/i_round_engine/minimum_q_reg[9]_bret__4_i_28/LUTCY1_INST/PROP
                         net (fo=1, unplaced)         0.001     2.766    i_scheduler_core/i_round_engine/minimum_q_reg[9]_bret__4_i_28_n_3
                         LOOKAHEAD8 (Prop_LOOKAHEAD8_PROPH_COUTH)
                                                      0.129     2.895 r  i_scheduler_core/i_round_engine/minimum_q_reg[9]_bret__4_i_17/COUTH
                         net (fo=3, unplaced)         0.002     2.897    i_scheduler_core/i_round_engine/minimum_q_reg[9]_bret__4_i_17_n_3
                         LOOKAHEAD8 (Prop_LOOKAHEAD8_CIN_COUTB)
                                                      0.051     2.948 r  i_scheduler_core/i_round_engine/minimum_q_reg[9]_bret__4_i_13/COUTB
                         net (fo=15, unplaced)        0.341     3.289    i_scheduler_core/i_round_engine/i_target_s4pf/offset_value3
                         LUT6 (Prop_LUT6_I1_O)        0.088     3.377 f  i_scheduler_core/i_round_engine/i_target_s4pf/minimum_q[4]_bret__4_i_8/O
                         net (fo=9, unplaced)         0.176     3.553    i_scheduler_core/i_round_engine/i_target_s4pf/FSM_sequential_st_q_reg[3]_2
                         LUT5 (Prop_LUT5_I3_O)        0.051     3.604 r  i_scheduler_core/i_round_engine/i_target_s4pf/minimum_q[0]_bret__4_i_9/O
                         net (fo=4, unplaced)         0.157     3.761    i_scheduler_core/i_round_engine/i_target_s4pf/minimum_q[2]_bret__4_i_12_0
                         LUT6 (Prop_LUT6_I5_O)        0.051     3.812 f  i_scheduler_core/i_round_engine/i_target_s4pf/minimum_q[1]_bret__4_i_11/O
                         net (fo=1, unplaced)         0.210     4.022    i_scheduler_core/i_round_engine/i_target_s4pf/minimum_q[1]_bret__4_i_11_n_0
                         LUT6 (Prop_LUT6_I2_O)        0.088     4.110 r  i_scheduler_core/i_round_engine/i_target_s4pf/minimum_q[1]_bret__4_i_5/O
                         net (fo=2, unplaced)         0.236     4.346    i_scheduler_core/i_round_engine/i_start_iter/minimum_q_reg[1]_bret__4_i_3/I1
                         LUTCY1 (Prop_LUTCY1_I1_PROP)
                                                      0.117     4.463 r  i_scheduler_core/i_round_engine/i_start_iter/minimum_q_reg[1]_bret__4_i_3/LUTCY1_INST/PROP
                         net (fo=1, unplaced)         0.002     4.465    i_scheduler_core/i_round_engine/i_start_iter/minimum_q_reg[1]_bret__4_i_3_n_3
                         LOOKAHEAD8 (Prop_LOOKAHEAD8_PROPB_COUTH)
                                                      0.177     4.642 r  i_scheduler_core/i_round_engine/i_start_iter/minimum_q_reg[8]_bret__4_i_6/COUTH
                         net (fo=3, unplaced)         0.198     4.840    i_scheduler_core/i_round_engine/i_start_iter/minimum_q_reg[8]_bret__4_i_3/I4
                         LUTCY2 (Prop_LUTCY2_I4_O)    0.051     4.891 r  i_scheduler_core/i_round_engine/i_start_iter/minimum_q_reg[8]_bret__4_i_3/LUTCY2_INST/O
                         net (fo=3, unplaced)         0.016     4.907    i_scheduler_core/i_round_engine/i_start_iter/minimum_q_reg[9]_bret__4_i_3/I4
                         LUTCY1 (Prop_LUTCY1_I4_O)    0.055     4.962 r  i_scheduler_core/i_round_engine/i_start_iter/minimum_q_reg[9]_bret__4_i_3/LUTCY1_INST/O
                         net (fo=9, unplaced)         0.340     5.302    i_scheduler_core/i_round_engine/i_start_iter/minimum_valid_q_reg_bret__4_i_28/I1
                         LUTCY1 (Prop_LUTCY1_I1_PROP)
                                                      0.117     5.419 r  i_scheduler_core/i_round_engine/i_start_iter/minimum_valid_q_reg_bret__4_i_28/LUTCY1_INST/PROP
                         net (fo=1, unplaced)         0.002     5.421    i_scheduler_core/i_round_engine/i_start_iter/minimum_valid_q_reg_bret__4_i_28_n_3
                         LOOKAHEAD8 (Prop_LOOKAHEAD8_PROPE_COUTH)
                                                      0.130     5.551 r  i_scheduler_core/i_round_engine/i_start_iter/minimum_valid_q_reg_bret__4_i_5/COUTH
                         net (fo=2, unplaced)         0.277     5.828    i_scheduler_core/i_round_engine/i_start_iter/source_valid1
                         LUT6 (Prop_LUT6_I4_O)        0.051     5.879 r  i_scheduler_core/i_round_engine/i_start_iter/minimum_valid_q_bret__4_i_1/O
                         net (fo=5, unplaced)         0.163     6.042    i_scheduler_core/i_round_engine/i_start_iter/minimum_valid_q_bret__4_i_1_n_0
                         LUT6 (Prop_LUT6_I5_O)        0.051     6.093 r  i_scheduler_core/i_round_engine/i_start_iter/previous_q[2]_i_1/O
                         net (fo=36, unplaced)        0.265     6.358    i_scheduler_core/i_round_engine/i_start_iter/previous_q[2]_i_1_n_0
                         FDCE                                         r  i_scheduler_core/i_round_engine/i_start_iter/previous_q_reg[4]_bret__3/CE
  -------------------------------------------------------------------    -------------------

                         (clock scheduler_clk rise edge)
                                                      5.000     5.000 r  
                                                      0.000     5.000 r  clk_i (IN)
                         net (fo=1936, unset)         0.080     5.080    i_scheduler_core/i_round_engine/i_start_iter/clk_i
                         FDCE                                         r  i_scheduler_core/i_round_engine/i_start_iter/previous_q_reg[4]_bret__3/C
                         clock pessimism              0.000     5.080    
                         clock uncertainty           -0.300     4.780    
                         FDCE (Setup_FDCE_C_CE)      -0.087     4.693    i_scheduler_core/i_round_engine/i_start_iter/previous_q_reg[4]_bret__3
  -------------------------------------------------------------------
                         required time                          4.693    
                         arrival time                          -6.358    
  -------------------------------------------------------------------
                         slack                                 -1.665    

Slack (VIOLATED) :        -1.665ns  (required time - arrival time)
  Source:                 i_scheduler_core/i_round_engine/FSM_onehot_st_q_reg[13]/C
                            (rising edge-triggered cell FDCE clocked by scheduler_clk  {rise@0.000ns fall@2.500ns period=5.000ns})
  Destination:            i_scheduler_core/i_round_engine/i_start_iter/previous_q_reg[5]_bret__0/CE
                            (rising edge-triggered cell FDCE clocked by scheduler_clk  {rise@0.000ns fall@2.500ns period=5.000ns})
  Path Group:             scheduler_clk
  Path Type:              Setup (Max at Slow Process Corner)
  Requirement:            5.000ns  (scheduler_clk rise@5.000ns - scheduler_clk rise@0.000ns)
  Data Path Delay:        6.238ns  (logic 1.938ns (31.068%)  route 4.300ns (68.932%))
  Logic Levels:           22  (LOOKAHEAD8=4 LUT5=2 LUT6=11 LUTCY1=4 LUTCY2=1)
  Clock Path Skew:        -0.040ns (DCD - SCD + CPR)
    Destination Clock Delay (DCD):    0.080ns = ( 5.080 - 5.000 ) 
    Source Clock Delay      (SCD):    0.120ns
    Clock Pessimism Removal (CPR):    0.000ns
  Clock Uncertainty:      0.300ns  (CJ)/2 + PE + PJ
    Clock Jitter             (CJ):    0.600ns
    Phase Error              (PE):    0.000ns
    Phase Jitter             (PJ):    0.000ns

    Location             Delay type                Incr(ns)  Path(ns)    Netlist Resource(s)
  -------------------------------------------------------------------    -------------------
                         (clock scheduler_clk rise edge)
                                                      0.000     0.000 r  
                                                      0.000     0.000 r  clk_i (IN)
                         net (fo=1936, unset)         0.120     0.120    i_scheduler_core/i_round_engine/clk_i
                         FDCE                                         r  i_scheduler_core/i_round_engine/FSM_onehot_st_q_reg[13]/C
  -------------------------------------------------------------------    -------------------
                         FDCE (Prop_FDCE_C_Q)         0.090     0.210 r  i_scheduler_core/i_round_engine/FSM_onehot_st_q_reg[13]/Q
                         net (fo=113, unplaced)       0.341     0.551    i_scheduler_core/i_round_engine/i_start_iter/c2_endpoint_q[task_end][9]_bret__4_bret__1_i_3[12]
                         LUT6 (Prop_LUT6_I1_O)        0.088     0.639 r  i_scheduler_core/i_round_engine/i_start_iter/g0_b0_i_11/O
                         net (fo=7, unplaced)         0.235     0.874    i_scheduler_core/i_round_engine/i_start_iter/FSM_onehot_st_q_reg[3]_2
                         LUT6 (Prop_LUT6_I2_O)        0.088     0.962 r  i_scheduler_core/i_round_engine/i_start_iter/g0_b0_i_6/O
                         net (fo=10, unplaced)        0.178     1.140    i_scheduler_core/i_round_engine/i_start_iter/FSM_onehot_st_q_reg[13]
                         LUT6 (Prop_LUT6_I5_O)        0.051     1.191 r  i_scheduler_core/i_round_engine/i_start_iter/c2_endpoint_q[task_end][1]_bret__6_bret__30_bret__1_i_6/O
                         net (fo=69, unplaced)        0.222     1.413    i_scheduler_core/i_round_engine/i_bound_score/commit_task_q_reg[1][tok_start][4]_0
                         LUT5 (Prop_LUT5_I3_O)        0.082     1.495 r  i_scheduler_core/i_round_engine/i_bound_score/commit_task_q[1][tok_start][7]_i_5/O
                         net (fo=39, unplaced)        0.274     1.769    i_scheduler_core/i_round_engine/i_transition_eval/commit_task_q_reg[1][tok_start][4][1]
                         LUT6 (Prop_LUT6_I2_O)        0.088     1.857 f  i_scheduler_core/i_round_engine/i_transition_eval/commit_task_q[1][tok_start][1]_i_3/O
                         net (fo=3, unplaced)         0.134     1.991    i_scheduler_core/i_round_engine/i_bound_score/c2_endpoint_q_reg[task_end][1]_bret__6_bret__32
                         LUT6 (Prop_LUT6_I0_O)        0.074     2.065 f  i_scheduler_core/i_round_engine/i_bound_score/c2_endpoint_q[task_end][1]_bret__6_bret__32_i_4/O
                         net (fo=54, unplaced)        0.281     2.346    i_scheduler_core/i_round_engine/i_start_iter/p_1_in[1]
                         LUT6 (Prop_LUT6_I2_O)        0.088     2.434 r  i_scheduler_core/i_round_engine/i_start_iter/minimum_q[8]_bret__4_i_13/O
                         net (fo=13, unplaced)        0.249     2.683    i_scheduler_core/i_round_engine/minimum_q_reg[9]_bret__4_i_28/I2
                         LUTCY1 (Prop_LUTCY1_I2_PROP)
                                                      0.082     2.765 r  i_scheduler_core/i_round_engine/minimum_q_reg[9]_bret__4_i_28/LUTCY1_INST/PROP
                         net (fo=1, unplaced)         0.001     2.766    i_scheduler_core/i_round_engine/minimum_q_reg[9]_bret__4_i_28_n_3
                         LOOKAHEAD8 (Prop_LOOKAHEAD8_PROPH_COUTH)
                                                      0.129     2.895 r  i_scheduler_core/i_round_engine/minimum_q_reg[9]_bret__4_i_17/COUTH
                         net (fo=3, unplaced)         0.002     2.897    i_scheduler_core/i_round_engine/minimum_q_reg[9]_bret__4_i_17_n_3
                         LOOKAHEAD8 (Prop_LOOKAHEAD8_CIN_COUTB)
                                                      0.051     2.948 r  i_scheduler_core/i_round_engine/minimum_q_reg[9]_bret__4_i_13/COUTB
                         net (fo=15, unplaced)        0.341     3.289    i_scheduler_core/i_round_engine/i_target_s4pf/offset_value3
                         LUT6 (Prop_LUT6_I1_O)        0.088     3.377 f  i_scheduler_core/i_round_engine/i_target_s4pf/minimum_q[4]_bret__4_i_8/O
                         net (fo=9, unplaced)         0.176     3.553    i_scheduler_core/i_round_engine/i_target_s4pf/FSM_sequential_st_q_reg[3]_2
                         LUT5 (Prop_LUT5_I3_O)        0.051     3.604 r  i_scheduler_core/i_round_engine/i_target_s4pf/minimum_q[0]_bret__4_i_9/O
                         net (fo=4, unplaced)         0.157     3.761    i_scheduler_core/i_round_engine/i_target_s4pf/minimum_q[2]_bret__4_i_12_0
                         LUT6 (Prop_LUT6_I5_O)        0.051     3.812 f  i_scheduler_core/i_round_engine/i_target_s4pf/minimum_q[1]_bret__4_i_11/O
                         net (fo=1, unplaced)         0.210     4.022    i_scheduler_core/i_round_engine/i_target_s4pf/minimum_q[1]_bret__4_i_11_n_0
                         LUT6 (Prop_LUT6_I2_O)        0.088     4.110 r  i_scheduler_core/i_round_engine/i_target_s4pf/minimum_q[1]_bret__4_i_5/O
                         net (fo=2, unplaced)         0.236     4.346    i_scheduler_core/i_round_engine/i_start_iter/minimum_q_reg[1]_bret__4_i_3/I1
                         LUTCY1 (Prop_LUTCY1_I1_PROP)
                                                      0.117     4.463 r  i_scheduler_core/i_round_engine/i_start_iter/minimum_q_reg[1]_bret__4_i_3/LUTCY1_INST/PROP
                         net (fo=1, unplaced)         0.002     4.465    i_scheduler_core/i_round_engine/i_start_iter/minimum_q_reg[1]_bret__4_i_3_n_3
                         LOOKAHEAD8 (Prop_LOOKAHEAD8_PROPB_COUTH)
                                                      0.177     4.642 r  i_scheduler_core/i_round_engine/i_start_iter/minimum_q_reg[8]_bret__4_i_6/COUTH
                         net (fo=3, unplaced)         0.198     4.840    i_scheduler_core/i_round_engine/i_start_iter/minimum_q_reg[8]_bret__4_i_3/I4
                         LUTCY2 (Prop_LUTCY2_I4_O)    0.051     4.891 r  i_scheduler_core/i_round_engine/i_start_iter/minimum_q_reg[8]_bret__4_i_3/LUTCY2_INST/O
                         net (fo=3, unplaced)         0.016     4.907    i_scheduler_core/i_round_engine/i_start_iter/minimum_q_reg[9]_bret__4_i_3/I4
                         LUTCY1 (Prop_LUTCY1_I4_O)    0.055     4.962 r  i_scheduler_core/i_round_engine/i_start_iter/minimum_q_reg[9]_bret__4_i_3/LUTCY1_INST/O
                         net (fo=9, unplaced)         0.340     5.302    i_scheduler_core/i_round_engine/i_start_iter/minimum_valid_q_reg_bret__4_i_28/I1
                         LUTCY1 (Prop_LUTCY1_I1_PROP)
                                                      0.117     5.419 r  i_scheduler_core/i_round_engine/i_start_iter/minimum_valid_q_reg_bret__4_i_28/LUTCY1_INST/PROP
                         net (fo=1, unplaced)         0.002     5.421    i_scheduler_core/i_round_engine/i_start_iter/minimum_valid_q_reg_bret__4_i_28_n_3
                         LOOKAHEAD8 (Prop_LOOKAHEAD8_PROPE_COUTH)
                                                      0.130     5.551 r  i_scheduler_core/i_round_engine/i_start_iter/minimum_valid_q_reg_bret__4_i_5/COUTH
                         net (fo=2, unplaced)         0.277     5.828    i_scheduler_core/i_round_engine/i_start_iter/source_valid1
                         LUT6 (Prop_LUT6_I4_O)        0.051     5.879 r  i_scheduler_core/i_round_engine/i_start_iter/minimum_valid_q_bret__4_i_1/O
                         net (fo=5, unplaced)         0.163     6.042    i_scheduler_core/i_round_engine/i_start_iter/minimum_valid_q_bret__4_i_1_n_0
                         LUT6 (Prop_LUT6_I5_O)        0.051     6.093 r  i_scheduler_core/i_round_engine/i_start_iter/previous_q[2]_i_1/O
                         net (fo=36, unplaced)        0.265     6.358    i_scheduler_core/i_round_engine/i_start_iter/previous_q[2]_i_1_n_0
                         FDCE                                         r  i_scheduler_core/i_round_engine/i_start_iter/previous_q_reg[5]_bret__0/CE
  -------------------------------------------------------------------    -------------------

                         (clock scheduler_clk rise edge)
                                                      5.000     5.000 r  
                                                      0.000     5.000 r  clk_i (IN)
                         net (fo=1936, unset)         0.080     5.080    i_scheduler_core/i_round_engine/i_start_iter/clk_i
                         FDCE                                         r  i_scheduler_core/i_round_engine/i_start_iter/previous_q_reg[5]_bret__0/C
                         clock pessimism              0.000     5.080    
                         clock uncertainty           -0.300     4.780    
                         FDCE (Setup_FDCE_C_CE)      -0.087     4.693    i_scheduler_core/i_round_engine/i_start_iter/previous_q_reg[5]_bret__0
  -------------------------------------------------------------------
                         required time                          4.693    
                         arrival time                          -6.358    
  -------------------------------------------------------------------
                         slack                                 -1.665    

Slack (VIOLATED) :        -1.665ns  (required time - arrival time)
  Source:                 i_scheduler_core/i_round_engine/FSM_onehot_st_q_reg[13]/C
                            (rising edge-triggered cell FDCE clocked by scheduler_clk  {rise@0.000ns fall@2.500ns period=5.000ns})
  Destination:            i_scheduler_core/i_round_engine/i_start_iter/previous_q_reg[5]_bret__3/CE
                            (rising edge-triggered cell FDCE clocked by scheduler_clk  {rise@0.000ns fall@2.500ns period=5.000ns})
  Path Group:             scheduler_clk
  Path Type:              Setup (Max at Slow Process Corner)
  Requirement:            5.000ns  (scheduler_clk rise@5.000ns - scheduler_clk rise@0.000ns)
  Data Path Delay:        6.238ns  (logic 1.938ns (31.068%)  route 4.300ns (68.932%))
  Logic Levels:           22  (LOOKAHEAD8=4 LUT5=2 LUT6=11 LUTCY1=4 LUTCY2=1)
  Clock Path Skew:        -0.040ns (DCD - SCD + CPR)
    Destination Clock Delay (DCD):    0.080ns = ( 5.080 - 5.000 ) 
    Source Clock Delay      (SCD):    0.120ns
    Clock Pessimism Removal (CPR):    0.000ns
  Clock Uncertainty:      0.300ns  (CJ)/2 + PE + PJ
    Clock Jitter             (CJ):    0.600ns
    Phase Error              (PE):    0.000ns
    Phase Jitter             (PJ):    0.000ns

    Location             Delay type                Incr(ns)  Path(ns)    Netlist Resource(s)
  -------------------------------------------------------------------    -------------------
                         (clock scheduler_clk rise edge)
                                                      0.000     0.000 r  
                                                      0.000     0.000 r  clk_i (IN)
                         net (fo=1936, unset)         0.120     0.120    i_scheduler_core/i_round_engine/clk_i
                         FDCE                                         r  i_scheduler_core/i_round_engine/FSM_onehot_st_q_reg[13]/C
  -------------------------------------------------------------------    -------------------
                         FDCE (Prop_FDCE_C_Q)         0.090     0.210 r  i_scheduler_core/i_round_engine/FSM_onehot_st_q_reg[13]/Q
                         net (fo=113, unplaced)       0.341     0.551    i_scheduler_core/i_round_engine/i_start_iter/c2_endpoint_q[task_end][9]_bret__4_bret__1_i_3[12]
                         LUT6 (Prop_LUT6_I1_O)        0.088     0.639 r  i_scheduler_core/i_round_engine/i_start_iter/g0_b0_i_11/O
                         net (fo=7, unplaced)         0.235     0.874    i_scheduler_core/i_round_engine/i_start_iter/FSM_onehot_st_q_reg[3]_2
                         LUT6 (Prop_LUT6_I2_O)        0.088     0.962 r  i_scheduler_core/i_round_engine/i_start_iter/g0_b0_i_6/O
                         net (fo=10, unplaced)        0.178     1.140    i_scheduler_core/i_round_engine/i_start_iter/FSM_onehot_st_q_reg[13]
                         LUT6 (Prop_LUT6_I5_O)        0.051     1.191 r  i_scheduler_core/i_round_engine/i_start_iter/c2_endpoint_q[task_end][1]_bret__6_bret__30_bret__1_i_6/O
                         net (fo=69, unplaced)        0.222     1.413    i_scheduler_core/i_round_engine/i_bound_score/commit_task_q_reg[1][tok_start][4]_0
                         LUT5 (Prop_LUT5_I3_O)        0.082     1.495 r  i_scheduler_core/i_round_engine/i_bound_score/commit_task_q[1][tok_start][7]_i_5/O
                         net (fo=39, unplaced)        0.274     1.769    i_scheduler_core/i_round_engine/i_transition_eval/commit_task_q_reg[1][tok_start][4][1]
                         LUT6 (Prop_LUT6_I2_O)        0.088     1.857 f  i_scheduler_core/i_round_engine/i_transition_eval/commit_task_q[1][tok_start][1]_i_3/O
                         net (fo=3, unplaced)         0.134     1.991    i_scheduler_core/i_round_engine/i_bound_score/c2_endpoint_q_reg[task_end][1]_bret__6_bret__32
                         LUT6 (Prop_LUT6_I0_O)        0.074     2.065 f  i_scheduler_core/i_round_engine/i_bound_score/c2_endpoint_q[task_end][1]_bret__6_bret__32_i_4/O
                         net (fo=54, unplaced)        0.281     2.346    i_scheduler_core/i_round_engine/i_start_iter/p_1_in[1]
                         LUT6 (Prop_LUT6_I2_O)        0.088     2.434 r  i_scheduler_core/i_round_engine/i_start_iter/minimum_q[8]_bret__4_i_13/O
                         net (fo=13, unplaced)        0.249     2.683    i_scheduler_core/i_round_engine/minimum_q_reg[9]_bret__4_i_28/I2
                         LUTCY1 (Prop_LUTCY1_I2_PROP)
                                                      0.082     2.765 r  i_scheduler_core/i_round_engine/minimum_q_reg[9]_bret__4_i_28/LUTCY1_INST/PROP
                         net (fo=1, unplaced)         0.001     2.766    i_scheduler_core/i_round_engine/minimum_q_reg[9]_bret__4_i_28_n_3
                         LOOKAHEAD8 (Prop_LOOKAHEAD8_PROPH_COUTH)
                                                      0.129     2.895 r  i_scheduler_core/i_round_engine/minimum_q_reg[9]_bret__4_i_17/COUTH
                         net (fo=3, unplaced)         0.002     2.897    i_scheduler_core/i_round_engine/minimum_q_reg[9]_bret__4_i_17_n_3
                         LOOKAHEAD8 (Prop_LOOKAHEAD8_CIN_COUTB)
                                                      0.051     2.948 r  i_scheduler_core/i_round_engine/minimum_q_reg[9]_bret__4_i_13/COUTB
                         net (fo=15, unplaced)        0.341     3.289    i_scheduler_core/i_round_engine/i_target_s4pf/offset_value3
                         LUT6 (Prop_LUT6_I1_O)        0.088     3.377 f  i_scheduler_core/i_round_engine/i_target_s4pf/minimum_q[4]_bret__4_i_8/O
                         net (fo=9, unplaced)         0.176     3.553    i_scheduler_core/i_round_engine/i_target_s4pf/FSM_sequential_st_q_reg[3]_2
                         LUT5 (Prop_LUT5_I3_O)        0.051     3.604 r  i_scheduler_core/i_round_engine/i_target_s4pf/minimum_q[0]_bret__4_i_9/O
                         net (fo=4, unplaced)         0.157     3.761    i_scheduler_core/i_round_engine/i_target_s4pf/minimum_q[2]_bret__4_i_12_0
                         LUT6 (Prop_LUT6_I5_O)        0.051     3.812 f  i_scheduler_core/i_round_engine/i_target_s4pf/minimum_q[1]_bret__4_i_11/O
                         net (fo=1, unplaced)         0.210     4.022    i_scheduler_core/i_round_engine/i_target_s4pf/minimum_q[1]_bret__4_i_11_n_0
                         LUT6 (Prop_LUT6_I2_O)        0.088     4.110 r  i_scheduler_core/i_round_engine/i_target_s4pf/minimum_q[1]_bret__4_i_5/O
                         net (fo=2, unplaced)         0.236     4.346    i_scheduler_core/i_round_engine/i_start_iter/minimum_q_reg[1]_bret__4_i_3/I1
                         LUTCY1 (Prop_LUTCY1_I1_PROP)
                                                      0.117     4.463 r  i_scheduler_core/i_round_engine/i_start_iter/minimum_q_reg[1]_bret__4_i_3/LUTCY1_INST/PROP
                         net (fo=1, unplaced)         0.002     4.465    i_scheduler_core/i_round_engine/i_start_iter/minimum_q_reg[1]_bret__4_i_3_n_3
                         LOOKAHEAD8 (Prop_LOOKAHEAD8_PROPB_COUTH)
                                                      0.177     4.642 r  i_scheduler_core/i_round_engine/i_start_iter/minimum_q_reg[8]_bret__4_i_6/COUTH
                         net (fo=3, unplaced)         0.198     4.840    i_scheduler_core/i_round_engine/i_start_iter/minimum_q_reg[8]_bret__4_i_3/I4
                         LUTCY2 (Prop_LUTCY2_I4_O)    0.051     4.891 r  i_scheduler_core/i_round_engine/i_start_iter/minimum_q_reg[8]_bret__4_i_3/LUTCY2_INST/O
                         net (fo=3, unplaced)         0.016     4.907    i_scheduler_core/i_round_engine/i_start_iter/minimum_q_reg[9]_bret__4_i_3/I4
                         LUTCY1 (Prop_LUTCY1_I4_O)    0.055     4.962 r  i_scheduler_core/i_round_engine/i_start_iter/minimum_q_reg[9]_bret__4_i_3/LUTCY1_INST/O
                         net (fo=9, unplaced)         0.340     5.302    i_scheduler_core/i_round_engine/i_start_iter/minimum_valid_q_reg_bret__4_i_28/I1
                         LUTCY1 (Prop_LUTCY1_I1_PROP)
                                                      0.117     5.419 r  i_scheduler_core/i_round_engine/i_start_iter/minimum_valid_q_reg_bret__4_i_28/LUTCY1_INST/PROP
                         net (fo=1, unplaced)         0.002     5.421    i_scheduler_core/i_round_engine/i_start_iter/minimum_valid_q_reg_bret__4_i_28_n_3
                         LOOKAHEAD8 (Prop_LOOKAHEAD8_PROPE_COUTH)
                                                      0.130     5.551 r  i_scheduler_core/i_round_engine/i_start_iter/minimum_valid_q_reg_bret__4_i_5/COUTH
                         net (fo=2, unplaced)         0.277     5.828    i_scheduler_core/i_round_engine/i_start_iter/source_valid1
                         LUT6 (Prop_LUT6_I4_O)        0.051     5.879 r  i_scheduler_core/i_round_engine/i_start_iter/minimum_valid_q_bret__4_i_1/O
                         net (fo=5, unplaced)         0.163     6.042    i_scheduler_core/i_round_engine/i_start_iter/minimum_valid_q_bret__4_i_1_n_0
                         LUT6 (Prop_LUT6_I5_O)        0.051     6.093 r  i_scheduler_core/i_round_engine/i_start_iter/previous_q[2]_i_1/O
                         net (fo=36, unplaced)        0.265     6.358    i_scheduler_core/i_round_engine/i_start_iter/previous_q[2]_i_1_n_0
                         FDCE                                         r  i_scheduler_core/i_round_engine/i_start_iter/previous_q_reg[5]_bret__3/CE
  -------------------------------------------------------------------    -------------------

                         (clock scheduler_clk rise edge)
                                                      5.000     5.000 r  
                                                      0.000     5.000 r  clk_i (IN)
                         net (fo=1936, unset)         0.080     5.080    i_scheduler_core/i_round_engine/i_start_iter/clk_i
                         FDCE                                         r  i_scheduler_core/i_round_engine/i_start_iter/previous_q_reg[5]_bret__3/C
                         clock pessimism              0.000     5.080    
                         clock uncertainty           -0.300     4.780    
                         FDCE (Setup_FDCE_C_CE)      -0.087     4.693    i_scheduler_core/i_round_engine/i_start_iter/previous_q_reg[5]_bret__3
  -------------------------------------------------------------------
                         required time                          4.693    
                         arrival time                          -6.358    
  -------------------------------------------------------------------
                         slack                                 -1.665    

Slack (VIOLATED) :        -1.665ns  (required time - arrival time)
  Source:                 i_scheduler_core/i_round_engine/FSM_onehot_st_q_reg[13]/C
                            (rising edge-triggered cell FDCE clocked by scheduler_clk  {rise@0.000ns fall@2.500ns period=5.000ns})
  Destination:            i_scheduler_core/i_round_engine/i_start_iter/previous_q_reg[6]_bret__0/CE
                            (rising edge-triggered cell FDCE clocked by scheduler_clk  {rise@0.000ns fall@2.500ns period=5.000ns})
  Path Group:             scheduler_clk
  Path Type:              Setup (Max at Slow Process Corner)
  Requirement:            5.000ns  (scheduler_clk rise@5.000ns - scheduler_clk rise@0.000ns)
  Data Path Delay:        6.238ns  (logic 1.938ns (31.068%)  route 4.300ns (68.932%))
  Logic Levels:           22  (LOOKAHEAD8=4 LUT5=2 LUT6=11 LUTCY1=4 LUTCY2=1)
  Clock Path Skew:        -0.040ns (DCD - SCD + CPR)
    Destination Clock Delay (DCD):    0.080ns = ( 5.080 - 5.000 ) 
    Source Clock Delay      (SCD):    0.120ns
    Clock Pessimism Removal (CPR):    0.000ns
  Clock Uncertainty:      0.300ns  (CJ)/2 + PE + PJ
    Clock Jitter             (CJ):    0.600ns
    Phase Error              (PE):    0.000ns
    Phase Jitter             (PJ):    0.000ns

    Location             Delay type                Incr(ns)  Path(ns)    Netlist Resource(s)
  -------------------------------------------------------------------    -------------------
                         (clock scheduler_clk rise edge)
                                                      0.000     0.000 r  
                                                      0.000     0.000 r  clk_i (IN)
                         net (fo=1936, unset)         0.120     0.120    i_scheduler_core/i_round_engine/clk_i
                         FDCE                                         r  i_scheduler_core/i_round_engine/FSM_onehot_st_q_reg[13]/C
  -------------------------------------------------------------------    -------------------
                         FDCE (Prop_FDCE_C_Q)         0.090     0.210 r  i_scheduler_core/i_round_engine/FSM_onehot_st_q_reg[13]/Q
                         net (fo=113, unplaced)       0.341     0.551    i_scheduler_core/i_round_engine/i_start_iter/c2_endpoint_q[task_end][9]_bret__4_bret__1_i_3[12]
                         LUT6 (Prop_LUT6_I1_O)        0.088     0.639 r  i_scheduler_core/i_round_engine/i_start_iter/g0_b0_i_11/O
                         net (fo=7, unplaced)         0.235     0.874    i_scheduler_core/i_round_engine/i_start_iter/FSM_onehot_st_q_reg[3]_2
                         LUT6 (Prop_LUT6_I2_O)        0.088     0.962 r  i_scheduler_core/i_round_engine/i_start_iter/g0_b0_i_6/O
                         net (fo=10, unplaced)        0.178     1.140    i_scheduler_core/i_round_engine/i_start_iter/FSM_onehot_st_q_reg[13]
                         LUT6 (Prop_LUT6_I5_O)        0.051     1.191 r  i_scheduler_core/i_round_engine/i_start_iter/c2_endpoint_q[task_end][1]_bret__6_bret__30_bret__1_i_6/O
                         net (fo=69, unplaced)        0.222     1.413    i_scheduler_core/i_round_engine/i_bound_score/commit_task_q_reg[1][tok_start][4]_0
                         LUT5 (Prop_LUT5_I3_O)        0.082     1.495 r  i_scheduler_core/i_round_engine/i_bound_score/commit_task_q[1][tok_start][7]_i_5/O
                         net (fo=39, unplaced)        0.274     1.769    i_scheduler_core/i_round_engine/i_transition_eval/commit_task_q_reg[1][tok_start][4][1]
                         LUT6 (Prop_LUT6_I2_O)        0.088     1.857 f  i_scheduler_core/i_round_engine/i_transition_eval/commit_task_q[1][tok_start][1]_i_3/O
                         net (fo=3, unplaced)         0.134     1.991    i_scheduler_core/i_round_engine/i_bound_score/c2_endpoint_q_reg[task_end][1]_bret__6_bret__32
                         LUT6 (Prop_LUT6_I0_O)        0.074     2.065 f  i_scheduler_core/i_round_engine/i_bound_score/c2_endpoint_q[task_end][1]_bret__6_bret__32_i_4/O
                         net (fo=54, unplaced)        0.281     2.346    i_scheduler_core/i_round_engine/i_start_iter/p_1_in[1]
                         LUT6 (Prop_LUT6_I2_O)        0.088     2.434 r  i_scheduler_core/i_round_engine/i_start_iter/minimum_q[8]_bret__4_i_13/O
                         net (fo=13, unplaced)        0.249     2.683    i_scheduler_core/i_round_engine/minimum_q_reg[9]_bret__4_i_28/I2
                         LUTCY1 (Prop_LUTCY1_I2_PROP)
                                                      0.082     2.765 r  i_scheduler_core/i_round_engine/minimum_q_reg[9]_bret__4_i_28/LUTCY1_INST/PROP
                         net (fo=1, unplaced)         0.001     2.766    i_scheduler_core/i_round_engine/minimum_q_reg[9]_bret__4_i_28_n_3
                         LOOKAHEAD8 (Prop_LOOKAHEAD8_PROPH_COUTH)
                                                      0.129     2.895 r  i_scheduler_core/i_round_engine/minimum_q_reg[9]_bret__4_i_17/COUTH
                         net (fo=3, unplaced)         0.002     2.897    i_scheduler_core/i_round_engine/minimum_q_reg[9]_bret__4_i_17_n_3
                         LOOKAHEAD8 (Prop_LOOKAHEAD8_CIN_COUTB)
                                                      0.051     2.948 r  i_scheduler_core/i_round_engine/minimum_q_reg[9]_bret__4_i_13/COUTB
                         net (fo=15, unplaced)        0.341     3.289    i_scheduler_core/i_round_engine/i_target_s4pf/offset_value3
                         LUT6 (Prop_LUT6_I1_O)        0.088     3.377 f  i_scheduler_core/i_round_engine/i_target_s4pf/minimum_q[4]_bret__4_i_8/O
                         net (fo=9, unplaced)         0.176     3.553    i_scheduler_core/i_round_engine/i_target_s4pf/FSM_sequential_st_q_reg[3]_2
                         LUT5 (Prop_LUT5_I3_O)        0.051     3.604 r  i_scheduler_core/i_round_engine/i_target_s4pf/minimum_q[0]_bret__4_i_9/O
                         net (fo=4, unplaced)         0.157     3.761    i_scheduler_core/i_round_engine/i_target_s4pf/minimum_q[2]_bret__4_i_12_0
                         LUT6 (Prop_LUT6_I5_O)        0.051     3.812 f  i_scheduler_core/i_round_engine/i_target_s4pf/minimum_q[1]_bret__4_i_11/O
                         net (fo=1, unplaced)         0.210     4.022    i_scheduler_core/i_round_engine/i_target_s4pf/minimum_q[1]_bret__4_i_11_n_0
                         LUT6 (Prop_LUT6_I2_O)        0.088     4.110 r  i_scheduler_core/i_round_engine/i_target_s4pf/minimum_q[1]_bret__4_i_5/O
                         net (fo=2, unplaced)         0.236     4.346    i_scheduler_core/i_round_engine/i_start_iter/minimum_q_reg[1]_bret__4_i_3/I1
                         LUTCY1 (Prop_LUTCY1_I1_PROP)
                                                      0.117     4.463 r  i_scheduler_core/i_round_engine/i_start_iter/minimum_q_reg[1]_bret__4_i_3/LUTCY1_INST/PROP
                         net (fo=1, unplaced)         0.002     4.465    i_scheduler_core/i_round_engine/i_start_iter/minimum_q_reg[1]_bret__4_i_3_n_3
                         LOOKAHEAD8 (Prop_LOOKAHEAD8_PROPB_COUTH)
                                                      0.177     4.642 r  i_scheduler_core/i_round_engine/i_start_iter/minimum_q_reg[8]_bret__4_i_6/COUTH
                         net (fo=3, unplaced)         0.198     4.840    i_scheduler_core/i_round_engine/i_start_iter/minimum_q_reg[8]_bret__4_i_3/I4
                         LUTCY2 (Prop_LUTCY2_I4_O)    0.051     4.891 r  i_scheduler_core/i_round_engine/i_start_iter/minimum_q_reg[8]_bret__4_i_3/LUTCY2_INST/O
                         net (fo=3, unplaced)         0.016     4.907    i_scheduler_core/i_round_engine/i_start_iter/minimum_q_reg[9]_bret__4_i_3/I4
                         LUTCY1 (Prop_LUTCY1_I4_O)    0.055     4.962 r  i_scheduler_core/i_round_engine/i_start_iter/minimum_q_reg[9]_bret__4_i_3/LUTCY1_INST/O
                         net (fo=9, unplaced)         0.340     5.302    i_scheduler_core/i_round_engine/i_start_iter/minimum_valid_q_reg_bret__4_i_28/I1
                         LUTCY1 (Prop_LUTCY1_I1_PROP)
                                                      0.117     5.419 r  i_scheduler_core/i_round_engine/i_start_iter/minimum_valid_q_reg_bret__4_i_28/LUTCY1_INST/PROP
                         net (fo=1, unplaced)         0.002     5.421    i_scheduler_core/i_round_engine/i_start_iter/minimum_valid_q_reg_bret__4_i_28_n_3
                         LOOKAHEAD8 (Prop_LOOKAHEAD8_PROPE_COUTH)
                                                      0.130     5.551 r  i_scheduler_core/i_round_engine/i_start_iter/minimum_valid_q_reg_bret__4_i_5/COUTH
                         net (fo=2, unplaced)         0.277     5.828    i_scheduler_core/i_round_engine/i_start_iter/source_valid1
                         LUT6 (Prop_LUT6_I4_O)        0.051     5.879 r  i_scheduler_core/i_round_engine/i_start_iter/minimum_valid_q_bret__4_i_1/O
                         net (fo=5, unplaced)         0.163     6.042    i_scheduler_core/i_round_engine/i_start_iter/minimum_valid_q_bret__4_i_1_n_0
                         LUT6 (Prop_LUT6_I5_O)        0.051     6.093 r  i_scheduler_core/i_round_engine/i_start_iter/previous_q[2]_i_1/O
                         net (fo=36, unplaced)        0.265     6.358    i_scheduler_core/i_round_engine/i_start_iter/previous_q[2]_i_1_n_0
                         FDCE                                         r  i_scheduler_core/i_round_engine/i_start_iter/previous_q_reg[6]_bret__0/CE
  -------------------------------------------------------------------    -------------------

                         (clock scheduler_clk rise edge)
                                                      5.000     5.000 r  
                                                      0.000     5.000 r  clk_i (IN)
                         net (fo=1936, unset)         0.080     5.080    i_scheduler_core/i_round_engine/i_start_iter/clk_i
                         FDCE                                         r  i_scheduler_core/i_round_engine/i_start_iter/previous_q_reg[6]_bret__0/C
                         clock pessimism              0.000     5.080    
                         clock uncertainty           -0.300     4.780    
                         FDCE (Setup_FDCE_C_CE)      -0.087     4.693    i_scheduler_core/i_round_engine/i_start_iter/previous_q_reg[6]_bret__0
  -------------------------------------------------------------------
                         required time                          4.693    
                         arrival time                          -6.358    
  -------------------------------------------------------------------
                         slack                                 -1.665    

Slack (VIOLATED) :        -1.665ns  (required time - arrival time)
  Source:                 i_scheduler_core/i_round_engine/FSM_onehot_st_q_reg[13]/C
                            (rising edge-triggered cell FDCE clocked by scheduler_clk  {rise@0.000ns fall@2.500ns period=5.000ns})
  Destination:            i_scheduler_core/i_round_engine/i_start_iter/previous_q_reg[6]_bret__3/CE
                            (rising edge-triggered cell FDCE clocked by scheduler_clk  {rise@0.000ns fall@2.500ns period=5.000ns})
  Path Group:             scheduler_clk
  Path Type:              Setup (Max at Slow Process Corner)
  Requirement:            5.000ns  (scheduler_clk rise@5.000ns - scheduler_clk rise@0.000ns)
  Data Path Delay:        6.238ns  (logic 1.938ns (31.068%)  route 4.300ns (68.932%))
  Logic Levels:           22  (LOOKAHEAD8=4 LUT5=2 LUT6=11 LUTCY1=4 LUTCY2=1)
  Clock Path Skew:        -0.040ns (DCD - SCD + CPR)
    Destination Clock Delay (DCD):    0.080ns = ( 5.080 - 5.000 ) 
    Source Clock Delay      (SCD):    0.120ns
    Clock Pessimism Removal (CPR):    0.000ns
  Clock Uncertainty:      0.300ns  (CJ)/2 + PE + PJ
    Clock Jitter             (CJ):    0.600ns
    Phase Error              (PE):    0.000ns
    Phase Jitter             (PJ):    0.000ns

    Location             Delay type                Incr(ns)  Path(ns)    Netlist Resource(s)
  -------------------------------------------------------------------    -------------------
                         (clock scheduler_clk rise edge)
                                                      0.000     0.000 r  
                                                      0.000     0.000 r  clk_i (IN)
                         net (fo=1936, unset)         0.120     0.120    i_scheduler_core/i_round_engine/clk_i
                         FDCE                                         r  i_scheduler_core/i_round_engine/FSM_onehot_st_q_reg[13]/C
  -------------------------------------------------------------------    -------------------
                         FDCE (Prop_FDCE_C_Q)         0.090     0.210 r  i_scheduler_core/i_round_engine/FSM_onehot_st_q_reg[13]/Q
                         net (fo=113, unplaced)       0.341     0.551    i_scheduler_core/i_round_engine/i_start_iter/c2_endpoint_q[task_end][9]_bret__4_bret__1_i_3[12]
                         LUT6 (Prop_LUT6_I1_O)        0.088     0.639 r  i_scheduler_core/i_round_engine/i_start_iter/g0_b0_i_11/O
                         net (fo=7, unplaced)         0.235     0.874    i_scheduler_core/i_round_engine/i_start_iter/FSM_onehot_st_q_reg[3]_2
                         LUT6 (Prop_LUT6_I2_O)        0.088     0.962 r  i_scheduler_core/i_round_engine/i_start_iter/g0_b0_i_6/O
                         net (fo=10, unplaced)        0.178     1.140    i_scheduler_core/i_round_engine/i_start_iter/FSM_onehot_st_q_reg[13]
                         LUT6 (Prop_LUT6_I5_O)        0.051     1.191 r  i_scheduler_core/i_round_engine/i_start_iter/c2_endpoint_q[task_end][1]_bret__6_bret__30_bret__1_i_6/O
                         net (fo=69, unplaced)        0.222     1.413    i_scheduler_core/i_round_engine/i_bound_score/commit_task_q_reg[1][tok_start][4]_0
                         LUT5 (Prop_LUT5_I3_O)        0.082     1.495 r  i_scheduler_core/i_round_engine/i_bound_score/commit_task_q[1][tok_start][7]_i_5/O
                         net (fo=39, unplaced)        0.274     1.769    i_scheduler_core/i_round_engine/i_transition_eval/commit_task_q_reg[1][tok_start][4][1]
                         LUT6 (Prop_LUT6_I2_O)        0.088     1.857 f  i_scheduler_core/i_round_engine/i_transition_eval/commit_task_q[1][tok_start][1]_i_3/O
                         net (fo=3, unplaced)         0.134     1.991    i_scheduler_core/i_round_engine/i_bound_score/c2_endpoint_q_reg[task_end][1]_bret__6_bret__32
                         LUT6 (Prop_LUT6_I0_O)        0.074     2.065 f  i_scheduler_core/i_round_engine/i_bound_score/c2_endpoint_q[task_end][1]_bret__6_bret__32_i_4/O
                         net (fo=54, unplaced)        0.281     2.346    i_scheduler_core/i_round_engine/i_start_iter/p_1_in[1]
                         LUT6 (Prop_LUT6_I2_O)        0.088     2.434 r  i_scheduler_core/i_round_engine/i_start_iter/minimum_q[8]_bret__4_i_13/O
                         net (fo=13, unplaced)        0.249     2.683    i_scheduler_core/i_round_engine/minimum_q_reg[9]_bret__4_i_28/I2
                         LUTCY1 (Prop_LUTCY1_I2_PROP)
                                                      0.082     2.765 r  i_scheduler_core/i_round_engine/minimum_q_reg[9]_bret__4_i_28/LUTCY1_INST/PROP
                         net (fo=1, unplaced)         0.001     2.766    i_scheduler_core/i_round_engine/minimum_q_reg[9]_bret__4_i_28_n_3
                         LOOKAHEAD8 (Prop_LOOKAHEAD8_PROPH_COUTH)
                                                      0.129     2.895 r  i_scheduler_core/i_round_engine/minimum_q_reg[9]_bret__4_i_17/COUTH
                         net (fo=3, unplaced)         0.002     2.897    i_scheduler_core/i_round_engine/minimum_q_reg[9]_bret__4_i_17_n_3
                         LOOKAHEAD8 (Prop_LOOKAHEAD8_CIN_COUTB)
                                                      0.051     2.948 r  i_scheduler_core/i_round_engine/minimum_q_reg[9]_bret__4_i_13/COUTB
                         net (fo=15, unplaced)        0.341     3.289    i_scheduler_core/i_round_engine/i_target_s4pf/offset_value3
                         LUT6 (Prop_LUT6_I1_O)        0.088     3.377 f  i_scheduler_core/i_round_engine/i_target_s4pf/minimum_q[4]_bret__4_i_8/O
                         net (fo=9, unplaced)         0.176     3.553    i_scheduler_core/i_round_engine/i_target_s4pf/FSM_sequential_st_q_reg[3]_2
                         LUT5 (Prop_LUT5_I3_O)        0.051     3.604 r  i_scheduler_core/i_round_engine/i_target_s4pf/minimum_q[0]_bret__4_i_9/O
                         net (fo=4, unplaced)         0.157     3.761    i_scheduler_core/i_round_engine/i_target_s4pf/minimum_q[2]_bret__4_i_12_0
                         LUT6 (Prop_LUT6_I5_O)        0.051     3.812 f  i_scheduler_core/i_round_engine/i_target_s4pf/minimum_q[1]_bret__4_i_11/O
                         net (fo=1, unplaced)         0.210     4.022    i_scheduler_core/i_round_engine/i_target_s4pf/minimum_q[1]_bret__4_i_11_n_0
                         LUT6 (Prop_LUT6_I2_O)        0.088     4.110 r  i_scheduler_core/i_round_engine/i_target_s4pf/minimum_q[1]_bret__4_i_5/O
                         net (fo=2, unplaced)         0.236     4.346    i_scheduler_core/i_round_engine/i_start_iter/minimum_q_reg[1]_bret__4_i_3/I1
                         LUTCY1 (Prop_LUTCY1_I1_PROP)
                                                      0.117     4.463 r  i_scheduler_core/i_round_engine/i_start_iter/minimum_q_reg[1]_bret__4_i_3/LUTCY1_INST/PROP
                         net (fo=1, unplaced)         0.002     4.465    i_scheduler_core/i_round_engine/i_start_iter/minimum_q_reg[1]_bret__4_i_3_n_3
                         LOOKAHEAD8 (Prop_LOOKAHEAD8_PROPB_COUTH)
                                                      0.177     4.642 r  i_scheduler_core/i_round_engine/i_start_iter/minimum_q_reg[8]_bret__4_i_6/COUTH
                         net (fo=3, unplaced)         0.198     4.840    i_scheduler_core/i_round_engine/i_start_iter/minimum_q_reg[8]_bret__4_i_3/I4
                         LUTCY2 (Prop_LUTCY2_I4_O)    0.051     4.891 r  i_scheduler_core/i_round_engine/i_start_iter/minimum_q_reg[8]_bret__4_i_3/LUTCY2_INST/O
                         net (fo=3, unplaced)         0.016     4.907    i_scheduler_core/i_round_engine/i_start_iter/minimum_q_reg[9]_bret__4_i_3/I4
                         LUTCY1 (Prop_LUTCY1_I4_O)    0.055     4.962 r  i_scheduler_core/i_round_engine/i_start_iter/minimum_q_reg[9]_bret__4_i_3/LUTCY1_INST/O
                         net (fo=9, unplaced)         0.340     5.302    i_scheduler_core/i_round_engine/i_start_iter/minimum_valid_q_reg_bret__4_i_28/I1
                         LUTCY1 (Prop_LUTCY1_I1_PROP)
                                                      0.117     5.419 r  i_scheduler_core/i_round_engine/i_start_iter/minimum_valid_q_reg_bret__4_i_28/LUTCY1_INST/PROP
                         net (fo=1, unplaced)         0.002     5.421    i_scheduler_core/i_round_engine/i_start_iter/minimum_valid_q_reg_bret__4_i_28_n_3
                         LOOKAHEAD8 (Prop_LOOKAHEAD8_PROPE_COUTH)
                                                      0.130     5.551 r  i_scheduler_core/i_round_engine/i_start_iter/minimum_valid_q_reg_bret__4_i_5/COUTH
                         net (fo=2, unplaced)         0.277     5.828    i_scheduler_core/i_round_engine/i_start_iter/source_valid1
                         LUT6 (Prop_LUT6_I4_O)        0.051     5.879 r  i_scheduler_core/i_round_engine/i_start_iter/minimum_valid_q_bret__4_i_1/O
                         net (fo=5, unplaced)         0.163     6.042    i_scheduler_core/i_round_engine/i_start_iter/minimum_valid_q_bret__4_i_1_n_0
                         LUT6 (Prop_LUT6_I5_O)        0.051     6.093 r  i_scheduler_core/i_round_engine/i_start_iter/previous_q[2]_i_1/O
                         net (fo=36, unplaced)        0.265     6.358    i_scheduler_core/i_round_engine/i_start_iter/previous_q[2]_i_1_n_0
                         FDCE                                         r  i_scheduler_core/i_round_engine/i_start_iter/previous_q_reg[6]_bret__3/CE
  -------------------------------------------------------------------    -------------------

                         (clock scheduler_clk rise edge)
                                                      5.000     5.000 r  
                                                      0.000     5.000 r  clk_i (IN)
                         net (fo=1936, unset)         0.080     5.080    i_scheduler_core/i_round_engine/i_start_iter/clk_i
                         FDCE                                         r  i_scheduler_core/i_round_engine/i_start_iter/previous_q_reg[6]_bret__3/C
                         clock pessimism              0.000     5.080    
                         clock uncertainty           -0.300     4.780    
                         FDCE (Setup_FDCE_C_CE)      -0.087     4.693    i_scheduler_core/i_round_engine/i_start_iter/previous_q_reg[6]_bret__3
  -------------------------------------------------------------------
                         required time                          4.693    
                         arrival time                          -6.358    
  -------------------------------------------------------------------
                         slack                                 -1.665    

Slack (VIOLATED) :        -1.665ns  (required time - arrival time)
  Source:                 i_scheduler_core/i_round_engine/FSM_onehot_st_q_reg[13]/C
                            (rising edge-triggered cell FDCE clocked by scheduler_clk  {rise@0.000ns fall@2.500ns period=5.000ns})
  Destination:            i_scheduler_core/i_round_engine/i_start_iter/previous_q_reg[7]_bret__0/CE
                            (rising edge-triggered cell FDCE clocked by scheduler_clk  {rise@0.000ns fall@2.500ns period=5.000ns})
  Path Group:             scheduler_clk
  Path Type:              Setup (Max at Slow Process Corner)
  Requirement:            5.000ns  (scheduler_clk rise@5.000ns - scheduler_clk rise@0.000ns)
  Data Path Delay:        6.238ns  (logic 1.938ns (31.068%)  route 4.300ns (68.932%))
  Logic Levels:           22  (LOOKAHEAD8=4 LUT5=2 LUT6=11 LUTCY1=4 LUTCY2=1)
  Clock Path Skew:        -0.040ns (DCD - SCD + CPR)
    Destination Clock Delay (DCD):    0.080ns = ( 5.080 - 5.000 ) 
    Source Clock Delay      (SCD):    0.120ns
    Clock Pessimism Removal (CPR):    0.000ns
  Clock Uncertainty:      0.300ns  (CJ)/2 + PE + PJ
    Clock Jitter             (CJ):    0.600ns
    Phase Error              (PE):    0.000ns
    Phase Jitter             (PJ):    0.000ns

    Location             Delay type                Incr(ns)  Path(ns)    Netlist Resource(s)
  -------------------------------------------------------------------    -------------------
                         (clock scheduler_clk rise edge)
                                                      0.000     0.000 r  
                                                      0.000     0.000 r  clk_i (IN)
                         net (fo=1936, unset)         0.120     0.120    i_scheduler_core/i_round_engine/clk_i
                         FDCE                                         r  i_scheduler_core/i_round_engine/FSM_onehot_st_q_reg[13]/C
  -------------------------------------------------------------------    -------------------
                         FDCE (Prop_FDCE_C_Q)         0.090     0.210 r  i_scheduler_core/i_round_engine/FSM_onehot_st_q_reg[13]/Q
                         net (fo=113, unplaced)       0.341     0.551    i_scheduler_core/i_round_engine/i_start_iter/c2_endpoint_q[task_end][9]_bret__4_bret__1_i_3[12]
                         LUT6 (Prop_LUT6_I1_O)        0.088     0.639 r  i_scheduler_core/i_round_engine/i_start_iter/g0_b0_i_11/O
                         net (fo=7, unplaced)         0.235     0.874    i_scheduler_core/i_round_engine/i_start_iter/FSM_onehot_st_q_reg[3]_2
                         LUT6 (Prop_LUT6_I2_O)        0.088     0.962 r  i_scheduler_core/i_round_engine/i_start_iter/g0_b0_i_6/O
                         net (fo=10, unplaced)        0.178     1.140    i_scheduler_core/i_round_engine/i_start_iter/FSM_onehot_st_q_reg[13]
                         LUT6 (Prop_LUT6_I5_O)        0.051     1.191 r  i_scheduler_core/i_round_engine/i_start_iter/c2_endpoint_q[task_end][1]_bret__6_bret__30_bret__1_i_6/O
                         net (fo=69, unplaced)        0.222     1.413    i_scheduler_core/i_round_engine/i_bound_score/commit_task_q_reg[1][tok_start][4]_0
                         LUT5 (Prop_LUT5_I3_O)        0.082     1.495 r  i_scheduler_core/i_round_engine/i_bound_score/commit_task_q[1][tok_start][7]_i_5/O
                         net (fo=39, unplaced)        0.274     1.769    i_scheduler_core/i_round_engine/i_transition_eval/commit_task_q_reg[1][tok_start][4][1]
                         LUT6 (Prop_LUT6_I2_O)        0.088     1.857 f  i_scheduler_core/i_round_engine/i_transition_eval/commit_task_q[1][tok_start][1]_i_3/O
                         net (fo=3, unplaced)         0.134     1.991    i_scheduler_core/i_round_engine/i_bound_score/c2_endpoint_q_reg[task_end][1]_bret__6_bret__32
                         LUT6 (Prop_LUT6_I0_O)        0.074     2.065 f  i_scheduler_core/i_round_engine/i_bound_score/c2_endpoint_q[task_end][1]_bret__6_bret__32_i_4/O
                         net (fo=54, unplaced)        0.281     2.346    i_scheduler_core/i_round_engine/i_start_iter/p_1_in[1]
                         LUT6 (Prop_LUT6_I2_O)        0.088     2.434 r  i_scheduler_core/i_round_engine/i_start_iter/minimum_q[8]_bret__4_i_13/O
                         net (fo=13, unplaced)        0.249     2.683    i_scheduler_core/i_round_engine/minimum_q_reg[9]_bret__4_i_28/I2
                         LUTCY1 (Prop_LUTCY1_I2_PROP)
                                                      0.082     2.765 r  i_scheduler_core/i_round_engine/minimum_q_reg[9]_bret__4_i_28/LUTCY1_INST/PROP
                         net (fo=1, unplaced)         0.001     2.766    i_scheduler_core/i_round_engine/minimum_q_reg[9]_bret__4_i_28_n_3
                         LOOKAHEAD8 (Prop_LOOKAHEAD8_PROPH_COUTH)
                                                      0.129     2.895 r  i_scheduler_core/i_round_engine/minimum_q_reg[9]_bret__4_i_17/COUTH
                         net (fo=3, unplaced)         0.002     2.897    i_scheduler_core/i_round_engine/minimum_q_reg[9]_bret__4_i_17_n_3
                         LOOKAHEAD8 (Prop_LOOKAHEAD8_CIN_COUTB)
                                                      0.051     2.948 r  i_scheduler_core/i_round_engine/minimum_q_reg[9]_bret__4_i_13/COUTB
                         net (fo=15, unplaced)        0.341     3.289    i_scheduler_core/i_round_engine/i_target_s4pf/offset_value3
                         LUT6 (Prop_LUT6_I1_O)        0.088     3.377 f  i_scheduler_core/i_round_engine/i_target_s4pf/minimum_q[4]_bret__4_i_8/O
                         net (fo=9, unplaced)         0.176     3.553    i_scheduler_core/i_round_engine/i_target_s4pf/FSM_sequential_st_q_reg[3]_2
                         LUT5 (Prop_LUT5_I3_O)        0.051     3.604 r  i_scheduler_core/i_round_engine/i_target_s4pf/minimum_q[0]_bret__4_i_9/O
                         net (fo=4, unplaced)         0.157     3.761    i_scheduler_core/i_round_engine/i_target_s4pf/minimum_q[2]_bret__4_i_12_0
                         LUT6 (Prop_LUT6_I5_O)        0.051     3.812 f  i_scheduler_core/i_round_engine/i_target_s4pf/minimum_q[1]_bret__4_i_11/O
                         net (fo=1, unplaced)         0.210     4.022    i_scheduler_core/i_round_engine/i_target_s4pf/minimum_q[1]_bret__4_i_11_n_0
                         LUT6 (Prop_LUT6_I2_O)        0.088     4.110 r  i_scheduler_core/i_round_engine/i_target_s4pf/minimum_q[1]_bret__4_i_5/O
                         net (fo=2, unplaced)         0.236     4.346    i_scheduler_core/i_round_engine/i_start_iter/minimum_q_reg[1]_bret__4_i_3/I1
                         LUTCY1 (Prop_LUTCY1_I1_PROP)
                                                      0.117     4.463 r  i_scheduler_core/i_round_engine/i_start_iter/minimum_q_reg[1]_bret__4_i_3/LUTCY1_INST/PROP
                         net (fo=1, unplaced)         0.002     4.465    i_scheduler_core/i_round_engine/i_start_iter/minimum_q_reg[1]_bret__4_i_3_n_3
                         LOOKAHEAD8 (Prop_LOOKAHEAD8_PROPB_COUTH)
                                                      0.177     4.642 r  i_scheduler_core/i_round_engine/i_start_iter/minimum_q_reg[8]_bret__4_i_6/COUTH
                         net (fo=3, unplaced)         0.198     4.840    i_scheduler_core/i_round_engine/i_start_iter/minimum_q_reg[8]_bret__4_i_3/I4
                         LUTCY2 (Prop_LUTCY2_I4_O)    0.051     4.891 r  i_scheduler_core/i_round_engine/i_start_iter/minimum_q_reg[8]_bret__4_i_3/LUTCY2_INST/O
                         net (fo=3, unplaced)         0.016     4.907    i_scheduler_core/i_round_engine/i_start_iter/minimum_q_reg[9]_bret__4_i_3/I4
                         LUTCY1 (Prop_LUTCY1_I4_O)    0.055     4.962 r  i_scheduler_core/i_round_engine/i_start_iter/minimum_q_reg[9]_bret__4_i_3/LUTCY1_INST/O
                         net (fo=9, unplaced)         0.340     5.302    i_scheduler_core/i_round_engine/i_start_iter/minimum_valid_q_reg_bret__4_i_28/I1
                         LUTCY1 (Prop_LUTCY1_I1_PROP)
                                                      0.117     5.419 r  i_scheduler_core/i_round_engine/i_start_iter/minimum_valid_q_reg_bret__4_i_28/LUTCY1_INST/PROP
                         net (fo=1, unplaced)         0.002     5.421    i_scheduler_core/i_round_engine/i_start_iter/minimum_valid_q_reg_bret__4_i_28_n_3
                         LOOKAHEAD8 (Prop_LOOKAHEAD8_PROPE_COUTH)
                                                      0.130     5.551 r  i_scheduler_core/i_round_engine/i_start_iter/minimum_valid_q_reg_bret__4_i_5/COUTH
                         net (fo=2, unplaced)         0.277     5.828    i_scheduler_core/i_round_engine/i_start_iter/source_valid1
                         LUT6 (Prop_LUT6_I4_O)        0.051     5.879 r  i_scheduler_core/i_round_engine/i_start_iter/minimum_valid_q_bret__4_i_1/O
                         net (fo=5, unplaced)         0.163     6.042    i_scheduler_core/i_round_engine/i_start_iter/minimum_valid_q_bret__4_i_1_n_0
                         LUT6 (Prop_LUT6_I5_O)        0.051     6.093 r  i_scheduler_core/i_round_engine/i_start_iter/previous_q[2]_i_1/O
                         net (fo=36, unplaced)        0.265     6.358    i_scheduler_core/i_round_engine/i_start_iter/previous_q[2]_i_1_n_0
                         FDCE                                         r  i_scheduler_core/i_round_engine/i_start_iter/previous_q_reg[7]_bret__0/CE
  -------------------------------------------------------------------    -------------------

                         (clock scheduler_clk rise edge)
                                                      5.000     5.000 r  
                                                      0.000     5.000 r  clk_i (IN)
                         net (fo=1936, unset)         0.080     5.080    i_scheduler_core/i_round_engine/i_start_iter/clk_i
                         FDCE                                         r  i_scheduler_core/i_round_engine/i_start_iter/previous_q_reg[7]_bret__0/C
                         clock pessimism              0.000     5.080    
                         clock uncertainty           -0.300     4.780    
                         FDCE (Setup_FDCE_C_CE)      -0.087     4.693    i_scheduler_core/i_round_engine/i_start_iter/previous_q_reg[7]_bret__0
  -------------------------------------------------------------------
                         required time                          4.693    
                         arrival time                          -6.358    
  -------------------------------------------------------------------
                         slack                                 -1.665    

Slack (VIOLATED) :        -1.665ns  (required time - arrival time)
  Source:                 i_scheduler_core/i_round_engine/FSM_onehot_st_q_reg[13]/C
                            (rising edge-triggered cell FDCE clocked by scheduler_clk  {rise@0.000ns fall@2.500ns period=5.000ns})
  Destination:            i_scheduler_core/i_round_engine/i_start_iter/previous_q_reg[7]_bret__1/CE
                            (rising edge-triggered cell FDCE clocked by scheduler_clk  {rise@0.000ns fall@2.500ns period=5.000ns})
  Path Group:             scheduler_clk
  Path Type:              Setup (Max at Slow Process Corner)
  Requirement:            5.000ns  (scheduler_clk rise@5.000ns - scheduler_clk rise@0.000ns)
  Data Path Delay:        6.238ns  (logic 1.938ns (31.068%)  route 4.300ns (68.932%))
  Logic Levels:           22  (LOOKAHEAD8=4 LUT5=2 LUT6=11 LUTCY1=4 LUTCY2=1)
  Clock Path Skew:        -0.040ns (DCD - SCD + CPR)
    Destination Clock Delay (DCD):    0.080ns = ( 5.080 - 5.000 ) 
    Source Clock Delay      (SCD):    0.120ns
    Clock Pessimism Removal (CPR):    0.000ns
  Clock Uncertainty:      0.300ns  (CJ)/2 + PE + PJ
    Clock Jitter             (CJ):    0.600ns
    Phase Error              (PE):    0.000ns
    Phase Jitter             (PJ):    0.000ns

    Location             Delay type                Incr(ns)  Path(ns)    Netlist Resource(s)
  -------------------------------------------------------------------    -------------------
                         (clock scheduler_clk rise edge)
                                                      0.000     0.000 r  
                                                      0.000     0.000 r  clk_i (IN)
                         net (fo=1936, unset)         0.120     0.120    i_scheduler_core/i_round_engine/clk_i
                         FDCE                                         r  i_scheduler_core/i_round_engine/FSM_onehot_st_q_reg[13]/C
  -------------------------------------------------------------------    -------------------
                         FDCE (Prop_FDCE_C_Q)         0.090     0.210 r  i_scheduler_core/i_round_engine/FSM_onehot_st_q_reg[13]/Q
                         net (fo=113, unplaced)       0.341     0.551    i_scheduler_core/i_round_engine/i_start_iter/c2_endpoint_q[task_end][9]_bret__4_bret__1_i_3[12]
                         LUT6 (Prop_LUT6_I1_O)        0.088     0.639 r  i_scheduler_core/i_round_engine/i_start_iter/g0_b0_i_11/O
                         net (fo=7, unplaced)         0.235     0.874    i_scheduler_core/i_round_engine/i_start_iter/FSM_onehot_st_q_reg[3]_2
                         LUT6 (Prop_LUT6_I2_O)        0.088     0.962 r  i_scheduler_core/i_round_engine/i_start_iter/g0_b0_i_6/O
                         net (fo=10, unplaced)        0.178     1.140    i_scheduler_core/i_round_engine/i_start_iter/FSM_onehot_st_q_reg[13]
                         LUT6 (Prop_LUT6_I5_O)        0.051     1.191 r  i_scheduler_core/i_round_engine/i_start_iter/c2_endpoint_q[task_end][1]_bret__6_bret__30_bret__1_i_6/O
                         net (fo=69, unplaced)        0.222     1.413    i_scheduler_core/i_round_engine/i_bound_score/commit_task_q_reg[1][tok_start][4]_0
                         LUT5 (Prop_LUT5_I3_O)        0.082     1.495 r  i_scheduler_core/i_round_engine/i_bound_score/commit_task_q[1][tok_start][7]_i_5/O
                         net (fo=39, unplaced)        0.274     1.769    i_scheduler_core/i_round_engine/i_transition_eval/commit_task_q_reg[1][tok_start][4][1]
                         LUT6 (Prop_LUT6_I2_O)        0.088     1.857 f  i_scheduler_core/i_round_engine/i_transition_eval/commit_task_q[1][tok_start][1]_i_3/O
                         net (fo=3, unplaced)         0.134     1.991    i_scheduler_core/i_round_engine/i_bound_score/c2_endpoint_q_reg[task_end][1]_bret__6_bret__32
                         LUT6 (Prop_LUT6_I0_O)        0.074     2.065 f  i_scheduler_core/i_round_engine/i_bound_score/c2_endpoint_q[task_end][1]_bret__6_bret__32_i_4/O
                         net (fo=54, unplaced)        0.281     2.346    i_scheduler_core/i_round_engine/i_start_iter/p_1_in[1]
                         LUT6 (Prop_LUT6_I2_O)        0.088     2.434 r  i_scheduler_core/i_round_engine/i_start_iter/minimum_q[8]_bret__4_i_13/O
                         net (fo=13, unplaced)        0.249     2.683    i_scheduler_core/i_round_engine/minimum_q_reg[9]_bret__4_i_28/I2
                         LUTCY1 (Prop_LUTCY1_I2_PROP)
                                                      0.082     2.765 r  i_scheduler_core/i_round_engine/minimum_q_reg[9]_bret__4_i_28/LUTCY1_INST/PROP
                         net (fo=1, unplaced)         0.001     2.766    i_scheduler_core/i_round_engine/minimum_q_reg[9]_bret__4_i_28_n_3
                         LOOKAHEAD8 (Prop_LOOKAHEAD8_PROPH_COUTH)
                                                      0.129     2.895 r  i_scheduler_core/i_round_engine/minimum_q_reg[9]_bret__4_i_17/COUTH
                         net (fo=3, unplaced)         0.002     2.897    i_scheduler_core/i_round_engine/minimum_q_reg[9]_bret__4_i_17_n_3
                         LOOKAHEAD8 (Prop_LOOKAHEAD8_CIN_COUTB)
                                                      0.051     2.948 r  i_scheduler_core/i_round_engine/minimum_q_reg[9]_bret__4_i_13/COUTB
                         net (fo=15, unplaced)        0.341     3.289    i_scheduler_core/i_round_engine/i_target_s4pf/offset_value3
                         LUT6 (Prop_LUT6_I1_O)        0.088     3.377 f  i_scheduler_core/i_round_engine/i_target_s4pf/minimum_q[4]_bret__4_i_8/O
                         net (fo=9, unplaced)         0.176     3.553    i_scheduler_core/i_round_engine/i_target_s4pf/FSM_sequential_st_q_reg[3]_2
                         LUT5 (Prop_LUT5_I3_O)        0.051     3.604 r  i_scheduler_core/i_round_engine/i_target_s4pf/minimum_q[0]_bret__4_i_9/O
                         net (fo=4, unplaced)         0.157     3.761    i_scheduler_core/i_round_engine/i_target_s4pf/minimum_q[2]_bret__4_i_12_0
                         LUT6 (Prop_LUT6_I5_O)        0.051     3.812 f  i_scheduler_core/i_round_engine/i_target_s4pf/minimum_q[1]_bret__4_i_11/O
                         net (fo=1, unplaced)         0.210     4.022    i_scheduler_core/i_round_engine/i_target_s4pf/minimum_q[1]_bret__4_i_11_n_0
                         LUT6 (Prop_LUT6_I2_O)        0.088     4.110 r  i_scheduler_core/i_round_engine/i_target_s4pf/minimum_q[1]_bret__4_i_5/O
                         net (fo=2, unplaced)         0.236     4.346    i_scheduler_core/i_round_engine/i_start_iter/minimum_q_reg[1]_bret__4_i_3/I1
                         LUTCY1 (Prop_LUTCY1_I1_PROP)
                                                      0.117     4.463 r  i_scheduler_core/i_round_engine/i_start_iter/minimum_q_reg[1]_bret__4_i_3/LUTCY1_INST/PROP
                         net (fo=1, unplaced)         0.002     4.465    i_scheduler_core/i_round_engine/i_start_iter/minimum_q_reg[1]_bret__4_i_3_n_3
                         LOOKAHEAD8 (Prop_LOOKAHEAD8_PROPB_COUTH)
                                                      0.177     4.642 r  i_scheduler_core/i_round_engine/i_start_iter/minimum_q_reg[8]_bret__4_i_6/COUTH
                         net (fo=3, unplaced)         0.198     4.840    i_scheduler_core/i_round_engine/i_start_iter/minimum_q_reg[8]_bret__4_i_3/I4
                         LUTCY2 (Prop_LUTCY2_I4_O)    0.051     4.891 r  i_scheduler_core/i_round_engine/i_start_iter/minimum_q_reg[8]_bret__4_i_3/LUTCY2_INST/O
                         net (fo=3, unplaced)         0.016     4.907    i_scheduler_core/i_round_engine/i_start_iter/minimum_q_reg[9]_bret__4_i_3/I4
                         LUTCY1 (Prop_LUTCY1_I4_O)    0.055     4.962 r  i_scheduler_core/i_round_engine/i_start_iter/minimum_q_reg[9]_bret__4_i_3/LUTCY1_INST/O
                         net (fo=9, unplaced)         0.340     5.302    i_scheduler_core/i_round_engine/i_start_iter/minimum_valid_q_reg_bret__4_i_28/I1
                         LUTCY1 (Prop_LUTCY1_I1_PROP)
                                                      0.117     5.419 r  i_scheduler_core/i_round_engine/i_start_iter/minimum_valid_q_reg_bret__4_i_28/LUTCY1_INST/PROP
                         net (fo=1, unplaced)         0.002     5.421    i_scheduler_core/i_round_engine/i_start_iter/minimum_valid_q_reg_bret__4_i_28_n_3
                         LOOKAHEAD8 (Prop_LOOKAHEAD8_PROPE_COUTH)
                                                      0.130     5.551 r  i_scheduler_core/i_round_engine/i_start_iter/minimum_valid_q_reg_bret__4_i_5/COUTH
                         net (fo=2, unplaced)         0.277     5.828    i_scheduler_core/i_round_engine/i_start_iter/source_valid1
                         LUT6 (Prop_LUT6_I4_O)        0.051     5.879 r  i_scheduler_core/i_round_engine/i_start_iter/minimum_valid_q_bret__4_i_1/O
                         net (fo=5, unplaced)         0.163     6.042    i_scheduler_core/i_round_engine/i_start_iter/minimum_valid_q_bret__4_i_1_n_0
                         LUT6 (Prop_LUT6_I5_O)        0.051     6.093 r  i_scheduler_core/i_round_engine/i_start_iter/previous_q[2]_i_1/O
                         net (fo=36, unplaced)        0.265     6.358    i_scheduler_core/i_round_engine/i_start_iter/previous_q[2]_i_1_n_0
                         FDCE                                         r  i_scheduler_core/i_round_engine/i_start_iter/previous_q_reg[7]_bret__1/CE
  -------------------------------------------------------------------    -------------------

                         (clock scheduler_clk rise edge)
                                                      5.000     5.000 r  
                                                      0.000     5.000 r  clk_i (IN)
                         net (fo=1936, unset)         0.080     5.080    i_scheduler_core/i_round_engine/i_start_iter/clk_i
                         FDCE                                         r  i_scheduler_core/i_round_engine/i_start_iter/previous_q_reg[7]_bret__1/C
                         clock pessimism              0.000     5.080    
                         clock uncertainty           -0.300     4.780    
                         FDCE (Setup_FDCE_C_CE)      -0.087     4.693    i_scheduler_core/i_round_engine/i_start_iter/previous_q_reg[7]_bret__1
  -------------------------------------------------------------------
                         required time                          4.693    
                         arrival time                          -6.358    
  -------------------------------------------------------------------
                         slack                                 -1.665    





Pulse Width Checks
--------------------------------------------------------------------------------------
Clock Name:         scheduler_clk
Waveform(ns):       { 0.000 2.500 }
Period(ns):         5.000
Sources:            { clk_i }

Check Type        Corner  Lib Pin  Reference Pin  Required(ns)  Actual(ns)  Slack(ns)  Location  Pin
Min Period        n/a     FDCE/C   n/a            0.550         5.000       4.450                active_count_q_reg[0]/C
Min Period        n/a     FDCE/C   n/a            0.550         5.000       4.450                active_count_q_reg[1]/C
Min Period        n/a     FDCE/C   n/a            0.550         5.000       4.450                active_count_q_reg[2]/C
Min Period        n/a     FDCE/C   n/a            0.550         5.000       4.450                active_count_q_reg[3]/C
Min Period        n/a     FDCE/C   n/a            0.550         5.000       4.450                active_count_q_reg[4]/C
Min Period        n/a     FDCE/C   n/a            0.550         5.000       4.450                active_count_q_reg[5]/C
Min Period        n/a     FDCE/C   n/a            0.550         5.000       4.450                active_count_q_reg[6]/C
Min Period        n/a     FDCE/C   n/a            0.550         5.000       4.450                auto_run_q_reg/C
Min Period        n/a     FDCE/C   n/a            0.550         5.000       4.450                cold_count_q_reg[0]/C
Min Period        n/a     FDCE/C   n/a            0.550         5.000       4.450                cold_count_q_reg[1]/C
Min Period        n/a     FDCE/C   n/a            0.550         5.000       4.450                cold_count_q_reg[2]/C
Min Period        n/a     FDCE/C   n/a            0.550         5.000       4.450                cold_q_reg[0][eid][0]/C
Min Period        n/a     FDCE/C   n/a            0.550         5.000       4.450                cold_q_reg[0][eid][1]/C
Min Period        n/a     FDCE/C   n/a            0.550         5.000       4.450                cold_q_reg[0][eid][2]/C
Min Period        n/a     FDCE/C   n/a            0.550         5.000       4.450                cold_q_reg[0][eid][3]/C
Min Period        n/a     FDCE/C   n/a            0.550         5.000       4.450                cold_q_reg[0][eid][4]/C
Min Period        n/a     FDCE/C   n/a            0.550         5.000       4.450                cold_q_reg[0][eid][5]/C
Min Period        n/a     FDCE/C   n/a            0.550         5.000       4.450                cold_q_reg[0][ntok][0]/C
Min Period        n/a     FDCE/C   n/a            0.550         5.000       4.450                cold_q_reg[0][ntok][1]/C
Min Period        n/a     FDCE/C   n/a            0.550         5.000       4.450                cold_q_reg[0][ntok][2]/C
Low Pulse Width   Slow    FDCE/C   n/a            0.275         2.500       2.225                active_count_q_reg[0]/C
Low Pulse Width   Fast    FDCE/C   n/a            0.275         2.500       2.225                active_count_q_reg[0]/C
Low Pulse Width   Slow    FDCE/C   n/a            0.275         2.500       2.225                active_count_q_reg[1]/C
Low Pulse Width   Fast    FDCE/C   n/a            0.275         2.500       2.225                active_count_q_reg[1]/C
Low Pulse Width   Slow    FDCE/C   n/a            0.275         2.500       2.225                active_count_q_reg[2]/C
Low Pulse Width   Fast    FDCE/C   n/a            0.275         2.500       2.225                active_count_q_reg[2]/C
Low Pulse Width   Slow    FDCE/C   n/a            0.275         2.500       2.225                active_count_q_reg[3]/C
Low Pulse Width   Fast    FDCE/C   n/a            0.275         2.500       2.225                active_count_q_reg[3]/C
Low Pulse Width   Slow    FDCE/C   n/a            0.275         2.500       2.225                active_count_q_reg[4]/C
Low Pulse Width   Fast    FDCE/C   n/a            0.275         2.500       2.225                active_count_q_reg[4]/C
Low Pulse Width   Slow    FDCE/C   n/a            0.275         2.500       2.225                active_count_q_reg[5]/C
Low Pulse Width   Fast    FDCE/C   n/a            0.275         2.500       2.225                active_count_q_reg[5]/C
Low Pulse Width   Slow    FDCE/C   n/a            0.275         2.500       2.225                active_count_q_reg[6]/C
Low Pulse Width   Fast    FDCE/C   n/a            0.275         2.500       2.225                active_count_q_reg[6]/C
Low Pulse Width   Slow    FDCE/C   n/a            0.275         2.500       2.225                auto_run_q_reg/C
Low Pulse Width   Fast    FDCE/C   n/a            0.275         2.500       2.225                auto_run_q_reg/C
Low Pulse Width   Slow    FDCE/C   n/a            0.275         2.500       2.225                cold_count_q_reg[0]/C
Low Pulse Width   Fast    FDCE/C   n/a            0.275         2.500       2.225                cold_count_q_reg[0]/C
Low Pulse Width   Slow    FDCE/C   n/a            0.275         2.500       2.225                cold_count_q_reg[1]/C
Low Pulse Width   Fast    FDCE/C   n/a            0.275         2.500       2.225                cold_count_q_reg[1]/C
High Pulse Width  Slow    FDCE/C   n/a            0.275         2.500       2.225                active_count_q_reg[0]/C
High Pulse Width  Fast    FDCE/C   n/a            0.275         2.500       2.225                active_count_q_reg[0]/C
High Pulse Width  Slow    FDCE/C   n/a            0.275         2.500       2.225                active_count_q_reg[1]/C
High Pulse Width  Fast    FDCE/C   n/a            0.275         2.500       2.225                active_count_q_reg[1]/C
High Pulse Width  Slow    FDCE/C   n/a            0.275         2.500       2.225                active_count_q_reg[2]/C
High Pulse Width  Fast    FDCE/C   n/a            0.275         2.500       2.225                active_count_q_reg[2]/C
High Pulse Width  Slow    FDCE/C   n/a            0.275         2.500       2.225                active_count_q_reg[3]/C
High Pulse Width  Fast    FDCE/C   n/a            0.275         2.500       2.225                active_count_q_reg[3]/C
High Pulse Width  Slow    FDCE/C   n/a            0.275         2.500       2.225                active_count_q_reg[4]/C
High Pulse Width  Fast    FDCE/C   n/a            0.275         2.500       2.225                active_count_q_reg[4]/C
High Pulse Width  Slow    FDCE/C   n/a            0.275         2.500       2.225                active_count_q_reg[5]/C
High Pulse Width  Fast    FDCE/C   n/a            0.275         2.500       2.225                active_count_q_reg[5]/C
High Pulse Width  Slow    FDCE/C   n/a            0.275         2.500       2.225                active_count_q_reg[6]/C
High Pulse Width  Fast    FDCE/C   n/a            0.275         2.500       2.225                active_count_q_reg[6]/C
High Pulse Width  Slow    FDCE/C   n/a            0.275         2.500       2.225                auto_run_q_reg/C
High Pulse Width  Fast    FDCE/C   n/a            0.275         2.500       2.225                auto_run_q_reg/C
High Pulse Width  Slow    FDCE/C   n/a            0.275         2.500       2.225                cold_count_q_reg[0]/C
High Pulse Width  Fast    FDCE/C   n/a            0.275         2.500       2.225                cold_count_q_reg[0]/C
High Pulse Width  Slow    FDCE/C   n/a            0.275         2.500       2.225                cold_count_q_reg[1]/C
High Pulse Width  Fast    FDCE/C   n/a            0.275         2.500       2.225                cold_count_q_reg[1]/C



