Copyright 1986-2022 Xilinx, Inc. All Rights Reserved. Copyright 2022-2025 Advanced Micro Devices, Inc. All Rights Reserved.
--------------------------------------------------------------------------------------------------------------------------------------------------
| Tool Version      : Vivado v.2025.2 (lin64) Build 6299465 Fri Nov 14 12:34:56 MST 2025
| Date              : Tue Aug 18 16:35:46 2026
| Host              : amazone.esat.kuleuven.be running 64-bit Rocky Linux 9.8 (Blue Onyx)
| Command           : report_timing_summary -delay_type max -max_paths 20 -file .gen/ooc_200mhz_current/timing_summary.rpt
| Design            : moe_scheduler_reg_wrapper
| Device            : xcvp1802-lsvc4072
| Speed File        : -2MP  PRODUCTION 2.08 2024-04-16
| Design State      : Synthesized
| Temperature Grade : E
--------------------------------------------------------------------------------------------------------------------------------------------------

Timing Summary Report

------------------------------------------------------------------------------------------------
| Timer Settings
| --------------
------------------------------------------------------------------------------------------------

  Enable Multi Corner Analysis               :  Yes
  Enable Pessimism Removal                   :  Yes
  Pessimism Removal Resolution               :  Nearest Common Node
  Enable Input Delay Default Clock           :  No
  Enable Preset / Clear Arcs                 :  No
  Disable Flight Delays                      :  No
  Ignore I/O Paths                           :  No
  Timing Early Launch at Borrowing Latches   :  No
  Borrow Time for Max Delay Exceptions       :  Yes
  Merge Timing Exceptions                    :  Yes
  Inter-SLR Compensation                     :  Conservative

  Corner  Analyze    Analyze    
  Name    Max Paths  Min Paths  
  ------  ---------  ---------  
  Slow    Yes        Yes        
  Fast    Yes        Yes        


------------------------------------------------------------------------------------------------
| Report Methodology
| ------------------
------------------------------------------------------------------------------------------------

No report available as report_methodology has not been run prior. Run report_methodology on the current design for the summary of methodology violations.



check_timing report

Table of Contents
-----------------
1. checking no_clock (0)
2. checking constant_clock (0)
3. checking pulse_width_clock (0)
4. checking unconstrained_internal_endpoints (0)
5. checking no_input_delay (71)
6. checking no_output_delay (64)
7. checking multiple_clock (0)
8. checking generated_clocks (0)
9. checking loops (0)
10. checking partial_input_delay (0)
11. checking partial_output_delay (0)
12. checking latch_loops (0)

1. checking no_clock (0)
------------------------
 There are 0 register/latch pins with no clock.


2. checking constant_clock (0)
------------------------------
 There are 0 register/latch pins with constant_clock.


3. checking pulse_width_clock (0)
---------------------------------
 There are 0 register/latch pins which need pulse_width check


4. checking unconstrained_internal_endpoints (0)
------------------------------------------------
 There are 0 pins that are not constrained for maximum delay.

 There are 0 pins that are not constrained for maximum delay due to constant clock.


5. checking no_input_delay (71)
-------------------------------
 There are 71 input ports with no input delay specified. (HIGH)

 There are 0 input ports with no input delay but user has a false path constraint.


6. checking no_output_delay (64)
--------------------------------
 There are 64 ports with no output delay specified. (HIGH)

 There are 0 ports with no output delay but user has a false path constraint

 There are 0 ports with no output delay but with a timing clock defined on it or propagating through it


7. checking multiple_clock (0)
------------------------------
 There are 0 register/latch pins with multiple clocks.


8. checking generated_clocks (0)
--------------------------------
 There are 0 generated clocks that are not connected to a clock source.


9. checking loops (0)
---------------------
 There are 0 combinational loops in the design.


10. checking partial_input_delay (0)
------------------------------------
 There are 0 input ports with partial input delay specified.


11. checking partial_output_delay (0)
-------------------------------------
 There are 0 ports with partial output delay specified.


12. checking latch_loops (0)
----------------------------
 There are 0 combinational latch loops in the design through latch input



------------------------------------------------------------------------------------------------
| Design Timing Summary
| ---------------------
------------------------------------------------------------------------------------------------

    WNS(ns)      TNS(ns)  TNS Failing Endpoints  TNS Total Endpoints     WPWS(ns)     TPWS(ns)  TPWS Failing Endpoints  TPWS Total Endpoints  
    -------      -------  ---------------------  -------------------     --------     --------  ----------------------  --------------------  
     -4.329    -1087.621                    727                 3285        2.225        0.000                       0                  1685  


Timing constraints are not met.


------------------------------------------------------------------------------------------------
| Clock Summary
| -------------
------------------------------------------------------------------------------------------------

Clock          Waveform(ns)         Period(ns)      Frequency(MHz)
-----          ------------         ----------      --------------
scheduler_clk  {0.000 2.500}        5.000           200.000         


------------------------------------------------------------------------------------------------
| Intra Clock Table
| -----------------
------------------------------------------------------------------------------------------------

Clock              WNS(ns)      TNS(ns)  TNS Failing Endpoints  TNS Total Endpoints     WPWS(ns)     TPWS(ns)  TPWS Failing Endpoints  TPWS Total Endpoints  
-----              -------      -------  ---------------------  -------------------     --------     --------  ----------------------  --------------------  
scheduler_clk       -4.329    -1087.621                    727                 3285        2.225        0.000                       0                  1685  


------------------------------------------------------------------------------------------------
| Inter Clock Table
| -----------------
------------------------------------------------------------------------------------------------

From Clock    To Clock          WNS(ns)      TNS(ns)  TNS Failing Endpoints  TNS Total Endpoints  
----------    --------          -------      -------  ---------------------  -------------------  


------------------------------------------------------------------------------------------------
| Other Path Groups Table
| -----------------------
------------------------------------------------------------------------------------------------

Path Group    From Clock    To Clock          WNS(ns)      TNS(ns)  TNS Failing Endpoints  TNS Total Endpoints  
----------    ----------    --------          -------      -------  ---------------------  -------------------  


------------------------------------------------------------------------------------------------
| Timing Details
| --------------
------------------------------------------------------------------------------------------------


---------------------------------------------------------------------------------------------------
From Clock:  scheduler_clk
  To Clock:  scheduler_clk

Setup :          727  Failing Endpoints,  Worst Slack       -4.329ns,  Total Violation    -1087.621ns
Hold  :           NA  Failing Endpoints,  Worst Slack           NA  ,  Total Violation           NA
PW    :            0  Failing Endpoints,  Worst Slack        2.225ns,  Total Violation        0.000ns
---------------------------------------------------------------------------------------------------


Max Delay Paths
--------------------------------------------------------------------------------------
Slack (VIOLATED) :        -4.329ns  (required time - arrival time)
  Source:                 i_scheduler_core/i_round_engine/FSM_onehot_st_q_reg[0]/C
                            (rising edge-triggered cell FDCE clocked by scheduler_clk  {rise@0.000ns fall@2.500ns period=5.000ns})
  Destination:            i_scheduler_core/i_round_engine/i_bound_score/h_q_reg[10]/D
                            (rising edge-triggered cell FDCE clocked by scheduler_clk  {rise@0.000ns fall@2.500ns period=5.000ns})
  Path Group:             scheduler_clk
  Path Type:              Setup (Max at Slow Process Corner)
  Requirement:            5.000ns  (scheduler_clk rise@5.000ns - scheduler_clk rise@0.000ns)
  Data Path Delay:        8.996ns  (logic 3.350ns (37.239%)  route 5.646ns (62.761%))
  Logic Levels:           36  (LOOKAHEAD8=6 LUT2=3 LUT4=4 LUT5=4 LUT6=11 LUTCY1=2 LUTCY2=6)
  Clock Path Skew:        -0.040ns (DCD - SCD + CPR)
    Destination Clock Delay (DCD):    0.080ns = ( 5.080 - 5.000 ) 
    Source Clock Delay      (SCD):    0.120ns
    Clock Pessimism Removal (CPR):    0.000ns
  Clock Uncertainty:      0.300ns  (CJ)/2 + PE + PJ
    Clock Jitter             (CJ):    0.600ns
    Phase Error              (PE):    0.000ns
    Phase Jitter             (PJ):    0.000ns

    Location             Delay type                Incr(ns)  Path(ns)    Netlist Resource(s)
  -------------------------------------------------------------------    -------------------
                         (clock scheduler_clk rise edge)
                                                      0.000     0.000 r  
                                                      0.000     0.000 r  clk_i (IN)
                         net (fo=1684, unset)         0.120     0.120    i_scheduler_core/i_round_engine/clk_i
                         FDCE                                         r  i_scheduler_core/i_round_engine/FSM_onehot_st_q_reg[0]/C
  -------------------------------------------------------------------    -------------------
                         FDCE (Prop_FDCE_C_Q)         0.090     0.210 r  i_scheduler_core/i_round_engine/FSM_onehot_st_q_reg[0]/Q
                         net (fo=6, unplaced)         0.204     0.414    i_scheduler_core/i_round_engine/i_transition_eval/FSM_onehot_st_q_reg[11]_0[0]
                         LUT2 (Prop_LUT2_I1_O)        0.051     0.465 r  i_scheduler_core/i_round_engine/i_transition_eval/FSM_onehot_st_q[10]_i_3/O
                         net (fo=8, unplaced)         0.238     0.703    i_scheduler_core/i_round_engine/i_transition_eval/rebuild_only_i0
                         LUT6 (Prop_LUT6_I2_O)        0.088     0.791 f  i_scheduler_core/i_round_engine/i_transition_eval/g0_b0_i_10/O
                         net (fo=5, unplaced)         0.146     0.937    i_scheduler_core/i_round_engine/i_transition_eval/FSM_onehot_st_q_reg[7]_3
                         LUT4 (Prop_LUT4_I1_O)        0.074     1.011 r  i_scheduler_core/i_round_engine/i_transition_eval/g0_b0_i_7/O
                         net (fo=26, unplaced)        0.265     1.276    i_scheduler_core/i_round_engine/i_bound_score/commit_task_q_reg[1][shape_s3][1]_0
                         LUT6 (Prop_LUT6_I2_O)        0.088     1.364 r  i_scheduler_core/i_round_engine/i_bound_score/g0_b0_i_3/O
                         net (fo=60, unplaced)        0.284     1.648    i_scheduler_core/i_round_engine/i_bound_score/decode_address[2]
                         LUT6 (Prop_LUT6_I2_O)        0.088     1.736 f  i_scheduler_core/i_round_engine/i_bound_score/global_score_q[selected_min_rank][1]_i_3/O
                         net (fo=16, unplaced)        0.254     1.990    i_scheduler_core/i_round_engine/i_bound_score/counters_q_reg[count][1]
                         LUT6 (Prop_LUT6_I1_O)        0.088     2.078 r  i_scheduler_core/i_round_engine/i_bound_score/scratch_q[29]_i_25/O
                         net (fo=1, unplaced)         0.210     2.288    i_scheduler_core/i_round_engine/i_bound_score/scratch_q[29]_i_25_n_0
                         LUT6 (Prop_LUT6_I2_O)        0.088     2.376 r  i_scheduler_core/i_round_engine/i_bound_score/scratch_q[29]_i_14/O
                         net (fo=5, unplaced)         0.146     2.522    i_scheduler_core/i_round_engine/i_bound_score/scratch_q[29]_i_14_n_0
                         LUT5 (Prop_LUT5_I2_O)        0.074     2.596 r  i_scheduler_core/i_round_engine/i_bound_score/scratch_q[29]_i_19/O
                         net (fo=13, unplaced)        0.184     2.780    i_scheduler_core/i_round_engine/i_bound_score/scratch_q[29]_i_19_n_0
                         LUT6 (Prop_LUT6_I5_O)        0.051     2.831 r  i_scheduler_core/i_round_engine/i_bound_score/scratch_q[29]_i_10/O
                         net (fo=10, unplaced)        0.161     2.992    i_scheduler_core/i_round_engine/i_bound_score/scratch_q[29]_i_10_n_0
                         LUT6 (Prop_LUT6_I3_O)        0.074     3.066 r  i_scheduler_core/i_round_engine/i_bound_score/f_q[1]_i_7/O
                         net (fo=13, unplaced)        0.184     3.250    i_scheduler_core/i_round_engine/i_bound_score/eval_bound_head5[0][ntok][1]
                         LUT2 (Prop_LUT2_I1_O)        0.051     3.301 f  i_scheduler_core/i_round_engine/i_bound_score/f_q[5]_i_14/O
                         net (fo=3, unplaced)         0.151     3.452    i_scheduler_core/i_round_engine/i_bound_score/hot_q_reg[0][ntok][0]
                         LUT4 (Prop_LUT4_I3_O)        0.082     3.534 r  i_scheduler_core/i_round_engine/i_bound_score/f_q[6]_i_13/O
                         net (fo=4, unplaced)         0.157     3.691    i_scheduler_core/i_round_engine/i_bound_score/hot_q_reg[0][ntok][3]
                         LUT2 (Prop_LUT2_I1_O)        0.051     3.742 r  i_scheduler_core/i_round_engine/i_bound_score/f_q[11]_i_11/O
                         net (fo=8, unplaced)         0.173     3.915    i_scheduler_core/i_round_engine/i_bound_score/hot_q_reg[0][ntok][4]
                         LUT4 (Prop_LUT4_I3_O)        0.051     3.966 r  i_scheduler_core/i_round_engine/i_bound_score/f_q[7]_i_11/O
                         net (fo=8, unplaced)         0.238     4.204    i_scheduler_core/i_round_engine/i_transition_eval/f_q_reg[8]_i_5_2
                         LUT6 (Prop_LUT6_I2_O)        0.088     4.292 r  i_scheduler_core/i_round_engine/i_transition_eval/f_q[8]_i_7/O
                         net (fo=2, unplaced)         0.236     4.528    i_scheduler_core/i_round_engine/i_transition_eval/f_q_reg[8]_i_5/I1
                         LUTCY1 (Prop_LUTCY1_I1_PROP)
                                                      0.113     4.641 r  i_scheduler_core/i_round_engine/i_transition_eval/f_q_reg[8]_i_5/LUTCY1_INST/PROP
                         net (fo=1, unplaced)         0.001     4.642    i_scheduler_core/i_round_engine/i_transition_eval/f_q_reg[8]_i_5_n_3
                         LOOKAHEAD8 (Prop_LOOKAHEAD8_PROPH_COUTH)
                                                      0.129     4.771 r  i_scheduler_core/i_round_engine/i_transition_eval/f_q_reg[9]_i_8/COUTH
                         net (fo=3, unplaced)         0.198     4.969    i_scheduler_core/i_round_engine/i_transition_eval/f_q_reg[9]_i_5/I4
                         LUTCY2 (Prop_LUTCY2_I4_O)    0.051     5.020 r  i_scheduler_core/i_round_engine/i_transition_eval/f_q_reg[9]_i_5/LUTCY2_INST/O
                         net (fo=3, unplaced)         0.016     5.036    i_scheduler_core/i_round_engine/i_transition_eval/f_q_reg[10]_i_5/I4
                         LUTCY1 (Prop_LUTCY1_I4_O)    0.055     5.091 f  i_scheduler_core/i_round_engine/i_transition_eval/f_q_reg[10]_i_5/LUTCY1_INST/O
                         net (fo=6, unplaced)         0.228     5.319    i_scheduler_core/i_round_engine/i_transition_eval/f_q_reg[10]_i_5_n_1
                         LUT4 (Prop_LUT4_I0_O)        0.096     5.415 r  i_scheduler_core/i_round_engine/i_transition_eval/f_q[12]_i_9/O
                         net (fo=2, unplaced)         0.128     5.543    i_scheduler_core/i_round_engine/i_transition_eval/h_q[11]_i_7/I0
                         LUT5 (Prop_LUT5_I0_O)        0.096     5.639 f  i_scheduler_core/i_round_engine/i_transition_eval/h_q[11]_i_7/LUT5/O
                         net (fo=2, unplaced)         0.145     5.784    i_scheduler_core/i_round_engine/i_transition_eval/h_q[11]_i_7_n_0
                         LUT5 (Prop_LUT5_I4_O)        0.051     5.835 r  i_scheduler_core/i_round_engine/i_transition_eval/f_q[12]_i_6/O
                         net (fo=24, unplaced)        0.263     6.098    i_scheduler_core/i_round_engine/i_transition_eval/f_q[12]_i_6_n_0
                         LUT6 (Prop_LUT6_I2_O)        0.088     6.186 f  i_scheduler_core/i_round_engine/i_transition_eval/f_q[2]_i_4/O
                         net (fo=3, unplaced)         0.193     6.379    i_scheduler_core/i_round_engine/i_transition_eval/f_q_reg[13]_i_39/I0
                         LUTCY2 (Prop_LUTCY2_I0_GE)
                                                      0.132     6.511 r  i_scheduler_core/i_round_engine/i_transition_eval/f_q_reg[13]_i_39/LUTCY2_INST/GE
                         net (fo=1, unplaced)         0.036     6.547    i_scheduler_core/i_round_engine/i_transition_eval/f_q_reg[13]_i_39_n_0
                         LOOKAHEAD8 (Prop_LOOKAHEAD8_GEA_COUTH)
                                                      0.242     6.789 r  i_scheduler_core/i_round_engine/i_transition_eval/f_q_reg[13]_i_12/COUTH
                         net (fo=26, unplaced)        0.265     7.054    i_scheduler_core/i_round_engine/i_transition_eval/f_q_reg[13]_i_12_n_3
                         LUT6 (Prop_LUT6_I1_O)        0.088     7.142 f  i_scheduler_core/i_round_engine/i_transition_eval/h_q[1]_i_5/O
                         net (fo=5, unplaced)         0.205     7.347    i_scheduler_core/i_round_engine/i_transition_eval/f_q_reg[13]_i_76/I0
                         LUTCY2 (Prop_LUTCY2_I0_GE)
                                                      0.132     7.479 r  i_scheduler_core/i_round_engine/i_transition_eval/f_q_reg[13]_i_76/LUTCY2_INST/GE
                         net (fo=1, unplaced)         0.036     7.515    i_scheduler_core/i_round_engine/i_transition_eval/f_q_reg[13]_i_76_n_0
                         LOOKAHEAD8 (Prop_LOOKAHEAD8_GEA_COUTH)
                                                      0.242     7.757 r  i_scheduler_core/i_round_engine/i_transition_eval/f_q_reg[13]_i_47/COUTH
                         net (fo=3, unplaced)         0.002     7.759    i_scheduler_core/i_round_engine/i_transition_eval/f_q_reg[13]_i_47_n_3
                         LOOKAHEAD8 (Prop_LOOKAHEAD8_CIN_COUTD)
                                                      0.042     7.801 r  i_scheduler_core/i_round_engine/i_transition_eval/f_q_reg[13]_i_14/COUTD
                         net (fo=2, unplaced)         0.014     7.815    i_scheduler_core/i_round_engine/i_transition_eval/f_q_reg[13]_i_6/I4
                         LUTCY2 (Prop_LUTCY2_I4_O)    0.048     7.863 r  i_scheduler_core/i_round_engine/i_transition_eval/f_q_reg[13]_i_6/LUTCY2_INST/O
                         net (fo=28, unplaced)        0.185     8.048    i_scheduler_core/i_round_engine/i_transition_eval/counters_q_reg[parent_bound][13]
                         LUT5 (Prop_LUT5_I1_O)        0.074     8.122 f  i_scheduler_core/i_round_engine/i_transition_eval/h_q[1]_i_2/O
                         net (fo=3, unplaced)         0.216     8.338    i_scheduler_core/i_round_engine/i_bound_score/h_q_reg[13]_i_11/I2
                         LUTCY2 (Prop_LUTCY2_I2_GE)
                                                      0.088     8.426 r  i_scheduler_core/i_round_engine/i_bound_score/h_q_reg[13]_i_11/LUTCY2_INST/GE
                         net (fo=1, unplaced)         0.036     8.462    i_scheduler_core/i_round_engine/i_bound_score/h_q_reg[13]_i_11_n_0
                         LOOKAHEAD8 (Prop_LOOKAHEAD8_GEA_COUTH)
                                                      0.242     8.704 r  i_scheduler_core/i_round_engine/i_bound_score/h_q_reg[13]_i_6/COUTH
                         net (fo=3, unplaced)         0.002     8.706    i_scheduler_core/i_round_engine/i_bound_score/h_q_reg[13]_i_6_n_3
                         LOOKAHEAD8 (Prop_LOOKAHEAD8_CIN_COUTD)
                                                      0.042     8.748 r  i_scheduler_core/i_round_engine/i_bound_score/h_q_reg[13]_i_5/COUTD
                         net (fo=2, unplaced)         0.014     8.762    i_scheduler_core/i_round_engine/i_bound_score/h_q_reg[13]_i_3/I4
                         LUTCY2 (Prop_LUTCY2_I4_O)    0.048     8.810 r  i_scheduler_core/i_round_engine/i_bound_score/h_q_reg[13]_i_3/LUTCY2_INST/O
                         net (fo=15, unplaced)        0.170     8.980    i_scheduler_core/i_round_engine/i_bound_score/h_q_reg[13]_i_3_n_2
                         LUT6 (Prop_LUT6_I3_O)        0.074     9.054 r  i_scheduler_core/i_round_engine/i_bound_score/h_q[10]_i_1/O
                         net (fo=1, unplaced)         0.062     9.116    i_scheduler_core/i_round_engine/i_bound_score/h_q[10]_i_1_n_0
                         FDCE                                         r  i_scheduler_core/i_round_engine/i_bound_score/h_q_reg[10]/D
  -------------------------------------------------------------------    -------------------

                         (clock scheduler_clk rise edge)
                                                      5.000     5.000 r  
                                                      0.000     5.000 r  clk_i (IN)
                         net (fo=1684, unset)         0.080     5.080    i_scheduler_core/i_round_engine/i_bound_score/clk_i
                         FDCE                                         r  i_scheduler_core/i_round_engine/i_bound_score/h_q_reg[10]/C
                         clock pessimism              0.000     5.080    
                         clock uncertainty           -0.300     4.780    
                         FDCE (Setup_FDCE_C_D)        0.007     4.787    i_scheduler_core/i_round_engine/i_bound_score/h_q_reg[10]
  -------------------------------------------------------------------
                         required time                          4.787    
                         arrival time                          -9.116    
  -------------------------------------------------------------------
                         slack                                 -4.329    

Slack (VIOLATED) :        -4.329ns  (required time - arrival time)
  Source:                 i_scheduler_core/i_round_engine/FSM_onehot_st_q_reg[0]/C
                            (rising edge-triggered cell FDCE clocked by scheduler_clk  {rise@0.000ns fall@2.500ns period=5.000ns})
  Destination:            i_scheduler_core/i_round_engine/i_bound_score/h_q_reg[11]/D
                            (rising edge-triggered cell FDCE clocked by scheduler_clk  {rise@0.000ns fall@2.500ns period=5.000ns})
  Path Group:             scheduler_clk
  Path Type:              Setup (Max at Slow Process Corner)
  Requirement:            5.000ns  (scheduler_clk rise@5.000ns - scheduler_clk rise@0.000ns)
  Data Path Delay:        8.996ns  (logic 3.350ns (37.239%)  route 5.646ns (62.761%))
  Logic Levels:           36  (LOOKAHEAD8=6 LUT2=3 LUT4=4 LUT5=4 LUT6=11 LUTCY1=2 LUTCY2=6)
  Clock Path Skew:        -0.040ns (DCD - SCD + CPR)
    Destination Clock Delay (DCD):    0.080ns = ( 5.080 - 5.000 ) 
    Source Clock Delay      (SCD):    0.120ns
    Clock Pessimism Removal (CPR):    0.000ns
  Clock Uncertainty:      0.300ns  (CJ)/2 + PE + PJ
    Clock Jitter             (CJ):    0.600ns
    Phase Error              (PE):    0.000ns
    Phase Jitter             (PJ):    0.000ns

    Location             Delay type                Incr(ns)  Path(ns)    Netlist Resource(s)
  -------------------------------------------------------------------    -------------------
                         (clock scheduler_clk rise edge)
                                                      0.000     0.000 r  
                                                      0.000     0.000 r  clk_i (IN)
                         net (fo=1684, unset)         0.120     0.120    i_scheduler_core/i_round_engine/clk_i
                         FDCE                                         r  i_scheduler_core/i_round_engine/FSM_onehot_st_q_reg[0]/C
  -------------------------------------------------------------------    -------------------
                         FDCE (Prop_FDCE_C_Q)         0.090     0.210 r  i_scheduler_core/i_round_engine/FSM_onehot_st_q_reg[0]/Q
                         net (fo=6, unplaced)         0.204     0.414    i_scheduler_core/i_round_engine/i_transition_eval/FSM_onehot_st_q_reg[11]_0[0]
                         LUT2 (Prop_LUT2_I1_O)        0.051     0.465 r  i_scheduler_core/i_round_engine/i_transition_eval/FSM_onehot_st_q[10]_i_3/O
                         net (fo=8, unplaced)         0.238     0.703    i_scheduler_core/i_round_engine/i_transition_eval/rebuild_only_i0
                         LUT6 (Prop_LUT6_I2_O)        0.088     0.791 f  i_scheduler_core/i_round_engine/i_transition_eval/g0_b0_i_10/O
                         net (fo=5, unplaced)         0.146     0.937    i_scheduler_core/i_round_engine/i_transition_eval/FSM_onehot_st_q_reg[7]_3
                         LUT4 (Prop_LUT4_I1_O)        0.074     1.011 r  i_scheduler_core/i_round_engine/i_transition_eval/g0_b0_i_7/O
                         net (fo=26, unplaced)        0.265     1.276    i_scheduler_core/i_round_engine/i_bound_score/commit_task_q_reg[1][shape_s3][1]_0
                         LUT6 (Prop_LUT6_I2_O)        0.088     1.364 r  i_scheduler_core/i_round_engine/i_bound_score/g0_b0_i_3/O
                         net (fo=60, unplaced)        0.284     1.648    i_scheduler_core/i_round_engine/i_bound_score/decode_address[2]
                         LUT6 (Prop_LUT6_I2_O)        0.088     1.736 f  i_scheduler_core/i_round_engine/i_bound_score/global_score_q[selected_min_rank][1]_i_3/O
                         net (fo=16, unplaced)        0.254     1.990    i_scheduler_core/i_round_engine/i_bound_score/counters_q_reg[count][1]
                         LUT6 (Prop_LUT6_I1_O)        0.088     2.078 r  i_scheduler_core/i_round_engine/i_bound_score/scratch_q[29]_i_25/O
                         net (fo=1, unplaced)         0.210     2.288    i_scheduler_core/i_round_engine/i_bound_score/scratch_q[29]_i_25_n_0
                         LUT6 (Prop_LUT6_I2_O)        0.088     2.376 r  i_scheduler_core/i_round_engine/i_bound_score/scratch_q[29]_i_14/O
                         net (fo=5, unplaced)         0.146     2.522    i_scheduler_core/i_round_engine/i_bound_score/scratch_q[29]_i_14_n_0
                         LUT5 (Prop_LUT5_I2_O)        0.074     2.596 r  i_scheduler_core/i_round_engine/i_bound_score/scratch_q[29]_i_19/O
                         net (fo=13, unplaced)        0.184     2.780    i_scheduler_core/i_round_engine/i_bound_score/scratch_q[29]_i_19_n_0
                         LUT6 (Prop_LUT6_I5_O)        0.051     2.831 r  i_scheduler_core/i_round_engine/i_bound_score/scratch_q[29]_i_10/O
                         net (fo=10, unplaced)        0.161     2.992    i_scheduler_core/i_round_engine/i_bound_score/scratch_q[29]_i_10_n_0
                         LUT6 (Prop_LUT6_I3_O)        0.074     3.066 r  i_scheduler_core/i_round_engine/i_bound_score/f_q[1]_i_7/O
                         net (fo=13, unplaced)        0.184     3.250    i_scheduler_core/i_round_engine/i_bound_score/eval_bound_head5[0][ntok][1]
                         LUT2 (Prop_LUT2_I1_O)        0.051     3.301 f  i_scheduler_core/i_round_engine/i_bound_score/f_q[5]_i_14/O
                         net (fo=3, unplaced)         0.151     3.452    i_scheduler_core/i_round_engine/i_bound_score/hot_q_reg[0][ntok][0]
                         LUT4 (Prop_LUT4_I3_O)        0.082     3.534 r  i_scheduler_core/i_round_engine/i_bound_score/f_q[6]_i_13/O
                         net (fo=4, unplaced)         0.157     3.691    i_scheduler_core/i_round_engine/i_bound_score/hot_q_reg[0][ntok][3]
                         LUT2 (Prop_LUT2_I1_O)        0.051     3.742 r  i_scheduler_core/i_round_engine/i_bound_score/f_q[11]_i_11/O
                         net (fo=8, unplaced)         0.173     3.915    i_scheduler_core/i_round_engine/i_bound_score/hot_q_reg[0][ntok][4]
                         LUT4 (Prop_LUT4_I3_O)        0.051     3.966 r  i_scheduler_core/i_round_engine/i_bound_score/f_q[7]_i_11/O
                         net (fo=8, unplaced)         0.238     4.204    i_scheduler_core/i_round_engine/i_transition_eval/f_q_reg[8]_i_5_2
                         LUT6 (Prop_LUT6_I2_O)        0.088     4.292 r  i_scheduler_core/i_round_engine/i_transition_eval/f_q[8]_i_7/O
                         net (fo=2, unplaced)         0.236     4.528    i_scheduler_core/i_round_engine/i_transition_eval/f_q_reg[8]_i_5/I1
                         LUTCY1 (Prop_LUTCY1_I1_PROP)
                                                      0.113     4.641 r  i_scheduler_core/i_round_engine/i_transition_eval/f_q_reg[8]_i_5/LUTCY1_INST/PROP
                         net (fo=1, unplaced)         0.001     4.642    i_scheduler_core/i_round_engine/i_transition_eval/f_q_reg[8]_i_5_n_3
                         LOOKAHEAD8 (Prop_LOOKAHEAD8_PROPH_COUTH)
                                                      0.129     4.771 r  i_scheduler_core/i_round_engine/i_transition_eval/f_q_reg[9]_i_8/COUTH
                         net (fo=3, unplaced)         0.198     4.969    i_scheduler_core/i_round_engine/i_transition_eval/f_q_reg[9]_i_5/I4
                         LUTCY2 (Prop_LUTCY2_I4_O)    0.051     5.020 r  i_scheduler_core/i_round_engine/i_transition_eval/f_q_reg[9]_i_5/LUTCY2_INST/O
                         net (fo=3, unplaced)         0.016     5.036    i_scheduler_core/i_round_engine/i_transition_eval/f_q_reg[10]_i_5/I4
                         LUTCY1 (Prop_LUTCY1_I4_O)    0.055     5.091 f  i_scheduler_core/i_round_engine/i_transition_eval/f_q_reg[10]_i_5/LUTCY1_INST/O
                         net (fo=6, unplaced)         0.228     5.319    i_scheduler_core/i_round_engine/i_transition_eval/f_q_reg[10]_i_5_n_1
                         LUT4 (Prop_LUT4_I0_O)        0.096     5.415 r  i_scheduler_core/i_round_engine/i_transition_eval/f_q[12]_i_9/O
                         net (fo=2, unplaced)         0.128     5.543    i_scheduler_core/i_round_engine/i_transition_eval/h_q[11]_i_7/I0
                         LUT5 (Prop_LUT5_I0_O)        0.096     5.639 f  i_scheduler_core/i_round_engine/i_transition_eval/h_q[11]_i_7/LUT5/O
                         net (fo=2, unplaced)         0.145     5.784    i_scheduler_core/i_round_engine/i_transition_eval/h_q[11]_i_7_n_0
                         LUT5 (Prop_LUT5_I4_O)        0.051     5.835 r  i_scheduler_core/i_round_engine/i_transition_eval/f_q[12]_i_6/O
                         net (fo=24, unplaced)        0.263     6.098    i_scheduler_core/i_round_engine/i_transition_eval/f_q[12]_i_6_n_0
                         LUT6 (Prop_LUT6_I2_O)        0.088     6.186 f  i_scheduler_core/i_round_engine/i_transition_eval/f_q[2]_i_4/O
                         net (fo=3, unplaced)         0.193     6.379    i_scheduler_core/i_round_engine/i_transition_eval/f_q_reg[13]_i_39/I0
                         LUTCY2 (Prop_LUTCY2_I0_GE)
                                                      0.132     6.511 r  i_scheduler_core/i_round_engine/i_transition_eval/f_q_reg[13]_i_39/LUTCY2_INST/GE
                         net (fo=1, unplaced)         0.036     6.547    i_scheduler_core/i_round_engine/i_transition_eval/f_q_reg[13]_i_39_n_0
                         LOOKAHEAD8 (Prop_LOOKAHEAD8_GEA_COUTH)
                                                      0.242     6.789 r  i_scheduler_core/i_round_engine/i_transition_eval/f_q_reg[13]_i_12/COUTH
                         net (fo=26, unplaced)        0.265     7.054    i_scheduler_core/i_round_engine/i_transition_eval/f_q_reg[13]_i_12_n_3
                         LUT6 (Prop_LUT6_I1_O)        0.088     7.142 f  i_scheduler_core/i_round_engine/i_transition_eval/h_q[1]_i_5/O
                         net (fo=5, unplaced)         0.205     7.347    i_scheduler_core/i_round_engine/i_transition_eval/f_q_reg[13]_i_76/I0
                         LUTCY2 (Prop_LUTCY2_I0_GE)
                                                      0.132     7.479 r  i_scheduler_core/i_round_engine/i_transition_eval/f_q_reg[13]_i_76/LUTCY2_INST/GE
                         net (fo=1, unplaced)         0.036     7.515    i_scheduler_core/i_round_engine/i_transition_eval/f_q_reg[13]_i_76_n_0
                         LOOKAHEAD8 (Prop_LOOKAHEAD8_GEA_COUTH)
                                                      0.242     7.757 r  i_scheduler_core/i_round_engine/i_transition_eval/f_q_reg[13]_i_47/COUTH
                         net (fo=3, unplaced)         0.002     7.759    i_scheduler_core/i_round_engine/i_transition_eval/f_q_reg[13]_i_47_n_3
                         LOOKAHEAD8 (Prop_LOOKAHEAD8_CIN_COUTD)
                                                      0.042     7.801 r  i_scheduler_core/i_round_engine/i_transition_eval/f_q_reg[13]_i_14/COUTD
                         net (fo=2, unplaced)         0.014     7.815    i_scheduler_core/i_round_engine/i_transition_eval/f_q_reg[13]_i_6/I4
                         LUTCY2 (Prop_LUTCY2_I4_O)    0.048     7.863 r  i_scheduler_core/i_round_engine/i_transition_eval/f_q_reg[13]_i_6/LUTCY2_INST/O
                         net (fo=28, unplaced)        0.185     8.048    i_scheduler_core/i_round_engine/i_transition_eval/counters_q_reg[parent_bound][13]
                         LUT5 (Prop_LUT5_I1_O)        0.074     8.122 f  i_scheduler_core/i_round_engine/i_transition_eval/h_q[1]_i_2/O
                         net (fo=3, unplaced)         0.216     8.338    i_scheduler_core/i_round_engine/i_bound_score/h_q_reg[13]_i_11/I2
                         LUTCY2 (Prop_LUTCY2_I2_GE)
                                                      0.088     8.426 r  i_scheduler_core/i_round_engine/i_bound_score/h_q_reg[13]_i_11/LUTCY2_INST/GE
                         net (fo=1, unplaced)         0.036     8.462    i_scheduler_core/i_round_engine/i_bound_score/h_q_reg[13]_i_11_n_0
                         LOOKAHEAD8 (Prop_LOOKAHEAD8_GEA_COUTH)
                                                      0.242     8.704 r  i_scheduler_core/i_round_engine/i_bound_score/h_q_reg[13]_i_6/COUTH
                         net (fo=3, unplaced)         0.002     8.706    i_scheduler_core/i_round_engine/i_bound_score/h_q_reg[13]_i_6_n_3
                         LOOKAHEAD8 (Prop_LOOKAHEAD8_CIN_COUTD)
                                                      0.042     8.748 r  i_scheduler_core/i_round_engine/i_bound_score/h_q_reg[13]_i_5/COUTD
                         net (fo=2, unplaced)         0.014     8.762    i_scheduler_core/i_round_engine/i_bound_score/h_q_reg[13]_i_3/I4
                         LUTCY2 (Prop_LUTCY2_I4_O)    0.048     8.810 r  i_scheduler_core/i_round_engine/i_bound_score/h_q_reg[13]_i_3/LUTCY2_INST/O
                         net (fo=15, unplaced)        0.170     8.980    i_scheduler_core/i_round_engine/i_bound_score/h_q_reg[13]_i_3_n_2
                         LUT6 (Prop_LUT6_I3_O)        0.074     9.054 r  i_scheduler_core/i_round_engine/i_bound_score/h_q[11]_i_1/O
                         net (fo=1, unplaced)         0.062     9.116    i_scheduler_core/i_round_engine/i_bound_score/h_q[11]_i_1_n_0
                         FDCE                                         r  i_scheduler_core/i_round_engine/i_bound_score/h_q_reg[11]/D
  -------------------------------------------------------------------    -------------------

                         (clock scheduler_clk rise edge)
                                                      5.000     5.000 r  
                                                      0.000     5.000 r  clk_i (IN)
                         net (fo=1684, unset)         0.080     5.080    i_scheduler_core/i_round_engine/i_bound_score/clk_i
                         FDCE                                         r  i_scheduler_core/i_round_engine/i_bound_score/h_q_reg[11]/C
                         clock pessimism              0.000     5.080    
                         clock uncertainty           -0.300     4.780    
                         FDCE (Setup_FDCE_C_D)        0.007     4.787    i_scheduler_core/i_round_engine/i_bound_score/h_q_reg[11]
  -------------------------------------------------------------------
                         required time                          4.787    
                         arrival time                          -9.116    
  -------------------------------------------------------------------
                         slack                                 -4.329    

Slack (VIOLATED) :        -4.329ns  (required time - arrival time)
  Source:                 i_scheduler_core/i_round_engine/FSM_onehot_st_q_reg[0]/C
                            (rising edge-triggered cell FDCE clocked by scheduler_clk  {rise@0.000ns fall@2.500ns period=5.000ns})
  Destination:            i_scheduler_core/i_round_engine/i_bound_score/h_q_reg[12]/D
                            (rising edge-triggered cell FDCE clocked by scheduler_clk  {rise@0.000ns fall@2.500ns period=5.000ns})
  Path Group:             scheduler_clk
  Path Type:              Setup (Max at Slow Process Corner)
  Requirement:            5.000ns  (scheduler_clk rise@5.000ns - scheduler_clk rise@0.000ns)
  Data Path Delay:        8.996ns  (logic 3.350ns (37.239%)  route 5.646ns (62.761%))
  Logic Levels:           36  (LOOKAHEAD8=6 LUT2=3 LUT4=4 LUT5=4 LUT6=11 LUTCY1=2 LUTCY2=6)
  Clock Path Skew:        -0.040ns (DCD - SCD + CPR)
    Destination Clock Delay (DCD):    0.080ns = ( 5.080 - 5.000 ) 
    Source Clock Delay      (SCD):    0.120ns
    Clock Pessimism Removal (CPR):    0.000ns
  Clock Uncertainty:      0.300ns  (CJ)/2 + PE + PJ
    Clock Jitter             (CJ):    0.600ns
    Phase Error              (PE):    0.000ns
    Phase Jitter             (PJ):    0.000ns

    Location             Delay type                Incr(ns)  Path(ns)    Netlist Resource(s)
  -------------------------------------------------------------------    -------------------
                         (clock scheduler_clk rise edge)
                                                      0.000     0.000 r  
                                                      0.000     0.000 r  clk_i (IN)
                         net (fo=1684, unset)         0.120     0.120    i_scheduler_core/i_round_engine/clk_i
                         FDCE                                         r  i_scheduler_core/i_round_engine/FSM_onehot_st_q_reg[0]/C
  -------------------------------------------------------------------    -------------------
                         FDCE (Prop_FDCE_C_Q)         0.090     0.210 r  i_scheduler_core/i_round_engine/FSM_onehot_st_q_reg[0]/Q
                         net (fo=6, unplaced)         0.204     0.414    i_scheduler_core/i_round_engine/i_transition_eval/FSM_onehot_st_q_reg[11]_0[0]
                         LUT2 (Prop_LUT2_I1_O)        0.051     0.465 r  i_scheduler_core/i_round_engine/i_transition_eval/FSM_onehot_st_q[10]_i_3/O
                         net (fo=8, unplaced)         0.238     0.703    i_scheduler_core/i_round_engine/i_transition_eval/rebuild_only_i0
                         LUT6 (Prop_LUT6_I2_O)        0.088     0.791 f  i_scheduler_core/i_round_engine/i_transition_eval/g0_b0_i_10/O
                         net (fo=5, unplaced)         0.146     0.937    i_scheduler_core/i_round_engine/i_transition_eval/FSM_onehot_st_q_reg[7]_3
                         LUT4 (Prop_LUT4_I1_O)        0.074     1.011 r  i_scheduler_core/i_round_engine/i_transition_eval/g0_b0_i_7/O
                         net (fo=26, unplaced)        0.265     1.276    i_scheduler_core/i_round_engine/i_bound_score/commit_task_q_reg[1][shape_s3][1]_0
                         LUT6 (Prop_LUT6_I2_O)        0.088     1.364 r  i_scheduler_core/i_round_engine/i_bound_score/g0_b0_i_3/O
                         net (fo=60, unplaced)        0.284     1.648    i_scheduler_core/i_round_engine/i_bound_score/decode_address[2]
                         LUT6 (Prop_LUT6_I2_O)        0.088     1.736 f  i_scheduler_core/i_round_engine/i_bound_score/global_score_q[selected_min_rank][1]_i_3/O
                         net (fo=16, unplaced)        0.254     1.990    i_scheduler_core/i_round_engine/i_bound_score/counters_q_reg[count][1]
                         LUT6 (Prop_LUT6_I1_O)        0.088     2.078 r  i_scheduler_core/i_round_engine/i_bound_score/scratch_q[29]_i_25/O
                         net (fo=1, unplaced)         0.210     2.288    i_scheduler_core/i_round_engine/i_bound_score/scratch_q[29]_i_25_n_0
                         LUT6 (Prop_LUT6_I2_O)        0.088     2.376 r  i_scheduler_core/i_round_engine/i_bound_score/scratch_q[29]_i_14/O
                         net (fo=5, unplaced)         0.146     2.522    i_scheduler_core/i_round_engine/i_bound_score/scratch_q[29]_i_14_n_0
                         LUT5 (Prop_LUT5_I2_O)        0.074     2.596 r  i_scheduler_core/i_round_engine/i_bound_score/scratch_q[29]_i_19/O
                         net (fo=13, unplaced)        0.184     2.780    i_scheduler_core/i_round_engine/i_bound_score/scratch_q[29]_i_19_n_0
                         LUT6 (Prop_LUT6_I5_O)        0.051     2.831 r  i_scheduler_core/i_round_engine/i_bound_score/scratch_q[29]_i_10/O
                         net (fo=10, unplaced)        0.161     2.992    i_scheduler_core/i_round_engine/i_bound_score/scratch_q[29]_i_10_n_0
                         LUT6 (Prop_LUT6_I3_O)        0.074     3.066 r  i_scheduler_core/i_round_engine/i_bound_score/f_q[1]_i_7/O
                         net (fo=13, unplaced)        0.184     3.250    i_scheduler_core/i_round_engine/i_bound_score/eval_bound_head5[0][ntok][1]
                         LUT2 (Prop_LUT2_I1_O)        0.051     3.301 f  i_scheduler_core/i_round_engine/i_bound_score/f_q[5]_i_14/O
                         net (fo=3, unplaced)         0.151     3.452    i_scheduler_core/i_round_engine/i_bound_score/hot_q_reg[0][ntok][0]
                         LUT4 (Prop_LUT4_I3_O)        0.082     3.534 r  i_scheduler_core/i_round_engine/i_bound_score/f_q[6]_i_13/O
                         net (fo=4, unplaced)         0.157     3.691    i_scheduler_core/i_round_engine/i_bound_score/hot_q_reg[0][ntok][3]
                         LUT2 (Prop_LUT2_I1_O)        0.051     3.742 r  i_scheduler_core/i_round_engine/i_bound_score/f_q[11]_i_11/O
                         net (fo=8, unplaced)         0.173     3.915    i_scheduler_core/i_round_engine/i_bound_score/hot_q_reg[0][ntok][4]
                         LUT4 (Prop_LUT4_I3_O)        0.051     3.966 r  i_scheduler_core/i_round_engine/i_bound_score/f_q[7]_i_11/O
                         net (fo=8, unplaced)         0.238     4.204    i_scheduler_core/i_round_engine/i_transition_eval/f_q_reg[8]_i_5_2
                         LUT6 (Prop_LUT6_I2_O)        0.088     4.292 r  i_scheduler_core/i_round_engine/i_transition_eval/f_q[8]_i_7/O
                         net (fo=2, unplaced)         0.236     4.528    i_scheduler_core/i_round_engine/i_transition_eval/f_q_reg[8]_i_5/I1
                         LUTCY1 (Prop_LUTCY1_I1_PROP)
                                                      0.113     4.641 r  i_scheduler_core/i_round_engine/i_transition_eval/f_q_reg[8]_i_5/LUTCY1_INST/PROP
                         net (fo=1, unplaced)         0.001     4.642    i_scheduler_core/i_round_engine/i_transition_eval/f_q_reg[8]_i_5_n_3
                         LOOKAHEAD8 (Prop_LOOKAHEAD8_PROPH_COUTH)
                                                      0.129     4.771 r  i_scheduler_core/i_round_engine/i_transition_eval/f_q_reg[9]_i_8/COUTH
                         net (fo=3, unplaced)         0.198     4.969    i_scheduler_core/i_round_engine/i_transition_eval/f_q_reg[9]_i_5/I4
                         LUTCY2 (Prop_LUTCY2_I4_O)    0.051     5.020 r  i_scheduler_core/i_round_engine/i_transition_eval/f_q_reg[9]_i_5/LUTCY2_INST/O
                         net (fo=3, unplaced)         0.016     5.036    i_scheduler_core/i_round_engine/i_transition_eval/f_q_reg[10]_i_5/I4
                         LUTCY1 (Prop_LUTCY1_I4_O)    0.055     5.091 f  i_scheduler_core/i_round_engine/i_transition_eval/f_q_reg[10]_i_5/LUTCY1_INST/O
                         net (fo=6, unplaced)         0.228     5.319    i_scheduler_core/i_round_engine/i_transition_eval/f_q_reg[10]_i_5_n_1
                         LUT4 (Prop_LUT4_I0_O)        0.096     5.415 r  i_scheduler_core/i_round_engine/i_transition_eval/f_q[12]_i_9/O
                         net (fo=2, unplaced)         0.128     5.543    i_scheduler_core/i_round_engine/i_transition_eval/h_q[11]_i_7/I0
                         LUT5 (Prop_LUT5_I0_O)        0.096     5.639 f  i_scheduler_core/i_round_engine/i_transition_eval/h_q[11]_i_7/LUT5/O
                         net (fo=2, unplaced)         0.145     5.784    i_scheduler_core/i_round_engine/i_transition_eval/h_q[11]_i_7_n_0
                         LUT5 (Prop_LUT5_I4_O)        0.051     5.835 r  i_scheduler_core/i_round_engine/i_transition_eval/f_q[12]_i_6/O
                         net (fo=24, unplaced)        0.263     6.098    i_scheduler_core/i_round_engine/i_transition_eval/f_q[12]_i_6_n_0
                         LUT6 (Prop_LUT6_I2_O)        0.088     6.186 f  i_scheduler_core/i_round_engine/i_transition_eval/f_q[2]_i_4/O
                         net (fo=3, unplaced)         0.193     6.379    i_scheduler_core/i_round_engine/i_transition_eval/f_q_reg[13]_i_39/I0
                         LUTCY2 (Prop_LUTCY2_I0_GE)
                                                      0.132     6.511 r  i_scheduler_core/i_round_engine/i_transition_eval/f_q_reg[13]_i_39/LUTCY2_INST/GE
                         net (fo=1, unplaced)         0.036     6.547    i_scheduler_core/i_round_engine/i_transition_eval/f_q_reg[13]_i_39_n_0
                         LOOKAHEAD8 (Prop_LOOKAHEAD8_GEA_COUTH)
                                                      0.242     6.789 r  i_scheduler_core/i_round_engine/i_transition_eval/f_q_reg[13]_i_12/COUTH
                         net (fo=26, unplaced)        0.265     7.054    i_scheduler_core/i_round_engine/i_transition_eval/f_q_reg[13]_i_12_n_3
                         LUT6 (Prop_LUT6_I1_O)        0.088     7.142 f  i_scheduler_core/i_round_engine/i_transition_eval/h_q[1]_i_5/O
                         net (fo=5, unplaced)         0.205     7.347    i_scheduler_core/i_round_engine/i_transition_eval/f_q_reg[13]_i_76/I0
                         LUTCY2 (Prop_LUTCY2_I0_GE)
                                                      0.132     7.479 r  i_scheduler_core/i_round_engine/i_transition_eval/f_q_reg[13]_i_76/LUTCY2_INST/GE
                         net (fo=1, unplaced)         0.036     7.515    i_scheduler_core/i_round_engine/i_transition_eval/f_q_reg[13]_i_76_n_0
                         LOOKAHEAD8 (Prop_LOOKAHEAD8_GEA_COUTH)
                                                      0.242     7.757 r  i_scheduler_core/i_round_engine/i_transition_eval/f_q_reg[13]_i_47/COUTH
                         net (fo=3, unplaced)         0.002     7.759    i_scheduler_core/i_round_engine/i_transition_eval/f_q_reg[13]_i_47_n_3
                         LOOKAHEAD8 (Prop_LOOKAHEAD8_CIN_COUTD)
                                                      0.042     7.801 r  i_scheduler_core/i_round_engine/i_transition_eval/f_q_reg[13]_i_14/COUTD
                         net (fo=2, unplaced)         0.014     7.815    i_scheduler_core/i_round_engine/i_transition_eval/f_q_reg[13]_i_6/I4
                         LUTCY2 (Prop_LUTCY2_I4_O)    0.048     7.863 r  i_scheduler_core/i_round_engine/i_transition_eval/f_q_reg[13]_i_6/LUTCY2_INST/O
                         net (fo=28, unplaced)        0.185     8.048    i_scheduler_core/i_round_engine/i_transition_eval/counters_q_reg[parent_bound][13]
                         LUT5 (Prop_LUT5_I1_O)        0.074     8.122 f  i_scheduler_core/i_round_engine/i_transition_eval/h_q[1]_i_2/O
                         net (fo=3, unplaced)         0.216     8.338    i_scheduler_core/i_round_engine/i_bound_score/h_q_reg[13]_i_11/I2
                         LUTCY2 (Prop_LUTCY2_I2_GE)
                                                      0.088     8.426 r  i_scheduler_core/i_round_engine/i_bound_score/h_q_reg[13]_i_11/LUTCY2_INST/GE
                         net (fo=1, unplaced)         0.036     8.462    i_scheduler_core/i_round_engine/i_bound_score/h_q_reg[13]_i_11_n_0
                         LOOKAHEAD8 (Prop_LOOKAHEAD8_GEA_COUTH)
                                                      0.242     8.704 r  i_scheduler_core/i_round_engine/i_bound_score/h_q_reg[13]_i_6/COUTH
                         net (fo=3, unplaced)         0.002     8.706    i_scheduler_core/i_round_engine/i_bound_score/h_q_reg[13]_i_6_n_3
                         LOOKAHEAD8 (Prop_LOOKAHEAD8_CIN_COUTD)
                                                      0.042     8.748 r  i_scheduler_core/i_round_engine/i_bound_score/h_q_reg[13]_i_5/COUTD
                         net (fo=2, unplaced)         0.014     8.762    i_scheduler_core/i_round_engine/i_bound_score/h_q_reg[13]_i_3/I4
                         LUTCY2 (Prop_LUTCY2_I4_O)    0.048     8.810 r  i_scheduler_core/i_round_engine/i_bound_score/h_q_reg[13]_i_3/LUTCY2_INST/O
                         net (fo=15, unplaced)        0.170     8.980    i_scheduler_core/i_round_engine/i_bound_score/h_q_reg[13]_i_3_n_2
                         LUT6 (Prop_LUT6_I3_O)        0.074     9.054 r  i_scheduler_core/i_round_engine/i_bound_score/h_q[12]_i_1/O
                         net (fo=1, unplaced)         0.062     9.116    i_scheduler_core/i_round_engine/i_bound_score/h_q[12]_i_1_n_0
                         FDCE                                         r  i_scheduler_core/i_round_engine/i_bound_score/h_q_reg[12]/D
  -------------------------------------------------------------------    -------------------

                         (clock scheduler_clk rise edge)
                                                      5.000     5.000 r  
                                                      0.000     5.000 r  clk_i (IN)
                         net (fo=1684, unset)         0.080     5.080    i_scheduler_core/i_round_engine/i_bound_score/clk_i
                         FDCE                                         r  i_scheduler_core/i_round_engine/i_bound_score/h_q_reg[12]/C
                         clock pessimism              0.000     5.080    
                         clock uncertainty           -0.300     4.780    
                         FDCE (Setup_FDCE_C_D)        0.007     4.787    i_scheduler_core/i_round_engine/i_bound_score/h_q_reg[12]
  -------------------------------------------------------------------
                         required time                          4.787    
                         arrival time                          -9.116    
  -------------------------------------------------------------------
                         slack                                 -4.329    

Slack (VIOLATED) :        -4.329ns  (required time - arrival time)
  Source:                 i_scheduler_core/i_round_engine/FSM_onehot_st_q_reg[0]/C
                            (rising edge-triggered cell FDCE clocked by scheduler_clk  {rise@0.000ns fall@2.500ns period=5.000ns})
  Destination:            i_scheduler_core/i_round_engine/i_bound_score/h_q_reg[13]/D
                            (rising edge-triggered cell FDCE clocked by scheduler_clk  {rise@0.000ns fall@2.500ns period=5.000ns})
  Path Group:             scheduler_clk
  Path Type:              Setup (Max at Slow Process Corner)
  Requirement:            5.000ns  (scheduler_clk rise@5.000ns - scheduler_clk rise@0.000ns)
  Data Path Delay:        8.996ns  (logic 3.350ns (37.239%)  route 5.646ns (62.761%))
  Logic Levels:           36  (LOOKAHEAD8=6 LUT2=3 LUT4=4 LUT5=4 LUT6=11 LUTCY1=2 LUTCY2=6)
  Clock Path Skew:        -0.040ns (DCD - SCD + CPR)
    Destination Clock Delay (DCD):    0.080ns = ( 5.080 - 5.000 ) 
    Source Clock Delay      (SCD):    0.120ns
    Clock Pessimism Removal (CPR):    0.000ns
  Clock Uncertainty:      0.300ns  (CJ)/2 + PE + PJ
    Clock Jitter             (CJ):    0.600ns
    Phase Error              (PE):    0.000ns
    Phase Jitter             (PJ):    0.000ns

    Location             Delay type                Incr(ns)  Path(ns)    Netlist Resource(s)
  -------------------------------------------------------------------    -------------------
                         (clock scheduler_clk rise edge)
                                                      0.000     0.000 r  
                                                      0.000     0.000 r  clk_i (IN)
                         net (fo=1684, unset)         0.120     0.120    i_scheduler_core/i_round_engine/clk_i
                         FDCE                                         r  i_scheduler_core/i_round_engine/FSM_onehot_st_q_reg[0]/C
  -------------------------------------------------------------------    -------------------
                         FDCE (Prop_FDCE_C_Q)         0.090     0.210 r  i_scheduler_core/i_round_engine/FSM_onehot_st_q_reg[0]/Q
                         net (fo=6, unplaced)         0.204     0.414    i_scheduler_core/i_round_engine/i_transition_eval/FSM_onehot_st_q_reg[11]_0[0]
                         LUT2 (Prop_LUT2_I1_O)        0.051     0.465 r  i_scheduler_core/i_round_engine/i_transition_eval/FSM_onehot_st_q[10]_i_3/O
                         net (fo=8, unplaced)         0.238     0.703    i_scheduler_core/i_round_engine/i_transition_eval/rebuild_only_i0
                         LUT6 (Prop_LUT6_I2_O)        0.088     0.791 f  i_scheduler_core/i_round_engine/i_transition_eval/g0_b0_i_10/O
                         net (fo=5, unplaced)         0.146     0.937    i_scheduler_core/i_round_engine/i_transition_eval/FSM_onehot_st_q_reg[7]_3
                         LUT4 (Prop_LUT4_I1_O)        0.074     1.011 r  i_scheduler_core/i_round_engine/i_transition_eval/g0_b0_i_7/O
                         net (fo=26, unplaced)        0.265     1.276    i_scheduler_core/i_round_engine/i_bound_score/commit_task_q_reg[1][shape_s3][1]_0
                         LUT6 (Prop_LUT6_I2_O)        0.088     1.364 r  i_scheduler_core/i_round_engine/i_bound_score/g0_b0_i_3/O
                         net (fo=60, unplaced)        0.284     1.648    i_scheduler_core/i_round_engine/i_bound_score/decode_address[2]
                         LUT6 (Prop_LUT6_I2_O)        0.088     1.736 f  i_scheduler_core/i_round_engine/i_bound_score/global_score_q[selected_min_rank][1]_i_3/O
                         net (fo=16, unplaced)        0.254     1.990    i_scheduler_core/i_round_engine/i_bound_score/counters_q_reg[count][1]
                         LUT6 (Prop_LUT6_I1_O)        0.088     2.078 r  i_scheduler_core/i_round_engine/i_bound_score/scratch_q[29]_i_25/O
                         net (fo=1, unplaced)         0.210     2.288    i_scheduler_core/i_round_engine/i_bound_score/scratch_q[29]_i_25_n_0
                         LUT6 (Prop_LUT6_I2_O)        0.088     2.376 r  i_scheduler_core/i_round_engine/i_bound_score/scratch_q[29]_i_14/O
                         net (fo=5, unplaced)         0.146     2.522    i_scheduler_core/i_round_engine/i_bound_score/scratch_q[29]_i_14_n_0
                         LUT5 (Prop_LUT5_I2_O)        0.074     2.596 r  i_scheduler_core/i_round_engine/i_bound_score/scratch_q[29]_i_19/O
                         net (fo=13, unplaced)        0.184     2.780    i_scheduler_core/i_round_engine/i_bound_score/scratch_q[29]_i_19_n_0
                         LUT6 (Prop_LUT6_I5_O)        0.051     2.831 r  i_scheduler_core/i_round_engine/i_bound_score/scratch_q[29]_i_10/O
                         net (fo=10, unplaced)        0.161     2.992    i_scheduler_core/i_round_engine/i_bound_score/scratch_q[29]_i_10_n_0
                         LUT6 (Prop_LUT6_I3_O)        0.074     3.066 r  i_scheduler_core/i_round_engine/i_bound_score/f_q[1]_i_7/O
                         net (fo=13, unplaced)        0.184     3.250    i_scheduler_core/i_round_engine/i_bound_score/eval_bound_head5[0][ntok][1]
                         LUT2 (Prop_LUT2_I1_O)        0.051     3.301 f  i_scheduler_core/i_round_engine/i_bound_score/f_q[5]_i_14/O
                         net (fo=3, unplaced)         0.151     3.452    i_scheduler_core/i_round_engine/i_bound_score/hot_q_reg[0][ntok][0]
                         LUT4 (Prop_LUT4_I3_O)        0.082     3.534 r  i_scheduler_core/i_round_engine/i_bound_score/f_q[6]_i_13/O
                         net (fo=4, unplaced)         0.157     3.691    i_scheduler_core/i_round_engine/i_bound_score/hot_q_reg[0][ntok][3]
                         LUT2 (Prop_LUT2_I1_O)        0.051     3.742 r  i_scheduler_core/i_round_engine/i_bound_score/f_q[11]_i_11/O
                         net (fo=8, unplaced)         0.173     3.915    i_scheduler_core/i_round_engine/i_bound_score/hot_q_reg[0][ntok][4]
                         LUT4 (Prop_LUT4_I3_O)        0.051     3.966 r  i_scheduler_core/i_round_engine/i_bound_score/f_q[7]_i_11/O
                         net (fo=8, unplaced)         0.238     4.204    i_scheduler_core/i_round_engine/i_transition_eval/f_q_reg[8]_i_5_2
                         LUT6 (Prop_LUT6_I2_O)        0.088     4.292 r  i_scheduler_core/i_round_engine/i_transition_eval/f_q[8]_i_7/O
                         net (fo=2, unplaced)         0.236     4.528    i_scheduler_core/i_round_engine/i_transition_eval/f_q_reg[8]_i_5/I1
                         LUTCY1 (Prop_LUTCY1_I1_PROP)
                                                      0.113     4.641 r  i_scheduler_core/i_round_engine/i_transition_eval/f_q_reg[8]_i_5/LUTCY1_INST/PROP
                         net (fo=1, unplaced)         0.001     4.642    i_scheduler_core/i_round_engine/i_transition_eval/f_q_reg[8]_i_5_n_3
                         LOOKAHEAD8 (Prop_LOOKAHEAD8_PROPH_COUTH)
                                                      0.129     4.771 r  i_scheduler_core/i_round_engine/i_transition_eval/f_q_reg[9]_i_8/COUTH
                         net (fo=3, unplaced)         0.198     4.969    i_scheduler_core/i_round_engine/i_transition_eval/f_q_reg[9]_i_5/I4
                         LUTCY2 (Prop_LUTCY2_I4_O)    0.051     5.020 r  i_scheduler_core/i_round_engine/i_transition_eval/f_q_reg[9]_i_5/LUTCY2_INST/O
                         net (fo=3, unplaced)         0.016     5.036    i_scheduler_core/i_round_engine/i_transition_eval/f_q_reg[10]_i_5/I4
                         LUTCY1 (Prop_LUTCY1_I4_O)    0.055     5.091 f  i_scheduler_core/i_round_engine/i_transition_eval/f_q_reg[10]_i_5/LUTCY1_INST/O
                         net (fo=6, unplaced)         0.228     5.319    i_scheduler_core/i_round_engine/i_transition_eval/f_q_reg[10]_i_5_n_1
                         LUT4 (Prop_LUT4_I0_O)        0.096     5.415 r  i_scheduler_core/i_round_engine/i_transition_eval/f_q[12]_i_9/O
                         net (fo=2, unplaced)         0.128     5.543    i_scheduler_core/i_round_engine/i_transition_eval/h_q[11]_i_7/I0
                         LUT5 (Prop_LUT5_I0_O)        0.096     5.639 f  i_scheduler_core/i_round_engine/i_transition_eval/h_q[11]_i_7/LUT5/O
                         net (fo=2, unplaced)         0.145     5.784    i_scheduler_core/i_round_engine/i_transition_eval/h_q[11]_i_7_n_0
                         LUT5 (Prop_LUT5_I4_O)        0.051     5.835 r  i_scheduler_core/i_round_engine/i_transition_eval/f_q[12]_i_6/O
                         net (fo=24, unplaced)        0.263     6.098    i_scheduler_core/i_round_engine/i_transition_eval/f_q[12]_i_6_n_0
                         LUT6 (Prop_LUT6_I2_O)        0.088     6.186 f  i_scheduler_core/i_round_engine/i_transition_eval/f_q[2]_i_4/O
                         net (fo=3, unplaced)         0.193     6.379    i_scheduler_core/i_round_engine/i_transition_eval/f_q_reg[13]_i_39/I0
                         LUTCY2 (Prop_LUTCY2_I0_GE)
                                                      0.132     6.511 r  i_scheduler_core/i_round_engine/i_transition_eval/f_q_reg[13]_i_39/LUTCY2_INST/GE
                         net (fo=1, unplaced)         0.036     6.547    i_scheduler_core/i_round_engine/i_transition_eval/f_q_reg[13]_i_39_n_0
                         LOOKAHEAD8 (Prop_LOOKAHEAD8_GEA_COUTH)
                                                      0.242     6.789 r  i_scheduler_core/i_round_engine/i_transition_eval/f_q_reg[13]_i_12/COUTH
                         net (fo=26, unplaced)        0.265     7.054    i_scheduler_core/i_round_engine/i_transition_eval/f_q_reg[13]_i_12_n_3
                         LUT6 (Prop_LUT6_I1_O)        0.088     7.142 f  i_scheduler_core/i_round_engine/i_transition_eval/h_q[1]_i_5/O
                         net (fo=5, unplaced)         0.205     7.347    i_scheduler_core/i_round_engine/i_transition_eval/f_q_reg[13]_i_76/I0
                         LUTCY2 (Prop_LUTCY2_I0_GE)
                                                      0.132     7.479 r  i_scheduler_core/i_round_engine/i_transition_eval/f_q_reg[13]_i_76/LUTCY2_INST/GE
                         net (fo=1, unplaced)         0.036     7.515    i_scheduler_core/i_round_engine/i_transition_eval/f_q_reg[13]_i_76_n_0
                         LOOKAHEAD8 (Prop_LOOKAHEAD8_GEA_COUTH)
                                                      0.242     7.757 r  i_scheduler_core/i_round_engine/i_transition_eval/f_q_reg[13]_i_47/COUTH
                         net (fo=3, unplaced)         0.002     7.759    i_scheduler_core/i_round_engine/i_transition_eval/f_q_reg[13]_i_47_n_3
                         LOOKAHEAD8 (Prop_LOOKAHEAD8_CIN_COUTD)
                                                      0.042     7.801 r  i_scheduler_core/i_round_engine/i_transition_eval/f_q_reg[13]_i_14/COUTD
                         net (fo=2, unplaced)         0.014     7.815    i_scheduler_core/i_round_engine/i_transition_eval/f_q_reg[13]_i_6/I4
                         LUTCY2 (Prop_LUTCY2_I4_O)    0.048     7.863 r  i_scheduler_core/i_round_engine/i_transition_eval/f_q_reg[13]_i_6/LUTCY2_INST/O
                         net (fo=28, unplaced)        0.185     8.048    i_scheduler_core/i_round_engine/i_transition_eval/counters_q_reg[parent_bound][13]
                         LUT5 (Prop_LUT5_I1_O)        0.074     8.122 f  i_scheduler_core/i_round_engine/i_transition_eval/h_q[1]_i_2/O
                         net (fo=3, unplaced)         0.216     8.338    i_scheduler_core/i_round_engine/i_bound_score/h_q_reg[13]_i_11/I2
                         LUTCY2 (Prop_LUTCY2_I2_GE)
                                                      0.088     8.426 r  i_scheduler_core/i_round_engine/i_bound_score/h_q_reg[13]_i_11/LUTCY2_INST/GE
                         net (fo=1, unplaced)         0.036     8.462    i_scheduler_core/i_round_engine/i_bound_score/h_q_reg[13]_i_11_n_0
                         LOOKAHEAD8 (Prop_LOOKAHEAD8_GEA_COUTH)
                                                      0.242     8.704 r  i_scheduler_core/i_round_engine/i_bound_score/h_q_reg[13]_i_6/COUTH
                         net (fo=3, unplaced)         0.002     8.706    i_scheduler_core/i_round_engine/i_bound_score/h_q_reg[13]_i_6_n_3
                         LOOKAHEAD8 (Prop_LOOKAHEAD8_CIN_COUTD)
                                                      0.042     8.748 r  i_scheduler_core/i_round_engine/i_bound_score/h_q_reg[13]_i_5/COUTD
                         net (fo=2, unplaced)         0.014     8.762    i_scheduler_core/i_round_engine/i_bound_score/h_q_reg[13]_i_3/I4
                         LUTCY2 (Prop_LUTCY2_I4_O)    0.048     8.810 r  i_scheduler_core/i_round_engine/i_bound_score/h_q_reg[13]_i_3/LUTCY2_INST/O
                         net (fo=15, unplaced)        0.170     8.980    i_scheduler_core/i_round_engine/i_bound_score/h_q_reg[13]_i_3_n_2
                         LUT6 (Prop_LUT6_I3_O)        0.074     9.054 r  i_scheduler_core/i_round_engine/i_bound_score/h_q[13]_i_1/O
                         net (fo=1, unplaced)         0.062     9.116    i_scheduler_core/i_round_engine/i_bound_score/h_q[13]_i_1_n_0
                         FDCE                                         r  i_scheduler_core/i_round_engine/i_bound_score/h_q_reg[13]/D
  -------------------------------------------------------------------    -------------------

                         (clock scheduler_clk rise edge)
                                                      5.000     5.000 r  
                                                      0.000     5.000 r  clk_i (IN)
                         net (fo=1684, unset)         0.080     5.080    i_scheduler_core/i_round_engine/i_bound_score/clk_i
                         FDCE                                         r  i_scheduler_core/i_round_engine/i_bound_score/h_q_reg[13]/C
                         clock pessimism              0.000     5.080    
                         clock uncertainty           -0.300     4.780    
                         FDCE (Setup_FDCE_C_D)        0.007     4.787    i_scheduler_core/i_round_engine/i_bound_score/h_q_reg[13]
  -------------------------------------------------------------------
                         required time                          4.787    
                         arrival time                          -9.116    
  -------------------------------------------------------------------
                         slack                                 -4.329    

Slack (VIOLATED) :        -4.329ns  (required time - arrival time)
  Source:                 i_scheduler_core/i_round_engine/FSM_onehot_st_q_reg[0]/C
                            (rising edge-triggered cell FDCE clocked by scheduler_clk  {rise@0.000ns fall@2.500ns period=5.000ns})
  Destination:            i_scheduler_core/i_round_engine/i_bound_score/h_q_reg[1]/D
                            (rising edge-triggered cell FDCE clocked by scheduler_clk  {rise@0.000ns fall@2.500ns period=5.000ns})
  Path Group:             scheduler_clk
  Path Type:              Setup (Max at Slow Process Corner)
  Requirement:            5.000ns  (scheduler_clk rise@5.000ns - scheduler_clk rise@0.000ns)
  Data Path Delay:        8.996ns  (logic 3.350ns (37.239%)  route 5.646ns (62.761%))
  Logic Levels:           36  (LOOKAHEAD8=6 LUT2=3 LUT4=4 LUT5=4 LUT6=11 LUTCY1=2 LUTCY2=6)
  Clock Path Skew:        -0.040ns (DCD - SCD + CPR)
    Destination Clock Delay (DCD):    0.080ns = ( 5.080 - 5.000 ) 
    Source Clock Delay      (SCD):    0.120ns
    Clock Pessimism Removal (CPR):    0.000ns
  Clock Uncertainty:      0.300ns  (CJ)/2 + PE + PJ
    Clock Jitter             (CJ):    0.600ns
    Phase Error              (PE):    0.000ns
    Phase Jitter             (PJ):    0.000ns

    Location             Delay type                Incr(ns)  Path(ns)    Netlist Resource(s)
  -------------------------------------------------------------------    -------------------
                         (clock scheduler_clk rise edge)
                                                      0.000     0.000 r  
                                                      0.000     0.000 r  clk_i (IN)
                         net (fo=1684, unset)         0.120     0.120    i_scheduler_core/i_round_engine/clk_i
                         FDCE                                         r  i_scheduler_core/i_round_engine/FSM_onehot_st_q_reg[0]/C
  -------------------------------------------------------------------    -------------------
                         FDCE (Prop_FDCE_C_Q)         0.090     0.210 r  i_scheduler_core/i_round_engine/FSM_onehot_st_q_reg[0]/Q
                         net (fo=6, unplaced)         0.204     0.414    i_scheduler_core/i_round_engine/i_transition_eval/FSM_onehot_st_q_reg[11]_0[0]
                         LUT2 (Prop_LUT2_I1_O)        0.051     0.465 r  i_scheduler_core/i_round_engine/i_transition_eval/FSM_onehot_st_q[10]_i_3/O
                         net (fo=8, unplaced)         0.238     0.703    i_scheduler_core/i_round_engine/i_transition_eval/rebuild_only_i0
                         LUT6 (Prop_LUT6_I2_O)        0.088     0.791 f  i_scheduler_core/i_round_engine/i_transition_eval/g0_b0_i_10/O
                         net (fo=5, unplaced)         0.146     0.937    i_scheduler_core/i_round_engine/i_transition_eval/FSM_onehot_st_q_reg[7]_3
                         LUT4 (Prop_LUT4_I1_O)        0.074     1.011 r  i_scheduler_core/i_round_engine/i_transition_eval/g0_b0_i_7/O
                         net (fo=26, unplaced)        0.265     1.276    i_scheduler_core/i_round_engine/i_bound_score/commit_task_q_reg[1][shape_s3][1]_0
                         LUT6 (Prop_LUT6_I2_O)        0.088     1.364 r  i_scheduler_core/i_round_engine/i_bound_score/g0_b0_i_3/O
                         net (fo=60, unplaced)        0.284     1.648    i_scheduler_core/i_round_engine/i_bound_score/decode_address[2]
                         LUT6 (Prop_LUT6_I2_O)        0.088     1.736 f  i_scheduler_core/i_round_engine/i_bound_score/global_score_q[selected_min_rank][1]_i_3/O
                         net (fo=16, unplaced)        0.254     1.990    i_scheduler_core/i_round_engine/i_bound_score/counters_q_reg[count][1]
                         LUT6 (Prop_LUT6_I1_O)        0.088     2.078 r  i_scheduler_core/i_round_engine/i_bound_score/scratch_q[29]_i_25/O
                         net (fo=1, unplaced)         0.210     2.288    i_scheduler_core/i_round_engine/i_bound_score/scratch_q[29]_i_25_n_0
                         LUT6 (Prop_LUT6_I2_O)        0.088     2.376 r  i_scheduler_core/i_round_engine/i_bound_score/scratch_q[29]_i_14/O
                         net (fo=5, unplaced)         0.146     2.522    i_scheduler_core/i_round_engine/i_bound_score/scratch_q[29]_i_14_n_0
                         LUT5 (Prop_LUT5_I2_O)        0.074     2.596 r  i_scheduler_core/i_round_engine/i_bound_score/scratch_q[29]_i_19/O
                         net (fo=13, unplaced)        0.184     2.780    i_scheduler_core/i_round_engine/i_bound_score/scratch_q[29]_i_19_n_0
                         LUT6 (Prop_LUT6_I5_O)        0.051     2.831 r  i_scheduler_core/i_round_engine/i_bound_score/scratch_q[29]_i_10/O
                         net (fo=10, unplaced)        0.161     2.992    i_scheduler_core/i_round_engine/i_bound_score/scratch_q[29]_i_10_n_0
                         LUT6 (Prop_LUT6_I3_O)        0.074     3.066 r  i_scheduler_core/i_round_engine/i_bound_score/f_q[1]_i_7/O
                         net (fo=13, unplaced)        0.184     3.250    i_scheduler_core/i_round_engine/i_bound_score/eval_bound_head5[0][ntok][1]
                         LUT2 (Prop_LUT2_I1_O)        0.051     3.301 f  i_scheduler_core/i_round_engine/i_bound_score/f_q[5]_i_14/O
                         net (fo=3, unplaced)         0.151     3.452    i_scheduler_core/i_round_engine/i_bound_score/hot_q_reg[0][ntok][0]
                         LUT4 (Prop_LUT4_I3_O)        0.082     3.534 r  i_scheduler_core/i_round_engine/i_bound_score/f_q[6]_i_13/O
                         net (fo=4, unplaced)         0.157     3.691    i_scheduler_core/i_round_engine/i_bound_score/hot_q_reg[0][ntok][3]
                         LUT2 (Prop_LUT2_I1_O)        0.051     3.742 r  i_scheduler_core/i_round_engine/i_bound_score/f_q[11]_i_11/O
                         net (fo=8, unplaced)         0.173     3.915    i_scheduler_core/i_round_engine/i_bound_score/hot_q_reg[0][ntok][4]
                         LUT4 (Prop_LUT4_I3_O)        0.051     3.966 r  i_scheduler_core/i_round_engine/i_bound_score/f_q[7]_i_11/O
                         net (fo=8, unplaced)         0.238     4.204    i_scheduler_core/i_round_engine/i_transition_eval/f_q_reg[8]_i_5_2
                         LUT6 (Prop_LUT6_I2_O)        0.088     4.292 r  i_scheduler_core/i_round_engine/i_transition_eval/f_q[8]_i_7/O
                         net (fo=2, unplaced)         0.236     4.528    i_scheduler_core/i_round_engine/i_transition_eval/f_q_reg[8]_i_5/I1
                         LUTCY1 (Prop_LUTCY1_I1_PROP)
                                                      0.113     4.641 r  i_scheduler_core/i_round_engine/i_transition_eval/f_q_reg[8]_i_5/LUTCY1_INST/PROP
                         net (fo=1, unplaced)         0.001     4.642    i_scheduler_core/i_round_engine/i_transition_eval/f_q_reg[8]_i_5_n_3
                         LOOKAHEAD8 (Prop_LOOKAHEAD8_PROPH_COUTH)
                                                      0.129     4.771 r  i_scheduler_core/i_round_engine/i_transition_eval/f_q_reg[9]_i_8/COUTH
                         net (fo=3, unplaced)         0.198     4.969    i_scheduler_core/i_round_engine/i_transition_eval/f_q_reg[9]_i_5/I4
                         LUTCY2 (Prop_LUTCY2_I4_O)    0.051     5.020 r  i_scheduler_core/i_round_engine/i_transition_eval/f_q_reg[9]_i_5/LUTCY2_INST/O
                         net (fo=3, unplaced)         0.016     5.036    i_scheduler_core/i_round_engine/i_transition_eval/f_q_reg[10]_i_5/I4
                         LUTCY1 (Prop_LUTCY1_I4_O)    0.055     5.091 f  i_scheduler_core/i_round_engine/i_transition_eval/f_q_reg[10]_i_5/LUTCY1_INST/O
                         net (fo=6, unplaced)         0.228     5.319    i_scheduler_core/i_round_engine/i_transition_eval/f_q_reg[10]_i_5_n_1
                         LUT4 (Prop_LUT4_I0_O)        0.096     5.415 r  i_scheduler_core/i_round_engine/i_transition_eval/f_q[12]_i_9/O
                         net (fo=2, unplaced)         0.128     5.543    i_scheduler_core/i_round_engine/i_transition_eval/h_q[11]_i_7/I0
                         LUT5 (Prop_LUT5_I0_O)        0.096     5.639 f  i_scheduler_core/i_round_engine/i_transition_eval/h_q[11]_i_7/LUT5/O
                         net (fo=2, unplaced)         0.145     5.784    i_scheduler_core/i_round_engine/i_transition_eval/h_q[11]_i_7_n_0
                         LUT5 (Prop_LUT5_I4_O)        0.051     5.835 r  i_scheduler_core/i_round_engine/i_transition_eval/f_q[12]_i_6/O
                         net (fo=24, unplaced)        0.263     6.098    i_scheduler_core/i_round_engine/i_transition_eval/f_q[12]_i_6_n_0
                         LUT6 (Prop_LUT6_I2_O)        0.088     6.186 f  i_scheduler_core/i_round_engine/i_transition_eval/f_q[2]_i_4/O
                         net (fo=3, unplaced)         0.193     6.379    i_scheduler_core/i_round_engine/i_transition_eval/f_q_reg[13]_i_39/I0
                         LUTCY2 (Prop_LUTCY2_I0_GE)
                                                      0.132     6.511 r  i_scheduler_core/i_round_engine/i_transition_eval/f_q_reg[13]_i_39/LUTCY2_INST/GE
                         net (fo=1, unplaced)         0.036     6.547    i_scheduler_core/i_round_engine/i_transition_eval/f_q_reg[13]_i_39_n_0
                         LOOKAHEAD8 (Prop_LOOKAHEAD8_GEA_COUTH)
                                                      0.242     6.789 r  i_scheduler_core/i_round_engine/i_transition_eval/f_q_reg[13]_i_12/COUTH
                         net (fo=26, unplaced)        0.265     7.054    i_scheduler_core/i_round_engine/i_transition_eval/f_q_reg[13]_i_12_n_3
                         LUT6 (Prop_LUT6_I1_O)        0.088     7.142 f  i_scheduler_core/i_round_engine/i_transition_eval/h_q[1]_i_5/O
                         net (fo=5, unplaced)         0.205     7.347    i_scheduler_core/i_round_engine/i_transition_eval/f_q_reg[13]_i_76/I0
                         LUTCY2 (Prop_LUTCY2_I0_GE)
                                                      0.132     7.479 r  i_scheduler_core/i_round_engine/i_transition_eval/f_q_reg[13]_i_76/LUTCY2_INST/GE
                         net (fo=1, unplaced)         0.036     7.515    i_scheduler_core/i_round_engine/i_transition_eval/f_q_reg[13]_i_76_n_0
                         LOOKAHEAD8 (Prop_LOOKAHEAD8_GEA_COUTH)
                                                      0.242     7.757 r  i_scheduler_core/i_round_engine/i_transition_eval/f_q_reg[13]_i_47/COUTH
                         net (fo=3, unplaced)         0.002     7.759    i_scheduler_core/i_round_engine/i_transition_eval/f_q_reg[13]_i_47_n_3
                         LOOKAHEAD8 (Prop_LOOKAHEAD8_CIN_COUTD)
                                                      0.042     7.801 r  i_scheduler_core/i_round_engine/i_transition_eval/f_q_reg[13]_i_14/COUTD
                         net (fo=2, unplaced)         0.014     7.815    i_scheduler_core/i_round_engine/i_transition_eval/f_q_reg[13]_i_6/I4
                         LUTCY2 (Prop_LUTCY2_I4_O)    0.048     7.863 r  i_scheduler_core/i_round_engine/i_transition_eval/f_q_reg[13]_i_6/LUTCY2_INST/O
                         net (fo=28, unplaced)        0.185     8.048    i_scheduler_core/i_round_engine/i_transition_eval/counters_q_reg[parent_bound][13]
                         LUT5 (Prop_LUT5_I1_O)        0.074     8.122 f  i_scheduler_core/i_round_engine/i_transition_eval/h_q[1]_i_2/O
                         net (fo=3, unplaced)         0.216     8.338    i_scheduler_core/i_round_engine/i_bound_score/h_q_reg[13]_i_11/I2
                         LUTCY2 (Prop_LUTCY2_I2_GE)
                                                      0.088     8.426 r  i_scheduler_core/i_round_engine/i_bound_score/h_q_reg[13]_i_11/LUTCY2_INST/GE
                         net (fo=1, unplaced)         0.036     8.462    i_scheduler_core/i_round_engine/i_bound_score/h_q_reg[13]_i_11_n_0
                         LOOKAHEAD8 (Prop_LOOKAHEAD8_GEA_COUTH)
                                                      0.242     8.704 r  i_scheduler_core/i_round_engine/i_bound_score/h_q_reg[13]_i_6/COUTH
                         net (fo=3, unplaced)         0.002     8.706    i_scheduler_core/i_round_engine/i_bound_score/h_q_reg[13]_i_6_n_3
                         LOOKAHEAD8 (Prop_LOOKAHEAD8_CIN_COUTD)
                                                      0.042     8.748 r  i_scheduler_core/i_round_engine/i_bound_score/h_q_reg[13]_i_5/COUTD
                         net (fo=2, unplaced)         0.014     8.762    i_scheduler_core/i_round_engine/i_bound_score/h_q_reg[13]_i_3/I4
                         LUTCY2 (Prop_LUTCY2_I4_O)    0.048     8.810 r  i_scheduler_core/i_round_engine/i_bound_score/h_q_reg[13]_i_3/LUTCY2_INST/O
                         net (fo=15, unplaced)        0.170     8.980    i_scheduler_core/i_round_engine/i_bound_score/h_q_reg[13]_i_3_n_2
                         LUT6 (Prop_LUT6_I3_O)        0.074     9.054 r  i_scheduler_core/i_round_engine/i_bound_score/h_q[1]_i_1/O
                         net (fo=1, unplaced)         0.062     9.116    i_scheduler_core/i_round_engine/i_bound_score/h_q[1]_i_1_n_0
                         FDCE                                         r  i_scheduler_core/i_round_engine/i_bound_score/h_q_reg[1]/D
  -------------------------------------------------------------------    -------------------

                         (clock scheduler_clk rise edge)
                                                      5.000     5.000 r  
                                                      0.000     5.000 r  clk_i (IN)
                         net (fo=1684, unset)         0.080     5.080    i_scheduler_core/i_round_engine/i_bound_score/clk_i
                         FDCE                                         r  i_scheduler_core/i_round_engine/i_bound_score/h_q_reg[1]/C
                         clock pessimism              0.000     5.080    
                         clock uncertainty           -0.300     4.780    
                         FDCE (Setup_FDCE_C_D)        0.007     4.787    i_scheduler_core/i_round_engine/i_bound_score/h_q_reg[1]
  -------------------------------------------------------------------
                         required time                          4.787    
                         arrival time                          -9.116    
  -------------------------------------------------------------------
                         slack                                 -4.329    

Slack (VIOLATED) :        -4.329ns  (required time - arrival time)
  Source:                 i_scheduler_core/i_round_engine/FSM_onehot_st_q_reg[0]/C
                            (rising edge-triggered cell FDCE clocked by scheduler_clk  {rise@0.000ns fall@2.500ns period=5.000ns})
  Destination:            i_scheduler_core/i_round_engine/i_bound_score/h_q_reg[2]/D
                            (rising edge-triggered cell FDCE clocked by scheduler_clk  {rise@0.000ns fall@2.500ns period=5.000ns})
  Path Group:             scheduler_clk
  Path Type:              Setup (Max at Slow Process Corner)
  Requirement:            5.000ns  (scheduler_clk rise@5.000ns - scheduler_clk rise@0.000ns)
  Data Path Delay:        8.996ns  (logic 3.350ns (37.239%)  route 5.646ns (62.761%))
  Logic Levels:           36  (LOOKAHEAD8=6 LUT2=3 LUT4=4 LUT5=4 LUT6=11 LUTCY1=2 LUTCY2=6)
  Clock Path Skew:        -0.040ns (DCD - SCD + CPR)
    Destination Clock Delay (DCD):    0.080ns = ( 5.080 - 5.000 ) 
    Source Clock Delay      (SCD):    0.120ns
    Clock Pessimism Removal (CPR):    0.000ns
  Clock Uncertainty:      0.300ns  (CJ)/2 + PE + PJ
    Clock Jitter             (CJ):    0.600ns
    Phase Error              (PE):    0.000ns
    Phase Jitter             (PJ):    0.000ns

    Location             Delay type                Incr(ns)  Path(ns)    Netlist Resource(s)
  -------------------------------------------------------------------    -------------------
                         (clock scheduler_clk rise edge)
                                                      0.000     0.000 r  
                                                      0.000     0.000 r  clk_i (IN)
                         net (fo=1684, unset)         0.120     0.120    i_scheduler_core/i_round_engine/clk_i
                         FDCE                                         r  i_scheduler_core/i_round_engine/FSM_onehot_st_q_reg[0]/C
  -------------------------------------------------------------------    -------------------
                         FDCE (Prop_FDCE_C_Q)         0.090     0.210 r  i_scheduler_core/i_round_engine/FSM_onehot_st_q_reg[0]/Q
                         net (fo=6, unplaced)         0.204     0.414    i_scheduler_core/i_round_engine/i_transition_eval/FSM_onehot_st_q_reg[11]_0[0]
                         LUT2 (Prop_LUT2_I1_O)        0.051     0.465 r  i_scheduler_core/i_round_engine/i_transition_eval/FSM_onehot_st_q[10]_i_3/O
                         net (fo=8, unplaced)         0.238     0.703    i_scheduler_core/i_round_engine/i_transition_eval/rebuild_only_i0
                         LUT6 (Prop_LUT6_I2_O)        0.088     0.791 f  i_scheduler_core/i_round_engine/i_transition_eval/g0_b0_i_10/O
                         net (fo=5, unplaced)         0.146     0.937    i_scheduler_core/i_round_engine/i_transition_eval/FSM_onehot_st_q_reg[7]_3
                         LUT4 (Prop_LUT4_I1_O)        0.074     1.011 r  i_scheduler_core/i_round_engine/i_transition_eval/g0_b0_i_7/O
                         net (fo=26, unplaced)        0.265     1.276    i_scheduler_core/i_round_engine/i_bound_score/commit_task_q_reg[1][shape_s3][1]_0
                         LUT6 (Prop_LUT6_I2_O)        0.088     1.364 r  i_scheduler_core/i_round_engine/i_bound_score/g0_b0_i_3/O
                         net (fo=60, unplaced)        0.284     1.648    i_scheduler_core/i_round_engine/i_bound_score/decode_address[2]
                         LUT6 (Prop_LUT6_I2_O)        0.088     1.736 f  i_scheduler_core/i_round_engine/i_bound_score/global_score_q[selected_min_rank][1]_i_3/O
                         net (fo=16, unplaced)        0.254     1.990    i_scheduler_core/i_round_engine/i_bound_score/counters_q_reg[count][1]
                         LUT6 (Prop_LUT6_I1_O)        0.088     2.078 r  i_scheduler_core/i_round_engine/i_bound_score/scratch_q[29]_i_25/O
                         net (fo=1, unplaced)         0.210     2.288    i_scheduler_core/i_round_engine/i_bound_score/scratch_q[29]_i_25_n_0
                         LUT6 (Prop_LUT6_I2_O)        0.088     2.376 r  i_scheduler_core/i_round_engine/i_bound_score/scratch_q[29]_i_14/O
                         net (fo=5, unplaced)         0.146     2.522    i_scheduler_core/i_round_engine/i_bound_score/scratch_q[29]_i_14_n_0
                         LUT5 (Prop_LUT5_I2_O)        0.074     2.596 r  i_scheduler_core/i_round_engine/i_bound_score/scratch_q[29]_i_19/O
                         net (fo=13, unplaced)        0.184     2.780    i_scheduler_core/i_round_engine/i_bound_score/scratch_q[29]_i_19_n_0
                         LUT6 (Prop_LUT6_I5_O)        0.051     2.831 r  i_scheduler_core/i_round_engine/i_bound_score/scratch_q[29]_i_10/O
                         net (fo=10, unplaced)        0.161     2.992    i_scheduler_core/i_round_engine/i_bound_score/scratch_q[29]_i_10_n_0
                         LUT6 (Prop_LUT6_I3_O)        0.074     3.066 r  i_scheduler_core/i_round_engine/i_bound_score/f_q[1]_i_7/O
                         net (fo=13, unplaced)        0.184     3.250    i_scheduler_core/i_round_engine/i_bound_score/eval_bound_head5[0][ntok][1]
                         LUT2 (Prop_LUT2_I1_O)        0.051     3.301 f  i_scheduler_core/i_round_engine/i_bound_score/f_q[5]_i_14/O
                         net (fo=3, unplaced)         0.151     3.452    i_scheduler_core/i_round_engine/i_bound_score/hot_q_reg[0][ntok][0]
                         LUT4 (Prop_LUT4_I3_O)        0.082     3.534 r  i_scheduler_core/i_round_engine/i_bound_score/f_q[6]_i_13/O
                         net (fo=4, unplaced)         0.157     3.691    i_scheduler_core/i_round_engine/i_bound_score/hot_q_reg[0][ntok][3]
                         LUT2 (Prop_LUT2_I1_O)        0.051     3.742 r  i_scheduler_core/i_round_engine/i_bound_score/f_q[11]_i_11/O
                         net (fo=8, unplaced)         0.173     3.915    i_scheduler_core/i_round_engine/i_bound_score/hot_q_reg[0][ntok][4]
                         LUT4 (Prop_LUT4_I3_O)        0.051     3.966 r  i_scheduler_core/i_round_engine/i_bound_score/f_q[7]_i_11/O
                         net (fo=8, unplaced)         0.238     4.204    i_scheduler_core/i_round_engine/i_transition_eval/f_q_reg[8]_i_5_2
                         LUT6 (Prop_LUT6_I2_O)        0.088     4.292 r  i_scheduler_core/i_round_engine/i_transition_eval/f_q[8]_i_7/O
                         net (fo=2, unplaced)         0.236     4.528    i_scheduler_core/i_round_engine/i_transition_eval/f_q_reg[8]_i_5/I1
                         LUTCY1 (Prop_LUTCY1_I1_PROP)
                                                      0.113     4.641 r  i_scheduler_core/i_round_engine/i_transition_eval/f_q_reg[8]_i_5/LUTCY1_INST/PROP
                         net (fo=1, unplaced)         0.001     4.642    i_scheduler_core/i_round_engine/i_transition_eval/f_q_reg[8]_i_5_n_3
                         LOOKAHEAD8 (Prop_LOOKAHEAD8_PROPH_COUTH)
                                                      0.129     4.771 r  i_scheduler_core/i_round_engine/i_transition_eval/f_q_reg[9]_i_8/COUTH
                         net (fo=3, unplaced)         0.198     4.969    i_scheduler_core/i_round_engine/i_transition_eval/f_q_reg[9]_i_5/I4
                         LUTCY2 (Prop_LUTCY2_I4_O)    0.051     5.020 r  i_scheduler_core/i_round_engine/i_transition_eval/f_q_reg[9]_i_5/LUTCY2_INST/O
                         net (fo=3, unplaced)         0.016     5.036    i_scheduler_core/i_round_engine/i_transition_eval/f_q_reg[10]_i_5/I4
                         LUTCY1 (Prop_LUTCY1_I4_O)    0.055     5.091 f  i_scheduler_core/i_round_engine/i_transition_eval/f_q_reg[10]_i_5/LUTCY1_INST/O
                         net (fo=6, unplaced)         0.228     5.319    i_scheduler_core/i_round_engine/i_transition_eval/f_q_reg[10]_i_5_n_1
                         LUT4 (Prop_LUT4_I0_O)        0.096     5.415 r  i_scheduler_core/i_round_engine/i_transition_eval/f_q[12]_i_9/O
                         net (fo=2, unplaced)         0.128     5.543    i_scheduler_core/i_round_engine/i_transition_eval/h_q[11]_i_7/I0
                         LUT5 (Prop_LUT5_I0_O)        0.096     5.639 f  i_scheduler_core/i_round_engine/i_transition_eval/h_q[11]_i_7/LUT5/O
                         net (fo=2, unplaced)         0.145     5.784    i_scheduler_core/i_round_engine/i_transition_eval/h_q[11]_i_7_n_0
                         LUT5 (Prop_LUT5_I4_O)        0.051     5.835 r  i_scheduler_core/i_round_engine/i_transition_eval/f_q[12]_i_6/O
                         net (fo=24, unplaced)        0.263     6.098    i_scheduler_core/i_round_engine/i_transition_eval/f_q[12]_i_6_n_0
                         LUT6 (Prop_LUT6_I2_O)        0.088     6.186 f  i_scheduler_core/i_round_engine/i_transition_eval/f_q[2]_i_4/O
                         net (fo=3, unplaced)         0.193     6.379    i_scheduler_core/i_round_engine/i_transition_eval/f_q_reg[13]_i_39/I0
                         LUTCY2 (Prop_LUTCY2_I0_GE)
                                                      0.132     6.511 r  i_scheduler_core/i_round_engine/i_transition_eval/f_q_reg[13]_i_39/LUTCY2_INST/GE
                         net (fo=1, unplaced)         0.036     6.547    i_scheduler_core/i_round_engine/i_transition_eval/f_q_reg[13]_i_39_n_0
                         LOOKAHEAD8 (Prop_LOOKAHEAD8_GEA_COUTH)
                                                      0.242     6.789 r  i_scheduler_core/i_round_engine/i_transition_eval/f_q_reg[13]_i_12/COUTH
                         net (fo=26, unplaced)        0.265     7.054    i_scheduler_core/i_round_engine/i_transition_eval/f_q_reg[13]_i_12_n_3
                         LUT6 (Prop_LUT6_I1_O)        0.088     7.142 f  i_scheduler_core/i_round_engine/i_transition_eval/h_q[1]_i_5/O
                         net (fo=5, unplaced)         0.205     7.347    i_scheduler_core/i_round_engine/i_transition_eval/f_q_reg[13]_i_76/I0
                         LUTCY2 (Prop_LUTCY2_I0_GE)
                                                      0.132     7.479 r  i_scheduler_core/i_round_engine/i_transition_eval/f_q_reg[13]_i_76/LUTCY2_INST/GE
                         net (fo=1, unplaced)         0.036     7.515    i_scheduler_core/i_round_engine/i_transition_eval/f_q_reg[13]_i_76_n_0
                         LOOKAHEAD8 (Prop_LOOKAHEAD8_GEA_COUTH)
                                                      0.242     7.757 r  i_scheduler_core/i_round_engine/i_transition_eval/f_q_reg[13]_i_47/COUTH
                         net (fo=3, unplaced)         0.002     7.759    i_scheduler_core/i_round_engine/i_transition_eval/f_q_reg[13]_i_47_n_3
                         LOOKAHEAD8 (Prop_LOOKAHEAD8_CIN_COUTD)
                                                      0.042     7.801 r  i_scheduler_core/i_round_engine/i_transition_eval/f_q_reg[13]_i_14/COUTD
                         net (fo=2, unplaced)         0.014     7.815    i_scheduler_core/i_round_engine/i_transition_eval/f_q_reg[13]_i_6/I4
                         LUTCY2 (Prop_LUTCY2_I4_O)    0.048     7.863 r  i_scheduler_core/i_round_engine/i_transition_eval/f_q_reg[13]_i_6/LUTCY2_INST/O
                         net (fo=28, unplaced)        0.185     8.048    i_scheduler_core/i_round_engine/i_transition_eval/counters_q_reg[parent_bound][13]
                         LUT5 (Prop_LUT5_I1_O)        0.074     8.122 f  i_scheduler_core/i_round_engine/i_transition_eval/h_q[1]_i_2/O
                         net (fo=3, unplaced)         0.216     8.338    i_scheduler_core/i_round_engine/i_bound_score/h_q_reg[13]_i_11/I2
                         LUTCY2 (Prop_LUTCY2_I2_GE)
                                                      0.088     8.426 r  i_scheduler_core/i_round_engine/i_bound_score/h_q_reg[13]_i_11/LUTCY2_INST/GE
                         net (fo=1, unplaced)         0.036     8.462    i_scheduler_core/i_round_engine/i_bound_score/h_q_reg[13]_i_11_n_0
                         LOOKAHEAD8 (Prop_LOOKAHEAD8_GEA_COUTH)
                                                      0.242     8.704 r  i_scheduler_core/i_round_engine/i_bound_score/h_q_reg[13]_i_6/COUTH
                         net (fo=3, unplaced)         0.002     8.706    i_scheduler_core/i_round_engine/i_bound_score/h_q_reg[13]_i_6_n_3
                         LOOKAHEAD8 (Prop_LOOKAHEAD8_CIN_COUTD)
                                                      0.042     8.748 r  i_scheduler_core/i_round_engine/i_bound_score/h_q_reg[13]_i_5/COUTD
                         net (fo=2, unplaced)         0.014     8.762    i_scheduler_core/i_round_engine/i_bound_score/h_q_reg[13]_i_3/I4
                         LUTCY2 (Prop_LUTCY2_I4_O)    0.048     8.810 r  i_scheduler_core/i_round_engine/i_bound_score/h_q_reg[13]_i_3/LUTCY2_INST/O
                         net (fo=15, unplaced)        0.170     8.980    i_scheduler_core/i_round_engine/i_bound_score/h_q_reg[13]_i_3_n_2
                         LUT6 (Prop_LUT6_I3_O)        0.074     9.054 r  i_scheduler_core/i_round_engine/i_bound_score/h_q[2]_i_1/O
                         net (fo=1, unplaced)         0.062     9.116    i_scheduler_core/i_round_engine/i_bound_score/h_q[2]_i_1_n_0
                         FDCE                                         r  i_scheduler_core/i_round_engine/i_bound_score/h_q_reg[2]/D
  -------------------------------------------------------------------    -------------------

                         (clock scheduler_clk rise edge)
                                                      5.000     5.000 r  
                                                      0.000     5.000 r  clk_i (IN)
                         net (fo=1684, unset)         0.080     5.080    i_scheduler_core/i_round_engine/i_bound_score/clk_i
                         FDCE                                         r  i_scheduler_core/i_round_engine/i_bound_score/h_q_reg[2]/C
                         clock pessimism              0.000     5.080    
                         clock uncertainty           -0.300     4.780    
                         FDCE (Setup_FDCE_C_D)        0.007     4.787    i_scheduler_core/i_round_engine/i_bound_score/h_q_reg[2]
  -------------------------------------------------------------------
                         required time                          4.787    
                         arrival time                          -9.116    
  -------------------------------------------------------------------
                         slack                                 -4.329    

Slack (VIOLATED) :        -4.329ns  (required time - arrival time)
  Source:                 i_scheduler_core/i_round_engine/FSM_onehot_st_q_reg[0]/C
                            (rising edge-triggered cell FDCE clocked by scheduler_clk  {rise@0.000ns fall@2.500ns period=5.000ns})
  Destination:            i_scheduler_core/i_round_engine/i_bound_score/h_q_reg[3]/D
                            (rising edge-triggered cell FDCE clocked by scheduler_clk  {rise@0.000ns fall@2.500ns period=5.000ns})
  Path Group:             scheduler_clk
  Path Type:              Setup (Max at Slow Process Corner)
  Requirement:            5.000ns  (scheduler_clk rise@5.000ns - scheduler_clk rise@0.000ns)
  Data Path Delay:        8.996ns  (logic 3.350ns (37.239%)  route 5.646ns (62.761%))
  Logic Levels:           36  (LOOKAHEAD8=6 LUT2=3 LUT4=4 LUT5=4 LUT6=11 LUTCY1=2 LUTCY2=6)
  Clock Path Skew:        -0.040ns (DCD - SCD + CPR)
    Destination Clock Delay (DCD):    0.080ns = ( 5.080 - 5.000 ) 
    Source Clock Delay      (SCD):    0.120ns
    Clock Pessimism Removal (CPR):    0.000ns
  Clock Uncertainty:      0.300ns  (CJ)/2 + PE + PJ
    Clock Jitter             (CJ):    0.600ns
    Phase Error              (PE):    0.000ns
    Phase Jitter             (PJ):    0.000ns

    Location             Delay type                Incr(ns)  Path(ns)    Netlist Resource(s)
  -------------------------------------------------------------------    -------------------
                         (clock scheduler_clk rise edge)
                                                      0.000     0.000 r  
                                                      0.000     0.000 r  clk_i (IN)
                         net (fo=1684, unset)         0.120     0.120    i_scheduler_core/i_round_engine/clk_i
                         FDCE                                         r  i_scheduler_core/i_round_engine/FSM_onehot_st_q_reg[0]/C
  -------------------------------------------------------------------    -------------------
                         FDCE (Prop_FDCE_C_Q)         0.090     0.210 r  i_scheduler_core/i_round_engine/FSM_onehot_st_q_reg[0]/Q
                         net (fo=6, unplaced)         0.204     0.414    i_scheduler_core/i_round_engine/i_transition_eval/FSM_onehot_st_q_reg[11]_0[0]
                         LUT2 (Prop_LUT2_I1_O)        0.051     0.465 r  i_scheduler_core/i_round_engine/i_transition_eval/FSM_onehot_st_q[10]_i_3/O
                         net (fo=8, unplaced)         0.238     0.703    i_scheduler_core/i_round_engine/i_transition_eval/rebuild_only_i0
                         LUT6 (Prop_LUT6_I2_O)        0.088     0.791 f  i_scheduler_core/i_round_engine/i_transition_eval/g0_b0_i_10/O
                         net (fo=5, unplaced)         0.146     0.937    i_scheduler_core/i_round_engine/i_transition_eval/FSM_onehot_st_q_reg[7]_3
                         LUT4 (Prop_LUT4_I1_O)        0.074     1.011 r  i_scheduler_core/i_round_engine/i_transition_eval/g0_b0_i_7/O
                         net (fo=26, unplaced)        0.265     1.276    i_scheduler_core/i_round_engine/i_bound_score/commit_task_q_reg[1][shape_s3][1]_0
                         LUT6 (Prop_LUT6_I2_O)        0.088     1.364 r  i_scheduler_core/i_round_engine/i_bound_score/g0_b0_i_3/O
                         net (fo=60, unplaced)        0.284     1.648    i_scheduler_core/i_round_engine/i_bound_score/decode_address[2]
                         LUT6 (Prop_LUT6_I2_O)        0.088     1.736 f  i_scheduler_core/i_round_engine/i_bound_score/global_score_q[selected_min_rank][1]_i_3/O
                         net (fo=16, unplaced)        0.254     1.990    i_scheduler_core/i_round_engine/i_bound_score/counters_q_reg[count][1]
                         LUT6 (Prop_LUT6_I1_O)        0.088     2.078 r  i_scheduler_core/i_round_engine/i_bound_score/scratch_q[29]_i_25/O
                         net (fo=1, unplaced)         0.210     2.288    i_scheduler_core/i_round_engine/i_bound_score/scratch_q[29]_i_25_n_0
                         LUT6 (Prop_LUT6_I2_O)        0.088     2.376 r  i_scheduler_core/i_round_engine/i_bound_score/scratch_q[29]_i_14/O
                         net (fo=5, unplaced)         0.146     2.522    i_scheduler_core/i_round_engine/i_bound_score/scratch_q[29]_i_14_n_0
                         LUT5 (Prop_LUT5_I2_O)        0.074     2.596 r  i_scheduler_core/i_round_engine/i_bound_score/scratch_q[29]_i_19/O
                         net (fo=13, unplaced)        0.184     2.780    i_scheduler_core/i_round_engine/i_bound_score/scratch_q[29]_i_19_n_0
                         LUT6 (Prop_LUT6_I5_O)        0.051     2.831 r  i_scheduler_core/i_round_engine/i_bound_score/scratch_q[29]_i_10/O
                         net (fo=10, unplaced)        0.161     2.992    i_scheduler_core/i_round_engine/i_bound_score/scratch_q[29]_i_10_n_0
                         LUT6 (Prop_LUT6_I3_O)        0.074     3.066 r  i_scheduler_core/i_round_engine/i_bound_score/f_q[1]_i_7/O
                         net (fo=13, unplaced)        0.184     3.250    i_scheduler_core/i_round_engine/i_bound_score/eval_bound_head5[0][ntok][1]
                         LUT2 (Prop_LUT2_I1_O)        0.051     3.301 f  i_scheduler_core/i_round_engine/i_bound_score/f_q[5]_i_14/O
                         net (fo=3, unplaced)         0.151     3.452    i_scheduler_core/i_round_engine/i_bound_score/hot_q_reg[0][ntok][0]
                         LUT4 (Prop_LUT4_I3_O)        0.082     3.534 r  i_scheduler_core/i_round_engine/i_bound_score/f_q[6]_i_13/O
                         net (fo=4, unplaced)         0.157     3.691    i_scheduler_core/i_round_engine/i_bound_score/hot_q_reg[0][ntok][3]
                         LUT2 (Prop_LUT2_I1_O)        0.051     3.742 r  i_scheduler_core/i_round_engine/i_bound_score/f_q[11]_i_11/O
                         net (fo=8, unplaced)         0.173     3.915    i_scheduler_core/i_round_engine/i_bound_score/hot_q_reg[0][ntok][4]
                         LUT4 (Prop_LUT4_I3_O)        0.051     3.966 r  i_scheduler_core/i_round_engine/i_bound_score/f_q[7]_i_11/O
                         net (fo=8, unplaced)         0.238     4.204    i_scheduler_core/i_round_engine/i_transition_eval/f_q_reg[8]_i_5_2
                         LUT6 (Prop_LUT6_I2_O)        0.088     4.292 r  i_scheduler_core/i_round_engine/i_transition_eval/f_q[8]_i_7/O
                         net (fo=2, unplaced)         0.236     4.528    i_scheduler_core/i_round_engine/i_transition_eval/f_q_reg[8]_i_5/I1
                         LUTCY1 (Prop_LUTCY1_I1_PROP)
                                                      0.113     4.641 r  i_scheduler_core/i_round_engine/i_transition_eval/f_q_reg[8]_i_5/LUTCY1_INST/PROP
                         net (fo=1, unplaced)         0.001     4.642    i_scheduler_core/i_round_engine/i_transition_eval/f_q_reg[8]_i_5_n_3
                         LOOKAHEAD8 (Prop_LOOKAHEAD8_PROPH_COUTH)
                                                      0.129     4.771 r  i_scheduler_core/i_round_engine/i_transition_eval/f_q_reg[9]_i_8/COUTH
                         net (fo=3, unplaced)         0.198     4.969    i_scheduler_core/i_round_engine/i_transition_eval/f_q_reg[9]_i_5/I4
                         LUTCY2 (Prop_LUTCY2_I4_O)    0.051     5.020 r  i_scheduler_core/i_round_engine/i_transition_eval/f_q_reg[9]_i_5/LUTCY2_INST/O
                         net (fo=3, unplaced)         0.016     5.036    i_scheduler_core/i_round_engine/i_transition_eval/f_q_reg[10]_i_5/I4
                         LUTCY1 (Prop_LUTCY1_I4_O)    0.055     5.091 f  i_scheduler_core/i_round_engine/i_transition_eval/f_q_reg[10]_i_5/LUTCY1_INST/O
                         net (fo=6, unplaced)         0.228     5.319    i_scheduler_core/i_round_engine/i_transition_eval/f_q_reg[10]_i_5_n_1
                         LUT4 (Prop_LUT4_I0_O)        0.096     5.415 r  i_scheduler_core/i_round_engine/i_transition_eval/f_q[12]_i_9/O
                         net (fo=2, unplaced)         0.128     5.543    i_scheduler_core/i_round_engine/i_transition_eval/h_q[11]_i_7/I0
                         LUT5 (Prop_LUT5_I0_O)        0.096     5.639 f  i_scheduler_core/i_round_engine/i_transition_eval/h_q[11]_i_7/LUT5/O
                         net (fo=2, unplaced)         0.145     5.784    i_scheduler_core/i_round_engine/i_transition_eval/h_q[11]_i_7_n_0
                         LUT5 (Prop_LUT5_I4_O)        0.051     5.835 r  i_scheduler_core/i_round_engine/i_transition_eval/f_q[12]_i_6/O
                         net (fo=24, unplaced)        0.263     6.098    i_scheduler_core/i_round_engine/i_transition_eval/f_q[12]_i_6_n_0
                         LUT6 (Prop_LUT6_I2_O)        0.088     6.186 f  i_scheduler_core/i_round_engine/i_transition_eval/f_q[2]_i_4/O
                         net (fo=3, unplaced)         0.193     6.379    i_scheduler_core/i_round_engine/i_transition_eval/f_q_reg[13]_i_39/I0
                         LUTCY2 (Prop_LUTCY2_I0_GE)
                                                      0.132     6.511 r  i_scheduler_core/i_round_engine/i_transition_eval/f_q_reg[13]_i_39/LUTCY2_INST/GE
                         net (fo=1, unplaced)         0.036     6.547    i_scheduler_core/i_round_engine/i_transition_eval/f_q_reg[13]_i_39_n_0
                         LOOKAHEAD8 (Prop_LOOKAHEAD8_GEA_COUTH)
                                                      0.242     6.789 r  i_scheduler_core/i_round_engine/i_transition_eval/f_q_reg[13]_i_12/COUTH
                         net (fo=26, unplaced)        0.265     7.054    i_scheduler_core/i_round_engine/i_transition_eval/f_q_reg[13]_i_12_n_3
                         LUT6 (Prop_LUT6_I1_O)        0.088     7.142 f  i_scheduler_core/i_round_engine/i_transition_eval/h_q[1]_i_5/O
                         net (fo=5, unplaced)         0.205     7.347    i_scheduler_core/i_round_engine/i_transition_eval/f_q_reg[13]_i_76/I0
                         LUTCY2 (Prop_LUTCY2_I0_GE)
                                                      0.132     7.479 r  i_scheduler_core/i_round_engine/i_transition_eval/f_q_reg[13]_i_76/LUTCY2_INST/GE
                         net (fo=1, unplaced)         0.036     7.515    i_scheduler_core/i_round_engine/i_transition_eval/f_q_reg[13]_i_76_n_0
                         LOOKAHEAD8 (Prop_LOOKAHEAD8_GEA_COUTH)
                                                      0.242     7.757 r  i_scheduler_core/i_round_engine/i_transition_eval/f_q_reg[13]_i_47/COUTH
                         net (fo=3, unplaced)         0.002     7.759    i_scheduler_core/i_round_engine/i_transition_eval/f_q_reg[13]_i_47_n_3
                         LOOKAHEAD8 (Prop_LOOKAHEAD8_CIN_COUTD)
                                                      0.042     7.801 r  i_scheduler_core/i_round_engine/i_transition_eval/f_q_reg[13]_i_14/COUTD
                         net (fo=2, unplaced)         0.014     7.815    i_scheduler_core/i_round_engine/i_transition_eval/f_q_reg[13]_i_6/I4
                         LUTCY2 (Prop_LUTCY2_I4_O)    0.048     7.863 r  i_scheduler_core/i_round_engine/i_transition_eval/f_q_reg[13]_i_6/LUTCY2_INST/O
                         net (fo=28, unplaced)        0.185     8.048    i_scheduler_core/i_round_engine/i_transition_eval/counters_q_reg[parent_bound][13]
                         LUT5 (Prop_LUT5_I1_O)        0.074     8.122 f  i_scheduler_core/i_round_engine/i_transition_eval/h_q[1]_i_2/O
                         net (fo=3, unplaced)         0.216     8.338    i_scheduler_core/i_round_engine/i_bound_score/h_q_reg[13]_i_11/I2
                         LUTCY2 (Prop_LUTCY2_I2_GE)
                                                      0.088     8.426 r  i_scheduler_core/i_round_engine/i_bound_score/h_q_reg[13]_i_11/LUTCY2_INST/GE
                         net (fo=1, unplaced)         0.036     8.462    i_scheduler_core/i_round_engine/i_bound_score/h_q_reg[13]_i_11_n_0
                         LOOKAHEAD8 (Prop_LOOKAHEAD8_GEA_COUTH)
                                                      0.242     8.704 r  i_scheduler_core/i_round_engine/i_bound_score/h_q_reg[13]_i_6/COUTH
                         net (fo=3, unplaced)         0.002     8.706    i_scheduler_core/i_round_engine/i_bound_score/h_q_reg[13]_i_6_n_3
                         LOOKAHEAD8 (Prop_LOOKAHEAD8_CIN_COUTD)
                                                      0.042     8.748 r  i_scheduler_core/i_round_engine/i_bound_score/h_q_reg[13]_i_5/COUTD
                         net (fo=2, unplaced)         0.014     8.762    i_scheduler_core/i_round_engine/i_bound_score/h_q_reg[13]_i_3/I4
                         LUTCY2 (Prop_LUTCY2_I4_O)    0.048     8.810 r  i_scheduler_core/i_round_engine/i_bound_score/h_q_reg[13]_i_3/LUTCY2_INST/O
                         net (fo=15, unplaced)        0.170     8.980    i_scheduler_core/i_round_engine/i_bound_score/h_q_reg[13]_i_3_n_2
                         LUT6 (Prop_LUT6_I3_O)        0.074     9.054 r  i_scheduler_core/i_round_engine/i_bound_score/h_q[3]_i_1/O
                         net (fo=1, unplaced)         0.062     9.116    i_scheduler_core/i_round_engine/i_bound_score/h_q[3]_i_1_n_0
                         FDCE                                         r  i_scheduler_core/i_round_engine/i_bound_score/h_q_reg[3]/D
  -------------------------------------------------------------------    -------------------

                         (clock scheduler_clk rise edge)
                                                      5.000     5.000 r  
                                                      0.000     5.000 r  clk_i (IN)
                         net (fo=1684, unset)         0.080     5.080    i_scheduler_core/i_round_engine/i_bound_score/clk_i
                         FDCE                                         r  i_scheduler_core/i_round_engine/i_bound_score/h_q_reg[3]/C
                         clock pessimism              0.000     5.080    
                         clock uncertainty           -0.300     4.780    
                         FDCE (Setup_FDCE_C_D)        0.007     4.787    i_scheduler_core/i_round_engine/i_bound_score/h_q_reg[3]
  -------------------------------------------------------------------
                         required time                          4.787    
                         arrival time                          -9.116    
  -------------------------------------------------------------------
                         slack                                 -4.329    

Slack (VIOLATED) :        -4.329ns  (required time - arrival time)
  Source:                 i_scheduler_core/i_round_engine/FSM_onehot_st_q_reg[0]/C
                            (rising edge-triggered cell FDCE clocked by scheduler_clk  {rise@0.000ns fall@2.500ns period=5.000ns})
  Destination:            i_scheduler_core/i_round_engine/i_bound_score/h_q_reg[4]/D
                            (rising edge-triggered cell FDCE clocked by scheduler_clk  {rise@0.000ns fall@2.500ns period=5.000ns})
  Path Group:             scheduler_clk
  Path Type:              Setup (Max at Slow Process Corner)
  Requirement:            5.000ns  (scheduler_clk rise@5.000ns - scheduler_clk rise@0.000ns)
  Data Path Delay:        8.996ns  (logic 3.350ns (37.239%)  route 5.646ns (62.761%))
  Logic Levels:           36  (LOOKAHEAD8=6 LUT2=3 LUT4=4 LUT5=4 LUT6=11 LUTCY1=2 LUTCY2=6)
  Clock Path Skew:        -0.040ns (DCD - SCD + CPR)
    Destination Clock Delay (DCD):    0.080ns = ( 5.080 - 5.000 ) 
    Source Clock Delay      (SCD):    0.120ns
    Clock Pessimism Removal (CPR):    0.000ns
  Clock Uncertainty:      0.300ns  (CJ)/2 + PE + PJ
    Clock Jitter             (CJ):    0.600ns
    Phase Error              (PE):    0.000ns
    Phase Jitter             (PJ):    0.000ns

    Location             Delay type                Incr(ns)  Path(ns)    Netlist Resource(s)
  -------------------------------------------------------------------    -------------------
                         (clock scheduler_clk rise edge)
                                                      0.000     0.000 r  
                                                      0.000     0.000 r  clk_i (IN)
                         net (fo=1684, unset)         0.120     0.120    i_scheduler_core/i_round_engine/clk_i
                         FDCE                                         r  i_scheduler_core/i_round_engine/FSM_onehot_st_q_reg[0]/C
  -------------------------------------------------------------------    -------------------
                         FDCE (Prop_FDCE_C_Q)         0.090     0.210 r  i_scheduler_core/i_round_engine/FSM_onehot_st_q_reg[0]/Q
                         net (fo=6, unplaced)         0.204     0.414    i_scheduler_core/i_round_engine/i_transition_eval/FSM_onehot_st_q_reg[11]_0[0]
                         LUT2 (Prop_LUT2_I1_O)        0.051     0.465 r  i_scheduler_core/i_round_engine/i_transition_eval/FSM_onehot_st_q[10]_i_3/O
                         net (fo=8, unplaced)         0.238     0.703    i_scheduler_core/i_round_engine/i_transition_eval/rebuild_only_i0
                         LUT6 (Prop_LUT6_I2_O)        0.088     0.791 f  i_scheduler_core/i_round_engine/i_transition_eval/g0_b0_i_10/O
                         net (fo=5, unplaced)         0.146     0.937    i_scheduler_core/i_round_engine/i_transition_eval/FSM_onehot_st_q_reg[7]_3
                         LUT4 (Prop_LUT4_I1_O)        0.074     1.011 r  i_scheduler_core/i_round_engine/i_transition_eval/g0_b0_i_7/O
                         net (fo=26, unplaced)        0.265     1.276    i_scheduler_core/i_round_engine/i_bound_score/commit_task_q_reg[1][shape_s3][1]_0
                         LUT6 (Prop_LUT6_I2_O)        0.088     1.364 r  i_scheduler_core/i_round_engine/i_bound_score/g0_b0_i_3/O
                         net (fo=60, unplaced)        0.284     1.648    i_scheduler_core/i_round_engine/i_bound_score/decode_address[2]
                         LUT6 (Prop_LUT6_I2_O)        0.088     1.736 f  i_scheduler_core/i_round_engine/i_bound_score/global_score_q[selected_min_rank][1]_i_3/O
                         net (fo=16, unplaced)        0.254     1.990    i_scheduler_core/i_round_engine/i_bound_score/counters_q_reg[count][1]
                         LUT6 (Prop_LUT6_I1_O)        0.088     2.078 r  i_scheduler_core/i_round_engine/i_bound_score/scratch_q[29]_i_25/O
                         net (fo=1, unplaced)         0.210     2.288    i_scheduler_core/i_round_engine/i_bound_score/scratch_q[29]_i_25_n_0
                         LUT6 (Prop_LUT6_I2_O)        0.088     2.376 r  i_scheduler_core/i_round_engine/i_bound_score/scratch_q[29]_i_14/O
                         net (fo=5, unplaced)         0.146     2.522    i_scheduler_core/i_round_engine/i_bound_score/scratch_q[29]_i_14_n_0
                         LUT5 (Prop_LUT5_I2_O)        0.074     2.596 r  i_scheduler_core/i_round_engine/i_bound_score/scratch_q[29]_i_19/O
                         net (fo=13, unplaced)        0.184     2.780    i_scheduler_core/i_round_engine/i_bound_score/scratch_q[29]_i_19_n_0
                         LUT6 (Prop_LUT6_I5_O)        0.051     2.831 r  i_scheduler_core/i_round_engine/i_bound_score/scratch_q[29]_i_10/O
                         net (fo=10, unplaced)        0.161     2.992    i_scheduler_core/i_round_engine/i_bound_score/scratch_q[29]_i_10_n_0
                         LUT6 (Prop_LUT6_I3_O)        0.074     3.066 r  i_scheduler_core/i_round_engine/i_bound_score/f_q[1]_i_7/O
                         net (fo=13, unplaced)        0.184     3.250    i_scheduler_core/i_round_engine/i_bound_score/eval_bound_head5[0][ntok][1]
                         LUT2 (Prop_LUT2_I1_O)        0.051     3.301 f  i_scheduler_core/i_round_engine/i_bound_score/f_q[5]_i_14/O
                         net (fo=3, unplaced)         0.151     3.452    i_scheduler_core/i_round_engine/i_bound_score/hot_q_reg[0][ntok][0]
                         LUT4 (Prop_LUT4_I3_O)        0.082     3.534 r  i_scheduler_core/i_round_engine/i_bound_score/f_q[6]_i_13/O
                         net (fo=4, unplaced)         0.157     3.691    i_scheduler_core/i_round_engine/i_bound_score/hot_q_reg[0][ntok][3]
                         LUT2 (Prop_LUT2_I1_O)        0.051     3.742 r  i_scheduler_core/i_round_engine/i_bound_score/f_q[11]_i_11/O
                         net (fo=8, unplaced)         0.173     3.915    i_scheduler_core/i_round_engine/i_bound_score/hot_q_reg[0][ntok][4]
                         LUT4 (Prop_LUT4_I3_O)        0.051     3.966 r  i_scheduler_core/i_round_engine/i_bound_score/f_q[7]_i_11/O
                         net (fo=8, unplaced)         0.238     4.204    i_scheduler_core/i_round_engine/i_transition_eval/f_q_reg[8]_i_5_2
                         LUT6 (Prop_LUT6_I2_O)        0.088     4.292 r  i_scheduler_core/i_round_engine/i_transition_eval/f_q[8]_i_7/O
                         net (fo=2, unplaced)         0.236     4.528    i_scheduler_core/i_round_engine/i_transition_eval/f_q_reg[8]_i_5/I1
                         LUTCY1 (Prop_LUTCY1_I1_PROP)
                                                      0.113     4.641 r  i_scheduler_core/i_round_engine/i_transition_eval/f_q_reg[8]_i_5/LUTCY1_INST/PROP
                         net (fo=1, unplaced)         0.001     4.642    i_scheduler_core/i_round_engine/i_transition_eval/f_q_reg[8]_i_5_n_3
                         LOOKAHEAD8 (Prop_LOOKAHEAD8_PROPH_COUTH)
                                                      0.129     4.771 r  i_scheduler_core/i_round_engine/i_transition_eval/f_q_reg[9]_i_8/COUTH
                         net (fo=3, unplaced)         0.198     4.969    i_scheduler_core/i_round_engine/i_transition_eval/f_q_reg[9]_i_5/I4
                         LUTCY2 (Prop_LUTCY2_I4_O)    0.051     5.020 r  i_scheduler_core/i_round_engine/i_transition_eval/f_q_reg[9]_i_5/LUTCY2_INST/O
                         net (fo=3, unplaced)         0.016     5.036    i_scheduler_core/i_round_engine/i_transition_eval/f_q_reg[10]_i_5/I4
                         LUTCY1 (Prop_LUTCY1_I4_O)    0.055     5.091 f  i_scheduler_core/i_round_engine/i_transition_eval/f_q_reg[10]_i_5/LUTCY1_INST/O
                         net (fo=6, unplaced)         0.228     5.319    i_scheduler_core/i_round_engine/i_transition_eval/f_q_reg[10]_i_5_n_1
                         LUT4 (Prop_LUT4_I0_O)        0.096     5.415 r  i_scheduler_core/i_round_engine/i_transition_eval/f_q[12]_i_9/O
                         net (fo=2, unplaced)         0.128     5.543    i_scheduler_core/i_round_engine/i_transition_eval/h_q[11]_i_7/I0
                         LUT5 (Prop_LUT5_I0_O)        0.096     5.639 f  i_scheduler_core/i_round_engine/i_transition_eval/h_q[11]_i_7/LUT5/O
                         net (fo=2, unplaced)         0.145     5.784    i_scheduler_core/i_round_engine/i_transition_eval/h_q[11]_i_7_n_0
                         LUT5 (Prop_LUT5_I4_O)        0.051     5.835 r  i_scheduler_core/i_round_engine/i_transition_eval/f_q[12]_i_6/O
                         net (fo=24, unplaced)        0.263     6.098    i_scheduler_core/i_round_engine/i_transition_eval/f_q[12]_i_6_n_0
                         LUT6 (Prop_LUT6_I2_O)        0.088     6.186 f  i_scheduler_core/i_round_engine/i_transition_eval/f_q[2]_i_4/O
                         net (fo=3, unplaced)         0.193     6.379    i_scheduler_core/i_round_engine/i_transition_eval/f_q_reg[13]_i_39/I0
                         LUTCY2 (Prop_LUTCY2_I0_GE)
                                                      0.132     6.511 r  i_scheduler_core/i_round_engine/i_transition_eval/f_q_reg[13]_i_39/LUTCY2_INST/GE
                         net (fo=1, unplaced)         0.036     6.547    i_scheduler_core/i_round_engine/i_transition_eval/f_q_reg[13]_i_39_n_0
                         LOOKAHEAD8 (Prop_LOOKAHEAD8_GEA_COUTH)
                                                      0.242     6.789 r  i_scheduler_core/i_round_engine/i_transition_eval/f_q_reg[13]_i_12/COUTH
                         net (fo=26, unplaced)        0.265     7.054    i_scheduler_core/i_round_engine/i_transition_eval/f_q_reg[13]_i_12_n_3
                         LUT6 (Prop_LUT6_I1_O)        0.088     7.142 f  i_scheduler_core/i_round_engine/i_transition_eval/h_q[1]_i_5/O
                         net (fo=5, unplaced)         0.205     7.347    i_scheduler_core/i_round_engine/i_transition_eval/f_q_reg[13]_i_76/I0
                         LUTCY2 (Prop_LUTCY2_I0_GE)
                                                      0.132     7.479 r  i_scheduler_core/i_round_engine/i_transition_eval/f_q_reg[13]_i_76/LUTCY2_INST/GE
                         net (fo=1, unplaced)         0.036     7.515    i_scheduler_core/i_round_engine/i_transition_eval/f_q_reg[13]_i_76_n_0
                         LOOKAHEAD8 (Prop_LOOKAHEAD8_GEA_COUTH)
                                                      0.242     7.757 r  i_scheduler_core/i_round_engine/i_transition_eval/f_q_reg[13]_i_47/COUTH
                         net (fo=3, unplaced)         0.002     7.759    i_scheduler_core/i_round_engine/i_transition_eval/f_q_reg[13]_i_47_n_3
                         LOOKAHEAD8 (Prop_LOOKAHEAD8_CIN_COUTD)
                                                      0.042     7.801 r  i_scheduler_core/i_round_engine/i_transition_eval/f_q_reg[13]_i_14/COUTD
                         net (fo=2, unplaced)         0.014     7.815    i_scheduler_core/i_round_engine/i_transition_eval/f_q_reg[13]_i_6/I4
                         LUTCY2 (Prop_LUTCY2_I4_O)    0.048     7.863 r  i_scheduler_core/i_round_engine/i_transition_eval/f_q_reg[13]_i_6/LUTCY2_INST/O
                         net (fo=28, unplaced)        0.185     8.048    i_scheduler_core/i_round_engine/i_transition_eval/counters_q_reg[parent_bound][13]
                         LUT5 (Prop_LUT5_I1_O)        0.074     8.122 f  i_scheduler_core/i_round_engine/i_transition_eval/h_q[1]_i_2/O
                         net (fo=3, unplaced)         0.216     8.338    i_scheduler_core/i_round_engine/i_bound_score/h_q_reg[13]_i_11/I2
                         LUTCY2 (Prop_LUTCY2_I2_GE)
                                                      0.088     8.426 r  i_scheduler_core/i_round_engine/i_bound_score/h_q_reg[13]_i_11/LUTCY2_INST/GE
                         net (fo=1, unplaced)         0.036     8.462    i_scheduler_core/i_round_engine/i_bound_score/h_q_reg[13]_i_11_n_0
                         LOOKAHEAD8 (Prop_LOOKAHEAD8_GEA_COUTH)
                                                      0.242     8.704 r  i_scheduler_core/i_round_engine/i_bound_score/h_q_reg[13]_i_6/COUTH
                         net (fo=3, unplaced)         0.002     8.706    i_scheduler_core/i_round_engine/i_bound_score/h_q_reg[13]_i_6_n_3
                         LOOKAHEAD8 (Prop_LOOKAHEAD8_CIN_COUTD)
                                                      0.042     8.748 r  i_scheduler_core/i_round_engine/i_bound_score/h_q_reg[13]_i_5/COUTD
                         net (fo=2, unplaced)         0.014     8.762    i_scheduler_core/i_round_engine/i_bound_score/h_q_reg[13]_i_3/I4
                         LUTCY2 (Prop_LUTCY2_I4_O)    0.048     8.810 r  i_scheduler_core/i_round_engine/i_bound_score/h_q_reg[13]_i_3/LUTCY2_INST/O
                         net (fo=15, unplaced)        0.170     8.980    i_scheduler_core/i_round_engine/i_bound_score/h_q_reg[13]_i_3_n_2
                         LUT6 (Prop_LUT6_I3_O)        0.074     9.054 r  i_scheduler_core/i_round_engine/i_bound_score/h_q[4]_i_1/O
                         net (fo=1, unplaced)         0.062     9.116    i_scheduler_core/i_round_engine/i_bound_score/h_q[4]_i_1_n_0
                         FDCE                                         r  i_scheduler_core/i_round_engine/i_bound_score/h_q_reg[4]/D
  -------------------------------------------------------------------    -------------------

                         (clock scheduler_clk rise edge)
                                                      5.000     5.000 r  
                                                      0.000     5.000 r  clk_i (IN)
                         net (fo=1684, unset)         0.080     5.080    i_scheduler_core/i_round_engine/i_bound_score/clk_i
                         FDCE                                         r  i_scheduler_core/i_round_engine/i_bound_score/h_q_reg[4]/C
                         clock pessimism              0.000     5.080    
                         clock uncertainty           -0.300     4.780    
                         FDCE (Setup_FDCE_C_D)        0.007     4.787    i_scheduler_core/i_round_engine/i_bound_score/h_q_reg[4]
  -------------------------------------------------------------------
                         required time                          4.787    
                         arrival time                          -9.116    
  -------------------------------------------------------------------
                         slack                                 -4.329    

Slack (VIOLATED) :        -4.329ns  (required time - arrival time)
  Source:                 i_scheduler_core/i_round_engine/FSM_onehot_st_q_reg[0]/C
                            (rising edge-triggered cell FDCE clocked by scheduler_clk  {rise@0.000ns fall@2.500ns period=5.000ns})
  Destination:            i_scheduler_core/i_round_engine/i_bound_score/h_q_reg[5]/D
                            (rising edge-triggered cell FDCE clocked by scheduler_clk  {rise@0.000ns fall@2.500ns period=5.000ns})
  Path Group:             scheduler_clk
  Path Type:              Setup (Max at Slow Process Corner)
  Requirement:            5.000ns  (scheduler_clk rise@5.000ns - scheduler_clk rise@0.000ns)
  Data Path Delay:        8.996ns  (logic 3.350ns (37.239%)  route 5.646ns (62.761%))
  Logic Levels:           36  (LOOKAHEAD8=6 LUT2=3 LUT4=4 LUT5=4 LUT6=11 LUTCY1=2 LUTCY2=6)
  Clock Path Skew:        -0.040ns (DCD - SCD + CPR)
    Destination Clock Delay (DCD):    0.080ns = ( 5.080 - 5.000 ) 
    Source Clock Delay      (SCD):    0.120ns
    Clock Pessimism Removal (CPR):    0.000ns
  Clock Uncertainty:      0.300ns  (CJ)/2 + PE + PJ
    Clock Jitter             (CJ):    0.600ns
    Phase Error              (PE):    0.000ns
    Phase Jitter             (PJ):    0.000ns

    Location             Delay type                Incr(ns)  Path(ns)    Netlist Resource(s)
  -------------------------------------------------------------------    -------------------
                         (clock scheduler_clk rise edge)
                                                      0.000     0.000 r  
                                                      0.000     0.000 r  clk_i (IN)
                         net (fo=1684, unset)         0.120     0.120    i_scheduler_core/i_round_engine/clk_i
                         FDCE                                         r  i_scheduler_core/i_round_engine/FSM_onehot_st_q_reg[0]/C
  -------------------------------------------------------------------    -------------------
                         FDCE (Prop_FDCE_C_Q)         0.090     0.210 r  i_scheduler_core/i_round_engine/FSM_onehot_st_q_reg[0]/Q
                         net (fo=6, unplaced)         0.204     0.414    i_scheduler_core/i_round_engine/i_transition_eval/FSM_onehot_st_q_reg[11]_0[0]
                         LUT2 (Prop_LUT2_I1_O)        0.051     0.465 r  i_scheduler_core/i_round_engine/i_transition_eval/FSM_onehot_st_q[10]_i_3/O
                         net (fo=8, unplaced)         0.238     0.703    i_scheduler_core/i_round_engine/i_transition_eval/rebuild_only_i0
                         LUT6 (Prop_LUT6_I2_O)        0.088     0.791 f  i_scheduler_core/i_round_engine/i_transition_eval/g0_b0_i_10/O
                         net (fo=5, unplaced)         0.146     0.937    i_scheduler_core/i_round_engine/i_transition_eval/FSM_onehot_st_q_reg[7]_3
                         LUT4 (Prop_LUT4_I1_O)        0.074     1.011 r  i_scheduler_core/i_round_engine/i_transition_eval/g0_b0_i_7/O
                         net (fo=26, unplaced)        0.265     1.276    i_scheduler_core/i_round_engine/i_bound_score/commit_task_q_reg[1][shape_s3][1]_0
                         LUT6 (Prop_LUT6_I2_O)        0.088     1.364 r  i_scheduler_core/i_round_engine/i_bound_score/g0_b0_i_3/O
                         net (fo=60, unplaced)        0.284     1.648    i_scheduler_core/i_round_engine/i_bound_score/decode_address[2]
                         LUT6 (Prop_LUT6_I2_O)        0.088     1.736 f  i_scheduler_core/i_round_engine/i_bound_score/global_score_q[selected_min_rank][1]_i_3/O
                         net (fo=16, unplaced)        0.254     1.990    i_scheduler_core/i_round_engine/i_bound_score/counters_q_reg[count][1]
                         LUT6 (Prop_LUT6_I1_O)        0.088     2.078 r  i_scheduler_core/i_round_engine/i_bound_score/scratch_q[29]_i_25/O
                         net (fo=1, unplaced)         0.210     2.288    i_scheduler_core/i_round_engine/i_bound_score/scratch_q[29]_i_25_n_0
                         LUT6 (Prop_LUT6_I2_O)        0.088     2.376 r  i_scheduler_core/i_round_engine/i_bound_score/scratch_q[29]_i_14/O
                         net (fo=5, unplaced)         0.146     2.522    i_scheduler_core/i_round_engine/i_bound_score/scratch_q[29]_i_14_n_0
                         LUT5 (Prop_LUT5_I2_O)        0.074     2.596 r  i_scheduler_core/i_round_engine/i_bound_score/scratch_q[29]_i_19/O
                         net (fo=13, unplaced)        0.184     2.780    i_scheduler_core/i_round_engine/i_bound_score/scratch_q[29]_i_19_n_0
                         LUT6 (Prop_LUT6_I5_O)        0.051     2.831 r  i_scheduler_core/i_round_engine/i_bound_score/scratch_q[29]_i_10/O
                         net (fo=10, unplaced)        0.161     2.992    i_scheduler_core/i_round_engine/i_bound_score/scratch_q[29]_i_10_n_0
                         LUT6 (Prop_LUT6_I3_O)        0.074     3.066 r  i_scheduler_core/i_round_engine/i_bound_score/f_q[1]_i_7/O
                         net (fo=13, unplaced)        0.184     3.250    i_scheduler_core/i_round_engine/i_bound_score/eval_bound_head5[0][ntok][1]
                         LUT2 (Prop_LUT2_I1_O)        0.051     3.301 f  i_scheduler_core/i_round_engine/i_bound_score/f_q[5]_i_14/O
                         net (fo=3, unplaced)         0.151     3.452    i_scheduler_core/i_round_engine/i_bound_score/hot_q_reg[0][ntok][0]
                         LUT4 (Prop_LUT4_I3_O)        0.082     3.534 r  i_scheduler_core/i_round_engine/i_bound_score/f_q[6]_i_13/O
                         net (fo=4, unplaced)         0.157     3.691    i_scheduler_core/i_round_engine/i_bound_score/hot_q_reg[0][ntok][3]
                         LUT2 (Prop_LUT2_I1_O)        0.051     3.742 r  i_scheduler_core/i_round_engine/i_bound_score/f_q[11]_i_11/O
                         net (fo=8, unplaced)         0.173     3.915    i_scheduler_core/i_round_engine/i_bound_score/hot_q_reg[0][ntok][4]
                         LUT4 (Prop_LUT4_I3_O)        0.051     3.966 r  i_scheduler_core/i_round_engine/i_bound_score/f_q[7]_i_11/O
                         net (fo=8, unplaced)         0.238     4.204    i_scheduler_core/i_round_engine/i_transition_eval/f_q_reg[8]_i_5_2
                         LUT6 (Prop_LUT6_I2_O)        0.088     4.292 r  i_scheduler_core/i_round_engine/i_transition_eval/f_q[8]_i_7/O
                         net (fo=2, unplaced)         0.236     4.528    i_scheduler_core/i_round_engine/i_transition_eval/f_q_reg[8]_i_5/I1
                         LUTCY1 (Prop_LUTCY1_I1_PROP)
                                                      0.113     4.641 r  i_scheduler_core/i_round_engine/i_transition_eval/f_q_reg[8]_i_5/LUTCY1_INST/PROP
                         net (fo=1, unplaced)         0.001     4.642    i_scheduler_core/i_round_engine/i_transition_eval/f_q_reg[8]_i_5_n_3
                         LOOKAHEAD8 (Prop_LOOKAHEAD8_PROPH_COUTH)
                                                      0.129     4.771 r  i_scheduler_core/i_round_engine/i_transition_eval/f_q_reg[9]_i_8/COUTH
                         net (fo=3, unplaced)         0.198     4.969    i_scheduler_core/i_round_engine/i_transition_eval/f_q_reg[9]_i_5/I4
                         LUTCY2 (Prop_LUTCY2_I4_O)    0.051     5.020 r  i_scheduler_core/i_round_engine/i_transition_eval/f_q_reg[9]_i_5/LUTCY2_INST/O
                         net (fo=3, unplaced)         0.016     5.036    i_scheduler_core/i_round_engine/i_transition_eval/f_q_reg[10]_i_5/I4
                         LUTCY1 (Prop_LUTCY1_I4_O)    0.055     5.091 f  i_scheduler_core/i_round_engine/i_transition_eval/f_q_reg[10]_i_5/LUTCY1_INST/O
                         net (fo=6, unplaced)         0.228     5.319    i_scheduler_core/i_round_engine/i_transition_eval/f_q_reg[10]_i_5_n_1
                         LUT4 (Prop_LUT4_I0_O)        0.096     5.415 r  i_scheduler_core/i_round_engine/i_transition_eval/f_q[12]_i_9/O
                         net (fo=2, unplaced)         0.128     5.543    i_scheduler_core/i_round_engine/i_transition_eval/h_q[11]_i_7/I0
                         LUT5 (Prop_LUT5_I0_O)        0.096     5.639 f  i_scheduler_core/i_round_engine/i_transition_eval/h_q[11]_i_7/LUT5/O
                         net (fo=2, unplaced)         0.145     5.784    i_scheduler_core/i_round_engine/i_transition_eval/h_q[11]_i_7_n_0
                         LUT5 (Prop_LUT5_I4_O)        0.051     5.835 r  i_scheduler_core/i_round_engine/i_transition_eval/f_q[12]_i_6/O
                         net (fo=24, unplaced)        0.263     6.098    i_scheduler_core/i_round_engine/i_transition_eval/f_q[12]_i_6_n_0
                         LUT6 (Prop_LUT6_I2_O)        0.088     6.186 f  i_scheduler_core/i_round_engine/i_transition_eval/f_q[2]_i_4/O
                         net (fo=3, unplaced)         0.193     6.379    i_scheduler_core/i_round_engine/i_transition_eval/f_q_reg[13]_i_39/I0
                         LUTCY2 (Prop_LUTCY2_I0_GE)
                                                      0.132     6.511 r  i_scheduler_core/i_round_engine/i_transition_eval/f_q_reg[13]_i_39/LUTCY2_INST/GE
                         net (fo=1, unplaced)         0.036     6.547    i_scheduler_core/i_round_engine/i_transition_eval/f_q_reg[13]_i_39_n_0
                         LOOKAHEAD8 (Prop_LOOKAHEAD8_GEA_COUTH)
                                                      0.242     6.789 r  i_scheduler_core/i_round_engine/i_transition_eval/f_q_reg[13]_i_12/COUTH
                         net (fo=26, unplaced)        0.265     7.054    i_scheduler_core/i_round_engine/i_transition_eval/f_q_reg[13]_i_12_n_3
                         LUT6 (Prop_LUT6_I1_O)        0.088     7.142 f  i_scheduler_core/i_round_engine/i_transition_eval/h_q[1]_i_5/O
                         net (fo=5, unplaced)         0.205     7.347    i_scheduler_core/i_round_engine/i_transition_eval/f_q_reg[13]_i_76/I0
                         LUTCY2 (Prop_LUTCY2_I0_GE)
                                                      0.132     7.479 r  i_scheduler_core/i_round_engine/i_transition_eval/f_q_reg[13]_i_76/LUTCY2_INST/GE
                         net (fo=1, unplaced)         0.036     7.515    i_scheduler_core/i_round_engine/i_transition_eval/f_q_reg[13]_i_76_n_0
                         LOOKAHEAD8 (Prop_LOOKAHEAD8_GEA_COUTH)
                                                      0.242     7.757 r  i_scheduler_core/i_round_engine/i_transition_eval/f_q_reg[13]_i_47/COUTH
                         net (fo=3, unplaced)         0.002     7.759    i_scheduler_core/i_round_engine/i_transition_eval/f_q_reg[13]_i_47_n_3
                         LOOKAHEAD8 (Prop_LOOKAHEAD8_CIN_COUTD)
                                                      0.042     7.801 r  i_scheduler_core/i_round_engine/i_transition_eval/f_q_reg[13]_i_14/COUTD
                         net (fo=2, unplaced)         0.014     7.815    i_scheduler_core/i_round_engine/i_transition_eval/f_q_reg[13]_i_6/I4
                         LUTCY2 (Prop_LUTCY2_I4_O)    0.048     7.863 r  i_scheduler_core/i_round_engine/i_transition_eval/f_q_reg[13]_i_6/LUTCY2_INST/O
                         net (fo=28, unplaced)        0.185     8.048    i_scheduler_core/i_round_engine/i_transition_eval/counters_q_reg[parent_bound][13]
                         LUT5 (Prop_LUT5_I1_O)        0.074     8.122 f  i_scheduler_core/i_round_engine/i_transition_eval/h_q[1]_i_2/O
                         net (fo=3, unplaced)         0.216     8.338    i_scheduler_core/i_round_engine/i_bound_score/h_q_reg[13]_i_11/I2
                         LUTCY2 (Prop_LUTCY2_I2_GE)
                                                      0.088     8.426 r  i_scheduler_core/i_round_engine/i_bound_score/h_q_reg[13]_i_11/LUTCY2_INST/GE
                         net (fo=1, unplaced)         0.036     8.462    i_scheduler_core/i_round_engine/i_bound_score/h_q_reg[13]_i_11_n_0
                         LOOKAHEAD8 (Prop_LOOKAHEAD8_GEA_COUTH)
                                                      0.242     8.704 r  i_scheduler_core/i_round_engine/i_bound_score/h_q_reg[13]_i_6/COUTH
                         net (fo=3, unplaced)         0.002     8.706    i_scheduler_core/i_round_engine/i_bound_score/h_q_reg[13]_i_6_n_3
                         LOOKAHEAD8 (Prop_LOOKAHEAD8_CIN_COUTD)
                                                      0.042     8.748 r  i_scheduler_core/i_round_engine/i_bound_score/h_q_reg[13]_i_5/COUTD
                         net (fo=2, unplaced)         0.014     8.762    i_scheduler_core/i_round_engine/i_bound_score/h_q_reg[13]_i_3/I4
                         LUTCY2 (Prop_LUTCY2_I4_O)    0.048     8.810 r  i_scheduler_core/i_round_engine/i_bound_score/h_q_reg[13]_i_3/LUTCY2_INST/O
                         net (fo=15, unplaced)        0.170     8.980    i_scheduler_core/i_round_engine/i_bound_score/h_q_reg[13]_i_3_n_2
                         LUT6 (Prop_LUT6_I3_O)        0.074     9.054 r  i_scheduler_core/i_round_engine/i_bound_score/h_q[5]_i_1/O
                         net (fo=1, unplaced)         0.062     9.116    i_scheduler_core/i_round_engine/i_bound_score/h_q[5]_i_1_n_0
                         FDCE                                         r  i_scheduler_core/i_round_engine/i_bound_score/h_q_reg[5]/D
  -------------------------------------------------------------------    -------------------

                         (clock scheduler_clk rise edge)
                                                      5.000     5.000 r  
                                                      0.000     5.000 r  clk_i (IN)
                         net (fo=1684, unset)         0.080     5.080    i_scheduler_core/i_round_engine/i_bound_score/clk_i
                         FDCE                                         r  i_scheduler_core/i_round_engine/i_bound_score/h_q_reg[5]/C
                         clock pessimism              0.000     5.080    
                         clock uncertainty           -0.300     4.780    
                         FDCE (Setup_FDCE_C_D)        0.007     4.787    i_scheduler_core/i_round_engine/i_bound_score/h_q_reg[5]
  -------------------------------------------------------------------
                         required time                          4.787    
                         arrival time                          -9.116    
  -------------------------------------------------------------------
                         slack                                 -4.329    

Slack (VIOLATED) :        -4.329ns  (required time - arrival time)
  Source:                 i_scheduler_core/i_round_engine/FSM_onehot_st_q_reg[0]/C
                            (rising edge-triggered cell FDCE clocked by scheduler_clk  {rise@0.000ns fall@2.500ns period=5.000ns})
  Destination:            i_scheduler_core/i_round_engine/i_bound_score/h_q_reg[6]/D
                            (rising edge-triggered cell FDCE clocked by scheduler_clk  {rise@0.000ns fall@2.500ns period=5.000ns})
  Path Group:             scheduler_clk
  Path Type:              Setup (Max at Slow Process Corner)
  Requirement:            5.000ns  (scheduler_clk rise@5.000ns - scheduler_clk rise@0.000ns)
  Data Path Delay:        8.996ns  (logic 3.350ns (37.239%)  route 5.646ns (62.761%))
  Logic Levels:           36  (LOOKAHEAD8=6 LUT2=3 LUT4=4 LUT5=4 LUT6=11 LUTCY1=2 LUTCY2=6)
  Clock Path Skew:        -0.040ns (DCD - SCD + CPR)
    Destination Clock Delay (DCD):    0.080ns = ( 5.080 - 5.000 ) 
    Source Clock Delay      (SCD):    0.120ns
    Clock Pessimism Removal (CPR):    0.000ns
  Clock Uncertainty:      0.300ns  (CJ)/2 + PE + PJ
    Clock Jitter             (CJ):    0.600ns
    Phase Error              (PE):    0.000ns
    Phase Jitter             (PJ):    0.000ns

    Location             Delay type                Incr(ns)  Path(ns)    Netlist Resource(s)
  -------------------------------------------------------------------    -------------------
                         (clock scheduler_clk rise edge)
                                                      0.000     0.000 r  
                                                      0.000     0.000 r  clk_i (IN)
                         net (fo=1684, unset)         0.120     0.120    i_scheduler_core/i_round_engine/clk_i
                         FDCE                                         r  i_scheduler_core/i_round_engine/FSM_onehot_st_q_reg[0]/C
  -------------------------------------------------------------------    -------------------
                         FDCE (Prop_FDCE_C_Q)         0.090     0.210 r  i_scheduler_core/i_round_engine/FSM_onehot_st_q_reg[0]/Q
                         net (fo=6, unplaced)         0.204     0.414    i_scheduler_core/i_round_engine/i_transition_eval/FSM_onehot_st_q_reg[11]_0[0]
                         LUT2 (Prop_LUT2_I1_O)        0.051     0.465 r  i_scheduler_core/i_round_engine/i_transition_eval/FSM_onehot_st_q[10]_i_3/O
                         net (fo=8, unplaced)         0.238     0.703    i_scheduler_core/i_round_engine/i_transition_eval/rebuild_only_i0
                         LUT6 (Prop_LUT6_I2_O)        0.088     0.791 f  i_scheduler_core/i_round_engine/i_transition_eval/g0_b0_i_10/O
                         net (fo=5, unplaced)         0.146     0.937    i_scheduler_core/i_round_engine/i_transition_eval/FSM_onehot_st_q_reg[7]_3
                         LUT4 (Prop_LUT4_I1_O)        0.074     1.011 r  i_scheduler_core/i_round_engine/i_transition_eval/g0_b0_i_7/O
                         net (fo=26, unplaced)        0.265     1.276    i_scheduler_core/i_round_engine/i_bound_score/commit_task_q_reg[1][shape_s3][1]_0
                         LUT6 (Prop_LUT6_I2_O)        0.088     1.364 r  i_scheduler_core/i_round_engine/i_bound_score/g0_b0_i_3/O
                         net (fo=60, unplaced)        0.284     1.648    i_scheduler_core/i_round_engine/i_bound_score/decode_address[2]
                         LUT6 (Prop_LUT6_I2_O)        0.088     1.736 f  i_scheduler_core/i_round_engine/i_bound_score/global_score_q[selected_min_rank][1]_i_3/O
                         net (fo=16, unplaced)        0.254     1.990    i_scheduler_core/i_round_engine/i_bound_score/counters_q_reg[count][1]
                         LUT6 (Prop_LUT6_I1_O)        0.088     2.078 r  i_scheduler_core/i_round_engine/i_bound_score/scratch_q[29]_i_25/O
                         net (fo=1, unplaced)         0.210     2.288    i_scheduler_core/i_round_engine/i_bound_score/scratch_q[29]_i_25_n_0
                         LUT6 (Prop_LUT6_I2_O)        0.088     2.376 r  i_scheduler_core/i_round_engine/i_bound_score/scratch_q[29]_i_14/O
                         net (fo=5, unplaced)         0.146     2.522    i_scheduler_core/i_round_engine/i_bound_score/scratch_q[29]_i_14_n_0
                         LUT5 (Prop_LUT5_I2_O)        0.074     2.596 r  i_scheduler_core/i_round_engine/i_bound_score/scratch_q[29]_i_19/O
                         net (fo=13, unplaced)        0.184     2.780    i_scheduler_core/i_round_engine/i_bound_score/scratch_q[29]_i_19_n_0
                         LUT6 (Prop_LUT6_I5_O)        0.051     2.831 r  i_scheduler_core/i_round_engine/i_bound_score/scratch_q[29]_i_10/O
                         net (fo=10, unplaced)        0.161     2.992    i_scheduler_core/i_round_engine/i_bound_score/scratch_q[29]_i_10_n_0
                         LUT6 (Prop_LUT6_I3_O)        0.074     3.066 r  i_scheduler_core/i_round_engine/i_bound_score/f_q[1]_i_7/O
                         net (fo=13, unplaced)        0.184     3.250    i_scheduler_core/i_round_engine/i_bound_score/eval_bound_head5[0][ntok][1]
                         LUT2 (Prop_LUT2_I1_O)        0.051     3.301 f  i_scheduler_core/i_round_engine/i_bound_score/f_q[5]_i_14/O
                         net (fo=3, unplaced)         0.151     3.452    i_scheduler_core/i_round_engine/i_bound_score/hot_q_reg[0][ntok][0]
                         LUT4 (Prop_LUT4_I3_O)        0.082     3.534 r  i_scheduler_core/i_round_engine/i_bound_score/f_q[6]_i_13/O
                         net (fo=4, unplaced)         0.157     3.691    i_scheduler_core/i_round_engine/i_bound_score/hot_q_reg[0][ntok][3]
                         LUT2 (Prop_LUT2_I1_O)        0.051     3.742 r  i_scheduler_core/i_round_engine/i_bound_score/f_q[11]_i_11/O
                         net (fo=8, unplaced)         0.173     3.915    i_scheduler_core/i_round_engine/i_bound_score/hot_q_reg[0][ntok][4]
                         LUT4 (Prop_LUT4_I3_O)        0.051     3.966 r  i_scheduler_core/i_round_engine/i_bound_score/f_q[7]_i_11/O
                         net (fo=8, unplaced)         0.238     4.204    i_scheduler_core/i_round_engine/i_transition_eval/f_q_reg[8]_i_5_2
                         LUT6 (Prop_LUT6_I2_O)        0.088     4.292 r  i_scheduler_core/i_round_engine/i_transition_eval/f_q[8]_i_7/O
                         net (fo=2, unplaced)         0.236     4.528    i_scheduler_core/i_round_engine/i_transition_eval/f_q_reg[8]_i_5/I1
                         LUTCY1 (Prop_LUTCY1_I1_PROP)
                                                      0.113     4.641 r  i_scheduler_core/i_round_engine/i_transition_eval/f_q_reg[8]_i_5/LUTCY1_INST/PROP
                         net (fo=1, unplaced)         0.001     4.642    i_scheduler_core/i_round_engine/i_transition_eval/f_q_reg[8]_i_5_n_3
                         LOOKAHEAD8 (Prop_LOOKAHEAD8_PROPH_COUTH)
                                                      0.129     4.771 r  i_scheduler_core/i_round_engine/i_transition_eval/f_q_reg[9]_i_8/COUTH
                         net (fo=3, unplaced)         0.198     4.969    i_scheduler_core/i_round_engine/i_transition_eval/f_q_reg[9]_i_5/I4
                         LUTCY2 (Prop_LUTCY2_I4_O)    0.051     5.020 r  i_scheduler_core/i_round_engine/i_transition_eval/f_q_reg[9]_i_5/LUTCY2_INST/O
                         net (fo=3, unplaced)         0.016     5.036    i_scheduler_core/i_round_engine/i_transition_eval/f_q_reg[10]_i_5/I4
                         LUTCY1 (Prop_LUTCY1_I4_O)    0.055     5.091 f  i_scheduler_core/i_round_engine/i_transition_eval/f_q_reg[10]_i_5/LUTCY1_INST/O
                         net (fo=6, unplaced)         0.228     5.319    i_scheduler_core/i_round_engine/i_transition_eval/f_q_reg[10]_i_5_n_1
                         LUT4 (Prop_LUT4_I0_O)        0.096     5.415 r  i_scheduler_core/i_round_engine/i_transition_eval/f_q[12]_i_9/O
                         net (fo=2, unplaced)         0.128     5.543    i_scheduler_core/i_round_engine/i_transition_eval/h_q[11]_i_7/I0
                         LUT5 (Prop_LUT5_I0_O)        0.096     5.639 f  i_scheduler_core/i_round_engine/i_transition_eval/h_q[11]_i_7/LUT5/O
                         net (fo=2, unplaced)         0.145     5.784    i_scheduler_core/i_round_engine/i_transition_eval/h_q[11]_i_7_n_0
                         LUT5 (Prop_LUT5_I4_O)        0.051     5.835 r  i_scheduler_core/i_round_engine/i_transition_eval/f_q[12]_i_6/O
                         net (fo=24, unplaced)        0.263     6.098    i_scheduler_core/i_round_engine/i_transition_eval/f_q[12]_i_6_n_0
                         LUT6 (Prop_LUT6_I2_O)        0.088     6.186 f  i_scheduler_core/i_round_engine/i_transition_eval/f_q[2]_i_4/O
                         net (fo=3, unplaced)         0.193     6.379    i_scheduler_core/i_round_engine/i_transition_eval/f_q_reg[13]_i_39/I0
                         LUTCY2 (Prop_LUTCY2_I0_GE)
                                                      0.132     6.511 r  i_scheduler_core/i_round_engine/i_transition_eval/f_q_reg[13]_i_39/LUTCY2_INST/GE
                         net (fo=1, unplaced)         0.036     6.547    i_scheduler_core/i_round_engine/i_transition_eval/f_q_reg[13]_i_39_n_0
                         LOOKAHEAD8 (Prop_LOOKAHEAD8_GEA_COUTH)
                                                      0.242     6.789 r  i_scheduler_core/i_round_engine/i_transition_eval/f_q_reg[13]_i_12/COUTH
                         net (fo=26, unplaced)        0.265     7.054    i_scheduler_core/i_round_engine/i_transition_eval/f_q_reg[13]_i_12_n_3
                         LUT6 (Prop_LUT6_I1_O)        0.088     7.142 f  i_scheduler_core/i_round_engine/i_transition_eval/h_q[1]_i_5/O
                         net (fo=5, unplaced)         0.205     7.347    i_scheduler_core/i_round_engine/i_transition_eval/f_q_reg[13]_i_76/I0
                         LUTCY2 (Prop_LUTCY2_I0_GE)
                                                      0.132     7.479 r  i_scheduler_core/i_round_engine/i_transition_eval/f_q_reg[13]_i_76/LUTCY2_INST/GE
                         net (fo=1, unplaced)         0.036     7.515    i_scheduler_core/i_round_engine/i_transition_eval/f_q_reg[13]_i_76_n_0
                         LOOKAHEAD8 (Prop_LOOKAHEAD8_GEA_COUTH)
                                                      0.242     7.757 r  i_scheduler_core/i_round_engine/i_transition_eval/f_q_reg[13]_i_47/COUTH
                         net (fo=3, unplaced)         0.002     7.759    i_scheduler_core/i_round_engine/i_transition_eval/f_q_reg[13]_i_47_n_3
                         LOOKAHEAD8 (Prop_LOOKAHEAD8_CIN_COUTD)
                                                      0.042     7.801 r  i_scheduler_core/i_round_engine/i_transition_eval/f_q_reg[13]_i_14/COUTD
                         net (fo=2, unplaced)         0.014     7.815    i_scheduler_core/i_round_engine/i_transition_eval/f_q_reg[13]_i_6/I4
                         LUTCY2 (Prop_LUTCY2_I4_O)    0.048     7.863 r  i_scheduler_core/i_round_engine/i_transition_eval/f_q_reg[13]_i_6/LUTCY2_INST/O
                         net (fo=28, unplaced)        0.185     8.048    i_scheduler_core/i_round_engine/i_transition_eval/counters_q_reg[parent_bound][13]
                         LUT5 (Prop_LUT5_I1_O)        0.074     8.122 f  i_scheduler_core/i_round_engine/i_transition_eval/h_q[1]_i_2/O
                         net (fo=3, unplaced)         0.216     8.338    i_scheduler_core/i_round_engine/i_bound_score/h_q_reg[13]_i_11/I2
                         LUTCY2 (Prop_LUTCY2_I2_GE)
                                                      0.088     8.426 r  i_scheduler_core/i_round_engine/i_bound_score/h_q_reg[13]_i_11/LUTCY2_INST/GE
                         net (fo=1, unplaced)         0.036     8.462    i_scheduler_core/i_round_engine/i_bound_score/h_q_reg[13]_i_11_n_0
                         LOOKAHEAD8 (Prop_LOOKAHEAD8_GEA_COUTH)
                                                      0.242     8.704 r  i_scheduler_core/i_round_engine/i_bound_score/h_q_reg[13]_i_6/COUTH
                         net (fo=3, unplaced)         0.002     8.706    i_scheduler_core/i_round_engine/i_bound_score/h_q_reg[13]_i_6_n_3
                         LOOKAHEAD8 (Prop_LOOKAHEAD8_CIN_COUTD)
                                                      0.042     8.748 r  i_scheduler_core/i_round_engine/i_bound_score/h_q_reg[13]_i_5/COUTD
                         net (fo=2, unplaced)         0.014     8.762    i_scheduler_core/i_round_engine/i_bound_score/h_q_reg[13]_i_3/I4
                         LUTCY2 (Prop_LUTCY2_I4_O)    0.048     8.810 r  i_scheduler_core/i_round_engine/i_bound_score/h_q_reg[13]_i_3/LUTCY2_INST/O
                         net (fo=15, unplaced)        0.170     8.980    i_scheduler_core/i_round_engine/i_bound_score/h_q_reg[13]_i_3_n_2
                         LUT6 (Prop_LUT6_I3_O)        0.074     9.054 r  i_scheduler_core/i_round_engine/i_bound_score/h_q[6]_i_1/O
                         net (fo=1, unplaced)         0.062     9.116    i_scheduler_core/i_round_engine/i_bound_score/h_q[6]_i_1_n_0
                         FDCE                                         r  i_scheduler_core/i_round_engine/i_bound_score/h_q_reg[6]/D
  -------------------------------------------------------------------    -------------------

                         (clock scheduler_clk rise edge)
                                                      5.000     5.000 r  
                                                      0.000     5.000 r  clk_i (IN)
                         net (fo=1684, unset)         0.080     5.080    i_scheduler_core/i_round_engine/i_bound_score/clk_i
                         FDCE                                         r  i_scheduler_core/i_round_engine/i_bound_score/h_q_reg[6]/C
                         clock pessimism              0.000     5.080    
                         clock uncertainty           -0.300     4.780    
                         FDCE (Setup_FDCE_C_D)        0.007     4.787    i_scheduler_core/i_round_engine/i_bound_score/h_q_reg[6]
  -------------------------------------------------------------------
                         required time                          4.787    
                         arrival time                          -9.116    
  -------------------------------------------------------------------
                         slack                                 -4.329    

Slack (VIOLATED) :        -4.329ns  (required time - arrival time)
  Source:                 i_scheduler_core/i_round_engine/FSM_onehot_st_q_reg[0]/C
                            (rising edge-triggered cell FDCE clocked by scheduler_clk  {rise@0.000ns fall@2.500ns period=5.000ns})
  Destination:            i_scheduler_core/i_round_engine/i_bound_score/h_q_reg[7]/D
                            (rising edge-triggered cell FDCE clocked by scheduler_clk  {rise@0.000ns fall@2.500ns period=5.000ns})
  Path Group:             scheduler_clk
  Path Type:              Setup (Max at Slow Process Corner)
  Requirement:            5.000ns  (scheduler_clk rise@5.000ns - scheduler_clk rise@0.000ns)
  Data Path Delay:        8.996ns  (logic 3.350ns (37.239%)  route 5.646ns (62.761%))
  Logic Levels:           36  (LOOKAHEAD8=6 LUT2=3 LUT4=4 LUT5=4 LUT6=11 LUTCY1=2 LUTCY2=6)
  Clock Path Skew:        -0.040ns (DCD - SCD + CPR)
    Destination Clock Delay (DCD):    0.080ns = ( 5.080 - 5.000 ) 
    Source Clock Delay      (SCD):    0.120ns
    Clock Pessimism Removal (CPR):    0.000ns
  Clock Uncertainty:      0.300ns  (CJ)/2 + PE + PJ
    Clock Jitter             (CJ):    0.600ns
    Phase Error              (PE):    0.000ns
    Phase Jitter             (PJ):    0.000ns

    Location             Delay type                Incr(ns)  Path(ns)    Netlist Resource(s)
  -------------------------------------------------------------------    -------------------
                         (clock scheduler_clk rise edge)
                                                      0.000     0.000 r  
                                                      0.000     0.000 r  clk_i (IN)
                         net (fo=1684, unset)         0.120     0.120    i_scheduler_core/i_round_engine/clk_i
                         FDCE                                         r  i_scheduler_core/i_round_engine/FSM_onehot_st_q_reg[0]/C
  -------------------------------------------------------------------    -------------------
                         FDCE (Prop_FDCE_C_Q)         0.090     0.210 r  i_scheduler_core/i_round_engine/FSM_onehot_st_q_reg[0]/Q
                         net (fo=6, unplaced)         0.204     0.414    i_scheduler_core/i_round_engine/i_transition_eval/FSM_onehot_st_q_reg[11]_0[0]
                         LUT2 (Prop_LUT2_I1_O)        0.051     0.465 r  i_scheduler_core/i_round_engine/i_transition_eval/FSM_onehot_st_q[10]_i_3/O
                         net (fo=8, unplaced)         0.238     0.703    i_scheduler_core/i_round_engine/i_transition_eval/rebuild_only_i0
                         LUT6 (Prop_LUT6_I2_O)        0.088     0.791 f  i_scheduler_core/i_round_engine/i_transition_eval/g0_b0_i_10/O
                         net (fo=5, unplaced)         0.146     0.937    i_scheduler_core/i_round_engine/i_transition_eval/FSM_onehot_st_q_reg[7]_3
                         LUT4 (Prop_LUT4_I1_O)        0.074     1.011 r  i_scheduler_core/i_round_engine/i_transition_eval/g0_b0_i_7/O
                         net (fo=26, unplaced)        0.265     1.276    i_scheduler_core/i_round_engine/i_bound_score/commit_task_q_reg[1][shape_s3][1]_0
                         LUT6 (Prop_LUT6_I2_O)        0.088     1.364 r  i_scheduler_core/i_round_engine/i_bound_score/g0_b0_i_3/O
                         net (fo=60, unplaced)        0.284     1.648    i_scheduler_core/i_round_engine/i_bound_score/decode_address[2]
                         LUT6 (Prop_LUT6_I2_O)        0.088     1.736 f  i_scheduler_core/i_round_engine/i_bound_score/global_score_q[selected_min_rank][1]_i_3/O
                         net (fo=16, unplaced)        0.254     1.990    i_scheduler_core/i_round_engine/i_bound_score/counters_q_reg[count][1]
                         LUT6 (Prop_LUT6_I1_O)        0.088     2.078 r  i_scheduler_core/i_round_engine/i_bound_score/scratch_q[29]_i_25/O
                         net (fo=1, unplaced)         0.210     2.288    i_scheduler_core/i_round_engine/i_bound_score/scratch_q[29]_i_25_n_0
                         LUT6 (Prop_LUT6_I2_O)        0.088     2.376 r  i_scheduler_core/i_round_engine/i_bound_score/scratch_q[29]_i_14/O
                         net (fo=5, unplaced)         0.146     2.522    i_scheduler_core/i_round_engine/i_bound_score/scratch_q[29]_i_14_n_0
                         LUT5 (Prop_LUT5_I2_O)        0.074     2.596 r  i_scheduler_core/i_round_engine/i_bound_score/scratch_q[29]_i_19/O
                         net (fo=13, unplaced)        0.184     2.780    i_scheduler_core/i_round_engine/i_bound_score/scratch_q[29]_i_19_n_0
                         LUT6 (Prop_LUT6_I5_O)        0.051     2.831 r  i_scheduler_core/i_round_engine/i_bound_score/scratch_q[29]_i_10/O
                         net (fo=10, unplaced)        0.161     2.992    i_scheduler_core/i_round_engine/i_bound_score/scratch_q[29]_i_10_n_0
                         LUT6 (Prop_LUT6_I3_O)        0.074     3.066 r  i_scheduler_core/i_round_engine/i_bound_score/f_q[1]_i_7/O
                         net (fo=13, unplaced)        0.184     3.250    i_scheduler_core/i_round_engine/i_bound_score/eval_bound_head5[0][ntok][1]
                         LUT2 (Prop_LUT2_I1_O)        0.051     3.301 f  i_scheduler_core/i_round_engine/i_bound_score/f_q[5]_i_14/O
                         net (fo=3, unplaced)         0.151     3.452    i_scheduler_core/i_round_engine/i_bound_score/hot_q_reg[0][ntok][0]
                         LUT4 (Prop_LUT4_I3_O)        0.082     3.534 r  i_scheduler_core/i_round_engine/i_bound_score/f_q[6]_i_13/O
                         net (fo=4, unplaced)         0.157     3.691    i_scheduler_core/i_round_engine/i_bound_score/hot_q_reg[0][ntok][3]
                         LUT2 (Prop_LUT2_I1_O)        0.051     3.742 r  i_scheduler_core/i_round_engine/i_bound_score/f_q[11]_i_11/O
                         net (fo=8, unplaced)         0.173     3.915    i_scheduler_core/i_round_engine/i_bound_score/hot_q_reg[0][ntok][4]
                         LUT4 (Prop_LUT4_I3_O)        0.051     3.966 r  i_scheduler_core/i_round_engine/i_bound_score/f_q[7]_i_11/O
                         net (fo=8, unplaced)         0.238     4.204    i_scheduler_core/i_round_engine/i_transition_eval/f_q_reg[8]_i_5_2
                         LUT6 (Prop_LUT6_I2_O)        0.088     4.292 r  i_scheduler_core/i_round_engine/i_transition_eval/f_q[8]_i_7/O
                         net (fo=2, unplaced)         0.236     4.528    i_scheduler_core/i_round_engine/i_transition_eval/f_q_reg[8]_i_5/I1
                         LUTCY1 (Prop_LUTCY1_I1_PROP)
                                                      0.113     4.641 r  i_scheduler_core/i_round_engine/i_transition_eval/f_q_reg[8]_i_5/LUTCY1_INST/PROP
                         net (fo=1, unplaced)         0.001     4.642    i_scheduler_core/i_round_engine/i_transition_eval/f_q_reg[8]_i_5_n_3
                         LOOKAHEAD8 (Prop_LOOKAHEAD8_PROPH_COUTH)
                                                      0.129     4.771 r  i_scheduler_core/i_round_engine/i_transition_eval/f_q_reg[9]_i_8/COUTH
                         net (fo=3, unplaced)         0.198     4.969    i_scheduler_core/i_round_engine/i_transition_eval/f_q_reg[9]_i_5/I4
                         LUTCY2 (Prop_LUTCY2_I4_O)    0.051     5.020 r  i_scheduler_core/i_round_engine/i_transition_eval/f_q_reg[9]_i_5/LUTCY2_INST/O
                         net (fo=3, unplaced)         0.016     5.036    i_scheduler_core/i_round_engine/i_transition_eval/f_q_reg[10]_i_5/I4
                         LUTCY1 (Prop_LUTCY1_I4_O)    0.055     5.091 f  i_scheduler_core/i_round_engine/i_transition_eval/f_q_reg[10]_i_5/LUTCY1_INST/O
                         net (fo=6, unplaced)         0.228     5.319    i_scheduler_core/i_round_engine/i_transition_eval/f_q_reg[10]_i_5_n_1
                         LUT4 (Prop_LUT4_I0_O)        0.096     5.415 r  i_scheduler_core/i_round_engine/i_transition_eval/f_q[12]_i_9/O
                         net (fo=2, unplaced)         0.128     5.543    i_scheduler_core/i_round_engine/i_transition_eval/h_q[11]_i_7/I0
                         LUT5 (Prop_LUT5_I0_O)        0.096     5.639 f  i_scheduler_core/i_round_engine/i_transition_eval/h_q[11]_i_7/LUT5/O
                         net (fo=2, unplaced)         0.145     5.784    i_scheduler_core/i_round_engine/i_transition_eval/h_q[11]_i_7_n_0
                         LUT5 (Prop_LUT5_I4_O)        0.051     5.835 r  i_scheduler_core/i_round_engine/i_transition_eval/f_q[12]_i_6/O
                         net (fo=24, unplaced)        0.263     6.098    i_scheduler_core/i_round_engine/i_transition_eval/f_q[12]_i_6_n_0
                         LUT6 (Prop_LUT6_I2_O)        0.088     6.186 f  i_scheduler_core/i_round_engine/i_transition_eval/f_q[2]_i_4/O
                         net (fo=3, unplaced)         0.193     6.379    i_scheduler_core/i_round_engine/i_transition_eval/f_q_reg[13]_i_39/I0
                         LUTCY2 (Prop_LUTCY2_I0_GE)
                                                      0.132     6.511 r  i_scheduler_core/i_round_engine/i_transition_eval/f_q_reg[13]_i_39/LUTCY2_INST/GE
                         net (fo=1, unplaced)         0.036     6.547    i_scheduler_core/i_round_engine/i_transition_eval/f_q_reg[13]_i_39_n_0
                         LOOKAHEAD8 (Prop_LOOKAHEAD8_GEA_COUTH)
                                                      0.242     6.789 r  i_scheduler_core/i_round_engine/i_transition_eval/f_q_reg[13]_i_12/COUTH
                         net (fo=26, unplaced)        0.265     7.054    i_scheduler_core/i_round_engine/i_transition_eval/f_q_reg[13]_i_12_n_3
                         LUT6 (Prop_LUT6_I1_O)        0.088     7.142 f  i_scheduler_core/i_round_engine/i_transition_eval/h_q[1]_i_5/O
                         net (fo=5, unplaced)         0.205     7.347    i_scheduler_core/i_round_engine/i_transition_eval/f_q_reg[13]_i_76/I0
                         LUTCY2 (Prop_LUTCY2_I0_GE)
                                                      0.132     7.479 r  i_scheduler_core/i_round_engine/i_transition_eval/f_q_reg[13]_i_76/LUTCY2_INST/GE
                         net (fo=1, unplaced)         0.036     7.515    i_scheduler_core/i_round_engine/i_transition_eval/f_q_reg[13]_i_76_n_0
                         LOOKAHEAD8 (Prop_LOOKAHEAD8_GEA_COUTH)
                                                      0.242     7.757 r  i_scheduler_core/i_round_engine/i_transition_eval/f_q_reg[13]_i_47/COUTH
                         net (fo=3, unplaced)         0.002     7.759    i_scheduler_core/i_round_engine/i_transition_eval/f_q_reg[13]_i_47_n_3
                         LOOKAHEAD8 (Prop_LOOKAHEAD8_CIN_COUTD)
                                                      0.042     7.801 r  i_scheduler_core/i_round_engine/i_transition_eval/f_q_reg[13]_i_14/COUTD
                         net (fo=2, unplaced)         0.014     7.815    i_scheduler_core/i_round_engine/i_transition_eval/f_q_reg[13]_i_6/I4
                         LUTCY2 (Prop_LUTCY2_I4_O)    0.048     7.863 r  i_scheduler_core/i_round_engine/i_transition_eval/f_q_reg[13]_i_6/LUTCY2_INST/O
                         net (fo=28, unplaced)        0.185     8.048    i_scheduler_core/i_round_engine/i_transition_eval/counters_q_reg[parent_bound][13]
                         LUT5 (Prop_LUT5_I1_O)        0.074     8.122 f  i_scheduler_core/i_round_engine/i_transition_eval/h_q[1]_i_2/O
                         net (fo=3, unplaced)         0.216     8.338    i_scheduler_core/i_round_engine/i_bound_score/h_q_reg[13]_i_11/I2
                         LUTCY2 (Prop_LUTCY2_I2_GE)
                                                      0.088     8.426 r  i_scheduler_core/i_round_engine/i_bound_score/h_q_reg[13]_i_11/LUTCY2_INST/GE
                         net (fo=1, unplaced)         0.036     8.462    i_scheduler_core/i_round_engine/i_bound_score/h_q_reg[13]_i_11_n_0
                         LOOKAHEAD8 (Prop_LOOKAHEAD8_GEA_COUTH)
                                                      0.242     8.704 r  i_scheduler_core/i_round_engine/i_bound_score/h_q_reg[13]_i_6/COUTH
                         net (fo=3, unplaced)         0.002     8.706    i_scheduler_core/i_round_engine/i_bound_score/h_q_reg[13]_i_6_n_3
                         LOOKAHEAD8 (Prop_LOOKAHEAD8_CIN_COUTD)
                                                      0.042     8.748 r  i_scheduler_core/i_round_engine/i_bound_score/h_q_reg[13]_i_5/COUTD
                         net (fo=2, unplaced)         0.014     8.762    i_scheduler_core/i_round_engine/i_bound_score/h_q_reg[13]_i_3/I4
                         LUTCY2 (Prop_LUTCY2_I4_O)    0.048     8.810 r  i_scheduler_core/i_round_engine/i_bound_score/h_q_reg[13]_i_3/LUTCY2_INST/O
                         net (fo=15, unplaced)        0.170     8.980    i_scheduler_core/i_round_engine/i_bound_score/h_q_reg[13]_i_3_n_2
                         LUT6 (Prop_LUT6_I3_O)        0.074     9.054 r  i_scheduler_core/i_round_engine/i_bound_score/h_q[7]_i_1/O
                         net (fo=1, unplaced)         0.062     9.116    i_scheduler_core/i_round_engine/i_bound_score/h_q[7]_i_1_n_0
                         FDCE                                         r  i_scheduler_core/i_round_engine/i_bound_score/h_q_reg[7]/D
  -------------------------------------------------------------------    -------------------

                         (clock scheduler_clk rise edge)
                                                      5.000     5.000 r  
                                                      0.000     5.000 r  clk_i (IN)
                         net (fo=1684, unset)         0.080     5.080    i_scheduler_core/i_round_engine/i_bound_score/clk_i
                         FDCE                                         r  i_scheduler_core/i_round_engine/i_bound_score/h_q_reg[7]/C
                         clock pessimism              0.000     5.080    
                         clock uncertainty           -0.300     4.780    
                         FDCE (Setup_FDCE_C_D)        0.007     4.787    i_scheduler_core/i_round_engine/i_bound_score/h_q_reg[7]
  -------------------------------------------------------------------
                         required time                          4.787    
                         arrival time                          -9.116    
  -------------------------------------------------------------------
                         slack                                 -4.329    

Slack (VIOLATED) :        -4.329ns  (required time - arrival time)
  Source:                 i_scheduler_core/i_round_engine/FSM_onehot_st_q_reg[0]/C
                            (rising edge-triggered cell FDCE clocked by scheduler_clk  {rise@0.000ns fall@2.500ns period=5.000ns})
  Destination:            i_scheduler_core/i_round_engine/i_bound_score/h_q_reg[8]/D
                            (rising edge-triggered cell FDCE clocked by scheduler_clk  {rise@0.000ns fall@2.500ns period=5.000ns})
  Path Group:             scheduler_clk
  Path Type:              Setup (Max at Slow Process Corner)
  Requirement:            5.000ns  (scheduler_clk rise@5.000ns - scheduler_clk rise@0.000ns)
  Data Path Delay:        8.996ns  (logic 3.350ns (37.239%)  route 5.646ns (62.761%))
  Logic Levels:           36  (LOOKAHEAD8=6 LUT2=3 LUT4=4 LUT5=4 LUT6=11 LUTCY1=2 LUTCY2=6)
  Clock Path Skew:        -0.040ns (DCD - SCD + CPR)
    Destination Clock Delay (DCD):    0.080ns = ( 5.080 - 5.000 ) 
    Source Clock Delay      (SCD):    0.120ns
    Clock Pessimism Removal (CPR):    0.000ns
  Clock Uncertainty:      0.300ns  (CJ)/2 + PE + PJ
    Clock Jitter             (CJ):    0.600ns
    Phase Error              (PE):    0.000ns
    Phase Jitter             (PJ):    0.000ns

    Location             Delay type                Incr(ns)  Path(ns)    Netlist Resource(s)
  -------------------------------------------------------------------    -------------------
                         (clock scheduler_clk rise edge)
                                                      0.000     0.000 r  
                                                      0.000     0.000 r  clk_i (IN)
                         net (fo=1684, unset)         0.120     0.120    i_scheduler_core/i_round_engine/clk_i
                         FDCE                                         r  i_scheduler_core/i_round_engine/FSM_onehot_st_q_reg[0]/C
  -------------------------------------------------------------------    -------------------
                         FDCE (Prop_FDCE_C_Q)         0.090     0.210 r  i_scheduler_core/i_round_engine/FSM_onehot_st_q_reg[0]/Q
                         net (fo=6, unplaced)         0.204     0.414    i_scheduler_core/i_round_engine/i_transition_eval/FSM_onehot_st_q_reg[11]_0[0]
                         LUT2 (Prop_LUT2_I1_O)        0.051     0.465 r  i_scheduler_core/i_round_engine/i_transition_eval/FSM_onehot_st_q[10]_i_3/O
                         net (fo=8, unplaced)         0.238     0.703    i_scheduler_core/i_round_engine/i_transition_eval/rebuild_only_i0
                         LUT6 (Prop_LUT6_I2_O)        0.088     0.791 f  i_scheduler_core/i_round_engine/i_transition_eval/g0_b0_i_10/O
                         net (fo=5, unplaced)         0.146     0.937    i_scheduler_core/i_round_engine/i_transition_eval/FSM_onehot_st_q_reg[7]_3
                         LUT4 (Prop_LUT4_I1_O)        0.074     1.011 r  i_scheduler_core/i_round_engine/i_transition_eval/g0_b0_i_7/O
                         net (fo=26, unplaced)        0.265     1.276    i_scheduler_core/i_round_engine/i_bound_score/commit_task_q_reg[1][shape_s3][1]_0
                         LUT6 (Prop_LUT6_I2_O)        0.088     1.364 r  i_scheduler_core/i_round_engine/i_bound_score/g0_b0_i_3/O
                         net (fo=60, unplaced)        0.284     1.648    i_scheduler_core/i_round_engine/i_bound_score/decode_address[2]
                         LUT6 (Prop_LUT6_I2_O)        0.088     1.736 f  i_scheduler_core/i_round_engine/i_bound_score/global_score_q[selected_min_rank][1]_i_3/O
                         net (fo=16, unplaced)        0.254     1.990    i_scheduler_core/i_round_engine/i_bound_score/counters_q_reg[count][1]
                         LUT6 (Prop_LUT6_I1_O)        0.088     2.078 r  i_scheduler_core/i_round_engine/i_bound_score/scratch_q[29]_i_25/O
                         net (fo=1, unplaced)         0.210     2.288    i_scheduler_core/i_round_engine/i_bound_score/scratch_q[29]_i_25_n_0
                         LUT6 (Prop_LUT6_I2_O)        0.088     2.376 r  i_scheduler_core/i_round_engine/i_bound_score/scratch_q[29]_i_14/O
                         net (fo=5, unplaced)         0.146     2.522    i_scheduler_core/i_round_engine/i_bound_score/scratch_q[29]_i_14_n_0
                         LUT5 (Prop_LUT5_I2_O)        0.074     2.596 r  i_scheduler_core/i_round_engine/i_bound_score/scratch_q[29]_i_19/O
                         net (fo=13, unplaced)        0.184     2.780    i_scheduler_core/i_round_engine/i_bound_score/scratch_q[29]_i_19_n_0
                         LUT6 (Prop_LUT6_I5_O)        0.051     2.831 r  i_scheduler_core/i_round_engine/i_bound_score/scratch_q[29]_i_10/O
                         net (fo=10, unplaced)        0.161     2.992    i_scheduler_core/i_round_engine/i_bound_score/scratch_q[29]_i_10_n_0
                         LUT6 (Prop_LUT6_I3_O)        0.074     3.066 r  i_scheduler_core/i_round_engine/i_bound_score/f_q[1]_i_7/O
                         net (fo=13, unplaced)        0.184     3.250    i_scheduler_core/i_round_engine/i_bound_score/eval_bound_head5[0][ntok][1]
                         LUT2 (Prop_LUT2_I1_O)        0.051     3.301 f  i_scheduler_core/i_round_engine/i_bound_score/f_q[5]_i_14/O
                         net (fo=3, unplaced)         0.151     3.452    i_scheduler_core/i_round_engine/i_bound_score/hot_q_reg[0][ntok][0]
                         LUT4 (Prop_LUT4_I3_O)        0.082     3.534 r  i_scheduler_core/i_round_engine/i_bound_score/f_q[6]_i_13/O
                         net (fo=4, unplaced)         0.157     3.691    i_scheduler_core/i_round_engine/i_bound_score/hot_q_reg[0][ntok][3]
                         LUT2 (Prop_LUT2_I1_O)        0.051     3.742 r  i_scheduler_core/i_round_engine/i_bound_score/f_q[11]_i_11/O
                         net (fo=8, unplaced)         0.173     3.915    i_scheduler_core/i_round_engine/i_bound_score/hot_q_reg[0][ntok][4]
                         LUT4 (Prop_LUT4_I3_O)        0.051     3.966 r  i_scheduler_core/i_round_engine/i_bound_score/f_q[7]_i_11/O
                         net (fo=8, unplaced)         0.238     4.204    i_scheduler_core/i_round_engine/i_transition_eval/f_q_reg[8]_i_5_2
                         LUT6 (Prop_LUT6_I2_O)        0.088     4.292 r  i_scheduler_core/i_round_engine/i_transition_eval/f_q[8]_i_7/O
                         net (fo=2, unplaced)         0.236     4.528    i_scheduler_core/i_round_engine/i_transition_eval/f_q_reg[8]_i_5/I1
                         LUTCY1 (Prop_LUTCY1_I1_PROP)
                                                      0.113     4.641 r  i_scheduler_core/i_round_engine/i_transition_eval/f_q_reg[8]_i_5/LUTCY1_INST/PROP
                         net (fo=1, unplaced)         0.001     4.642    i_scheduler_core/i_round_engine/i_transition_eval/f_q_reg[8]_i_5_n_3
                         LOOKAHEAD8 (Prop_LOOKAHEAD8_PROPH_COUTH)
                                                      0.129     4.771 r  i_scheduler_core/i_round_engine/i_transition_eval/f_q_reg[9]_i_8/COUTH
                         net (fo=3, unplaced)         0.198     4.969    i_scheduler_core/i_round_engine/i_transition_eval/f_q_reg[9]_i_5/I4
                         LUTCY2 (Prop_LUTCY2_I4_O)    0.051     5.020 r  i_scheduler_core/i_round_engine/i_transition_eval/f_q_reg[9]_i_5/LUTCY2_INST/O
                         net (fo=3, unplaced)         0.016     5.036    i_scheduler_core/i_round_engine/i_transition_eval/f_q_reg[10]_i_5/I4
                         LUTCY1 (Prop_LUTCY1_I4_O)    0.055     5.091 f  i_scheduler_core/i_round_engine/i_transition_eval/f_q_reg[10]_i_5/LUTCY1_INST/O
                         net (fo=6, unplaced)         0.228     5.319    i_scheduler_core/i_round_engine/i_transition_eval/f_q_reg[10]_i_5_n_1
                         LUT4 (Prop_LUT4_I0_O)        0.096     5.415 r  i_scheduler_core/i_round_engine/i_transition_eval/f_q[12]_i_9/O
                         net (fo=2, unplaced)         0.128     5.543    i_scheduler_core/i_round_engine/i_transition_eval/h_q[11]_i_7/I0
                         LUT5 (Prop_LUT5_I0_O)        0.096     5.639 f  i_scheduler_core/i_round_engine/i_transition_eval/h_q[11]_i_7/LUT5/O
                         net (fo=2, unplaced)         0.145     5.784    i_scheduler_core/i_round_engine/i_transition_eval/h_q[11]_i_7_n_0
                         LUT5 (Prop_LUT5_I4_O)        0.051     5.835 r  i_scheduler_core/i_round_engine/i_transition_eval/f_q[12]_i_6/O
                         net (fo=24, unplaced)        0.263     6.098    i_scheduler_core/i_round_engine/i_transition_eval/f_q[12]_i_6_n_0
                         LUT6 (Prop_LUT6_I2_O)        0.088     6.186 f  i_scheduler_core/i_round_engine/i_transition_eval/f_q[2]_i_4/O
                         net (fo=3, unplaced)         0.193     6.379    i_scheduler_core/i_round_engine/i_transition_eval/f_q_reg[13]_i_39/I0
                         LUTCY2 (Prop_LUTCY2_I0_GE)
                                                      0.132     6.511 r  i_scheduler_core/i_round_engine/i_transition_eval/f_q_reg[13]_i_39/LUTCY2_INST/GE
                         net (fo=1, unplaced)         0.036     6.547    i_scheduler_core/i_round_engine/i_transition_eval/f_q_reg[13]_i_39_n_0
                         LOOKAHEAD8 (Prop_LOOKAHEAD8_GEA_COUTH)
                                                      0.242     6.789 r  i_scheduler_core/i_round_engine/i_transition_eval/f_q_reg[13]_i_12/COUTH
                         net (fo=26, unplaced)        0.265     7.054    i_scheduler_core/i_round_engine/i_transition_eval/f_q_reg[13]_i_12_n_3
                         LUT6 (Prop_LUT6_I1_O)        0.088     7.142 f  i_scheduler_core/i_round_engine/i_transition_eval/h_q[1]_i_5/O
                         net (fo=5, unplaced)         0.205     7.347    i_scheduler_core/i_round_engine/i_transition_eval/f_q_reg[13]_i_76/I0
                         LUTCY2 (Prop_LUTCY2_I0_GE)
                                                      0.132     7.479 r  i_scheduler_core/i_round_engine/i_transition_eval/f_q_reg[13]_i_76/LUTCY2_INST/GE
                         net (fo=1, unplaced)         0.036     7.515    i_scheduler_core/i_round_engine/i_transition_eval/f_q_reg[13]_i_76_n_0
                         LOOKAHEAD8 (Prop_LOOKAHEAD8_GEA_COUTH)
                                                      0.242     7.757 r  i_scheduler_core/i_round_engine/i_transition_eval/f_q_reg[13]_i_47/COUTH
                         net (fo=3, unplaced)         0.002     7.759    i_scheduler_core/i_round_engine/i_transition_eval/f_q_reg[13]_i_47_n_3
                         LOOKAHEAD8 (Prop_LOOKAHEAD8_CIN_COUTD)
                                                      0.042     7.801 r  i_scheduler_core/i_round_engine/i_transition_eval/f_q_reg[13]_i_14/COUTD
                         net (fo=2, unplaced)         0.014     7.815    i_scheduler_core/i_round_engine/i_transition_eval/f_q_reg[13]_i_6/I4
                         LUTCY2 (Prop_LUTCY2_I4_O)    0.048     7.863 r  i_scheduler_core/i_round_engine/i_transition_eval/f_q_reg[13]_i_6/LUTCY2_INST/O
                         net (fo=28, unplaced)        0.185     8.048    i_scheduler_core/i_round_engine/i_transition_eval/counters_q_reg[parent_bound][13]
                         LUT5 (Prop_LUT5_I1_O)        0.074     8.122 f  i_scheduler_core/i_round_engine/i_transition_eval/h_q[1]_i_2/O
                         net (fo=3, unplaced)         0.216     8.338    i_scheduler_core/i_round_engine/i_bound_score/h_q_reg[13]_i_11/I2
                         LUTCY2 (Prop_LUTCY2_I2_GE)
                                                      0.088     8.426 r  i_scheduler_core/i_round_engine/i_bound_score/h_q_reg[13]_i_11/LUTCY2_INST/GE
                         net (fo=1, unplaced)         0.036     8.462    i_scheduler_core/i_round_engine/i_bound_score/h_q_reg[13]_i_11_n_0
                         LOOKAHEAD8 (Prop_LOOKAHEAD8_GEA_COUTH)
                                                      0.242     8.704 r  i_scheduler_core/i_round_engine/i_bound_score/h_q_reg[13]_i_6/COUTH
                         net (fo=3, unplaced)         0.002     8.706    i_scheduler_core/i_round_engine/i_bound_score/h_q_reg[13]_i_6_n_3
                         LOOKAHEAD8 (Prop_LOOKAHEAD8_CIN_COUTD)
                                                      0.042     8.748 r  i_scheduler_core/i_round_engine/i_bound_score/h_q_reg[13]_i_5/COUTD
                         net (fo=2, unplaced)         0.014     8.762    i_scheduler_core/i_round_engine/i_bound_score/h_q_reg[13]_i_3/I4
                         LUTCY2 (Prop_LUTCY2_I4_O)    0.048     8.810 r  i_scheduler_core/i_round_engine/i_bound_score/h_q_reg[13]_i_3/LUTCY2_INST/O
                         net (fo=15, unplaced)        0.170     8.980    i_scheduler_core/i_round_engine/i_bound_score/h_q_reg[13]_i_3_n_2
                         LUT6 (Prop_LUT6_I3_O)        0.074     9.054 r  i_scheduler_core/i_round_engine/i_bound_score/h_q[8]_i_1/O
                         net (fo=1, unplaced)         0.062     9.116    i_scheduler_core/i_round_engine/i_bound_score/h_q[8]_i_1_n_0
                         FDCE                                         r  i_scheduler_core/i_round_engine/i_bound_score/h_q_reg[8]/D
  -------------------------------------------------------------------    -------------------

                         (clock scheduler_clk rise edge)
                                                      5.000     5.000 r  
                                                      0.000     5.000 r  clk_i (IN)
                         net (fo=1684, unset)         0.080     5.080    i_scheduler_core/i_round_engine/i_bound_score/clk_i
                         FDCE                                         r  i_scheduler_core/i_round_engine/i_bound_score/h_q_reg[8]/C
                         clock pessimism              0.000     5.080    
                         clock uncertainty           -0.300     4.780    
                         FDCE (Setup_FDCE_C_D)        0.007     4.787    i_scheduler_core/i_round_engine/i_bound_score/h_q_reg[8]
  -------------------------------------------------------------------
                         required time                          4.787    
                         arrival time                          -9.116    
  -------------------------------------------------------------------
                         slack                                 -4.329    

Slack (VIOLATED) :        -4.329ns  (required time - arrival time)
  Source:                 i_scheduler_core/i_round_engine/FSM_onehot_st_q_reg[0]/C
                            (rising edge-triggered cell FDCE clocked by scheduler_clk  {rise@0.000ns fall@2.500ns period=5.000ns})
  Destination:            i_scheduler_core/i_round_engine/i_bound_score/h_q_reg[9]/D
                            (rising edge-triggered cell FDCE clocked by scheduler_clk  {rise@0.000ns fall@2.500ns period=5.000ns})
  Path Group:             scheduler_clk
  Path Type:              Setup (Max at Slow Process Corner)
  Requirement:            5.000ns  (scheduler_clk rise@5.000ns - scheduler_clk rise@0.000ns)
  Data Path Delay:        8.996ns  (logic 3.350ns (37.239%)  route 5.646ns (62.761%))
  Logic Levels:           36  (LOOKAHEAD8=6 LUT2=3 LUT4=4 LUT5=4 LUT6=11 LUTCY1=2 LUTCY2=6)
  Clock Path Skew:        -0.040ns (DCD - SCD + CPR)
    Destination Clock Delay (DCD):    0.080ns = ( 5.080 - 5.000 ) 
    Source Clock Delay      (SCD):    0.120ns
    Clock Pessimism Removal (CPR):    0.000ns
  Clock Uncertainty:      0.300ns  (CJ)/2 + PE + PJ
    Clock Jitter             (CJ):    0.600ns
    Phase Error              (PE):    0.000ns
    Phase Jitter             (PJ):    0.000ns

    Location             Delay type                Incr(ns)  Path(ns)    Netlist Resource(s)
  -------------------------------------------------------------------    -------------------
                         (clock scheduler_clk rise edge)
                                                      0.000     0.000 r  
                                                      0.000     0.000 r  clk_i (IN)
                         net (fo=1684, unset)         0.120     0.120    i_scheduler_core/i_round_engine/clk_i
                         FDCE                                         r  i_scheduler_core/i_round_engine/FSM_onehot_st_q_reg[0]/C
  -------------------------------------------------------------------    -------------------
                         FDCE (Prop_FDCE_C_Q)         0.090     0.210 r  i_scheduler_core/i_round_engine/FSM_onehot_st_q_reg[0]/Q
                         net (fo=6, unplaced)         0.204     0.414    i_scheduler_core/i_round_engine/i_transition_eval/FSM_onehot_st_q_reg[11]_0[0]
                         LUT2 (Prop_LUT2_I1_O)        0.051     0.465 r  i_scheduler_core/i_round_engine/i_transition_eval/FSM_onehot_st_q[10]_i_3/O
                         net (fo=8, unplaced)         0.238     0.703    i_scheduler_core/i_round_engine/i_transition_eval/rebuild_only_i0
                         LUT6 (Prop_LUT6_I2_O)        0.088     0.791 f  i_scheduler_core/i_round_engine/i_transition_eval/g0_b0_i_10/O
                         net (fo=5, unplaced)         0.146     0.937    i_scheduler_core/i_round_engine/i_transition_eval/FSM_onehot_st_q_reg[7]_3
                         LUT4 (Prop_LUT4_I1_O)        0.074     1.011 r  i_scheduler_core/i_round_engine/i_transition_eval/g0_b0_i_7/O
                         net (fo=26, unplaced)        0.265     1.276    i_scheduler_core/i_round_engine/i_bound_score/commit_task_q_reg[1][shape_s3][1]_0
                         LUT6 (Prop_LUT6_I2_O)        0.088     1.364 r  i_scheduler_core/i_round_engine/i_bound_score/g0_b0_i_3/O
                         net (fo=60, unplaced)        0.284     1.648    i_scheduler_core/i_round_engine/i_bound_score/decode_address[2]
                         LUT6 (Prop_LUT6_I2_O)        0.088     1.736 f  i_scheduler_core/i_round_engine/i_bound_score/global_score_q[selected_min_rank][1]_i_3/O
                         net (fo=16, unplaced)        0.254     1.990    i_scheduler_core/i_round_engine/i_bound_score/counters_q_reg[count][1]
                         LUT6 (Prop_LUT6_I1_O)        0.088     2.078 r  i_scheduler_core/i_round_engine/i_bound_score/scratch_q[29]_i_25/O
                         net (fo=1, unplaced)         0.210     2.288    i_scheduler_core/i_round_engine/i_bound_score/scratch_q[29]_i_25_n_0
                         LUT6 (Prop_LUT6_I2_O)        0.088     2.376 r  i_scheduler_core/i_round_engine/i_bound_score/scratch_q[29]_i_14/O
                         net (fo=5, unplaced)         0.146     2.522    i_scheduler_core/i_round_engine/i_bound_score/scratch_q[29]_i_14_n_0
                         LUT5 (Prop_LUT5_I2_O)        0.074     2.596 r  i_scheduler_core/i_round_engine/i_bound_score/scratch_q[29]_i_19/O
                         net (fo=13, unplaced)        0.184     2.780    i_scheduler_core/i_round_engine/i_bound_score/scratch_q[29]_i_19_n_0
                         LUT6 (Prop_LUT6_I5_O)        0.051     2.831 r  i_scheduler_core/i_round_engine/i_bound_score/scratch_q[29]_i_10/O
                         net (fo=10, unplaced)        0.161     2.992    i_scheduler_core/i_round_engine/i_bound_score/scratch_q[29]_i_10_n_0
                         LUT6 (Prop_LUT6_I3_O)        0.074     3.066 r  i_scheduler_core/i_round_engine/i_bound_score/f_q[1]_i_7/O
                         net (fo=13, unplaced)        0.184     3.250    i_scheduler_core/i_round_engine/i_bound_score/eval_bound_head5[0][ntok][1]
                         LUT2 (Prop_LUT2_I1_O)        0.051     3.301 f  i_scheduler_core/i_round_engine/i_bound_score/f_q[5]_i_14/O
                         net (fo=3, unplaced)         0.151     3.452    i_scheduler_core/i_round_engine/i_bound_score/hot_q_reg[0][ntok][0]
                         LUT4 (Prop_LUT4_I3_O)        0.082     3.534 r  i_scheduler_core/i_round_engine/i_bound_score/f_q[6]_i_13/O
                         net (fo=4, unplaced)         0.157     3.691    i_scheduler_core/i_round_engine/i_bound_score/hot_q_reg[0][ntok][3]
                         LUT2 (Prop_LUT2_I1_O)        0.051     3.742 r  i_scheduler_core/i_round_engine/i_bound_score/f_q[11]_i_11/O
                         net (fo=8, unplaced)         0.173     3.915    i_scheduler_core/i_round_engine/i_bound_score/hot_q_reg[0][ntok][4]
                         LUT4 (Prop_LUT4_I3_O)        0.051     3.966 r  i_scheduler_core/i_round_engine/i_bound_score/f_q[7]_i_11/O
                         net (fo=8, unplaced)         0.238     4.204    i_scheduler_core/i_round_engine/i_transition_eval/f_q_reg[8]_i_5_2
                         LUT6 (Prop_LUT6_I2_O)        0.088     4.292 r  i_scheduler_core/i_round_engine/i_transition_eval/f_q[8]_i_7/O
                         net (fo=2, unplaced)         0.236     4.528    i_scheduler_core/i_round_engine/i_transition_eval/f_q_reg[8]_i_5/I1
                         LUTCY1 (Prop_LUTCY1_I1_PROP)
                                                      0.113     4.641 r  i_scheduler_core/i_round_engine/i_transition_eval/f_q_reg[8]_i_5/LUTCY1_INST/PROP
                         net (fo=1, unplaced)         0.001     4.642    i_scheduler_core/i_round_engine/i_transition_eval/f_q_reg[8]_i_5_n_3
                         LOOKAHEAD8 (Prop_LOOKAHEAD8_PROPH_COUTH)
                                                      0.129     4.771 r  i_scheduler_core/i_round_engine/i_transition_eval/f_q_reg[9]_i_8/COUTH
                         net (fo=3, unplaced)         0.198     4.969    i_scheduler_core/i_round_engine/i_transition_eval/f_q_reg[9]_i_5/I4
                         LUTCY2 (Prop_LUTCY2_I4_O)    0.051     5.020 r  i_scheduler_core/i_round_engine/i_transition_eval/f_q_reg[9]_i_5/LUTCY2_INST/O
                         net (fo=3, unplaced)         0.016     5.036    i_scheduler_core/i_round_engine/i_transition_eval/f_q_reg[10]_i_5/I4
                         LUTCY1 (Prop_LUTCY1_I4_O)    0.055     5.091 f  i_scheduler_core/i_round_engine/i_transition_eval/f_q_reg[10]_i_5/LUTCY1_INST/O
                         net (fo=6, unplaced)         0.228     5.319    i_scheduler_core/i_round_engine/i_transition_eval/f_q_reg[10]_i_5_n_1
                         LUT4 (Prop_LUT4_I0_O)        0.096     5.415 r  i_scheduler_core/i_round_engine/i_transition_eval/f_q[12]_i_9/O
                         net (fo=2, unplaced)         0.128     5.543    i_scheduler_core/i_round_engine/i_transition_eval/h_q[11]_i_7/I0
                         LUT5 (Prop_LUT5_I0_O)        0.096     5.639 f  i_scheduler_core/i_round_engine/i_transition_eval/h_q[11]_i_7/LUT5/O
                         net (fo=2, unplaced)         0.145     5.784    i_scheduler_core/i_round_engine/i_transition_eval/h_q[11]_i_7_n_0
                         LUT5 (Prop_LUT5_I4_O)        0.051     5.835 r  i_scheduler_core/i_round_engine/i_transition_eval/f_q[12]_i_6/O
                         net (fo=24, unplaced)        0.263     6.098    i_scheduler_core/i_round_engine/i_transition_eval/f_q[12]_i_6_n_0
                         LUT6 (Prop_LUT6_I2_O)        0.088     6.186 f  i_scheduler_core/i_round_engine/i_transition_eval/f_q[2]_i_4/O
                         net (fo=3, unplaced)         0.193     6.379    i_scheduler_core/i_round_engine/i_transition_eval/f_q_reg[13]_i_39/I0
                         LUTCY2 (Prop_LUTCY2_I0_GE)
                                                      0.132     6.511 r  i_scheduler_core/i_round_engine/i_transition_eval/f_q_reg[13]_i_39/LUTCY2_INST/GE
                         net (fo=1, unplaced)         0.036     6.547    i_scheduler_core/i_round_engine/i_transition_eval/f_q_reg[13]_i_39_n_0
                         LOOKAHEAD8 (Prop_LOOKAHEAD8_GEA_COUTH)
                                                      0.242     6.789 r  i_scheduler_core/i_round_engine/i_transition_eval/f_q_reg[13]_i_12/COUTH
                         net (fo=26, unplaced)        0.265     7.054    i_scheduler_core/i_round_engine/i_transition_eval/f_q_reg[13]_i_12_n_3
                         LUT6 (Prop_LUT6_I1_O)        0.088     7.142 f  i_scheduler_core/i_round_engine/i_transition_eval/h_q[1]_i_5/O
                         net (fo=5, unplaced)         0.205     7.347    i_scheduler_core/i_round_engine/i_transition_eval/f_q_reg[13]_i_76/I0
                         LUTCY2 (Prop_LUTCY2_I0_GE)
                                                      0.132     7.479 r  i_scheduler_core/i_round_engine/i_transition_eval/f_q_reg[13]_i_76/LUTCY2_INST/GE
                         net (fo=1, unplaced)         0.036     7.515    i_scheduler_core/i_round_engine/i_transition_eval/f_q_reg[13]_i_76_n_0
                         LOOKAHEAD8 (Prop_LOOKAHEAD8_GEA_COUTH)
                                                      0.242     7.757 r  i_scheduler_core/i_round_engine/i_transition_eval/f_q_reg[13]_i_47/COUTH
                         net (fo=3, unplaced)         0.002     7.759    i_scheduler_core/i_round_engine/i_transition_eval/f_q_reg[13]_i_47_n_3
                         LOOKAHEAD8 (Prop_LOOKAHEAD8_CIN_COUTD)
                                                      0.042     7.801 r  i_scheduler_core/i_round_engine/i_transition_eval/f_q_reg[13]_i_14/COUTD
                         net (fo=2, unplaced)         0.014     7.815    i_scheduler_core/i_round_engine/i_transition_eval/f_q_reg[13]_i_6/I4
                         LUTCY2 (Prop_LUTCY2_I4_O)    0.048     7.863 r  i_scheduler_core/i_round_engine/i_transition_eval/f_q_reg[13]_i_6/LUTCY2_INST/O
                         net (fo=28, unplaced)        0.185     8.048    i_scheduler_core/i_round_engine/i_transition_eval/counters_q_reg[parent_bound][13]
                         LUT5 (Prop_LUT5_I1_O)        0.074     8.122 f  i_scheduler_core/i_round_engine/i_transition_eval/h_q[1]_i_2/O
                         net (fo=3, unplaced)         0.216     8.338    i_scheduler_core/i_round_engine/i_bound_score/h_q_reg[13]_i_11/I2
                         LUTCY2 (Prop_LUTCY2_I2_GE)
                                                      0.088     8.426 r  i_scheduler_core/i_round_engine/i_bound_score/h_q_reg[13]_i_11/LUTCY2_INST/GE
                         net (fo=1, unplaced)         0.036     8.462    i_scheduler_core/i_round_engine/i_bound_score/h_q_reg[13]_i_11_n_0
                         LOOKAHEAD8 (Prop_LOOKAHEAD8_GEA_COUTH)
                                                      0.242     8.704 r  i_scheduler_core/i_round_engine/i_bound_score/h_q_reg[13]_i_6/COUTH
                         net (fo=3, unplaced)         0.002     8.706    i_scheduler_core/i_round_engine/i_bound_score/h_q_reg[13]_i_6_n_3
                         LOOKAHEAD8 (Prop_LOOKAHEAD8_CIN_COUTD)
                                                      0.042     8.748 r  i_scheduler_core/i_round_engine/i_bound_score/h_q_reg[13]_i_5/COUTD
                         net (fo=2, unplaced)         0.014     8.762    i_scheduler_core/i_round_engine/i_bound_score/h_q_reg[13]_i_3/I4
                         LUTCY2 (Prop_LUTCY2_I4_O)    0.048     8.810 r  i_scheduler_core/i_round_engine/i_bound_score/h_q_reg[13]_i_3/LUTCY2_INST/O
                         net (fo=15, unplaced)        0.170     8.980    i_scheduler_core/i_round_engine/i_bound_score/h_q_reg[13]_i_3_n_2
                         LUT6 (Prop_LUT6_I3_O)        0.074     9.054 r  i_scheduler_core/i_round_engine/i_bound_score/h_q[9]_i_1/O
                         net (fo=1, unplaced)         0.062     9.116    i_scheduler_core/i_round_engine/i_bound_score/h_q[9]_i_1_n_0
                         FDCE                                         r  i_scheduler_core/i_round_engine/i_bound_score/h_q_reg[9]/D
  -------------------------------------------------------------------    -------------------

                         (clock scheduler_clk rise edge)
                                                      5.000     5.000 r  
                                                      0.000     5.000 r  clk_i (IN)
                         net (fo=1684, unset)         0.080     5.080    i_scheduler_core/i_round_engine/i_bound_score/clk_i
                         FDCE                                         r  i_scheduler_core/i_round_engine/i_bound_score/h_q_reg[9]/C
                         clock pessimism              0.000     5.080    
                         clock uncertainty           -0.300     4.780    
                         FDCE (Setup_FDCE_C_D)        0.007     4.787    i_scheduler_core/i_round_engine/i_bound_score/h_q_reg[9]
  -------------------------------------------------------------------
                         required time                          4.787    
                         arrival time                          -9.116    
  -------------------------------------------------------------------
                         slack                                 -4.329    

Slack (VIOLATED) :        -4.323ns  (required time - arrival time)
  Source:                 i_scheduler_core/i_round_engine/FSM_onehot_st_q_reg[0]/C
                            (rising edge-triggered cell FDCE clocked by scheduler_clk  {rise@0.000ns fall@2.500ns period=5.000ns})
  Destination:            i_scheduler_core/i_round_engine/i_bound_score/h_q_reg[0]/D
                            (rising edge-triggered cell FDCE clocked by scheduler_clk  {rise@0.000ns fall@2.500ns period=5.000ns})
  Path Group:             scheduler_clk
  Path Type:              Setup (Max at Slow Process Corner)
  Requirement:            5.000ns  (scheduler_clk rise@5.000ns - scheduler_clk rise@0.000ns)
  Data Path Delay:        8.990ns  (logic 3.327ns (37.008%)  route 5.663ns (62.992%))
  Logic Levels:           36  (LOOKAHEAD8=6 LUT2=4 LUT4=4 LUT5=4 LUT6=10 LUTCY1=2 LUTCY2=6)
  Clock Path Skew:        -0.040ns (DCD - SCD + CPR)
    Destination Clock Delay (DCD):    0.080ns = ( 5.080 - 5.000 ) 
    Source Clock Delay      (SCD):    0.120ns
    Clock Pessimism Removal (CPR):    0.000ns
  Clock Uncertainty:      0.300ns  (CJ)/2 + PE + PJ
    Clock Jitter             (CJ):    0.600ns
    Phase Error              (PE):    0.000ns
    Phase Jitter             (PJ):    0.000ns

    Location             Delay type                Incr(ns)  Path(ns)    Netlist Resource(s)
  -------------------------------------------------------------------    -------------------
                         (clock scheduler_clk rise edge)
                                                      0.000     0.000 r  
                                                      0.000     0.000 r  clk_i (IN)
                         net (fo=1684, unset)         0.120     0.120    i_scheduler_core/i_round_engine/clk_i
                         FDCE                                         r  i_scheduler_core/i_round_engine/FSM_onehot_st_q_reg[0]/C
  -------------------------------------------------------------------    -------------------
                         FDCE (Prop_FDCE_C_Q)         0.090     0.210 r  i_scheduler_core/i_round_engine/FSM_onehot_st_q_reg[0]/Q
                         net (fo=6, unplaced)         0.204     0.414    i_scheduler_core/i_round_engine/i_transition_eval/FSM_onehot_st_q_reg[11]_0[0]
                         LUT2 (Prop_LUT2_I1_O)        0.051     0.465 r  i_scheduler_core/i_round_engine/i_transition_eval/FSM_onehot_st_q[10]_i_3/O
                         net (fo=8, unplaced)         0.238     0.703    i_scheduler_core/i_round_engine/i_transition_eval/rebuild_only_i0
                         LUT6 (Prop_LUT6_I2_O)        0.088     0.791 f  i_scheduler_core/i_round_engine/i_transition_eval/g0_b0_i_10/O
                         net (fo=5, unplaced)         0.146     0.937    i_scheduler_core/i_round_engine/i_transition_eval/FSM_onehot_st_q_reg[7]_3
                         LUT4 (Prop_LUT4_I1_O)        0.074     1.011 r  i_scheduler_core/i_round_engine/i_transition_eval/g0_b0_i_7/O
                         net (fo=26, unplaced)        0.265     1.276    i_scheduler_core/i_round_engine/i_bound_score/commit_task_q_reg[1][shape_s3][1]_0
                         LUT6 (Prop_LUT6_I2_O)        0.088     1.364 r  i_scheduler_core/i_round_engine/i_bound_score/g0_b0_i_3/O
                         net (fo=60, unplaced)        0.284     1.648    i_scheduler_core/i_round_engine/i_bound_score/decode_address[2]
                         LUT6 (Prop_LUT6_I2_O)        0.088     1.736 f  i_scheduler_core/i_round_engine/i_bound_score/global_score_q[selected_min_rank][1]_i_3/O
                         net (fo=16, unplaced)        0.254     1.990    i_scheduler_core/i_round_engine/i_bound_score/counters_q_reg[count][1]
                         LUT6 (Prop_LUT6_I1_O)        0.088     2.078 r  i_scheduler_core/i_round_engine/i_bound_score/scratch_q[29]_i_25/O
                         net (fo=1, unplaced)         0.210     2.288    i_scheduler_core/i_round_engine/i_bound_score/scratch_q[29]_i_25_n_0
                         LUT6 (Prop_LUT6_I2_O)        0.088     2.376 r  i_scheduler_core/i_round_engine/i_bound_score/scratch_q[29]_i_14/O
                         net (fo=5, unplaced)         0.146     2.522    i_scheduler_core/i_round_engine/i_bound_score/scratch_q[29]_i_14_n_0
                         LUT5 (Prop_LUT5_I2_O)        0.074     2.596 r  i_scheduler_core/i_round_engine/i_bound_score/scratch_q[29]_i_19/O
                         net (fo=13, unplaced)        0.184     2.780    i_scheduler_core/i_round_engine/i_bound_score/scratch_q[29]_i_19_n_0
                         LUT6 (Prop_LUT6_I5_O)        0.051     2.831 r  i_scheduler_core/i_round_engine/i_bound_score/scratch_q[29]_i_10/O
                         net (fo=10, unplaced)        0.161     2.992    i_scheduler_core/i_round_engine/i_bound_score/scratch_q[29]_i_10_n_0
                         LUT6 (Prop_LUT6_I3_O)        0.074     3.066 r  i_scheduler_core/i_round_engine/i_bound_score/f_q[1]_i_7/O
                         net (fo=13, unplaced)        0.184     3.250    i_scheduler_core/i_round_engine/i_bound_score/eval_bound_head5[0][ntok][1]
                         LUT2 (Prop_LUT2_I1_O)        0.051     3.301 f  i_scheduler_core/i_round_engine/i_bound_score/f_q[5]_i_14/O
                         net (fo=3, unplaced)         0.151     3.452    i_scheduler_core/i_round_engine/i_bound_score/hot_q_reg[0][ntok][0]
                         LUT4 (Prop_LUT4_I3_O)        0.082     3.534 r  i_scheduler_core/i_round_engine/i_bound_score/f_q[6]_i_13/O
                         net (fo=4, unplaced)         0.157     3.691    i_scheduler_core/i_round_engine/i_bound_score/hot_q_reg[0][ntok][3]
                         LUT2 (Prop_LUT2_I1_O)        0.051     3.742 r  i_scheduler_core/i_round_engine/i_bound_score/f_q[11]_i_11/O
                         net (fo=8, unplaced)         0.173     3.915    i_scheduler_core/i_round_engine/i_bound_score/hot_q_reg[0][ntok][4]
                         LUT4 (Prop_LUT4_I3_O)        0.051     3.966 r  i_scheduler_core/i_round_engine/i_bound_score/f_q[7]_i_11/O
                         net (fo=8, unplaced)         0.238     4.204    i_scheduler_core/i_round_engine/i_transition_eval/f_q_reg[8]_i_5_2
                         LUT6 (Prop_LUT6_I2_O)        0.088     4.292 r  i_scheduler_core/i_round_engine/i_transition_eval/f_q[8]_i_7/O
                         net (fo=2, unplaced)         0.236     4.528    i_scheduler_core/i_round_engine/i_transition_eval/f_q_reg[8]_i_5/I1
                         LUTCY1 (Prop_LUTCY1_I1_PROP)
                                                      0.113     4.641 r  i_scheduler_core/i_round_engine/i_transition_eval/f_q_reg[8]_i_5/LUTCY1_INST/PROP
                         net (fo=1, unplaced)         0.001     4.642    i_scheduler_core/i_round_engine/i_transition_eval/f_q_reg[8]_i_5_n_3
                         LOOKAHEAD8 (Prop_LOOKAHEAD8_PROPH_COUTH)
                                                      0.129     4.771 r  i_scheduler_core/i_round_engine/i_transition_eval/f_q_reg[9]_i_8/COUTH
                         net (fo=3, unplaced)         0.198     4.969    i_scheduler_core/i_round_engine/i_transition_eval/f_q_reg[9]_i_5/I4
                         LUTCY2 (Prop_LUTCY2_I4_O)    0.051     5.020 r  i_scheduler_core/i_round_engine/i_transition_eval/f_q_reg[9]_i_5/LUTCY2_INST/O
                         net (fo=3, unplaced)         0.016     5.036    i_scheduler_core/i_round_engine/i_transition_eval/f_q_reg[10]_i_5/I4
                         LUTCY1 (Prop_LUTCY1_I4_O)    0.055     5.091 f  i_scheduler_core/i_round_engine/i_transition_eval/f_q_reg[10]_i_5/LUTCY1_INST/O
                         net (fo=6, unplaced)         0.228     5.319    i_scheduler_core/i_round_engine/i_transition_eval/f_q_reg[10]_i_5_n_1
                         LUT4 (Prop_LUT4_I0_O)        0.096     5.415 r  i_scheduler_core/i_round_engine/i_transition_eval/f_q[12]_i_9/O
                         net (fo=2, unplaced)         0.128     5.543    i_scheduler_core/i_round_engine/i_transition_eval/h_q[11]_i_7/I0
                         LUT5 (Prop_LUT5_I0_O)        0.096     5.639 f  i_scheduler_core/i_round_engine/i_transition_eval/h_q[11]_i_7/LUT5/O
                         net (fo=2, unplaced)         0.145     5.784    i_scheduler_core/i_round_engine/i_transition_eval/h_q[11]_i_7_n_0
                         LUT5 (Prop_LUT5_I4_O)        0.051     5.835 r  i_scheduler_core/i_round_engine/i_transition_eval/f_q[12]_i_6/O
                         net (fo=24, unplaced)        0.263     6.098    i_scheduler_core/i_round_engine/i_transition_eval/f_q[12]_i_6_n_0
                         LUT6 (Prop_LUT6_I2_O)        0.088     6.186 f  i_scheduler_core/i_round_engine/i_transition_eval/f_q[2]_i_4/O
                         net (fo=3, unplaced)         0.193     6.379    i_scheduler_core/i_round_engine/i_transition_eval/f_q_reg[13]_i_39/I0
                         LUTCY2 (Prop_LUTCY2_I0_GE)
                                                      0.132     6.511 r  i_scheduler_core/i_round_engine/i_transition_eval/f_q_reg[13]_i_39/LUTCY2_INST/GE
                         net (fo=1, unplaced)         0.036     6.547    i_scheduler_core/i_round_engine/i_transition_eval/f_q_reg[13]_i_39_n_0
                         LOOKAHEAD8 (Prop_LOOKAHEAD8_GEA_COUTH)
                                                      0.242     6.789 r  i_scheduler_core/i_round_engine/i_transition_eval/f_q_reg[13]_i_12/COUTH
                         net (fo=26, unplaced)        0.265     7.054    i_scheduler_core/i_round_engine/i_transition_eval/f_q_reg[13]_i_12_n_3
                         LUT6 (Prop_LUT6_I1_O)        0.088     7.142 f  i_scheduler_core/i_round_engine/i_transition_eval/h_q[1]_i_5/O
                         net (fo=5, unplaced)         0.205     7.347    i_scheduler_core/i_round_engine/i_transition_eval/f_q_reg[13]_i_76/I0
                         LUTCY2 (Prop_LUTCY2_I0_GE)
                                                      0.132     7.479 r  i_scheduler_core/i_round_engine/i_transition_eval/f_q_reg[13]_i_76/LUTCY2_INST/GE
                         net (fo=1, unplaced)         0.036     7.515    i_scheduler_core/i_round_engine/i_transition_eval/f_q_reg[13]_i_76_n_0
                         LOOKAHEAD8 (Prop_LOOKAHEAD8_GEA_COUTH)
                                                      0.242     7.757 r  i_scheduler_core/i_round_engine/i_transition_eval/f_q_reg[13]_i_47/COUTH
                         net (fo=3, unplaced)         0.002     7.759    i_scheduler_core/i_round_engine/i_transition_eval/f_q_reg[13]_i_47_n_3
                         LOOKAHEAD8 (Prop_LOOKAHEAD8_CIN_COUTD)
                                                      0.042     7.801 r  i_scheduler_core/i_round_engine/i_transition_eval/f_q_reg[13]_i_14/COUTD
                         net (fo=2, unplaced)         0.014     7.815    i_scheduler_core/i_round_engine/i_transition_eval/f_q_reg[13]_i_6/I4
                         LUTCY2 (Prop_LUTCY2_I4_O)    0.048     7.863 r  i_scheduler_core/i_round_engine/i_transition_eval/f_q_reg[13]_i_6/LUTCY2_INST/O
                         net (fo=28, unplaced)        0.185     8.048    i_scheduler_core/i_round_engine/i_transition_eval/counters_q_reg[parent_bound][13]
                         LUT5 (Prop_LUT5_I1_O)        0.074     8.122 r  i_scheduler_core/i_round_engine/i_transition_eval/h_q[1]_i_2/O
                         net (fo=3, unplaced)         0.216     8.338    i_scheduler_core/i_round_engine/i_bound_score/h_q_reg[13]_i_11/I2
                         LUTCY2 (Prop_LUTCY2_I2_GE)
                                                      0.088     8.426 f  i_scheduler_core/i_round_engine/i_bound_score/h_q_reg[13]_i_11/LUTCY2_INST/GE
                         net (fo=1, unplaced)         0.036     8.462    i_scheduler_core/i_round_engine/i_bound_score/h_q_reg[13]_i_11_n_0
                         LOOKAHEAD8 (Prop_LOOKAHEAD8_GEA_COUTH)
                                                      0.242     8.704 f  i_scheduler_core/i_round_engine/i_bound_score/h_q_reg[13]_i_6/COUTH
                         net (fo=3, unplaced)         0.002     8.706    i_scheduler_core/i_round_engine/i_bound_score/h_q_reg[13]_i_6_n_3
                         LOOKAHEAD8 (Prop_LOOKAHEAD8_CIN_COUTD)
                                                      0.042     8.748 f  i_scheduler_core/i_round_engine/i_bound_score/h_q_reg[13]_i_5/COUTD
                         net (fo=2, unplaced)         0.014     8.762    i_scheduler_core/i_round_engine/i_bound_score/h_q_reg[13]_i_3/I4
                         LUTCY2 (Prop_LUTCY2_I4_O)    0.048     8.810 f  i_scheduler_core/i_round_engine/i_bound_score/h_q_reg[13]_i_3/LUTCY2_INST/O
                         net (fo=15, unplaced)        0.187     8.997    i_scheduler_core/i_round_engine/i_bound_score/h_q_reg[13]_i_3_n_2
                         LUT2 (Prop_LUT2_I1_O)        0.051     9.048 r  i_scheduler_core/i_round_engine/i_bound_score/h_q[0]_i_1/O
                         net (fo=1, unplaced)         0.062     9.110    i_scheduler_core/i_round_engine/i_bound_score/h_q[0]_i_1_n_0
                         FDCE                                         r  i_scheduler_core/i_round_engine/i_bound_score/h_q_reg[0]/D
  -------------------------------------------------------------------    -------------------

                         (clock scheduler_clk rise edge)
                                                      5.000     5.000 r  
                                                      0.000     5.000 r  clk_i (IN)
                         net (fo=1684, unset)         0.080     5.080    i_scheduler_core/i_round_engine/i_bound_score/clk_i
                         FDCE                                         r  i_scheduler_core/i_round_engine/i_bound_score/h_q_reg[0]/C
                         clock pessimism              0.000     5.080    
                         clock uncertainty           -0.300     4.780    
                         FDCE (Setup_FDCE_C_D)        0.007     4.787    i_scheduler_core/i_round_engine/i_bound_score/h_q_reg[0]
  -------------------------------------------------------------------
                         required time                          4.787    
                         arrival time                          -9.110    
  -------------------------------------------------------------------
                         slack                                 -4.323    

Slack (VIOLATED) :        -3.544ns  (required time - arrival time)
  Source:                 i_scheduler_core/i_round_engine/FSM_onehot_st_q_reg[0]/C
                            (rising edge-triggered cell FDCE clocked by scheduler_clk  {rise@0.000ns fall@2.500ns period=5.000ns})
  Destination:            i_scheduler_core/i_round_engine/i_bound_score/f_q_reg[10]/D
                            (rising edge-triggered cell FDCE clocked by scheduler_clk  {rise@0.000ns fall@2.500ns period=5.000ns})
  Path Group:             scheduler_clk
  Path Type:              Setup (Max at Slow Process Corner)
  Requirement:            5.000ns  (scheduler_clk rise@5.000ns - scheduler_clk rise@0.000ns)
  Data Path Delay:        8.211ns  (logic 2.858ns (34.807%)  route 5.353ns (65.193%))
  Logic Levels:           31  (LOOKAHEAD8=4 LUT2=3 LUT4=4 LUT5=3 LUT6=11 LUTCY1=2 LUTCY2=4)
  Clock Path Skew:        -0.040ns (DCD - SCD + CPR)
    Destination Clock Delay (DCD):    0.080ns = ( 5.080 - 5.000 ) 
    Source Clock Delay      (SCD):    0.120ns
    Clock Pessimism Removal (CPR):    0.000ns
  Clock Uncertainty:      0.300ns  (CJ)/2 + PE + PJ
    Clock Jitter             (CJ):    0.600ns
    Phase Error              (PE):    0.000ns
    Phase Jitter             (PJ):    0.000ns

    Location             Delay type                Incr(ns)  Path(ns)    Netlist Resource(s)
  -------------------------------------------------------------------    -------------------
                         (clock scheduler_clk rise edge)
                                                      0.000     0.000 r  
                                                      0.000     0.000 r  clk_i (IN)
                         net (fo=1684, unset)         0.120     0.120    i_scheduler_core/i_round_engine/clk_i
                         FDCE                                         r  i_scheduler_core/i_round_engine/FSM_onehot_st_q_reg[0]/C
  -------------------------------------------------------------------    -------------------
                         FDCE (Prop_FDCE_C_Q)         0.090     0.210 r  i_scheduler_core/i_round_engine/FSM_onehot_st_q_reg[0]/Q
                         net (fo=6, unplaced)         0.204     0.414    i_scheduler_core/i_round_engine/i_transition_eval/FSM_onehot_st_q_reg[11]_0[0]
                         LUT2 (Prop_LUT2_I1_O)        0.051     0.465 r  i_scheduler_core/i_round_engine/i_transition_eval/FSM_onehot_st_q[10]_i_3/O
                         net (fo=8, unplaced)         0.238     0.703    i_scheduler_core/i_round_engine/i_transition_eval/rebuild_only_i0
                         LUT6 (Prop_LUT6_I2_O)        0.088     0.791 f  i_scheduler_core/i_round_engine/i_transition_eval/g0_b0_i_10/O
                         net (fo=5, unplaced)         0.146     0.937    i_scheduler_core/i_round_engine/i_transition_eval/FSM_onehot_st_q_reg[7]_3
                         LUT4 (Prop_LUT4_I1_O)        0.074     1.011 r  i_scheduler_core/i_round_engine/i_transition_eval/g0_b0_i_7/O
                         net (fo=26, unplaced)        0.265     1.276    i_scheduler_core/i_round_engine/i_bound_score/commit_task_q_reg[1][shape_s3][1]_0
                         LUT6 (Prop_LUT6_I2_O)        0.088     1.364 r  i_scheduler_core/i_round_engine/i_bound_score/g0_b0_i_3/O
                         net (fo=60, unplaced)        0.284     1.648    i_scheduler_core/i_round_engine/i_bound_score/decode_address[2]
                         LUT6 (Prop_LUT6_I2_O)        0.088     1.736 f  i_scheduler_core/i_round_engine/i_bound_score/global_score_q[selected_min_rank][1]_i_3/O
                         net (fo=16, unplaced)        0.254     1.990    i_scheduler_core/i_round_engine/i_bound_score/counters_q_reg[count][1]
                         LUT6 (Prop_LUT6_I1_O)        0.088     2.078 r  i_scheduler_core/i_round_engine/i_bound_score/scratch_q[29]_i_25/O
                         net (fo=1, unplaced)         0.210     2.288    i_scheduler_core/i_round_engine/i_bound_score/scratch_q[29]_i_25_n_0
                         LUT6 (Prop_LUT6_I2_O)        0.088     2.376 r  i_scheduler_core/i_round_engine/i_bound_score/scratch_q[29]_i_14/O
                         net (fo=5, unplaced)         0.146     2.522    i_scheduler_core/i_round_engine/i_bound_score/scratch_q[29]_i_14_n_0
                         LUT5 (Prop_LUT5_I2_O)        0.074     2.596 r  i_scheduler_core/i_round_engine/i_bound_score/scratch_q[29]_i_19/O
                         net (fo=13, unplaced)        0.184     2.780    i_scheduler_core/i_round_engine/i_bound_score/scratch_q[29]_i_19_n_0
                         LUT6 (Prop_LUT6_I5_O)        0.051     2.831 r  i_scheduler_core/i_round_engine/i_bound_score/scratch_q[29]_i_10/O
                         net (fo=10, unplaced)        0.161     2.992    i_scheduler_core/i_round_engine/i_bound_score/scratch_q[29]_i_10_n_0
                         LUT6 (Prop_LUT6_I3_O)        0.074     3.066 r  i_scheduler_core/i_round_engine/i_bound_score/f_q[1]_i_7/O
                         net (fo=13, unplaced)        0.184     3.250    i_scheduler_core/i_round_engine/i_bound_score/eval_bound_head5[0][ntok][1]
                         LUT2 (Prop_LUT2_I1_O)        0.051     3.301 f  i_scheduler_core/i_round_engine/i_bound_score/f_q[5]_i_14/O
                         net (fo=3, unplaced)         0.151     3.452    i_scheduler_core/i_round_engine/i_bound_score/hot_q_reg[0][ntok][0]
                         LUT4 (Prop_LUT4_I3_O)        0.082     3.534 r  i_scheduler_core/i_round_engine/i_bound_score/f_q[6]_i_13/O
                         net (fo=4, unplaced)         0.157     3.691    i_scheduler_core/i_round_engine/i_bound_score/hot_q_reg[0][ntok][3]
                         LUT2 (Prop_LUT2_I1_O)        0.051     3.742 r  i_scheduler_core/i_round_engine/i_bound_score/f_q[11]_i_11/O
                         net (fo=8, unplaced)         0.173     3.915    i_scheduler_core/i_round_engine/i_bound_score/hot_q_reg[0][ntok][4]
                         LUT4 (Prop_LUT4_I3_O)        0.051     3.966 r  i_scheduler_core/i_round_engine/i_bound_score/f_q[7]_i_11/O
                         net (fo=8, unplaced)         0.238     4.204    i_scheduler_core/i_round_engine/i_transition_eval/f_q_reg[8]_i_5_2
                         LUT6 (Prop_LUT6_I2_O)        0.088     4.292 r  i_scheduler_core/i_round_engine/i_transition_eval/f_q[8]_i_7/O
                         net (fo=2, unplaced)         0.236     4.528    i_scheduler_core/i_round_engine/i_transition_eval/f_q_reg[8]_i_5/I1
                         LUTCY1 (Prop_LUTCY1_I1_PROP)
                                                      0.113     4.641 r  i_scheduler_core/i_round_engine/i_transition_eval/f_q_reg[8]_i_5/LUTCY1_INST/PROP
                         net (fo=1, unplaced)         0.001     4.642    i_scheduler_core/i_round_engine/i_transition_eval/f_q_reg[8]_i_5_n_3
                         LOOKAHEAD8 (Prop_LOOKAHEAD8_PROPH_COUTH)
                                                      0.129     4.771 r  i_scheduler_core/i_round_engine/i_transition_eval/f_q_reg[9]_i_8/COUTH
                         net (fo=3, unplaced)         0.198     4.969    i_scheduler_core/i_round_engine/i_transition_eval/f_q_reg[9]_i_5/I4
                         LUTCY2 (Prop_LUTCY2_I4_O)    0.051     5.020 r  i_scheduler_core/i_round_engine/i_transition_eval/f_q_reg[9]_i_5/LUTCY2_INST/O
                         net (fo=3, unplaced)         0.016     5.036    i_scheduler_core/i_round_engine/i_transition_eval/f_q_reg[10]_i_5/I4
                         LUTCY1 (Prop_LUTCY1_I4_O)    0.055     5.091 f  i_scheduler_core/i_round_engine/i_transition_eval/f_q_reg[10]_i_5/LUTCY1_INST/O
                         net (fo=6, unplaced)         0.228     5.319    i_scheduler_core/i_round_engine/i_transition_eval/f_q_reg[10]_i_5_n_1
                         LUT4 (Prop_LUT4_I0_O)        0.096     5.415 r  i_scheduler_core/i_round_engine/i_transition_eval/f_q[12]_i_9/O
                         net (fo=2, unplaced)         0.128     5.543    i_scheduler_core/i_round_engine/i_transition_eval/h_q[11]_i_7/I0
                         LUT5 (Prop_LUT5_I0_O)        0.096     5.639 f  i_scheduler_core/i_round_engine/i_transition_eval/h_q[11]_i_7/LUT5/O
                         net (fo=2, unplaced)         0.145     5.784    i_scheduler_core/i_round_engine/i_transition_eval/h_q[11]_i_7_n_0
                         LUT5 (Prop_LUT5_I4_O)        0.051     5.835 r  i_scheduler_core/i_round_engine/i_transition_eval/f_q[12]_i_6/O
                         net (fo=24, unplaced)        0.263     6.098    i_scheduler_core/i_round_engine/i_transition_eval/f_q[12]_i_6_n_0
                         LUT6 (Prop_LUT6_I2_O)        0.088     6.186 f  i_scheduler_core/i_round_engine/i_transition_eval/f_q[2]_i_4/O
                         net (fo=3, unplaced)         0.193     6.379    i_scheduler_core/i_round_engine/i_transition_eval/f_q_reg[13]_i_39/I0
                         LUTCY2 (Prop_LUTCY2_I0_GE)
                                                      0.132     6.511 r  i_scheduler_core/i_round_engine/i_transition_eval/f_q_reg[13]_i_39/LUTCY2_INST/GE
                         net (fo=1, unplaced)         0.036     6.547    i_scheduler_core/i_round_engine/i_transition_eval/f_q_reg[13]_i_39_n_0
                         LOOKAHEAD8 (Prop_LOOKAHEAD8_GEA_COUTH)
                                                      0.242     6.789 r  i_scheduler_core/i_round_engine/i_transition_eval/f_q_reg[13]_i_12/COUTH
                         net (fo=26, unplaced)        0.265     7.054    i_scheduler_core/i_round_engine/i_transition_eval/f_q_reg[13]_i_12_n_3
                         LUT6 (Prop_LUT6_I1_O)        0.088     7.142 r  i_scheduler_core/i_round_engine/i_transition_eval/h_q[1]_i_5/O
                         net (fo=5, unplaced)         0.254     7.396    i_scheduler_core/i_round_engine/i_transition_eval/f_q_reg[13]_i_56/I1
                         LUTCY2 (Prop_LUTCY2_I1_GE)
                                                      0.120     7.516 r  i_scheduler_core/i_round_engine/i_transition_eval/f_q_reg[13]_i_56/LUTCY2_INST/GE
                         net (fo=1, unplaced)         0.036     7.552    i_scheduler_core/i_round_engine/i_transition_eval/f_q_reg[13]_i_56_n_0
                         LOOKAHEAD8 (Prop_LOOKAHEAD8_GEA_COUTH)
                                                      0.242     7.794 r  i_scheduler_core/i_round_engine/i_transition_eval/f_q_reg[13]_i_26/COUTH
                         net (fo=3, unplaced)         0.002     7.796    i_scheduler_core/i_round_engine/i_transition_eval/f_q_reg[13]_i_26_n_3
                         LOOKAHEAD8 (Prop_LOOKAHEAD8_CIN_COUTD)
                                                      0.042     7.838 r  i_scheduler_core/i_round_engine/i_transition_eval/f_q_reg[13]_i_10/COUTD
                         net (fo=2, unplaced)         0.014     7.852    i_scheduler_core/i_round_engine/i_transition_eval/f_q_reg[13]_i_4/I4
                         LUTCY2 (Prop_LUTCY2_I4_O)    0.048     7.900 r  i_scheduler_core/i_round_engine/i_transition_eval/f_q_reg[13]_i_4/LUTCY2_INST/O
                         net (fo=54, unplaced)        0.281     8.181    i_scheduler_core/i_round_engine/i_transition_eval/dma_q_reg[13]
                         LUT6 (Prop_LUT6_I1_O)        0.088     8.269 r  i_scheduler_core/i_round_engine/i_transition_eval/f_q[10]_i_1/O
                         net (fo=1, unplaced)         0.062     8.331    i_scheduler_core/i_round_engine/i_bound_score/f_q_reg[13]_0[9]
                         FDCE                                         r  i_scheduler_core/i_round_engine/i_bound_score/f_q_reg[10]/D
  -------------------------------------------------------------------    -------------------

                         (clock scheduler_clk rise edge)
                                                      5.000     5.000 r  
                                                      0.000     5.000 r  clk_i (IN)
                         net (fo=1684, unset)         0.080     5.080    i_scheduler_core/i_round_engine/i_bound_score/clk_i
                         FDCE                                         r  i_scheduler_core/i_round_engine/i_bound_score/f_q_reg[10]/C
                         clock pessimism              0.000     5.080    
                         clock uncertainty           -0.300     4.780    
                         FDCE (Setup_FDCE_C_D)        0.007     4.787    i_scheduler_core/i_round_engine/i_bound_score/f_q_reg[10]
  -------------------------------------------------------------------
                         required time                          4.787    
                         arrival time                          -8.331    
  -------------------------------------------------------------------
                         slack                                 -3.544    

Slack (VIOLATED) :        -3.544ns  (required time - arrival time)
  Source:                 i_scheduler_core/i_round_engine/FSM_onehot_st_q_reg[0]/C
                            (rising edge-triggered cell FDCE clocked by scheduler_clk  {rise@0.000ns fall@2.500ns period=5.000ns})
  Destination:            i_scheduler_core/i_round_engine/i_bound_score/f_q_reg[11]/D
                            (rising edge-triggered cell FDCE clocked by scheduler_clk  {rise@0.000ns fall@2.500ns period=5.000ns})
  Path Group:             scheduler_clk
  Path Type:              Setup (Max at Slow Process Corner)
  Requirement:            5.000ns  (scheduler_clk rise@5.000ns - scheduler_clk rise@0.000ns)
  Data Path Delay:        8.211ns  (logic 2.858ns (34.807%)  route 5.353ns (65.193%))
  Logic Levels:           31  (LOOKAHEAD8=4 LUT2=3 LUT4=4 LUT5=3 LUT6=11 LUTCY1=2 LUTCY2=4)
  Clock Path Skew:        -0.040ns (DCD - SCD + CPR)
    Destination Clock Delay (DCD):    0.080ns = ( 5.080 - 5.000 ) 
    Source Clock Delay      (SCD):    0.120ns
    Clock Pessimism Removal (CPR):    0.000ns
  Clock Uncertainty:      0.300ns  (CJ)/2 + PE + PJ
    Clock Jitter             (CJ):    0.600ns
    Phase Error              (PE):    0.000ns
    Phase Jitter             (PJ):    0.000ns

    Location             Delay type                Incr(ns)  Path(ns)    Netlist Resource(s)
  -------------------------------------------------------------------    -------------------
                         (clock scheduler_clk rise edge)
                                                      0.000     0.000 r  
                                                      0.000     0.000 r  clk_i (IN)
                         net (fo=1684, unset)         0.120     0.120    i_scheduler_core/i_round_engine/clk_i
                         FDCE                                         r  i_scheduler_core/i_round_engine/FSM_onehot_st_q_reg[0]/C
  -------------------------------------------------------------------    -------------------
                         FDCE (Prop_FDCE_C_Q)         0.090     0.210 r  i_scheduler_core/i_round_engine/FSM_onehot_st_q_reg[0]/Q
                         net (fo=6, unplaced)         0.204     0.414    i_scheduler_core/i_round_engine/i_transition_eval/FSM_onehot_st_q_reg[11]_0[0]
                         LUT2 (Prop_LUT2_I1_O)        0.051     0.465 r  i_scheduler_core/i_round_engine/i_transition_eval/FSM_onehot_st_q[10]_i_3/O
                         net (fo=8, unplaced)         0.238     0.703    i_scheduler_core/i_round_engine/i_transition_eval/rebuild_only_i0
                         LUT6 (Prop_LUT6_I2_O)        0.088     0.791 f  i_scheduler_core/i_round_engine/i_transition_eval/g0_b0_i_10/O
                         net (fo=5, unplaced)         0.146     0.937    i_scheduler_core/i_round_engine/i_transition_eval/FSM_onehot_st_q_reg[7]_3
                         LUT4 (Prop_LUT4_I1_O)        0.074     1.011 r  i_scheduler_core/i_round_engine/i_transition_eval/g0_b0_i_7/O
                         net (fo=26, unplaced)        0.265     1.276    i_scheduler_core/i_round_engine/i_bound_score/commit_task_q_reg[1][shape_s3][1]_0
                         LUT6 (Prop_LUT6_I2_O)        0.088     1.364 r  i_scheduler_core/i_round_engine/i_bound_score/g0_b0_i_3/O
                         net (fo=60, unplaced)        0.284     1.648    i_scheduler_core/i_round_engine/i_bound_score/decode_address[2]
                         LUT6 (Prop_LUT6_I2_O)        0.088     1.736 f  i_scheduler_core/i_round_engine/i_bound_score/global_score_q[selected_min_rank][1]_i_3/O
                         net (fo=16, unplaced)        0.254     1.990    i_scheduler_core/i_round_engine/i_bound_score/counters_q_reg[count][1]
                         LUT6 (Prop_LUT6_I1_O)        0.088     2.078 r  i_scheduler_core/i_round_engine/i_bound_score/scratch_q[29]_i_25/O
                         net (fo=1, unplaced)         0.210     2.288    i_scheduler_core/i_round_engine/i_bound_score/scratch_q[29]_i_25_n_0
                         LUT6 (Prop_LUT6_I2_O)        0.088     2.376 r  i_scheduler_core/i_round_engine/i_bound_score/scratch_q[29]_i_14/O
                         net (fo=5, unplaced)         0.146     2.522    i_scheduler_core/i_round_engine/i_bound_score/scratch_q[29]_i_14_n_0
                         LUT5 (Prop_LUT5_I2_O)        0.074     2.596 r  i_scheduler_core/i_round_engine/i_bound_score/scratch_q[29]_i_19/O
                         net (fo=13, unplaced)        0.184     2.780    i_scheduler_core/i_round_engine/i_bound_score/scratch_q[29]_i_19_n_0
                         LUT6 (Prop_LUT6_I5_O)        0.051     2.831 r  i_scheduler_core/i_round_engine/i_bound_score/scratch_q[29]_i_10/O
                         net (fo=10, unplaced)        0.161     2.992    i_scheduler_core/i_round_engine/i_bound_score/scratch_q[29]_i_10_n_0
                         LUT6 (Prop_LUT6_I3_O)        0.074     3.066 r  i_scheduler_core/i_round_engine/i_bound_score/f_q[1]_i_7/O
                         net (fo=13, unplaced)        0.184     3.250    i_scheduler_core/i_round_engine/i_bound_score/eval_bound_head5[0][ntok][1]
                         LUT2 (Prop_LUT2_I1_O)        0.051     3.301 f  i_scheduler_core/i_round_engine/i_bound_score/f_q[5]_i_14/O
                         net (fo=3, unplaced)         0.151     3.452    i_scheduler_core/i_round_engine/i_bound_score/hot_q_reg[0][ntok][0]
                         LUT4 (Prop_LUT4_I3_O)        0.082     3.534 r  i_scheduler_core/i_round_engine/i_bound_score/f_q[6]_i_13/O
                         net (fo=4, unplaced)         0.157     3.691    i_scheduler_core/i_round_engine/i_bound_score/hot_q_reg[0][ntok][3]
                         LUT2 (Prop_LUT2_I1_O)        0.051     3.742 r  i_scheduler_core/i_round_engine/i_bound_score/f_q[11]_i_11/O
                         net (fo=8, unplaced)         0.173     3.915    i_scheduler_core/i_round_engine/i_bound_score/hot_q_reg[0][ntok][4]
                         LUT4 (Prop_LUT4_I3_O)        0.051     3.966 r  i_scheduler_core/i_round_engine/i_bound_score/f_q[7]_i_11/O
                         net (fo=8, unplaced)         0.238     4.204    i_scheduler_core/i_round_engine/i_transition_eval/f_q_reg[8]_i_5_2
                         LUT6 (Prop_LUT6_I2_O)        0.088     4.292 r  i_scheduler_core/i_round_engine/i_transition_eval/f_q[8]_i_7/O
                         net (fo=2, unplaced)         0.236     4.528    i_scheduler_core/i_round_engine/i_transition_eval/f_q_reg[8]_i_5/I1
                         LUTCY1 (Prop_LUTCY1_I1_PROP)
                                                      0.113     4.641 r  i_scheduler_core/i_round_engine/i_transition_eval/f_q_reg[8]_i_5/LUTCY1_INST/PROP
                         net (fo=1, unplaced)         0.001     4.642    i_scheduler_core/i_round_engine/i_transition_eval/f_q_reg[8]_i_5_n_3
                         LOOKAHEAD8 (Prop_LOOKAHEAD8_PROPH_COUTH)
                                                      0.129     4.771 r  i_scheduler_core/i_round_engine/i_transition_eval/f_q_reg[9]_i_8/COUTH
                         net (fo=3, unplaced)         0.198     4.969    i_scheduler_core/i_round_engine/i_transition_eval/f_q_reg[9]_i_5/I4
                         LUTCY2 (Prop_LUTCY2_I4_O)    0.051     5.020 r  i_scheduler_core/i_round_engine/i_transition_eval/f_q_reg[9]_i_5/LUTCY2_INST/O
                         net (fo=3, unplaced)         0.016     5.036    i_scheduler_core/i_round_engine/i_transition_eval/f_q_reg[10]_i_5/I4
                         LUTCY1 (Prop_LUTCY1_I4_O)    0.055     5.091 f  i_scheduler_core/i_round_engine/i_transition_eval/f_q_reg[10]_i_5/LUTCY1_INST/O
                         net (fo=6, unplaced)         0.228     5.319    i_scheduler_core/i_round_engine/i_transition_eval/f_q_reg[10]_i_5_n_1
                         LUT4 (Prop_LUT4_I0_O)        0.096     5.415 r  i_scheduler_core/i_round_engine/i_transition_eval/f_q[12]_i_9/O
                         net (fo=2, unplaced)         0.128     5.543    i_scheduler_core/i_round_engine/i_transition_eval/h_q[11]_i_7/I0
                         LUT5 (Prop_LUT5_I0_O)        0.096     5.639 f  i_scheduler_core/i_round_engine/i_transition_eval/h_q[11]_i_7/LUT5/O
                         net (fo=2, unplaced)         0.145     5.784    i_scheduler_core/i_round_engine/i_transition_eval/h_q[11]_i_7_n_0
                         LUT5 (Prop_LUT5_I4_O)        0.051     5.835 r  i_scheduler_core/i_round_engine/i_transition_eval/f_q[12]_i_6/O
                         net (fo=24, unplaced)        0.263     6.098    i_scheduler_core/i_round_engine/i_transition_eval/f_q[12]_i_6_n_0
                         LUT6 (Prop_LUT6_I2_O)        0.088     6.186 f  i_scheduler_core/i_round_engine/i_transition_eval/f_q[2]_i_4/O
                         net (fo=3, unplaced)         0.193     6.379    i_scheduler_core/i_round_engine/i_transition_eval/f_q_reg[13]_i_39/I0
                         LUTCY2 (Prop_LUTCY2_I0_GE)
                                                      0.132     6.511 r  i_scheduler_core/i_round_engine/i_transition_eval/f_q_reg[13]_i_39/LUTCY2_INST/GE
                         net (fo=1, unplaced)         0.036     6.547    i_scheduler_core/i_round_engine/i_transition_eval/f_q_reg[13]_i_39_n_0
                         LOOKAHEAD8 (Prop_LOOKAHEAD8_GEA_COUTH)
                                                      0.242     6.789 r  i_scheduler_core/i_round_engine/i_transition_eval/f_q_reg[13]_i_12/COUTH
                         net (fo=26, unplaced)        0.265     7.054    i_scheduler_core/i_round_engine/i_transition_eval/f_q_reg[13]_i_12_n_3
                         LUT6 (Prop_LUT6_I1_O)        0.088     7.142 r  i_scheduler_core/i_round_engine/i_transition_eval/h_q[1]_i_5/O
                         net (fo=5, unplaced)         0.254     7.396    i_scheduler_core/i_round_engine/i_transition_eval/f_q_reg[13]_i_56/I1
                         LUTCY2 (Prop_LUTCY2_I1_GE)
                                                      0.120     7.516 r  i_scheduler_core/i_round_engine/i_transition_eval/f_q_reg[13]_i_56/LUTCY2_INST/GE
                         net (fo=1, unplaced)         0.036     7.552    i_scheduler_core/i_round_engine/i_transition_eval/f_q_reg[13]_i_56_n_0
                         LOOKAHEAD8 (Prop_LOOKAHEAD8_GEA_COUTH)
                                                      0.242     7.794 r  i_scheduler_core/i_round_engine/i_transition_eval/f_q_reg[13]_i_26/COUTH
                         net (fo=3, unplaced)         0.002     7.796    i_scheduler_core/i_round_engine/i_transition_eval/f_q_reg[13]_i_26_n_3
                         LOOKAHEAD8 (Prop_LOOKAHEAD8_CIN_COUTD)
                                                      0.042     7.838 r  i_scheduler_core/i_round_engine/i_transition_eval/f_q_reg[13]_i_10/COUTD
                         net (fo=2, unplaced)         0.014     7.852    i_scheduler_core/i_round_engine/i_transition_eval/f_q_reg[13]_i_4/I4
                         LUTCY2 (Prop_LUTCY2_I4_O)    0.048     7.900 r  i_scheduler_core/i_round_engine/i_transition_eval/f_q_reg[13]_i_4/LUTCY2_INST/O
                         net (fo=54, unplaced)        0.281     8.181    i_scheduler_core/i_round_engine/i_transition_eval/dma_q_reg[13]
                         LUT6 (Prop_LUT6_I1_O)        0.088     8.269 r  i_scheduler_core/i_round_engine/i_transition_eval/f_q[11]_i_1/O
                         net (fo=1, unplaced)         0.062     8.331    i_scheduler_core/i_round_engine/i_bound_score/f_q_reg[13]_0[10]
                         FDCE                                         r  i_scheduler_core/i_round_engine/i_bound_score/f_q_reg[11]/D
  -------------------------------------------------------------------    -------------------

                         (clock scheduler_clk rise edge)
                                                      5.000     5.000 r  
                                                      0.000     5.000 r  clk_i (IN)
                         net (fo=1684, unset)         0.080     5.080    i_scheduler_core/i_round_engine/i_bound_score/clk_i
                         FDCE                                         r  i_scheduler_core/i_round_engine/i_bound_score/f_q_reg[11]/C
                         clock pessimism              0.000     5.080    
                         clock uncertainty           -0.300     4.780    
                         FDCE (Setup_FDCE_C_D)        0.007     4.787    i_scheduler_core/i_round_engine/i_bound_score/f_q_reg[11]
  -------------------------------------------------------------------
                         required time                          4.787    
                         arrival time                          -8.331    
  -------------------------------------------------------------------
                         slack                                 -3.544    

Slack (VIOLATED) :        -3.544ns  (required time - arrival time)
  Source:                 i_scheduler_core/i_round_engine/FSM_onehot_st_q_reg[0]/C
                            (rising edge-triggered cell FDCE clocked by scheduler_clk  {rise@0.000ns fall@2.500ns period=5.000ns})
  Destination:            i_scheduler_core/i_round_engine/i_bound_score/f_q_reg[12]/D
                            (rising edge-triggered cell FDCE clocked by scheduler_clk  {rise@0.000ns fall@2.500ns period=5.000ns})
  Path Group:             scheduler_clk
  Path Type:              Setup (Max at Slow Process Corner)
  Requirement:            5.000ns  (scheduler_clk rise@5.000ns - scheduler_clk rise@0.000ns)
  Data Path Delay:        8.211ns  (logic 2.858ns (34.807%)  route 5.353ns (65.193%))
  Logic Levels:           31  (LOOKAHEAD8=4 LUT2=3 LUT4=4 LUT5=3 LUT6=11 LUTCY1=2 LUTCY2=4)
  Clock Path Skew:        -0.040ns (DCD - SCD + CPR)
    Destination Clock Delay (DCD):    0.080ns = ( 5.080 - 5.000 ) 
    Source Clock Delay      (SCD):    0.120ns
    Clock Pessimism Removal (CPR):    0.000ns
  Clock Uncertainty:      0.300ns  (CJ)/2 + PE + PJ
    Clock Jitter             (CJ):    0.600ns
    Phase Error              (PE):    0.000ns
    Phase Jitter             (PJ):    0.000ns

    Location             Delay type                Incr(ns)  Path(ns)    Netlist Resource(s)
  -------------------------------------------------------------------    -------------------
                         (clock scheduler_clk rise edge)
                                                      0.000     0.000 r  
                                                      0.000     0.000 r  clk_i (IN)
                         net (fo=1684, unset)         0.120     0.120    i_scheduler_core/i_round_engine/clk_i
                         FDCE                                         r  i_scheduler_core/i_round_engine/FSM_onehot_st_q_reg[0]/C
  -------------------------------------------------------------------    -------------------
                         FDCE (Prop_FDCE_C_Q)         0.090     0.210 r  i_scheduler_core/i_round_engine/FSM_onehot_st_q_reg[0]/Q
                         net (fo=6, unplaced)         0.204     0.414    i_scheduler_core/i_round_engine/i_transition_eval/FSM_onehot_st_q_reg[11]_0[0]
                         LUT2 (Prop_LUT2_I1_O)        0.051     0.465 r  i_scheduler_core/i_round_engine/i_transition_eval/FSM_onehot_st_q[10]_i_3/O
                         net (fo=8, unplaced)         0.238     0.703    i_scheduler_core/i_round_engine/i_transition_eval/rebuild_only_i0
                         LUT6 (Prop_LUT6_I2_O)        0.088     0.791 f  i_scheduler_core/i_round_engine/i_transition_eval/g0_b0_i_10/O
                         net (fo=5, unplaced)         0.146     0.937    i_scheduler_core/i_round_engine/i_transition_eval/FSM_onehot_st_q_reg[7]_3
                         LUT4 (Prop_LUT4_I1_O)        0.074     1.011 r  i_scheduler_core/i_round_engine/i_transition_eval/g0_b0_i_7/O
                         net (fo=26, unplaced)        0.265     1.276    i_scheduler_core/i_round_engine/i_bound_score/commit_task_q_reg[1][shape_s3][1]_0
                         LUT6 (Prop_LUT6_I2_O)        0.088     1.364 r  i_scheduler_core/i_round_engine/i_bound_score/g0_b0_i_3/O
                         net (fo=60, unplaced)        0.284     1.648    i_scheduler_core/i_round_engine/i_bound_score/decode_address[2]
                         LUT6 (Prop_LUT6_I2_O)        0.088     1.736 f  i_scheduler_core/i_round_engine/i_bound_score/global_score_q[selected_min_rank][1]_i_3/O
                         net (fo=16, unplaced)        0.254     1.990    i_scheduler_core/i_round_engine/i_bound_score/counters_q_reg[count][1]
                         LUT6 (Prop_LUT6_I1_O)        0.088     2.078 r  i_scheduler_core/i_round_engine/i_bound_score/scratch_q[29]_i_25/O
                         net (fo=1, unplaced)         0.210     2.288    i_scheduler_core/i_round_engine/i_bound_score/scratch_q[29]_i_25_n_0
                         LUT6 (Prop_LUT6_I2_O)        0.088     2.376 r  i_scheduler_core/i_round_engine/i_bound_score/scratch_q[29]_i_14/O
                         net (fo=5, unplaced)         0.146     2.522    i_scheduler_core/i_round_engine/i_bound_score/scratch_q[29]_i_14_n_0
                         LUT5 (Prop_LUT5_I2_O)        0.074     2.596 r  i_scheduler_core/i_round_engine/i_bound_score/scratch_q[29]_i_19/O
                         net (fo=13, unplaced)        0.184     2.780    i_scheduler_core/i_round_engine/i_bound_score/scratch_q[29]_i_19_n_0
                         LUT6 (Prop_LUT6_I5_O)        0.051     2.831 r  i_scheduler_core/i_round_engine/i_bound_score/scratch_q[29]_i_10/O
                         net (fo=10, unplaced)        0.161     2.992    i_scheduler_core/i_round_engine/i_bound_score/scratch_q[29]_i_10_n_0
                         LUT6 (Prop_LUT6_I3_O)        0.074     3.066 r  i_scheduler_core/i_round_engine/i_bound_score/f_q[1]_i_7/O
                         net (fo=13, unplaced)        0.184     3.250    i_scheduler_core/i_round_engine/i_bound_score/eval_bound_head5[0][ntok][1]
                         LUT2 (Prop_LUT2_I1_O)        0.051     3.301 f  i_scheduler_core/i_round_engine/i_bound_score/f_q[5]_i_14/O
                         net (fo=3, unplaced)         0.151     3.452    i_scheduler_core/i_round_engine/i_bound_score/hot_q_reg[0][ntok][0]
                         LUT4 (Prop_LUT4_I3_O)        0.082     3.534 r  i_scheduler_core/i_round_engine/i_bound_score/f_q[6]_i_13/O
                         net (fo=4, unplaced)         0.157     3.691    i_scheduler_core/i_round_engine/i_bound_score/hot_q_reg[0][ntok][3]
                         LUT2 (Prop_LUT2_I1_O)        0.051     3.742 r  i_scheduler_core/i_round_engine/i_bound_score/f_q[11]_i_11/O
                         net (fo=8, unplaced)         0.173     3.915    i_scheduler_core/i_round_engine/i_bound_score/hot_q_reg[0][ntok][4]
                         LUT4 (Prop_LUT4_I3_O)        0.051     3.966 r  i_scheduler_core/i_round_engine/i_bound_score/f_q[7]_i_11/O
                         net (fo=8, unplaced)         0.238     4.204    i_scheduler_core/i_round_engine/i_transition_eval/f_q_reg[8]_i_5_2
                         LUT6 (Prop_LUT6_I2_O)        0.088     4.292 r  i_scheduler_core/i_round_engine/i_transition_eval/f_q[8]_i_7/O
                         net (fo=2, unplaced)         0.236     4.528    i_scheduler_core/i_round_engine/i_transition_eval/f_q_reg[8]_i_5/I1
                         LUTCY1 (Prop_LUTCY1_I1_PROP)
                                                      0.113     4.641 r  i_scheduler_core/i_round_engine/i_transition_eval/f_q_reg[8]_i_5/LUTCY1_INST/PROP
                         net (fo=1, unplaced)         0.001     4.642    i_scheduler_core/i_round_engine/i_transition_eval/f_q_reg[8]_i_5_n_3
                         LOOKAHEAD8 (Prop_LOOKAHEAD8_PROPH_COUTH)
                                                      0.129     4.771 r  i_scheduler_core/i_round_engine/i_transition_eval/f_q_reg[9]_i_8/COUTH
                         net (fo=3, unplaced)         0.198     4.969    i_scheduler_core/i_round_engine/i_transition_eval/f_q_reg[9]_i_5/I4
                         LUTCY2 (Prop_LUTCY2_I4_O)    0.051     5.020 r  i_scheduler_core/i_round_engine/i_transition_eval/f_q_reg[9]_i_5/LUTCY2_INST/O
                         net (fo=3, unplaced)         0.016     5.036    i_scheduler_core/i_round_engine/i_transition_eval/f_q_reg[10]_i_5/I4
                         LUTCY1 (Prop_LUTCY1_I4_O)    0.055     5.091 f  i_scheduler_core/i_round_engine/i_transition_eval/f_q_reg[10]_i_5/LUTCY1_INST/O
                         net (fo=6, unplaced)         0.228     5.319    i_scheduler_core/i_round_engine/i_transition_eval/f_q_reg[10]_i_5_n_1
                         LUT4 (Prop_LUT4_I0_O)        0.096     5.415 r  i_scheduler_core/i_round_engine/i_transition_eval/f_q[12]_i_9/O
                         net (fo=2, unplaced)         0.128     5.543    i_scheduler_core/i_round_engine/i_transition_eval/h_q[11]_i_7/I0
                         LUT5 (Prop_LUT5_I0_O)        0.096     5.639 f  i_scheduler_core/i_round_engine/i_transition_eval/h_q[11]_i_7/LUT5/O
                         net (fo=2, unplaced)         0.145     5.784    i_scheduler_core/i_round_engine/i_transition_eval/h_q[11]_i_7_n_0
                         LUT5 (Prop_LUT5_I4_O)        0.051     5.835 r  i_scheduler_core/i_round_engine/i_transition_eval/f_q[12]_i_6/O
                         net (fo=24, unplaced)        0.263     6.098    i_scheduler_core/i_round_engine/i_transition_eval/f_q[12]_i_6_n_0
                         LUT6 (Prop_LUT6_I2_O)        0.088     6.186 f  i_scheduler_core/i_round_engine/i_transition_eval/f_q[2]_i_4/O
                         net (fo=3, unplaced)         0.193     6.379    i_scheduler_core/i_round_engine/i_transition_eval/f_q_reg[13]_i_39/I0
                         LUTCY2 (Prop_LUTCY2_I0_GE)
                                                      0.132     6.511 r  i_scheduler_core/i_round_engine/i_transition_eval/f_q_reg[13]_i_39/LUTCY2_INST/GE
                         net (fo=1, unplaced)         0.036     6.547    i_scheduler_core/i_round_engine/i_transition_eval/f_q_reg[13]_i_39_n_0
                         LOOKAHEAD8 (Prop_LOOKAHEAD8_GEA_COUTH)
                                                      0.242     6.789 r  i_scheduler_core/i_round_engine/i_transition_eval/f_q_reg[13]_i_12/COUTH
                         net (fo=26, unplaced)        0.265     7.054    i_scheduler_core/i_round_engine/i_transition_eval/f_q_reg[13]_i_12_n_3
                         LUT6 (Prop_LUT6_I1_O)        0.088     7.142 r  i_scheduler_core/i_round_engine/i_transition_eval/h_q[1]_i_5/O
                         net (fo=5, unplaced)         0.254     7.396    i_scheduler_core/i_round_engine/i_transition_eval/f_q_reg[13]_i_56/I1
                         LUTCY2 (Prop_LUTCY2_I1_GE)
                                                      0.120     7.516 r  i_scheduler_core/i_round_engine/i_transition_eval/f_q_reg[13]_i_56/LUTCY2_INST/GE
                         net (fo=1, unplaced)         0.036     7.552    i_scheduler_core/i_round_engine/i_transition_eval/f_q_reg[13]_i_56_n_0
                         LOOKAHEAD8 (Prop_LOOKAHEAD8_GEA_COUTH)
                                                      0.242     7.794 r  i_scheduler_core/i_round_engine/i_transition_eval/f_q_reg[13]_i_26/COUTH
                         net (fo=3, unplaced)         0.002     7.796    i_scheduler_core/i_round_engine/i_transition_eval/f_q_reg[13]_i_26_n_3
                         LOOKAHEAD8 (Prop_LOOKAHEAD8_CIN_COUTD)
                                                      0.042     7.838 r  i_scheduler_core/i_round_engine/i_transition_eval/f_q_reg[13]_i_10/COUTD
                         net (fo=2, unplaced)         0.014     7.852    i_scheduler_core/i_round_engine/i_transition_eval/f_q_reg[13]_i_4/I4
                         LUTCY2 (Prop_LUTCY2_I4_O)    0.048     7.900 r  i_scheduler_core/i_round_engine/i_transition_eval/f_q_reg[13]_i_4/LUTCY2_INST/O
                         net (fo=54, unplaced)        0.281     8.181    i_scheduler_core/i_round_engine/i_transition_eval/dma_q_reg[13]
                         LUT6 (Prop_LUT6_I1_O)        0.088     8.269 r  i_scheduler_core/i_round_engine/i_transition_eval/f_q[12]_i_1/O
                         net (fo=1, unplaced)         0.062     8.331    i_scheduler_core/i_round_engine/i_bound_score/f_q_reg[13]_0[11]
                         FDCE                                         r  i_scheduler_core/i_round_engine/i_bound_score/f_q_reg[12]/D
  -------------------------------------------------------------------    -------------------

                         (clock scheduler_clk rise edge)
                                                      5.000     5.000 r  
                                                      0.000     5.000 r  clk_i (IN)
                         net (fo=1684, unset)         0.080     5.080    i_scheduler_core/i_round_engine/i_bound_score/clk_i
                         FDCE                                         r  i_scheduler_core/i_round_engine/i_bound_score/f_q_reg[12]/C
                         clock pessimism              0.000     5.080    
                         clock uncertainty           -0.300     4.780    
                         FDCE (Setup_FDCE_C_D)        0.007     4.787    i_scheduler_core/i_round_engine/i_bound_score/f_q_reg[12]
  -------------------------------------------------------------------
                         required time                          4.787    
                         arrival time                          -8.331    
  -------------------------------------------------------------------
                         slack                                 -3.544    

Slack (VIOLATED) :        -3.544ns  (required time - arrival time)
  Source:                 i_scheduler_core/i_round_engine/FSM_onehot_st_q_reg[0]/C
                            (rising edge-triggered cell FDCE clocked by scheduler_clk  {rise@0.000ns fall@2.500ns period=5.000ns})
  Destination:            i_scheduler_core/i_round_engine/i_bound_score/f_q_reg[13]/D
                            (rising edge-triggered cell FDCE clocked by scheduler_clk  {rise@0.000ns fall@2.500ns period=5.000ns})
  Path Group:             scheduler_clk
  Path Type:              Setup (Max at Slow Process Corner)
  Requirement:            5.000ns  (scheduler_clk rise@5.000ns - scheduler_clk rise@0.000ns)
  Data Path Delay:        8.211ns  (logic 2.858ns (34.807%)  route 5.353ns (65.193%))
  Logic Levels:           31  (LOOKAHEAD8=4 LUT2=3 LUT4=4 LUT5=3 LUT6=11 LUTCY1=2 LUTCY2=4)
  Clock Path Skew:        -0.040ns (DCD - SCD + CPR)
    Destination Clock Delay (DCD):    0.080ns = ( 5.080 - 5.000 ) 
    Source Clock Delay      (SCD):    0.120ns
    Clock Pessimism Removal (CPR):    0.000ns
  Clock Uncertainty:      0.300ns  (CJ)/2 + PE + PJ
    Clock Jitter             (CJ):    0.600ns
    Phase Error              (PE):    0.000ns
    Phase Jitter             (PJ):    0.000ns

    Location             Delay type                Incr(ns)  Path(ns)    Netlist Resource(s)
  -------------------------------------------------------------------    -------------------
                         (clock scheduler_clk rise edge)
                                                      0.000     0.000 r  
                                                      0.000     0.000 r  clk_i (IN)
                         net (fo=1684, unset)         0.120     0.120    i_scheduler_core/i_round_engine/clk_i
                         FDCE                                         r  i_scheduler_core/i_round_engine/FSM_onehot_st_q_reg[0]/C
  -------------------------------------------------------------------    -------------------
                         FDCE (Prop_FDCE_C_Q)         0.090     0.210 r  i_scheduler_core/i_round_engine/FSM_onehot_st_q_reg[0]/Q
                         net (fo=6, unplaced)         0.204     0.414    i_scheduler_core/i_round_engine/i_transition_eval/FSM_onehot_st_q_reg[11]_0[0]
                         LUT2 (Prop_LUT2_I1_O)        0.051     0.465 r  i_scheduler_core/i_round_engine/i_transition_eval/FSM_onehot_st_q[10]_i_3/O
                         net (fo=8, unplaced)         0.238     0.703    i_scheduler_core/i_round_engine/i_transition_eval/rebuild_only_i0
                         LUT6 (Prop_LUT6_I2_O)        0.088     0.791 f  i_scheduler_core/i_round_engine/i_transition_eval/g0_b0_i_10/O
                         net (fo=5, unplaced)         0.146     0.937    i_scheduler_core/i_round_engine/i_transition_eval/FSM_onehot_st_q_reg[7]_3
                         LUT4 (Prop_LUT4_I1_O)        0.074     1.011 r  i_scheduler_core/i_round_engine/i_transition_eval/g0_b0_i_7/O
                         net (fo=26, unplaced)        0.265     1.276    i_scheduler_core/i_round_engine/i_bound_score/commit_task_q_reg[1][shape_s3][1]_0
                         LUT6 (Prop_LUT6_I2_O)        0.088     1.364 r  i_scheduler_core/i_round_engine/i_bound_score/g0_b0_i_3/O
                         net (fo=60, unplaced)        0.284     1.648    i_scheduler_core/i_round_engine/i_bound_score/decode_address[2]
                         LUT6 (Prop_LUT6_I2_O)        0.088     1.736 f  i_scheduler_core/i_round_engine/i_bound_score/global_score_q[selected_min_rank][1]_i_3/O
                         net (fo=16, unplaced)        0.254     1.990    i_scheduler_core/i_round_engine/i_bound_score/counters_q_reg[count][1]
                         LUT6 (Prop_LUT6_I1_O)        0.088     2.078 r  i_scheduler_core/i_round_engine/i_bound_score/scratch_q[29]_i_25/O
                         net (fo=1, unplaced)         0.210     2.288    i_scheduler_core/i_round_engine/i_bound_score/scratch_q[29]_i_25_n_0
                         LUT6 (Prop_LUT6_I2_O)        0.088     2.376 r  i_scheduler_core/i_round_engine/i_bound_score/scratch_q[29]_i_14/O
                         net (fo=5, unplaced)         0.146     2.522    i_scheduler_core/i_round_engine/i_bound_score/scratch_q[29]_i_14_n_0
                         LUT5 (Prop_LUT5_I2_O)        0.074     2.596 r  i_scheduler_core/i_round_engine/i_bound_score/scratch_q[29]_i_19/O
                         net (fo=13, unplaced)        0.184     2.780    i_scheduler_core/i_round_engine/i_bound_score/scratch_q[29]_i_19_n_0
                         LUT6 (Prop_LUT6_I5_O)        0.051     2.831 r  i_scheduler_core/i_round_engine/i_bound_score/scratch_q[29]_i_10/O
                         net (fo=10, unplaced)        0.161     2.992    i_scheduler_core/i_round_engine/i_bound_score/scratch_q[29]_i_10_n_0
                         LUT6 (Prop_LUT6_I3_O)        0.074     3.066 r  i_scheduler_core/i_round_engine/i_bound_score/f_q[1]_i_7/O
                         net (fo=13, unplaced)        0.184     3.250    i_scheduler_core/i_round_engine/i_bound_score/eval_bound_head5[0][ntok][1]
                         LUT2 (Prop_LUT2_I1_O)        0.051     3.301 f  i_scheduler_core/i_round_engine/i_bound_score/f_q[5]_i_14/O
                         net (fo=3, unplaced)         0.151     3.452    i_scheduler_core/i_round_engine/i_bound_score/hot_q_reg[0][ntok][0]
                         LUT4 (Prop_LUT4_I3_O)        0.082     3.534 r  i_scheduler_core/i_round_engine/i_bound_score/f_q[6]_i_13/O
                         net (fo=4, unplaced)         0.157     3.691    i_scheduler_core/i_round_engine/i_bound_score/hot_q_reg[0][ntok][3]
                         LUT2 (Prop_LUT2_I1_O)        0.051     3.742 r  i_scheduler_core/i_round_engine/i_bound_score/f_q[11]_i_11/O
                         net (fo=8, unplaced)         0.173     3.915    i_scheduler_core/i_round_engine/i_bound_score/hot_q_reg[0][ntok][4]
                         LUT4 (Prop_LUT4_I3_O)        0.051     3.966 r  i_scheduler_core/i_round_engine/i_bound_score/f_q[7]_i_11/O
                         net (fo=8, unplaced)         0.238     4.204    i_scheduler_core/i_round_engine/i_transition_eval/f_q_reg[8]_i_5_2
                         LUT6 (Prop_LUT6_I2_O)        0.088     4.292 r  i_scheduler_core/i_round_engine/i_transition_eval/f_q[8]_i_7/O
                         net (fo=2, unplaced)         0.236     4.528    i_scheduler_core/i_round_engine/i_transition_eval/f_q_reg[8]_i_5/I1
                         LUTCY1 (Prop_LUTCY1_I1_PROP)
                                                      0.113     4.641 r  i_scheduler_core/i_round_engine/i_transition_eval/f_q_reg[8]_i_5/LUTCY1_INST/PROP
                         net (fo=1, unplaced)         0.001     4.642    i_scheduler_core/i_round_engine/i_transition_eval/f_q_reg[8]_i_5_n_3
                         LOOKAHEAD8 (Prop_LOOKAHEAD8_PROPH_COUTH)
                                                      0.129     4.771 r  i_scheduler_core/i_round_engine/i_transition_eval/f_q_reg[9]_i_8/COUTH
                         net (fo=3, unplaced)         0.198     4.969    i_scheduler_core/i_round_engine/i_transition_eval/f_q_reg[9]_i_5/I4
                         LUTCY2 (Prop_LUTCY2_I4_O)    0.051     5.020 r  i_scheduler_core/i_round_engine/i_transition_eval/f_q_reg[9]_i_5/LUTCY2_INST/O
                         net (fo=3, unplaced)         0.016     5.036    i_scheduler_core/i_round_engine/i_transition_eval/f_q_reg[10]_i_5/I4
                         LUTCY1 (Prop_LUTCY1_I4_O)    0.055     5.091 f  i_scheduler_core/i_round_engine/i_transition_eval/f_q_reg[10]_i_5/LUTCY1_INST/O
                         net (fo=6, unplaced)         0.228     5.319    i_scheduler_core/i_round_engine/i_transition_eval/f_q_reg[10]_i_5_n_1
                         LUT4 (Prop_LUT4_I0_O)        0.096     5.415 r  i_scheduler_core/i_round_engine/i_transition_eval/f_q[12]_i_9/O
                         net (fo=2, unplaced)         0.128     5.543    i_scheduler_core/i_round_engine/i_transition_eval/h_q[11]_i_7/I0
                         LUT5 (Prop_LUT5_I0_O)        0.096     5.639 f  i_scheduler_core/i_round_engine/i_transition_eval/h_q[11]_i_7/LUT5/O
                         net (fo=2, unplaced)         0.145     5.784    i_scheduler_core/i_round_engine/i_transition_eval/h_q[11]_i_7_n_0
                         LUT5 (Prop_LUT5_I4_O)        0.051     5.835 r  i_scheduler_core/i_round_engine/i_transition_eval/f_q[12]_i_6/O
                         net (fo=24, unplaced)        0.263     6.098    i_scheduler_core/i_round_engine/i_transition_eval/f_q[12]_i_6_n_0
                         LUT6 (Prop_LUT6_I2_O)        0.088     6.186 f  i_scheduler_core/i_round_engine/i_transition_eval/f_q[2]_i_4/O
                         net (fo=3, unplaced)         0.193     6.379    i_scheduler_core/i_round_engine/i_transition_eval/f_q_reg[13]_i_39/I0
                         LUTCY2 (Prop_LUTCY2_I0_GE)
                                                      0.132     6.511 r  i_scheduler_core/i_round_engine/i_transition_eval/f_q_reg[13]_i_39/LUTCY2_INST/GE
                         net (fo=1, unplaced)         0.036     6.547    i_scheduler_core/i_round_engine/i_transition_eval/f_q_reg[13]_i_39_n_0
                         LOOKAHEAD8 (Prop_LOOKAHEAD8_GEA_COUTH)
                                                      0.242     6.789 r  i_scheduler_core/i_round_engine/i_transition_eval/f_q_reg[13]_i_12/COUTH
                         net (fo=26, unplaced)        0.265     7.054    i_scheduler_core/i_round_engine/i_transition_eval/f_q_reg[13]_i_12_n_3
                         LUT6 (Prop_LUT6_I1_O)        0.088     7.142 r  i_scheduler_core/i_round_engine/i_transition_eval/h_q[1]_i_5/O
                         net (fo=5, unplaced)         0.254     7.396    i_scheduler_core/i_round_engine/i_transition_eval/f_q_reg[13]_i_56/I1
                         LUTCY2 (Prop_LUTCY2_I1_GE)
                                                      0.120     7.516 r  i_scheduler_core/i_round_engine/i_transition_eval/f_q_reg[13]_i_56/LUTCY2_INST/GE
                         net (fo=1, unplaced)         0.036     7.552    i_scheduler_core/i_round_engine/i_transition_eval/f_q_reg[13]_i_56_n_0
                         LOOKAHEAD8 (Prop_LOOKAHEAD8_GEA_COUTH)
                                                      0.242     7.794 r  i_scheduler_core/i_round_engine/i_transition_eval/f_q_reg[13]_i_26/COUTH
                         net (fo=3, unplaced)         0.002     7.796    i_scheduler_core/i_round_engine/i_transition_eval/f_q_reg[13]_i_26_n_3
                         LOOKAHEAD8 (Prop_LOOKAHEAD8_CIN_COUTD)
                                                      0.042     7.838 r  i_scheduler_core/i_round_engine/i_transition_eval/f_q_reg[13]_i_10/COUTD
                         net (fo=2, unplaced)         0.014     7.852    i_scheduler_core/i_round_engine/i_transition_eval/f_q_reg[13]_i_4/I4
                         LUTCY2 (Prop_LUTCY2_I4_O)    0.048     7.900 r  i_scheduler_core/i_round_engine/i_transition_eval/f_q_reg[13]_i_4/LUTCY2_INST/O
                         net (fo=54, unplaced)        0.281     8.181    i_scheduler_core/i_round_engine/i_transition_eval/dma_q_reg[13]
                         LUT6 (Prop_LUT6_I1_O)        0.088     8.269 r  i_scheduler_core/i_round_engine/i_transition_eval/f_q[13]_i_2/O
                         net (fo=1, unplaced)         0.062     8.331    i_scheduler_core/i_round_engine/i_bound_score/f_q_reg[13]_0[12]
                         FDCE                                         r  i_scheduler_core/i_round_engine/i_bound_score/f_q_reg[13]/D
  -------------------------------------------------------------------    -------------------

                         (clock scheduler_clk rise edge)
                                                      5.000     5.000 r  
                                                      0.000     5.000 r  clk_i (IN)
                         net (fo=1684, unset)         0.080     5.080    i_scheduler_core/i_round_engine/i_bound_score/clk_i
                         FDCE                                         r  i_scheduler_core/i_round_engine/i_bound_score/f_q_reg[13]/C
                         clock pessimism              0.000     5.080    
                         clock uncertainty           -0.300     4.780    
                         FDCE (Setup_FDCE_C_D)        0.007     4.787    i_scheduler_core/i_round_engine/i_bound_score/f_q_reg[13]
  -------------------------------------------------------------------
                         required time                          4.787    
                         arrival time                          -8.331    
  -------------------------------------------------------------------
                         slack                                 -3.544    

Slack (VIOLATED) :        -3.544ns  (required time - arrival time)
  Source:                 i_scheduler_core/i_round_engine/FSM_onehot_st_q_reg[0]/C
                            (rising edge-triggered cell FDCE clocked by scheduler_clk  {rise@0.000ns fall@2.500ns period=5.000ns})
  Destination:            i_scheduler_core/i_round_engine/i_bound_score/f_q_reg[1]/D
                            (rising edge-triggered cell FDCE clocked by scheduler_clk  {rise@0.000ns fall@2.500ns period=5.000ns})
  Path Group:             scheduler_clk
  Path Type:              Setup (Max at Slow Process Corner)
  Requirement:            5.000ns  (scheduler_clk rise@5.000ns - scheduler_clk rise@0.000ns)
  Data Path Delay:        8.211ns  (logic 2.858ns (34.807%)  route 5.353ns (65.193%))
  Logic Levels:           31  (LOOKAHEAD8=4 LUT2=3 LUT4=4 LUT5=3 LUT6=11 LUTCY1=2 LUTCY2=4)
  Clock Path Skew:        -0.040ns (DCD - SCD + CPR)
    Destination Clock Delay (DCD):    0.080ns = ( 5.080 - 5.000 ) 
    Source Clock Delay      (SCD):    0.120ns
    Clock Pessimism Removal (CPR):    0.000ns
  Clock Uncertainty:      0.300ns  (CJ)/2 + PE + PJ
    Clock Jitter             (CJ):    0.600ns
    Phase Error              (PE):    0.000ns
    Phase Jitter             (PJ):    0.000ns

    Location             Delay type                Incr(ns)  Path(ns)    Netlist Resource(s)
  -------------------------------------------------------------------    -------------------
                         (clock scheduler_clk rise edge)
                                                      0.000     0.000 r  
                                                      0.000     0.000 r  clk_i (IN)
                         net (fo=1684, unset)         0.120     0.120    i_scheduler_core/i_round_engine/clk_i
                         FDCE                                         r  i_scheduler_core/i_round_engine/FSM_onehot_st_q_reg[0]/C
  -------------------------------------------------------------------    -------------------
                         FDCE (Prop_FDCE_C_Q)         0.090     0.210 r  i_scheduler_core/i_round_engine/FSM_onehot_st_q_reg[0]/Q
                         net (fo=6, unplaced)         0.204     0.414    i_scheduler_core/i_round_engine/i_transition_eval/FSM_onehot_st_q_reg[11]_0[0]
                         LUT2 (Prop_LUT2_I1_O)        0.051     0.465 r  i_scheduler_core/i_round_engine/i_transition_eval/FSM_onehot_st_q[10]_i_3/O
                         net (fo=8, unplaced)         0.238     0.703    i_scheduler_core/i_round_engine/i_transition_eval/rebuild_only_i0
                         LUT6 (Prop_LUT6_I2_O)        0.088     0.791 f  i_scheduler_core/i_round_engine/i_transition_eval/g0_b0_i_10/O
                         net (fo=5, unplaced)         0.146     0.937    i_scheduler_core/i_round_engine/i_transition_eval/FSM_onehot_st_q_reg[7]_3
                         LUT4 (Prop_LUT4_I1_O)        0.074     1.011 r  i_scheduler_core/i_round_engine/i_transition_eval/g0_b0_i_7/O
                         net (fo=26, unplaced)        0.265     1.276    i_scheduler_core/i_round_engine/i_bound_score/commit_task_q_reg[1][shape_s3][1]_0
                         LUT6 (Prop_LUT6_I2_O)        0.088     1.364 r  i_scheduler_core/i_round_engine/i_bound_score/g0_b0_i_3/O
                         net (fo=60, unplaced)        0.284     1.648    i_scheduler_core/i_round_engine/i_bound_score/decode_address[2]
                         LUT6 (Prop_LUT6_I2_O)        0.088     1.736 f  i_scheduler_core/i_round_engine/i_bound_score/global_score_q[selected_min_rank][1]_i_3/O
                         net (fo=16, unplaced)        0.254     1.990    i_scheduler_core/i_round_engine/i_bound_score/counters_q_reg[count][1]
                         LUT6 (Prop_LUT6_I1_O)        0.088     2.078 r  i_scheduler_core/i_round_engine/i_bound_score/scratch_q[29]_i_25/O
                         net (fo=1, unplaced)         0.210     2.288    i_scheduler_core/i_round_engine/i_bound_score/scratch_q[29]_i_25_n_0
                         LUT6 (Prop_LUT6_I2_O)        0.088     2.376 r  i_scheduler_core/i_round_engine/i_bound_score/scratch_q[29]_i_14/O
                         net (fo=5, unplaced)         0.146     2.522    i_scheduler_core/i_round_engine/i_bound_score/scratch_q[29]_i_14_n_0
                         LUT5 (Prop_LUT5_I2_O)        0.074     2.596 r  i_scheduler_core/i_round_engine/i_bound_score/scratch_q[29]_i_19/O
                         net (fo=13, unplaced)        0.184     2.780    i_scheduler_core/i_round_engine/i_bound_score/scratch_q[29]_i_19_n_0
                         LUT6 (Prop_LUT6_I5_O)        0.051     2.831 r  i_scheduler_core/i_round_engine/i_bound_score/scratch_q[29]_i_10/O
                         net (fo=10, unplaced)        0.161     2.992    i_scheduler_core/i_round_engine/i_bound_score/scratch_q[29]_i_10_n_0
                         LUT6 (Prop_LUT6_I3_O)        0.074     3.066 r  i_scheduler_core/i_round_engine/i_bound_score/f_q[1]_i_7/O
                         net (fo=13, unplaced)        0.184     3.250    i_scheduler_core/i_round_engine/i_bound_score/eval_bound_head5[0][ntok][1]
                         LUT2 (Prop_LUT2_I1_O)        0.051     3.301 f  i_scheduler_core/i_round_engine/i_bound_score/f_q[5]_i_14/O
                         net (fo=3, unplaced)         0.151     3.452    i_scheduler_core/i_round_engine/i_bound_score/hot_q_reg[0][ntok][0]
                         LUT4 (Prop_LUT4_I3_O)        0.082     3.534 r  i_scheduler_core/i_round_engine/i_bound_score/f_q[6]_i_13/O
                         net (fo=4, unplaced)         0.157     3.691    i_scheduler_core/i_round_engine/i_bound_score/hot_q_reg[0][ntok][3]
                         LUT2 (Prop_LUT2_I1_O)        0.051     3.742 r  i_scheduler_core/i_round_engine/i_bound_score/f_q[11]_i_11/O
                         net (fo=8, unplaced)         0.173     3.915    i_scheduler_core/i_round_engine/i_bound_score/hot_q_reg[0][ntok][4]
                         LUT4 (Prop_LUT4_I3_O)        0.051     3.966 r  i_scheduler_core/i_round_engine/i_bound_score/f_q[7]_i_11/O
                         net (fo=8, unplaced)         0.238     4.204    i_scheduler_core/i_round_engine/i_transition_eval/f_q_reg[8]_i_5_2
                         LUT6 (Prop_LUT6_I2_O)        0.088     4.292 r  i_scheduler_core/i_round_engine/i_transition_eval/f_q[8]_i_7/O
                         net (fo=2, unplaced)         0.236     4.528    i_scheduler_core/i_round_engine/i_transition_eval/f_q_reg[8]_i_5/I1
                         LUTCY1 (Prop_LUTCY1_I1_PROP)
                                                      0.113     4.641 r  i_scheduler_core/i_round_engine/i_transition_eval/f_q_reg[8]_i_5/LUTCY1_INST/PROP
                         net (fo=1, unplaced)         0.001     4.642    i_scheduler_core/i_round_engine/i_transition_eval/f_q_reg[8]_i_5_n_3
                         LOOKAHEAD8 (Prop_LOOKAHEAD8_PROPH_COUTH)
                                                      0.129     4.771 r  i_scheduler_core/i_round_engine/i_transition_eval/f_q_reg[9]_i_8/COUTH
                         net (fo=3, unplaced)         0.198     4.969    i_scheduler_core/i_round_engine/i_transition_eval/f_q_reg[9]_i_5/I4
                         LUTCY2 (Prop_LUTCY2_I4_O)    0.051     5.020 r  i_scheduler_core/i_round_engine/i_transition_eval/f_q_reg[9]_i_5/LUTCY2_INST/O
                         net (fo=3, unplaced)         0.016     5.036    i_scheduler_core/i_round_engine/i_transition_eval/f_q_reg[10]_i_5/I4
                         LUTCY1 (Prop_LUTCY1_I4_O)    0.055     5.091 f  i_scheduler_core/i_round_engine/i_transition_eval/f_q_reg[10]_i_5/LUTCY1_INST/O
                         net (fo=6, unplaced)         0.228     5.319    i_scheduler_core/i_round_engine/i_transition_eval/f_q_reg[10]_i_5_n_1
                         LUT4 (Prop_LUT4_I0_O)        0.096     5.415 r  i_scheduler_core/i_round_engine/i_transition_eval/f_q[12]_i_9/O
                         net (fo=2, unplaced)         0.128     5.543    i_scheduler_core/i_round_engine/i_transition_eval/h_q[11]_i_7/I0
                         LUT5 (Prop_LUT5_I0_O)        0.096     5.639 f  i_scheduler_core/i_round_engine/i_transition_eval/h_q[11]_i_7/LUT5/O
                         net (fo=2, unplaced)         0.145     5.784    i_scheduler_core/i_round_engine/i_transition_eval/h_q[11]_i_7_n_0
                         LUT5 (Prop_LUT5_I4_O)        0.051     5.835 r  i_scheduler_core/i_round_engine/i_transition_eval/f_q[12]_i_6/O
                         net (fo=24, unplaced)        0.263     6.098    i_scheduler_core/i_round_engine/i_transition_eval/f_q[12]_i_6_n_0
                         LUT6 (Prop_LUT6_I2_O)        0.088     6.186 f  i_scheduler_core/i_round_engine/i_transition_eval/f_q[2]_i_4/O
                         net (fo=3, unplaced)         0.193     6.379    i_scheduler_core/i_round_engine/i_transition_eval/f_q_reg[13]_i_39/I0
                         LUTCY2 (Prop_LUTCY2_I0_GE)
                                                      0.132     6.511 r  i_scheduler_core/i_round_engine/i_transition_eval/f_q_reg[13]_i_39/LUTCY2_INST/GE
                         net (fo=1, unplaced)         0.036     6.547    i_scheduler_core/i_round_engine/i_transition_eval/f_q_reg[13]_i_39_n_0
                         LOOKAHEAD8 (Prop_LOOKAHEAD8_GEA_COUTH)
                                                      0.242     6.789 r  i_scheduler_core/i_round_engine/i_transition_eval/f_q_reg[13]_i_12/COUTH
                         net (fo=26, unplaced)        0.265     7.054    i_scheduler_core/i_round_engine/i_transition_eval/f_q_reg[13]_i_12_n_3
                         LUT6 (Prop_LUT6_I1_O)        0.088     7.142 r  i_scheduler_core/i_round_engine/i_transition_eval/h_q[1]_i_5/O
                         net (fo=5, unplaced)         0.254     7.396    i_scheduler_core/i_round_engine/i_transition_eval/f_q_reg[13]_i_56/I1
                         LUTCY2 (Prop_LUTCY2_I1_GE)
                                                      0.120     7.516 r  i_scheduler_core/i_round_engine/i_transition_eval/f_q_reg[13]_i_56/LUTCY2_INST/GE
                         net (fo=1, unplaced)         0.036     7.552    i_scheduler_core/i_round_engine/i_transition_eval/f_q_reg[13]_i_56_n_0
                         LOOKAHEAD8 (Prop_LOOKAHEAD8_GEA_COUTH)
                                                      0.242     7.794 r  i_scheduler_core/i_round_engine/i_transition_eval/f_q_reg[13]_i_26/COUTH
                         net (fo=3, unplaced)         0.002     7.796    i_scheduler_core/i_round_engine/i_transition_eval/f_q_reg[13]_i_26_n_3
                         LOOKAHEAD8 (Prop_LOOKAHEAD8_CIN_COUTD)
                                                      0.042     7.838 r  i_scheduler_core/i_round_engine/i_transition_eval/f_q_reg[13]_i_10/COUTD
                         net (fo=2, unplaced)         0.014     7.852    i_scheduler_core/i_round_engine/i_transition_eval/f_q_reg[13]_i_4/I4
                         LUTCY2 (Prop_LUTCY2_I4_O)    0.048     7.900 r  i_scheduler_core/i_round_engine/i_transition_eval/f_q_reg[13]_i_4/LUTCY2_INST/O
                         net (fo=54, unplaced)        0.281     8.181    i_scheduler_core/i_round_engine/i_transition_eval/dma_q_reg[13]
                         LUT6 (Prop_LUT6_I1_O)        0.088     8.269 r  i_scheduler_core/i_round_engine/i_transition_eval/f_q[1]_i_1/O
                         net (fo=1, unplaced)         0.062     8.331    i_scheduler_core/i_round_engine/i_bound_score/f_q_reg[13]_0[0]
                         FDCE                                         r  i_scheduler_core/i_round_engine/i_bound_score/f_q_reg[1]/D
  -------------------------------------------------------------------    -------------------

                         (clock scheduler_clk rise edge)
                                                      5.000     5.000 r  
                                                      0.000     5.000 r  clk_i (IN)
                         net (fo=1684, unset)         0.080     5.080    i_scheduler_core/i_round_engine/i_bound_score/clk_i
                         FDCE                                         r  i_scheduler_core/i_round_engine/i_bound_score/f_q_reg[1]/C
                         clock pessimism              0.000     5.080    
                         clock uncertainty           -0.300     4.780    
                         FDCE (Setup_FDCE_C_D)        0.007     4.787    i_scheduler_core/i_round_engine/i_bound_score/f_q_reg[1]
  -------------------------------------------------------------------
                         required time                          4.787    
                         arrival time                          -8.331    
  -------------------------------------------------------------------
                         slack                                 -3.544    

Slack (VIOLATED) :        -3.544ns  (required time - arrival time)
  Source:                 i_scheduler_core/i_round_engine/FSM_onehot_st_q_reg[0]/C
                            (rising edge-triggered cell FDCE clocked by scheduler_clk  {rise@0.000ns fall@2.500ns period=5.000ns})
  Destination:            i_scheduler_core/i_round_engine/i_bound_score/f_q_reg[2]/D
                            (rising edge-triggered cell FDCE clocked by scheduler_clk  {rise@0.000ns fall@2.500ns period=5.000ns})
  Path Group:             scheduler_clk
  Path Type:              Setup (Max at Slow Process Corner)
  Requirement:            5.000ns  (scheduler_clk rise@5.000ns - scheduler_clk rise@0.000ns)
  Data Path Delay:        8.211ns  (logic 2.858ns (34.807%)  route 5.353ns (65.193%))
  Logic Levels:           31  (LOOKAHEAD8=4 LUT2=3 LUT4=4 LUT5=3 LUT6=11 LUTCY1=2 LUTCY2=4)
  Clock Path Skew:        -0.040ns (DCD - SCD + CPR)
    Destination Clock Delay (DCD):    0.080ns = ( 5.080 - 5.000 ) 
    Source Clock Delay      (SCD):    0.120ns
    Clock Pessimism Removal (CPR):    0.000ns
  Clock Uncertainty:      0.300ns  (CJ)/2 + PE + PJ
    Clock Jitter             (CJ):    0.600ns
    Phase Error              (PE):    0.000ns
    Phase Jitter             (PJ):    0.000ns

    Location             Delay type                Incr(ns)  Path(ns)    Netlist Resource(s)
  -------------------------------------------------------------------    -------------------
                         (clock scheduler_clk rise edge)
                                                      0.000     0.000 r  
                                                      0.000     0.000 r  clk_i (IN)
                         net (fo=1684, unset)         0.120     0.120    i_scheduler_core/i_round_engine/clk_i
                         FDCE                                         r  i_scheduler_core/i_round_engine/FSM_onehot_st_q_reg[0]/C
  -------------------------------------------------------------------    -------------------
                         FDCE (Prop_FDCE_C_Q)         0.090     0.210 r  i_scheduler_core/i_round_engine/FSM_onehot_st_q_reg[0]/Q
                         net (fo=6, unplaced)         0.204     0.414    i_scheduler_core/i_round_engine/i_transition_eval/FSM_onehot_st_q_reg[11]_0[0]
                         LUT2 (Prop_LUT2_I1_O)        0.051     0.465 r  i_scheduler_core/i_round_engine/i_transition_eval/FSM_onehot_st_q[10]_i_3/O
                         net (fo=8, unplaced)         0.238     0.703    i_scheduler_core/i_round_engine/i_transition_eval/rebuild_only_i0
                         LUT6 (Prop_LUT6_I2_O)        0.088     0.791 f  i_scheduler_core/i_round_engine/i_transition_eval/g0_b0_i_10/O
                         net (fo=5, unplaced)         0.146     0.937    i_scheduler_core/i_round_engine/i_transition_eval/FSM_onehot_st_q_reg[7]_3
                         LUT4 (Prop_LUT4_I1_O)        0.074     1.011 r  i_scheduler_core/i_round_engine/i_transition_eval/g0_b0_i_7/O
                         net (fo=26, unplaced)        0.265     1.276    i_scheduler_core/i_round_engine/i_bound_score/commit_task_q_reg[1][shape_s3][1]_0
                         LUT6 (Prop_LUT6_I2_O)        0.088     1.364 r  i_scheduler_core/i_round_engine/i_bound_score/g0_b0_i_3/O
                         net (fo=60, unplaced)        0.284     1.648    i_scheduler_core/i_round_engine/i_bound_score/decode_address[2]
                         LUT6 (Prop_LUT6_I2_O)        0.088     1.736 f  i_scheduler_core/i_round_engine/i_bound_score/global_score_q[selected_min_rank][1]_i_3/O
                         net (fo=16, unplaced)        0.254     1.990    i_scheduler_core/i_round_engine/i_bound_score/counters_q_reg[count][1]
                         LUT6 (Prop_LUT6_I1_O)        0.088     2.078 r  i_scheduler_core/i_round_engine/i_bound_score/scratch_q[29]_i_25/O
                         net (fo=1, unplaced)         0.210     2.288    i_scheduler_core/i_round_engine/i_bound_score/scratch_q[29]_i_25_n_0
                         LUT6 (Prop_LUT6_I2_O)        0.088     2.376 r  i_scheduler_core/i_round_engine/i_bound_score/scratch_q[29]_i_14/O
                         net (fo=5, unplaced)         0.146     2.522    i_scheduler_core/i_round_engine/i_bound_score/scratch_q[29]_i_14_n_0
                         LUT5 (Prop_LUT5_I2_O)        0.074     2.596 r  i_scheduler_core/i_round_engine/i_bound_score/scratch_q[29]_i_19/O
                         net (fo=13, unplaced)        0.184     2.780    i_scheduler_core/i_round_engine/i_bound_score/scratch_q[29]_i_19_n_0
                         LUT6 (Prop_LUT6_I5_O)        0.051     2.831 r  i_scheduler_core/i_round_engine/i_bound_score/scratch_q[29]_i_10/O
                         net (fo=10, unplaced)        0.161     2.992    i_scheduler_core/i_round_engine/i_bound_score/scratch_q[29]_i_10_n_0
                         LUT6 (Prop_LUT6_I3_O)        0.074     3.066 r  i_scheduler_core/i_round_engine/i_bound_score/f_q[1]_i_7/O
                         net (fo=13, unplaced)        0.184     3.250    i_scheduler_core/i_round_engine/i_bound_score/eval_bound_head5[0][ntok][1]
                         LUT2 (Prop_LUT2_I1_O)        0.051     3.301 f  i_scheduler_core/i_round_engine/i_bound_score/f_q[5]_i_14/O
                         net (fo=3, unplaced)         0.151     3.452    i_scheduler_core/i_round_engine/i_bound_score/hot_q_reg[0][ntok][0]
                         LUT4 (Prop_LUT4_I3_O)        0.082     3.534 r  i_scheduler_core/i_round_engine/i_bound_score/f_q[6]_i_13/O
                         net (fo=4, unplaced)         0.157     3.691    i_scheduler_core/i_round_engine/i_bound_score/hot_q_reg[0][ntok][3]
                         LUT2 (Prop_LUT2_I1_O)        0.051     3.742 r  i_scheduler_core/i_round_engine/i_bound_score/f_q[11]_i_11/O
                         net (fo=8, unplaced)         0.173     3.915    i_scheduler_core/i_round_engine/i_bound_score/hot_q_reg[0][ntok][4]
                         LUT4 (Prop_LUT4_I3_O)        0.051     3.966 r  i_scheduler_core/i_round_engine/i_bound_score/f_q[7]_i_11/O
                         net (fo=8, unplaced)         0.238     4.204    i_scheduler_core/i_round_engine/i_transition_eval/f_q_reg[8]_i_5_2
                         LUT6 (Prop_LUT6_I2_O)        0.088     4.292 r  i_scheduler_core/i_round_engine/i_transition_eval/f_q[8]_i_7/O
                         net (fo=2, unplaced)         0.236     4.528    i_scheduler_core/i_round_engine/i_transition_eval/f_q_reg[8]_i_5/I1
                         LUTCY1 (Prop_LUTCY1_I1_PROP)
                                                      0.113     4.641 r  i_scheduler_core/i_round_engine/i_transition_eval/f_q_reg[8]_i_5/LUTCY1_INST/PROP
                         net (fo=1, unplaced)         0.001     4.642    i_scheduler_core/i_round_engine/i_transition_eval/f_q_reg[8]_i_5_n_3
                         LOOKAHEAD8 (Prop_LOOKAHEAD8_PROPH_COUTH)
                                                      0.129     4.771 r  i_scheduler_core/i_round_engine/i_transition_eval/f_q_reg[9]_i_8/COUTH
                         net (fo=3, unplaced)         0.198     4.969    i_scheduler_core/i_round_engine/i_transition_eval/f_q_reg[9]_i_5/I4
                         LUTCY2 (Prop_LUTCY2_I4_O)    0.051     5.020 r  i_scheduler_core/i_round_engine/i_transition_eval/f_q_reg[9]_i_5/LUTCY2_INST/O
                         net (fo=3, unplaced)         0.016     5.036    i_scheduler_core/i_round_engine/i_transition_eval/f_q_reg[10]_i_5/I4
                         LUTCY1 (Prop_LUTCY1_I4_O)    0.055     5.091 f  i_scheduler_core/i_round_engine/i_transition_eval/f_q_reg[10]_i_5/LUTCY1_INST/O
                         net (fo=6, unplaced)         0.228     5.319    i_scheduler_core/i_round_engine/i_transition_eval/f_q_reg[10]_i_5_n_1
                         LUT4 (Prop_LUT4_I0_O)        0.096     5.415 r  i_scheduler_core/i_round_engine/i_transition_eval/f_q[12]_i_9/O
                         net (fo=2, unplaced)         0.128     5.543    i_scheduler_core/i_round_engine/i_transition_eval/h_q[11]_i_7/I0
                         LUT5 (Prop_LUT5_I0_O)        0.096     5.639 f  i_scheduler_core/i_round_engine/i_transition_eval/h_q[11]_i_7/LUT5/O
                         net (fo=2, unplaced)         0.145     5.784    i_scheduler_core/i_round_engine/i_transition_eval/h_q[11]_i_7_n_0
                         LUT5 (Prop_LUT5_I4_O)        0.051     5.835 r  i_scheduler_core/i_round_engine/i_transition_eval/f_q[12]_i_6/O
                         net (fo=24, unplaced)        0.263     6.098    i_scheduler_core/i_round_engine/i_transition_eval/f_q[12]_i_6_n_0
                         LUT6 (Prop_LUT6_I2_O)        0.088     6.186 f  i_scheduler_core/i_round_engine/i_transition_eval/f_q[2]_i_4/O
                         net (fo=3, unplaced)         0.193     6.379    i_scheduler_core/i_round_engine/i_transition_eval/f_q_reg[13]_i_39/I0
                         LUTCY2 (Prop_LUTCY2_I0_GE)
                                                      0.132     6.511 r  i_scheduler_core/i_round_engine/i_transition_eval/f_q_reg[13]_i_39/LUTCY2_INST/GE
                         net (fo=1, unplaced)         0.036     6.547    i_scheduler_core/i_round_engine/i_transition_eval/f_q_reg[13]_i_39_n_0
                         LOOKAHEAD8 (Prop_LOOKAHEAD8_GEA_COUTH)
                                                      0.242     6.789 r  i_scheduler_core/i_round_engine/i_transition_eval/f_q_reg[13]_i_12/COUTH
                         net (fo=26, unplaced)        0.265     7.054    i_scheduler_core/i_round_engine/i_transition_eval/f_q_reg[13]_i_12_n_3
                         LUT6 (Prop_LUT6_I1_O)        0.088     7.142 r  i_scheduler_core/i_round_engine/i_transition_eval/h_q[1]_i_5/O
                         net (fo=5, unplaced)         0.254     7.396    i_scheduler_core/i_round_engine/i_transition_eval/f_q_reg[13]_i_56/I1
                         LUTCY2 (Prop_LUTCY2_I1_GE)
                                                      0.120     7.516 r  i_scheduler_core/i_round_engine/i_transition_eval/f_q_reg[13]_i_56/LUTCY2_INST/GE
                         net (fo=1, unplaced)         0.036     7.552    i_scheduler_core/i_round_engine/i_transition_eval/f_q_reg[13]_i_56_n_0
                         LOOKAHEAD8 (Prop_LOOKAHEAD8_GEA_COUTH)
                                                      0.242     7.794 r  i_scheduler_core/i_round_engine/i_transition_eval/f_q_reg[13]_i_26/COUTH
                         net (fo=3, unplaced)         0.002     7.796    i_scheduler_core/i_round_engine/i_transition_eval/f_q_reg[13]_i_26_n_3
                         LOOKAHEAD8 (Prop_LOOKAHEAD8_CIN_COUTD)
                                                      0.042     7.838 r  i_scheduler_core/i_round_engine/i_transition_eval/f_q_reg[13]_i_10/COUTD
                         net (fo=2, unplaced)         0.014     7.852    i_scheduler_core/i_round_engine/i_transition_eval/f_q_reg[13]_i_4/I4
                         LUTCY2 (Prop_LUTCY2_I4_O)    0.048     7.900 r  i_scheduler_core/i_round_engine/i_transition_eval/f_q_reg[13]_i_4/LUTCY2_INST/O
                         net (fo=54, unplaced)        0.281     8.181    i_scheduler_core/i_round_engine/i_transition_eval/dma_q_reg[13]
                         LUT6 (Prop_LUT6_I1_O)        0.088     8.269 r  i_scheduler_core/i_round_engine/i_transition_eval/f_q[2]_i_1/O
                         net (fo=1, unplaced)         0.062     8.331    i_scheduler_core/i_round_engine/i_bound_score/f_q_reg[13]_0[1]
                         FDCE                                         r  i_scheduler_core/i_round_engine/i_bound_score/f_q_reg[2]/D
  -------------------------------------------------------------------    -------------------

                         (clock scheduler_clk rise edge)
                                                      5.000     5.000 r  
                                                      0.000     5.000 r  clk_i (IN)
                         net (fo=1684, unset)         0.080     5.080    i_scheduler_core/i_round_engine/i_bound_score/clk_i
                         FDCE                                         r  i_scheduler_core/i_round_engine/i_bound_score/f_q_reg[2]/C
                         clock pessimism              0.000     5.080    
                         clock uncertainty           -0.300     4.780    
                         FDCE (Setup_FDCE_C_D)        0.007     4.787    i_scheduler_core/i_round_engine/i_bound_score/f_q_reg[2]
  -------------------------------------------------------------------
                         required time                          4.787    
                         arrival time                          -8.331    
  -------------------------------------------------------------------
                         slack                                 -3.544    





Pulse Width Checks
--------------------------------------------------------------------------------------
Clock Name:         scheduler_clk
Waveform(ns):       { 0.000 2.500 }
Period(ns):         5.000
Sources:            { clk_i }

Check Type        Corner  Lib Pin  Reference Pin  Required(ns)  Actual(ns)  Slack(ns)  Location  Pin
Min Period        n/a     FDCE/C   n/a            0.550         5.000       4.450                active_count_q_reg[0]/C
Min Period        n/a     FDCE/C   n/a            0.550         5.000       4.450                active_count_q_reg[1]/C
Min Period        n/a     FDCE/C   n/a            0.550         5.000       4.450                active_count_q_reg[2]/C
Min Period        n/a     FDCE/C   n/a            0.550         5.000       4.450                active_count_q_reg[3]/C
Min Period        n/a     FDCE/C   n/a            0.550         5.000       4.450                active_count_q_reg[4]/C
Min Period        n/a     FDCE/C   n/a            0.550         5.000       4.450                active_count_q_reg[5]/C
Min Period        n/a     FDCE/C   n/a            0.550         5.000       4.450                active_count_q_reg[6]/C
Min Period        n/a     FDCE/C   n/a            0.550         5.000       4.450                auto_run_q_reg/C
Min Period        n/a     FDCE/C   n/a            0.550         5.000       4.450                cold_count_q_reg[0]/C
Min Period        n/a     FDCE/C   n/a            0.550         5.000       4.450                cold_count_q_reg[1]/C
Min Period        n/a     FDCE/C   n/a            0.550         5.000       4.450                cold_count_q_reg[2]/C
Min Period        n/a     FDCE/C   n/a            0.550         5.000       4.450                cold_q_reg[0][eid][0]/C
Min Period        n/a     FDCE/C   n/a            0.550         5.000       4.450                cold_q_reg[0][eid][1]/C
Min Period        n/a     FDCE/C   n/a            0.550         5.000       4.450                cold_q_reg[0][eid][2]/C
Min Period        n/a     FDCE/C   n/a            0.550         5.000       4.450                cold_q_reg[0][eid][3]/C
Min Period        n/a     FDCE/C   n/a            0.550         5.000       4.450                cold_q_reg[0][eid][4]/C
Min Period        n/a     FDCE/C   n/a            0.550         5.000       4.450                cold_q_reg[0][eid][5]/C
Min Period        n/a     FDCE/C   n/a            0.550         5.000       4.450                cold_q_reg[0][ntok][0]/C
Min Period        n/a     FDCE/C   n/a            0.550         5.000       4.450                cold_q_reg[0][ntok][1]/C
Min Period        n/a     FDCE/C   n/a            0.550         5.000       4.450                cold_q_reg[0][ntok][2]/C
Low Pulse Width   Slow    FDCE/C   n/a            0.275         2.500       2.225                active_count_q_reg[0]/C
Low Pulse Width   Fast    FDCE/C   n/a            0.275         2.500       2.225                active_count_q_reg[0]/C
Low Pulse Width   Slow    FDCE/C   n/a            0.275         2.500       2.225                active_count_q_reg[1]/C
Low Pulse Width   Fast    FDCE/C   n/a            0.275         2.500       2.225                active_count_q_reg[1]/C
Low Pulse Width   Slow    FDCE/C   n/a            0.275         2.500       2.225                active_count_q_reg[2]/C
Low Pulse Width   Fast    FDCE/C   n/a            0.275         2.500       2.225                active_count_q_reg[2]/C
Low Pulse Width   Slow    FDCE/C   n/a            0.275         2.500       2.225                active_count_q_reg[3]/C
Low Pulse Width   Fast    FDCE/C   n/a            0.275         2.500       2.225                active_count_q_reg[3]/C
Low Pulse Width   Slow    FDCE/C   n/a            0.275         2.500       2.225                active_count_q_reg[4]/C
Low Pulse Width   Fast    FDCE/C   n/a            0.275         2.500       2.225                active_count_q_reg[4]/C
Low Pulse Width   Slow    FDCE/C   n/a            0.275         2.500       2.225                active_count_q_reg[5]/C
Low Pulse Width   Fast    FDCE/C   n/a            0.275         2.500       2.225                active_count_q_reg[5]/C
Low Pulse Width   Slow    FDCE/C   n/a            0.275         2.500       2.225                active_count_q_reg[6]/C
Low Pulse Width   Fast    FDCE/C   n/a            0.275         2.500       2.225                active_count_q_reg[6]/C
Low Pulse Width   Slow    FDCE/C   n/a            0.275         2.500       2.225                auto_run_q_reg/C
Low Pulse Width   Fast    FDCE/C   n/a            0.275         2.500       2.225                auto_run_q_reg/C
Low Pulse Width   Slow    FDCE/C   n/a            0.275         2.500       2.225                cold_count_q_reg[0]/C
Low Pulse Width   Fast    FDCE/C   n/a            0.275         2.500       2.225                cold_count_q_reg[0]/C
Low Pulse Width   Slow    FDCE/C   n/a            0.275         2.500       2.225                cold_count_q_reg[1]/C
Low Pulse Width   Fast    FDCE/C   n/a            0.275         2.500       2.225                cold_count_q_reg[1]/C
High Pulse Width  Slow    FDCE/C   n/a            0.275         2.500       2.225                active_count_q_reg[0]/C
High Pulse Width  Fast    FDCE/C   n/a            0.275         2.500       2.225                active_count_q_reg[0]/C
High Pulse Width  Slow    FDCE/C   n/a            0.275         2.500       2.225                active_count_q_reg[1]/C
High Pulse Width  Fast    FDCE/C   n/a            0.275         2.500       2.225                active_count_q_reg[1]/C
High Pulse Width  Slow    FDCE/C   n/a            0.275         2.500       2.225                active_count_q_reg[2]/C
High Pulse Width  Fast    FDCE/C   n/a            0.275         2.500       2.225                active_count_q_reg[2]/C
High Pulse Width  Slow    FDCE/C   n/a            0.275         2.500       2.225                active_count_q_reg[3]/C
High Pulse Width  Fast    FDCE/C   n/a            0.275         2.500       2.225                active_count_q_reg[3]/C
High Pulse Width  Slow    FDCE/C   n/a            0.275         2.500       2.225                active_count_q_reg[4]/C
High Pulse Width  Fast    FDCE/C   n/a            0.275         2.500       2.225                active_count_q_reg[4]/C
High Pulse Width  Slow    FDCE/C   n/a            0.275         2.500       2.225                active_count_q_reg[5]/C
High Pulse Width  Fast    FDCE/C   n/a            0.275         2.500       2.225                active_count_q_reg[5]/C
High Pulse Width  Slow    FDCE/C   n/a            0.275         2.500       2.225                active_count_q_reg[6]/C
High Pulse Width  Fast    FDCE/C   n/a            0.275         2.500       2.225                active_count_q_reg[6]/C
High Pulse Width  Slow    FDCE/C   n/a            0.275         2.500       2.225                auto_run_q_reg/C
High Pulse Width  Fast    FDCE/C   n/a            0.275         2.500       2.225                auto_run_q_reg/C
High Pulse Width  Slow    FDCE/C   n/a            0.275         2.500       2.225                cold_count_q_reg[0]/C
High Pulse Width  Fast    FDCE/C   n/a            0.275         2.500       2.225                cold_count_q_reg[0]/C
High Pulse Width  Slow    FDCE/C   n/a            0.275         2.500       2.225                cold_count_q_reg[1]/C
High Pulse Width  Fast    FDCE/C   n/a            0.275         2.500       2.225                cold_count_q_reg[1]/C



